N,Norm,Lambda,Gamma,K,LR_Entire_Time,LR_Entire_MAE,LR_Entire_RMSE,LR_Entire_MAD,LR_Cluster_Time_Avg,LR_Cluster_MAE_Avg,LR_Cluster_RMSE_Avg,LR_Cluster_MAD_Avg,LR_Euc_Time_Avg,LR_Euc_MAE_Avg,LR_Euc_RMSE_Avg,LR_Euc_MAD_Avg,RF_Entire_Time,RF_Entire_MAE,RF_Entire_RMSE,RF_Entire_MAD,RF_Cluster_Time_Avg,RF_Cluster_MAE_Avg,RF_Cluster_RMSE_Avg,RF_Cluster_MAD_Avg,RF_Euc_Time_Avg,RF_Euc_MAE_Avg,RF_Euc_RMSE_Avg,RF_Euc_MAD_Avg,NN_Entire_Time,NN_Entire_MAE,NN_Entire_RMSE,NN_Entire_MAD,NN_Cluster_Time_Avg,NN_Cluster_MAE_Avg,NN_Cluster_RMSE_Avg,NN_Cluster_MAD_Avg,NN_Euc_Time_Avg,NN_Euc_MAE_Avg,NN_Euc_RMSE_Avg,NN_Euc_MAD_Avg,GB_Entire_Time,GB_Entire_MAE,GB_Entire_RMSE,GB_Entire_MAD,GB_Cluster_Time_Avg,GB_Cluster_MAE_Avg,GB_Cluster_RMSE_Avg,GB_Cluster_MAD_Avg,GB_Euc_Time_Avg,GB_Euc_MAE_Avg,GB_Euc_RMSE_Avg,GB_Euc_MAD_Avg
50000,1,0.9,1.0,6,0.0033097267150878906,0.06625561675942009,0.3233405659660932,0.03390383380555034,0.0011006991068522136,0.17067027062082687,0.3929667284530078,0.1220691580206113,0.0007093350092569987,0.20122471643992257,0.43971392570599005,0.13565499272950057,11.242142915725708,0.043084540059535076,0.21824579843205758,0.015913577215313612,1.5885209639867146,0.14176278347388946,0.36347496901867804,0.07941882323071082,1.5672014951705933,0.14131832885693263,0.4005380142842135,0.06526777459351764,6.932664155960083,0.0569109717617736,0.2418810409813195,0.024285490794601905,0.8875973224639893,0.12516518180029026,0.3439070751983159,0.06620406496967501,0.611142635345459,0.125901440576524,0.3714593099973224,0.05980956072405099,3.2054269313812256,0.048154121868436844,0.22058836515705918,0.022824623588756365,0.5238928000132242,0.14016522106585708,0.35879883003171326,0.08834622255323103,0.5229992866516113,0.1416722194813722,0.39815598299887484,0.07452425541186142
