N,Norm,Lambda,Gamma,K,LR_Entire_Time,LR_Entire_MAE,LR_Entire_RMSE,LR_Entire_MAD,LR_Cluster_Time_Avg,LR_Cluster_MAE_Avg,LR_Cluster_RMSE_Avg,LR_Cluster_MAD_Avg,LR_Cluster_MAE_Median,LR_Cluster_RMSE_Median,LR_Cluster_MAD_Median,RF_Entire_Time,RF_Entire_MAE,RF_Entire_RMSE,RF_Entire_MAD,RF_Cluster_Time_Avg,RF_Cluster_MAE_Avg,RF_Cluster_RMSE_Avg,RF_Cluster_MAD_Avg,RF_Cluster_MAE_Median,RF_Cluster_RMSE_Median,RF_Cluster_MAD_Median,NN_Entire_Time,NN_Entire_MAE,NN_Entire_RMSE,NN_Entire_MAD,NN_Cluster_Time_Avg,NN_Cluster_MAE_Avg,NN_Cluster_RMSE_Avg,NN_Cluster_MAD_Avg,NN_Cluster_MAE_Median,NN_Cluster_RMSE_Median,NN_Cluster_MAD_Median,GP_Entire_Time,GP_Entire_MAE,GP_Entire_RMSE,GP_Entire_MAD,GP_Cluster_Time_Avg,GP_Cluster_MAE_Avg,GP_Cluster_RMSE_Avg,GP_Cluster_MAD_Avg,GP_Cluster_MAE_Median,GP_Cluster_RMSE_Median,GP_Cluster_MAD_Median,GB_Entire_Time,GB_Entire_MAE,GB_Entire_RMSE,GB_Entire_MAD,GB_Cluster_Time_Avg,GB_Cluster_MAE_Avg,GB_Cluster_RMSE_Avg,GB_Cluster_MAD_Avg,GB_Cluster_MAE_Median,GB_Cluster_RMSE_Median,GB_Cluster_MAD_Median
10000,2,0.5,2.0,3,0.0011777877807617188,0.0711493164406142,0.34865177023578486,0.037222118158097006,0.0010186036427815754,0.061095529703721285,0.20245951291875663,0.04171597546760536,0.06776208647110535,0.2623179982606368,0.04397761117555721,1.61234712600708,0.043795236663041505,0.21353519653786163,0.01720290531411675,0.4921301205952962,0.02931479520569843,0.07463810764113098,0.016112282981287907,0.03040598330831637,0.07169698074165386,0.015223075415362164,1.9985780715942383,0.07544925496297104,0.29068911348640264,0.031612745586380664,0.5531496206919352,0.06792235367679993,0.20875206663288584,0.029432321343003703,0.06300686603878833,0.24538695518563255,0.03337084015021741,9.273836851119995,0.06084507,0.2525711,0.020000204,1.6686880588531494,0.058693897,0.19361354,0.019918948,0.05767250433564186,0.1897178441286087,0.01984095573425293,0.5869140625,0.04601904141255813,0.19523862737153735,0.022916511687969876,0.18086369832356772,0.03122551423294261,0.09024840132930273,0.019473630651057044,0.03260027197255608,0.06114809207565156,0.018641612062475055
