N,Norm,Lambda,Gamma,K,LR_Entire_Time,LR_Entire_MAE,LR_Entire_RMSE,LR_Entire_MAD,LR_Cluster_Time_Avg,LR_Cluster_MAE_Avg,LR_Cluster_RMSE_Avg,LR_Cluster_MAD_Avg,LR_Euc_Time_Avg,LR_Euc_MAE_Avg,LR_Euc_RMSE_Avg,LR_Euc_MAD_Avg,RF_Entire_Time,RF_Entire_MAE,RF_Entire_RMSE,RF_Entire_MAD,RF_Cluster_Time_Avg,RF_Cluster_MAE_Avg,RF_Cluster_RMSE_Avg,RF_Cluster_MAD_Avg,RF_Euc_Time_Avg,RF_Euc_MAE_Avg,RF_Euc_RMSE_Avg,RF_Euc_MAD_Avg,NN_Entire_Time,NN_Entire_MAE,NN_Entire_RMSE,NN_Entire_MAD,NN_Cluster_Time_Avg,NN_Cluster_MAE_Avg,NN_Cluster_RMSE_Avg,NN_Cluster_MAD_Avg,NN_Euc_Time_Avg,NN_Euc_MAE_Avg,NN_Euc_RMSE_Avg,NN_Euc_MAD_Avg,GP_Entire_Time,GP_Entire_MAE,GP_Entire_RMSE,GP_Entire_MAD,GP_Cluster_Time_Avg,GP_Cluster_MAE_Avg,GP_Cluster_RMSE_Avg,GP_Cluster_MAD_Avg,GP_Euc_Time_Avg,GP_Euc_MAE_Avg,GP_Euc_RMSE_Avg,GP_Euc_MAD_Avg,GB_Entire_Time,GB_Entire_MAE,GB_Entire_RMSE,GB_Entire_MAD,GB_Cluster_Time_Avg,GB_Cluster_MAE_Avg,GB_Cluster_RMSE_Avg,GB_Cluster_MAD_Avg,GB_Euc_Time_Avg,GB_Euc_MAE_Avg,GB_Euc_RMSE_Avg,GB_Euc_MAD_Avg
5000,2,0.1,1.0,5,0.0006000995635986328,0.06606716257040125,0.2627241057286416,0.044473382092633296,0.0003291130065917969,0.15036185846475641,0.38415746101712145,0.09758007468593236,0.00034461021423339846,0.18805691562304158,0.4693379241917447,0.1169846877214776,0.7694439888000488,0.043267642815953355,0.19589535652269743,0.020089892815885385,0.16201167106628417,0.12416850910624325,0.36859629590173115,0.06298324544315682,0.15760183334350586,0.1848511308326703,0.6017001859132833,0.06680532738428648,0.8934710025787354,0.07635733036826368,0.24568400379649902,0.03868762882151239,0.11384897232055664,0.13730046858215203,0.372069096404981,0.0640689134292924,0.09229364395141601,0.16809787874335363,0.46002660696488124,0.08129335657413198,2.653042793273926,0.073727444,0.24480776,0.027892672,0.18951864242553712,0.12467687,0.3574754,0.06333183,0.1959928035736084,0.17011404,0.5018919,0.06803845,0.30743885040283203,0.04390621883439302,0.18724162479467127,0.024486903561613628,0.06504111289978028,0.11738864487630636,0.3687445384603942,0.05908674540193393,0.06565918922424316,0.17824819780776147,0.5923627086403164,0.06684832450888135
