N,Norm,Lambda,Gamma,K,LR_Entire_Time,LR_Entire_MAE,LR_Entire_RMSE,LR_Entire_MAD,LR_Cluster_Time_Avg,LR_Cluster_MAE_Avg,LR_Cluster_RMSE_Avg,LR_Cluster_MAD_Avg,LR_Euc_Time_Avg,LR_Euc_MAE_Avg,LR_Euc_RMSE_Avg,LR_Euc_MAD_Avg,RF_Entire_Time,RF_Entire_MAE,RF_Entire_RMSE,RF_Entire_MAD,RF_Cluster_Time_Avg,RF_Cluster_MAE_Avg,RF_Cluster_RMSE_Avg,RF_Cluster_MAD_Avg,RF_Euc_Time_Avg,RF_Euc_MAE_Avg,RF_Euc_RMSE_Avg,RF_Euc_MAD_Avg,NN_Entire_Time,NN_Entire_MAE,NN_Entire_RMSE,NN_Entire_MAD,NN_Cluster_Time_Avg,NN_Cluster_MAE_Avg,NN_Cluster_RMSE_Avg,NN_Cluster_MAD_Avg,NN_Euc_Time_Avg,NN_Euc_MAE_Avg,NN_Euc_RMSE_Avg,NN_Euc_MAD_Avg,GP_Entire_Time,GP_Entire_MAE,GP_Entire_RMSE,GP_Entire_MAD,GP_Cluster_Time_Avg,GP_Cluster_MAE_Avg,GP_Cluster_RMSE_Avg,GP_Cluster_MAD_Avg,GP_Euc_Time_Avg,GP_Euc_MAE_Avg,GP_Euc_RMSE_Avg,GP_Euc_MAD_Avg,GB_Entire_Time,GB_Entire_MAE,GB_Entire_RMSE,GB_Entire_MAD,GB_Cluster_Time_Avg,GB_Cluster_MAE_Avg,GB_Cluster_RMSE_Avg,GB_Cluster_MAD_Avg,GB_Euc_Time_Avg,GB_Euc_MAE_Avg,GB_Euc_RMSE_Avg,GB_Euc_MAD_Avg
1000,1,0.1,1.0,6,0.0003688335418701172,0.03174555839505721,0.043465480669550194,0.023354845822268516,0.00032202402750651043,0.14356254574605654,0.27089227297577106,0.10643137743054822,0.0002824862798055013,0.14349864537881704,0.17935176655810428,0.12963595028592503,0.14170432090759277,0.027100510974175953,0.0362452633129177,0.021471396317450542,0.05224363009134928,0.1435572215183539,0.2197712562144799,0.10330195538410558,0.05108980337778727,0.11008942298530615,0.15866791564553673,0.07847502217976873,0.05997490882873535,0.04876230496204962,0.06575779604333935,0.03714387444018022,0.03283071517944336,0.15129735783206086,0.30107592919013887,0.09175100727616566,0.032288551330566406,0.141320841071685,0.1891259615943043,0.11175853004200736,0.22841382026672363,0.047523502,0.08538143,0.030398354,0.044243415196736656,0.16579486,0.29034373,0.1116874,0.04096766312917074,0.11792902,0.17825367,0.08120518,0.06335783004760742,0.02296638895928933,0.029890055031323547,0.019598714559076275,0.018024643262227375,0.1363552491098983,0.18937731443572084,0.09870786585014261,0.017950892448425293,0.10467439019993845,0.14400844904700072,0.07760424768100738
