N,Norm,Lambda,Gamma,K,LR_Entire_Time,LR_Entire_MAE,LR_Entire_RMSE,LR_Entire_MAD,LR_Cluster_Time_Avg,LR_Cluster_MAE_Avg,LR_Cluster_RMSE_Avg,LR_Cluster_MAD_Avg,LR_Euc_Time_Avg,LR_Euc_MAE_Avg,LR_Euc_RMSE_Avg,LR_Euc_MAD_Avg,RF_Entire_Time,RF_Entire_MAE,RF_Entire_RMSE,RF_Entire_MAD,RF_Cluster_Time_Avg,RF_Cluster_MAE_Avg,RF_Cluster_RMSE_Avg,RF_Cluster_MAD_Avg,RF_Euc_Time_Avg,RF_Euc_MAE_Avg,RF_Euc_RMSE_Avg,RF_Euc_MAD_Avg,NN_Entire_Time,NN_Entire_MAE,NN_Entire_RMSE,NN_Entire_MAD,NN_Cluster_Time_Avg,NN_Cluster_MAE_Avg,NN_Cluster_RMSE_Avg,NN_Cluster_MAD_Avg,NN_Euc_Time_Avg,NN_Euc_MAE_Avg,NN_Euc_RMSE_Avg,NN_Euc_MAD_Avg,GP_Entire_Time,GP_Entire_MAE,GP_Entire_RMSE,GP_Entire_MAD,GP_Cluster_Time_Avg,GP_Cluster_MAE_Avg,GP_Cluster_RMSE_Avg,GP_Cluster_MAD_Avg,GP_Euc_Time_Avg,GP_Euc_MAE_Avg,GP_Euc_RMSE_Avg,GP_Euc_MAD_Avg,GB_Entire_Time,GB_Entire_MAE,GB_Entire_RMSE,GB_Entire_MAD,GB_Cluster_Time_Avg,GB_Cluster_MAE_Avg,GB_Cluster_RMSE_Avg,GB_Cluster_MAD_Avg,GB_Euc_Time_Avg,GB_Euc_MAE_Avg,GB_Euc_RMSE_Avg,GB_Euc_MAD_Avg
500,2,0.5,2.0,5,0.0003147125244140625,0.04554139396076337,0.06322217389655631,0.03166617154606036,0.00031976699829101564,0.2836211971336922,0.39273535441209645,0.2678250448213969,0.0002820014953613281,0.19080010923943722,0.2665041350634091,0.15492469542293597,0.08628177642822266,0.035578303456688616,0.05621451171186304,0.024748187615463407,0.044946813583374025,0.23850558199045074,0.34146215324953044,0.14331623116626585,0.04567255973815918,0.11786082208544116,0.18993031111315367,0.06841860442815134,0.053392887115478516,0.07417278563371531,0.10780598574311502,0.04668587366305593,0.020197391510009766,0.20016902642663265,0.2878737036449173,0.1315323610243369,0.020641851425170898,0.18657588223928243,0.26697124141523043,0.1398087024740567,0.09274601936340332,0.07147561,0.10188179,0.046482205,0.04181036949157715,0.13953441,0.20892927,0.09499812,0.03681640625,0.14958923,0.27006802,0.09142039,0.03699898719787598,0.033115046353502084,0.054396227714282305,0.02023956520998843,0.014530372619628907,0.1344643975156081,0.20785963191988072,0.08257432045641655,0.014324140548706055,0.11506611282337029,0.1789179150224631,0.06368743922755529
