N,Norm,Lambda,Gamma,K,LR_Entire_Time,LR_Entire_MAE,LR_Entire_RMSE,LR_Entire_MAD,LR_Cluster_Time_Avg,LR_Cluster_MAE_Avg,LR_Cluster_RMSE_Avg,LR_Cluster_MAD_Avg,LR_Euc_Time_Avg,LR_Euc_MAE_Avg,LR_Euc_RMSE_Avg,LR_Euc_MAD_Avg,RF_Entire_Time,RF_Entire_MAE,RF_Entire_RMSE,RF_Entire_MAD,RF_Cluster_Time_Avg,RF_Cluster_MAE_Avg,RF_Cluster_RMSE_Avg,RF_Cluster_MAD_Avg,RF_Euc_Time_Avg,RF_Euc_MAE_Avg,RF_Euc_RMSE_Avg,RF_Euc_MAD_Avg,NN_Entire_Time,NN_Entire_MAE,NN_Entire_RMSE,NN_Entire_MAD,NN_Cluster_Time_Avg,NN_Cluster_MAE_Avg,NN_Cluster_RMSE_Avg,NN_Cluster_MAD_Avg,NN_Euc_Time_Avg,NN_Euc_MAE_Avg,NN_Euc_RMSE_Avg,NN_Euc_MAD_Avg,GP_Entire_Time,GP_Entire_MAE,GP_Entire_RMSE,GP_Entire_MAD,GP_Cluster_Time_Avg,GP_Cluster_MAE_Avg,GP_Cluster_RMSE_Avg,GP_Cluster_MAD_Avg,GP_Euc_Time_Avg,GP_Euc_MAE_Avg,GP_Euc_RMSE_Avg,GP_Euc_MAD_Avg,GB_Entire_Time,GB_Entire_MAE,GB_Entire_RMSE,GB_Entire_MAD,GB_Cluster_Time_Avg,GB_Cluster_MAE_Avg,GB_Cluster_RMSE_Avg,GB_Cluster_MAD_Avg,GB_Euc_Time_Avg,GB_Euc_MAE_Avg,GB_Euc_RMSE_Avg,GB_Euc_MAD_Avg
1000,2,0.5,0.5,7,0.0005791187286376953,0.03174555839505721,0.043465480669550194,0.023354845822268516,0.00042125156947544644,0.17999935904036884,0.3338014969627681,0.11519308458585284,0.0003508499690464565,0.24114744200741556,0.497433010418103,0.13447214769055482,0.14447999000549316,0.026397293057990972,0.03478071222234181,0.020684662299436385,0.0482611996786935,0.2043304835348376,0.3047967378070034,0.13471980016524407,0.04856218610491071,0.18036365776321112,0.34211080389571963,0.11005631146944242,0.07048392295837402,0.05279020538018178,0.07324685185705969,0.03977474156376615,0.04190376826695034,0.19565619888628433,0.3398836547067147,0.11924951781368076,0.02970310619899205,0.21234345414740902,0.4554204237244962,0.09745792267448779,0.17912673950195312,0.047523502,0.08538143,0.030398354,0.0409172603062221,0.21108648,0.3717451,0.13055821,0.03655076026916504,0.22839884,0.5366344,0.09300195,0.06332087516784668,0.02298170157300692,0.029890282852226235,0.019598714559076302,0.016555888312203542,0.1751628034149416,0.2463384289809434,0.12090627221417347,0.016460861478533064,0.1570084027418337,0.2446587457421767,0.10590052586628808
