N,Norm,Lambda,Gamma,K,LR_Entire_Time,LR_Entire_MAE,LR_Entire_RMSE,LR_Entire_MAD,LR_Cluster_Time_Avg,LR_Cluster_MAE_Avg,LR_Cluster_RMSE_Avg,LR_Cluster_MAD_Avg,LR_Euc_Time_Avg,LR_Euc_MAE_Avg,LR_Euc_RMSE_Avg,LR_Euc_MAD_Avg,RF_Entire_Time,RF_Entire_MAE,RF_Entire_RMSE,RF_Entire_MAD,RF_Cluster_Time_Avg,RF_Cluster_MAE_Avg,RF_Cluster_RMSE_Avg,RF_Cluster_MAD_Avg,RF_Euc_Time_Avg,RF_Euc_MAE_Avg,RF_Euc_RMSE_Avg,RF_Euc_MAD_Avg,NN_Entire_Time,NN_Entire_MAE,NN_Entire_RMSE,NN_Entire_MAD,NN_Cluster_Time_Avg,NN_Cluster_MAE_Avg,NN_Cluster_RMSE_Avg,NN_Cluster_MAD_Avg,NN_Euc_Time_Avg,NN_Euc_MAE_Avg,NN_Euc_RMSE_Avg,NN_Euc_MAD_Avg,GB_Entire_Time,GB_Entire_MAE,GB_Entire_RMSE,GB_Entire_MAD,GB_Cluster_Time_Avg,GB_Cluster_MAE_Avg,GB_Cluster_RMSE_Avg,GB_Cluster_MAD_Avg,GB_Euc_Time_Avg,GB_Euc_MAE_Avg,GB_Euc_RMSE_Avg,GB_Euc_MAD_Avg
100000,2,0.5,0.5,6,0.005645036697387695,0.0643103041422581,0.30043950634238437,0.03601264487927863,0.0019909143447875977,0.1636530286828793,0.3511009417211695,0.12165758422861288,0.0012796322504679363,0.19833764315984814,0.4302280975120915,0.13404918249230613,25.353271961212158,0.0397627493138523,0.19177102764720166,0.015054240931639484,3.65893546740214,0.13509799488122445,0.3374709005458876,0.07585477034839942,3.6045339107513428,0.14264620499708291,0.40950892484464246,0.06252626290529406,10.408010959625244,0.04536638167100654,0.20017772823217939,0.018011768624751623,1.3568811019261677,0.11307710791241887,0.291428688051618,0.06708331410802763,0.8837920427322388,0.12651902732751483,0.3630138986036675,0.06483617018635164,6.592077970504761,0.04386449485216302,0.19069316975614337,0.021574883164357874,1.0626445611317952,0.13189674593656595,0.31294116503632047,0.08707844224714632,1.060949722925822,0.13862041594346491,0.3925951434438731,0.07075714770921446
