N,Norm,Lambda,Gamma,K,LR_Entire_Time,LR_Entire_MAE,LR_Entire_RMSE,LR_Entire_MAD,LR_Cluster_Time_Avg,LR_Cluster_MAE_Avg,LR_Cluster_RMSE_Avg,LR_Cluster_MAD_Avg,LR_Euc_Time_Avg,LR_Euc_MAE_Avg,LR_Euc_RMSE_Avg,LR_Euc_MAD_Avg,RF_Entire_Time,RF_Entire_MAE,RF_Entire_RMSE,RF_Entire_MAD,RF_Cluster_Time_Avg,RF_Cluster_MAE_Avg,RF_Cluster_RMSE_Avg,RF_Cluster_MAD_Avg,RF_Euc_Time_Avg,RF_Euc_MAE_Avg,RF_Euc_RMSE_Avg,RF_Euc_MAD_Avg,NN_Entire_Time,NN_Entire_MAE,NN_Entire_RMSE,NN_Entire_MAD,NN_Cluster_Time_Avg,NN_Cluster_MAE_Avg,NN_Cluster_RMSE_Avg,NN_Cluster_MAD_Avg,NN_Euc_Time_Avg,NN_Euc_MAE_Avg,NN_Euc_RMSE_Avg,NN_Euc_MAD_Avg,GB_Entire_Time,GB_Entire_MAE,GB_Entire_RMSE,GB_Entire_MAD,GB_Cluster_Time_Avg,GB_Cluster_MAE_Avg,GB_Cluster_RMSE_Avg,GB_Cluster_MAD_Avg,GB_Euc_Time_Avg,GB_Euc_MAE_Avg,GB_Euc_RMSE_Avg,GB_Euc_MAD_Avg
50000,2,0.5,1.0,6,0.003196239471435547,0.06625561675942009,0.3233405659660932,0.03390383380555034,0.0008528232574462891,0.17067027062082687,0.3929667284530078,0.1220691580206113,0.0006734927495320638,0.20122471643992257,0.43971392570599005,0.13565499272950057,11.252549171447754,0.04313364134850592,0.2181655442488615,0.015839258744418716,1.602263371149699,0.14173829438340782,0.3607682468767213,0.07945310735447017,1.5997706254323323,0.1413908223405669,0.3994641351801281,0.06548112718461617,6.777009963989258,0.06028499193786659,0.2301949317080323,0.02883042459536099,0.8556519746780396,0.12667800761992098,0.34193894560892524,0.07241139697136399,0.5449972152709961,0.12751926886635537,0.3726231860087163,0.0625126445884513,3.226078987121582,0.048125207879669236,0.22052685835361877,0.022824623588756227,0.5258443752924601,0.1400233737821334,0.35662124510063203,0.08829108717465935,0.5261354049046835,0.14219906745983424,0.39909259349560094,0.0745661196241217
