N,Norm,Lambda,Gamma,K,LR_Entire_Time,LR_Entire_MAE,LR_Entire_RMSE,LR_Entire_MAD,LR_Cluster_Time_Avg,LR_Cluster_MAE_Avg,LR_Cluster_RMSE_Avg,LR_Cluster_MAD_Avg,LR_Euc_Time_Avg,LR_Euc_MAE_Avg,LR_Euc_RMSE_Avg,LR_Euc_MAD_Avg,RF_Entire_Time,RF_Entire_MAE,RF_Entire_RMSE,RF_Entire_MAD,RF_Cluster_Time_Avg,RF_Cluster_MAE_Avg,RF_Cluster_RMSE_Avg,RF_Cluster_MAD_Avg,RF_Euc_Time_Avg,RF_Euc_MAE_Avg,RF_Euc_RMSE_Avg,RF_Euc_MAD_Avg,NN_Entire_Time,NN_Entire_MAE,NN_Entire_RMSE,NN_Entire_MAD,NN_Cluster_Time_Avg,NN_Cluster_MAE_Avg,NN_Cluster_RMSE_Avg,NN_Cluster_MAD_Avg,NN_Euc_Time_Avg,NN_Euc_MAE_Avg,NN_Euc_RMSE_Avg,NN_Euc_MAD_Avg,GP_Entire_Time,GP_Entire_MAE,GP_Entire_RMSE,GP_Entire_MAD,GP_Cluster_Time_Avg,GP_Cluster_MAE_Avg,GP_Cluster_RMSE_Avg,GP_Cluster_MAD_Avg,GP_Euc_Time_Avg,GP_Euc_MAE_Avg,GP_Euc_RMSE_Avg,GP_Euc_MAD_Avg,GB_Entire_Time,GB_Entire_MAE,GB_Entire_RMSE,GB_Entire_MAD,GB_Cluster_Time_Avg,GB_Cluster_MAE_Avg,GB_Cluster_RMSE_Avg,GB_Cluster_MAD_Avg,GB_Euc_Time_Avg,GB_Euc_MAE_Avg,GB_Euc_RMSE_Avg,GB_Euc_MAD_Avg
500,1,0.5,1.0,3,0.00033783912658691406,0.04554139396076337,0.06322217389655631,0.03166617154606036,0.0003833770751953125,0.1074894934028268,0.34712811407786576,0.043495797090600245,0.00041604042053222656,0.27618815225710247,1.0147403203107357,0.05580047882265921,0.08346295356750488,0.03501061205888769,0.05476562953597709,0.022395113306466374,0.052053213119506836,0.10570126415864406,0.23038507862228422,0.060244927820056714,0.0498663584391276,0.27875080698715343,1.0116095883551919,0.05389132753201159,0.06849908828735352,0.06503014018701585,0.09982635829763205,0.03898566387291849,0.02776821454366048,0.12857669443999123,0.38374036434265263,0.04678777171841974,0.022069613138834637,0.2881328850179837,1.0134204224021504,0.061761487079499404,0.08751392364501953,0.07147561,0.10188179,0.046482205,0.04761401812235514,0.15433902,0.3164414,0.07122023,0.042892773946126304,0.28728575,1.0126005,0.061822545,0.035875797271728516,0.03296627030835118,0.05430633825038546,0.020239565209988514,0.0181578795115153,0.08812906250519714,0.1665272736167178,0.045657029025065576,0.017962296803792317,0.2815076990505702,1.0126923590144599,0.054475015438229656
