N,Norm,Lambda,Gamma,K,LR_Entire_Time,LR_Entire_MAE,LR_Entire_RMSE,LR_Entire_MAD,LR_Cluster_Time_Avg,LR_Cluster_MAE_Avg,LR_Cluster_RMSE_Avg,LR_Cluster_MAD_Avg,LR_Euc_Time_Avg,LR_Euc_MAE_Avg,LR_Euc_RMSE_Avg,LR_Euc_MAD_Avg,RF_Entire_Time,RF_Entire_MAE,RF_Entire_RMSE,RF_Entire_MAD,RF_Cluster_Time_Avg,RF_Cluster_MAE_Avg,RF_Cluster_RMSE_Avg,RF_Cluster_MAD_Avg,RF_Euc_Time_Avg,RF_Euc_MAE_Avg,RF_Euc_RMSE_Avg,RF_Euc_MAD_Avg,NN_Entire_Time,NN_Entire_MAE,NN_Entire_RMSE,NN_Entire_MAD,NN_Cluster_Time_Avg,NN_Cluster_MAE_Avg,NN_Cluster_RMSE_Avg,NN_Cluster_MAD_Avg,NN_Euc_Time_Avg,NN_Euc_MAE_Avg,NN_Euc_RMSE_Avg,NN_Euc_MAD_Avg,GB_Entire_Time,GB_Entire_MAE,GB_Entire_RMSE,GB_Entire_MAD,GB_Cluster_Time_Avg,GB_Cluster_MAE_Avg,GB_Cluster_RMSE_Avg,GB_Cluster_MAD_Avg,GB_Euc_Time_Avg,GB_Euc_MAE_Avg,GB_Euc_RMSE_Avg,GB_Euc_MAD_Avg
100000,2,0.1,0.5,6,0.005915164947509766,0.0643103041422581,0.30043950634238437,0.03601264487927863,0.00162812074025472,0.16887708235126483,0.42559922455295857,0.12460772115286735,0.001450181007385254,0.19833764315984814,0.4302280975120915,0.13404918249230613,25.37726593017578,0.03955558204961573,0.19074844557707304,0.015049173510652214,3.681397477785746,0.13856610196314004,0.4026810616274772,0.0764228726678632,3.607910633087158,0.1416791314828128,0.412577769914615,0.06188933017166804,11.769268989562988,0.045902345157763556,0.19325306404913978,0.01997252875313378,1.3746164639790852,0.11689355350515857,0.37907125570582395,0.0642988202592602,0.8669385512669882,0.12103604910757036,0.3629427003448304,0.058653285501914114,6.609886884689331,0.04389067884089691,0.19093603898531403,0.021572383600055846,1.0657941102981567,0.13712814107011437,0.39499333122926544,0.08865901989329755,1.0643281936645508,0.13857094742018172,0.392315464944154,0.07079307475286019
