N,Norm,Lambda,Gamma,K,LR_Entire_Time,LR_Entire_MAE,LR_Entire_RMSE,LR_Entire_MAD,LR_Cluster_Time_Avg,LR_Cluster_MAE_Avg,LR_Cluster_RMSE_Avg,LR_Cluster_MAD_Avg,LR_Euc_Time_Avg,LR_Euc_MAE_Avg,LR_Euc_RMSE_Avg,LR_Euc_MAD_Avg,RF_Entire_Time,RF_Entire_MAE,RF_Entire_RMSE,RF_Entire_MAD,RF_Cluster_Time_Avg,RF_Cluster_MAE_Avg,RF_Cluster_RMSE_Avg,RF_Cluster_MAD_Avg,RF_Euc_Time_Avg,RF_Euc_MAE_Avg,RF_Euc_RMSE_Avg,RF_Euc_MAD_Avg,NN_Entire_Time,NN_Entire_MAE,NN_Entire_RMSE,NN_Entire_MAD,NN_Cluster_Time_Avg,NN_Cluster_MAE_Avg,NN_Cluster_RMSE_Avg,NN_Cluster_MAD_Avg,NN_Euc_Time_Avg,NN_Euc_MAE_Avg,NN_Euc_RMSE_Avg,NN_Euc_MAD_Avg,GP_Entire_Time,GP_Entire_MAE,GP_Entire_RMSE,GP_Entire_MAD,GP_Cluster_Time_Avg,GP_Cluster_MAE_Avg,GP_Cluster_RMSE_Avg,GP_Cluster_MAD_Avg,GP_Euc_Time_Avg,GP_Euc_MAE_Avg,GP_Euc_RMSE_Avg,GP_Euc_MAD_Avg,GB_Entire_Time,GB_Entire_MAE,GB_Entire_RMSE,GB_Entire_MAD,GB_Cluster_Time_Avg,GB_Cluster_MAE_Avg,GB_Cluster_RMSE_Avg,GB_Cluster_MAD_Avg,GB_Euc_Time_Avg,GB_Euc_MAE_Avg,GB_Euc_RMSE_Avg,GB_Euc_MAD_Avg
1000,1,0.5,1.0,7,0.0004889965057373047,0.03174555839505721,0.043465480669550194,0.023354845822268516,0.00036270277840750556,0.17999935904036884,0.3338014969627681,0.11519308458585284,0.00038732801164899556,0.24114744200741556,0.497433010418103,0.13447214769055482,0.14131999015808105,0.02711908739677341,0.03630969837685965,0.021244821287974558,0.04919794627598354,0.20090942841931905,0.3061348793439557,0.14288437589538736,0.04770292554582868,0.18026470525281987,0.3562690698869892,0.10325506950902434,0.05443263053894043,0.04841764519567369,0.06599497068544,0.0341983847643785,0.029198578425816128,0.20731906144459927,0.35989231239749403,0.13037919850087973,0.024975027356828963,0.2293365591134622,0.47642955416620186,0.12527900948740756,0.19574570655822754,0.047523502,0.08538143,0.030398354,0.04234004020690918,0.21108648,0.3717451,0.13055821,0.03713955198015485,0.22839884,0.5366344,0.09300195,0.0640878677368164,0.022980121398217025,0.029866722800008867,0.019598714559076358,0.016694068908691406,0.17766873173914535,0.248979734166562,0.12563353592939033,0.016525234494890486,0.16062482728229763,0.24860537953695352,0.10780903839063814
