N,Norm,Lambda,Gamma,K,LR_Entire_Time,LR_Entire_MAE,LR_Entire_RMSE,LR_Entire_MAD,LR_Cluster_Time_Avg,LR_Cluster_MAE_Avg,LR_Cluster_RMSE_Avg,LR_Cluster_MAD_Avg,LR_Euc_Time_Avg,LR_Euc_MAE_Avg,LR_Euc_RMSE_Avg,LR_Euc_MAD_Avg,RF_Entire_Time,RF_Entire_MAE,RF_Entire_RMSE,RF_Entire_MAD,RF_Cluster_Time_Avg,RF_Cluster_MAE_Avg,RF_Cluster_RMSE_Avg,RF_Cluster_MAD_Avg,RF_Euc_Time_Avg,RF_Euc_MAE_Avg,RF_Euc_RMSE_Avg,RF_Euc_MAD_Avg,NN_Entire_Time,NN_Entire_MAE,NN_Entire_RMSE,NN_Entire_MAD,NN_Cluster_Time_Avg,NN_Cluster_MAE_Avg,NN_Cluster_RMSE_Avg,NN_Cluster_MAD_Avg,NN_Euc_Time_Avg,NN_Euc_MAE_Avg,NN_Euc_RMSE_Avg,NN_Euc_MAD_Avg,GP_Entire_Time,GP_Entire_MAE,GP_Entire_RMSE,GP_Entire_MAD,GP_Cluster_Time_Avg,GP_Cluster_MAE_Avg,GP_Cluster_RMSE_Avg,GP_Cluster_MAD_Avg,GP_Euc_Time_Avg,GP_Euc_MAE_Avg,GP_Euc_RMSE_Avg,GP_Euc_MAD_Avg,GB_Entire_Time,GB_Entire_MAE,GB_Entire_RMSE,GB_Entire_MAD,GB_Cluster_Time_Avg,GB_Cluster_MAE_Avg,GB_Cluster_RMSE_Avg,GB_Cluster_MAD_Avg,GB_Euc_Time_Avg,GB_Euc_MAE_Avg,GB_Euc_RMSE_Avg,GB_Euc_MAD_Avg
1000,2,0.1,2.0,7,0.00046706199645996094,0.03174555839505721,0.043465480669550194,0.023354845822268516,0.000270775386265346,0.19023180673442064,0.3647751379831555,0.1122130458535021,0.0002455711364746094,0.24114744200741556,0.497433010418103,0.13447214769055482,0.14008021354675293,0.027075344766986288,0.03602274465569296,0.020933621849898,0.04882161957877023,0.21943238296639309,0.33932647020454526,0.14398767879882213,0.0477269036429269,0.17863571573092926,0.3461365460042583,0.10891626128222108,0.040988922119140625,0.06498040484293922,0.08918418845190906,0.05085953079081597,0.028444017682756697,0.2146112511766031,0.3843217303430673,0.13152983896530307,0.02428504398890904,0.2375376434641113,0.4801653311082041,0.1344125527523277,0.18053984642028809,0.047523502,0.08538143,0.030398354,0.04055953025817871,0.22000761,0.39035287,0.13146405,0.03640443938119071,0.22839884,0.5366344,0.09300195,0.06366801261901855,0.022949322697115155,0.029852505148988052,0.019598714559076386,0.01670384407043457,0.19458347869384074,0.28646193919718577,0.12617939643534928,0.016382081168038503,0.16133423331854432,0.24848782736534192,0.11151564902186803
