N,Norm,Lambda,Gamma,K,LR_Entire_Time,LR_Entire_MAE,LR_Entire_RMSE,LR_Entire_MAD,LR_Cluster_Time_Avg,LR_Cluster_MAE_Avg,LR_Cluster_RMSE_Avg,LR_Cluster_MAD_Avg,LR_Euc_Time_Avg,LR_Euc_MAE_Avg,LR_Euc_RMSE_Avg,LR_Euc_MAD_Avg,RF_Entire_Time,RF_Entire_MAE,RF_Entire_RMSE,RF_Entire_MAD,RF_Cluster_Time_Avg,RF_Cluster_MAE_Avg,RF_Cluster_RMSE_Avg,RF_Cluster_MAD_Avg,RF_Euc_Time_Avg,RF_Euc_MAE_Avg,RF_Euc_RMSE_Avg,RF_Euc_MAD_Avg,NN_Entire_Time,NN_Entire_MAE,NN_Entire_RMSE,NN_Entire_MAD,NN_Cluster_Time_Avg,NN_Cluster_MAE_Avg,NN_Cluster_RMSE_Avg,NN_Cluster_MAD_Avg,NN_Euc_Time_Avg,NN_Euc_MAE_Avg,NN_Euc_RMSE_Avg,NN_Euc_MAD_Avg,GB_Entire_Time,GB_Entire_MAE,GB_Entire_RMSE,GB_Entire_MAD,GB_Cluster_Time_Avg,GB_Cluster_MAE_Avg,GB_Cluster_RMSE_Avg,GB_Cluster_MAD_Avg,GB_Euc_Time_Avg,GB_Euc_MAE_Avg,GB_Euc_RMSE_Avg,GB_Euc_MAD_Avg
100000,2,0.5,1.0,6,0.005352973937988281,0.0643103041422581,0.30043950634238437,0.03601264487927863,0.0024913549423217773,0.16365460379638821,0.3402929801619298,0.12236810438411427,0.001647194226582845,0.19833764315984814,0.4302280975120915,0.13404918249230613,25.331434965133667,0.03951861294783334,0.1916151896102826,0.015055574463478605,3.655178348223368,0.1347803874020049,0.32741059717735677,0.0756816023417491,3.600133776664734,0.1417369085114752,0.40970945520217644,0.061935913931962405,12.873813152313232,0.04526460327455059,0.20426490900063274,0.017173626808598907,1.408078710238139,0.110520280620744,0.2826467233850439,0.06508366035275996,0.9744093418121338,0.12528682356729412,0.3646129376307645,0.06022844481625821,6.572185277938843,0.04385537884874954,0.19011359367386196,0.021574883164358023,1.06149955590566,0.13191144594930537,0.30255383627075144,0.08733859147488111,1.0622049967447917,0.13874607579086226,0.3928157997191531,0.07076807470270767
