N,Norm,Lambda,Gamma,K,LR_Entire_Time,LR_Entire_MAE,LR_Entire_RMSE,LR_Entire_MAD,LR_Cluster_Time_Avg,LR_Cluster_MAE_Avg,LR_Cluster_RMSE_Avg,LR_Cluster_MAD_Avg,LR_Euc_Time_Avg,LR_Euc_MAE_Avg,LR_Euc_RMSE_Avg,LR_Euc_MAD_Avg,RF_Entire_Time,RF_Entire_MAE,RF_Entire_RMSE,RF_Entire_MAD,RF_Cluster_Time_Avg,RF_Cluster_MAE_Avg,RF_Cluster_RMSE_Avg,RF_Cluster_MAD_Avg,RF_Euc_Time_Avg,RF_Euc_MAE_Avg,RF_Euc_RMSE_Avg,RF_Euc_MAD_Avg,NN_Entire_Time,NN_Entire_MAE,NN_Entire_RMSE,NN_Entire_MAD,NN_Cluster_Time_Avg,NN_Cluster_MAE_Avg,NN_Cluster_RMSE_Avg,NN_Cluster_MAD_Avg,NN_Euc_Time_Avg,NN_Euc_MAE_Avg,NN_Euc_RMSE_Avg,NN_Euc_MAD_Avg,GB_Entire_Time,GB_Entire_MAE,GB_Entire_RMSE,GB_Entire_MAD,GB_Cluster_Time_Avg,GB_Cluster_MAE_Avg,GB_Cluster_RMSE_Avg,GB_Cluster_MAD_Avg,GB_Euc_Time_Avg,GB_Euc_MAE_Avg,GB_Euc_RMSE_Avg,GB_Euc_MAD_Avg
50000,1,0.5,1.0,3,0.0031938552856445312,0.06625561675942009,0.3233405659660932,0.03390383380555034,0.001775979995727539,0.0952368668739448,0.31813996474979694,0.057111782091600116,0.001451412836710612,0.13539184417959435,0.3931635208263831,0.08229257984802939,11.414602041244507,0.04279902223609289,0.21525972971817164,0.015690083262984267,3.5583182175954184,0.07695578908603924,0.2760366460355723,0.035083841797042985,3.430482784907023,0.08600920655914523,0.32109351400571895,0.03508158678895324,7.124382257461548,0.052562126555843,0.22963028430919338,0.01925380145603206,1.9447016716003418,0.07847673262862716,0.25917800289373066,0.03965947847002661,1.8145734469095867,0.08698901601635678,0.30162861735818985,0.038018561170988244,3.3147850036621094,0.04812574408585223,0.2211567696699201,0.02282462358875645,1.06167205174764,0.07580405644217596,0.26597486405649096,0.04205485701409283,1.0695126056671143,0.08767661631596757,0.31728034302439595,0.04238334168511062
