N,Norm,Lambda,Gamma,K,LR_Entire_Time,LR_Entire_MAE,LR_Entire_RMSE,LR_Entire_MAD,LR_Cluster_Time_Avg,LR_Cluster_MAE_Avg,LR_Cluster_RMSE_Avg,LR_Cluster_MAD_Avg,LR_Euc_Time_Avg,LR_Euc_MAE_Avg,LR_Euc_RMSE_Avg,LR_Euc_MAD_Avg,RF_Entire_Time,RF_Entire_MAE,RF_Entire_RMSE,RF_Entire_MAD,RF_Cluster_Time_Avg,RF_Cluster_MAE_Avg,RF_Cluster_RMSE_Avg,RF_Cluster_MAD_Avg,RF_Euc_Time_Avg,RF_Euc_MAE_Avg,RF_Euc_RMSE_Avg,RF_Euc_MAD_Avg,NN_Entire_Time,NN_Entire_MAE,NN_Entire_RMSE,NN_Entire_MAD,NN_Cluster_Time_Avg,NN_Cluster_MAE_Avg,NN_Cluster_RMSE_Avg,NN_Cluster_MAD_Avg,NN_Euc_Time_Avg,NN_Euc_MAE_Avg,NN_Euc_RMSE_Avg,NN_Euc_MAD_Avg,GP_Entire_Time,GP_Entire_MAE,GP_Entire_RMSE,GP_Entire_MAD,GP_Cluster_Time_Avg,GP_Cluster_MAE_Avg,GP_Cluster_RMSE_Avg,GP_Cluster_MAD_Avg,GP_Euc_Time_Avg,GP_Euc_MAE_Avg,GP_Euc_RMSE_Avg,GP_Euc_MAD_Avg,GB_Entire_Time,GB_Entire_MAE,GB_Entire_RMSE,GB_Entire_MAD,GB_Cluster_Time_Avg,GB_Cluster_MAE_Avg,GB_Cluster_RMSE_Avg,GB_Cluster_MAD_Avg,GB_Euc_Time_Avg,GB_Euc_MAE_Avg,GB_Euc_RMSE_Avg,GB_Euc_MAD_Avg
5000,1,0.1,2.0,6,0.0006771087646484375,0.06606716257040125,0.2627241057286416,0.044473382092633296,0.00030632813771565753,0.16781455291701294,0.4025073280139085,0.11133537265920153,0.00035945574442545575,0.22164609849587402,0.4643029753593615,0.14169759091135933,0.798069953918457,0.04116012454173106,0.18402717976930247,0.020028683674048475,0.13872679074605307,0.17775315396752123,0.4417127668759517,0.08981928491096296,0.13726250330607095,0.18859204625056014,0.4686134461490101,0.08386816003287623,0.9988350868225098,0.08023418718096215,0.24692938728658304,0.036473722487388234,0.11098233858744304,0.16012307630662997,0.3916360991920506,0.08784343441132443,0.11310827732086182,0.1951504801218981,0.43946486689138586,0.08977854274071934,2.667114019393921,0.07473491,0.2456982,0.028354295,0.16868925094604492,0.1617116,0.39845,0.084138565,0.15920658906300864,0.18667245,0.4624816,0.09014324,0.30536890029907227,0.04386458992453541,0.18867560919869694,0.02446869807213957,0.05651827653249105,0.16043108729965289,0.4310370774610086,0.07932834527639482,0.05614511171976725,0.1840477123801326,0.4954015564166971,0.08082359637687715
