N,Norm,Lambda,Gamma,K,LR_Entire_Time,LR_Entire_MAE,LR_Entire_RMSE,LR_Entire_MAD,LR_Cluster_Time_Avg,LR_Cluster_MAE_Avg,LR_Cluster_RMSE_Avg,LR_Cluster_MAD_Avg,LR_Euc_Time_Avg,LR_Euc_MAE_Avg,LR_Euc_RMSE_Avg,LR_Euc_MAD_Avg,RF_Entire_Time,RF_Entire_MAE,RF_Entire_RMSE,RF_Entire_MAD,RF_Cluster_Time_Avg,RF_Cluster_MAE_Avg,RF_Cluster_RMSE_Avg,RF_Cluster_MAD_Avg,RF_Euc_Time_Avg,RF_Euc_MAE_Avg,RF_Euc_RMSE_Avg,RF_Euc_MAD_Avg,NN_Entire_Time,NN_Entire_MAE,NN_Entire_RMSE,NN_Entire_MAD,NN_Cluster_Time_Avg,NN_Cluster_MAE_Avg,NN_Cluster_RMSE_Avg,NN_Cluster_MAD_Avg,NN_Euc_Time_Avg,NN_Euc_MAE_Avg,NN_Euc_RMSE_Avg,NN_Euc_MAD_Avg,GB_Entire_Time,GB_Entire_MAE,GB_Entire_RMSE,GB_Entire_MAD,GB_Cluster_Time_Avg,GB_Cluster_MAE_Avg,GB_Cluster_RMSE_Avg,GB_Cluster_MAD_Avg,GB_Euc_Time_Avg,GB_Euc_MAE_Avg,GB_Euc_RMSE_Avg,GB_Euc_MAD_Avg
100000,2,0.1,2.0,4,0.006495952606201172,0.0643103041422581,0.30043950634238437,0.03601264487927863,0.0020359158515930176,0.11968057160127815,0.36660229281302537,0.07898799523118427,0.0022425055503845215,0.1551439489605722,0.4137185066125712,0.09434256602327316,25.384546041488647,0.03970810509801841,0.1918772885417125,0.014883015443498182,5.739593267440796,0.09517299473075186,0.32217307936129086,0.047958214315834996,5.60175359249115,0.09606420939053611,0.33406038374157904,0.038534489183015164,13.100375890731812,0.04169335446967091,0.19653898448169216,0.01491810176566305,1.9526320695877075,0.08490377605711125,0.30516872673598083,0.04534989902829301,1.5121609568595886,0.09750270856114798,0.3213082262614998,0.045566090695434276,6.555962085723877,0.043873067831308475,0.19049146842011352,0.021574883164358044,1.6073136925697327,0.09385100155096615,0.31418817243067226,0.05576367107028882,1.5976775884628296,0.09734033093522257,0.3327192614370341,0.0465874103669785
