N,Norm,Lambda,Gamma,K,LR_Entire_Time,LR_Entire_MAE,LR_Entire_RMSE,LR_Entire_MAD,LR_Cluster_Time_Avg,LR_Cluster_MAE_Avg,LR_Cluster_RMSE_Avg,LR_Cluster_MAD_Avg,LR_Cluster_MAE_Median,LR_Cluster_RMSE_Median,LR_Cluster_MAD_Median,RF_Entire_Time,RF_Entire_MAE,RF_Entire_RMSE,RF_Entire_MAD,RF_Cluster_Time_Avg,RF_Cluster_MAE_Avg,RF_Cluster_RMSE_Avg,RF_Cluster_MAD_Avg,RF_Cluster_MAE_Median,RF_Cluster_RMSE_Median,RF_Cluster_MAD_Median,NN_Entire_Time,NN_Entire_MAE,NN_Entire_RMSE,NN_Entire_MAD,NN_Cluster_Time_Avg,NN_Cluster_MAE_Avg,NN_Cluster_RMSE_Avg,NN_Cluster_MAD_Avg,NN_Cluster_MAE_Median,NN_Cluster_RMSE_Median,NN_Cluster_MAD_Median,GP_Entire_Time,GP_Entire_MAE,GP_Entire_RMSE,GP_Entire_MAD,GP_Cluster_Time_Avg,GP_Cluster_MAE_Avg,GP_Cluster_RMSE_Avg,GP_Cluster_MAD_Avg,GP_Cluster_MAE_Median,GP_Cluster_RMSE_Median,GP_Cluster_MAD_Median,GB_Entire_Time,GB_Entire_MAE,GB_Entire_RMSE,GB_Entire_MAD,GB_Cluster_Time_Avg,GB_Cluster_MAE_Avg,GB_Cluster_RMSE_Avg,GB_Cluster_MAD_Avg,GB_Cluster_MAE_Median,GB_Cluster_RMSE_Median,GB_Cluster_MAD_Median
10000,2,0.5,1.0,3,0.0016338825225830078,0.0711493164406142,0.34865177023578486,0.037222118158097006,0.0013739267985026042,0.061095529703721285,0.20245951291875663,0.04171597546760536,0.06776208647110535,0.2623179982606368,0.04397761117555721,1.630155086517334,0.04315755140210425,0.21144169775903662,0.017417975319453605,0.44712551434834796,0.029513891796976822,0.07896710144829994,0.015798212497303787,0.030076025877344724,0.07674985078193133,0.015043041877060098,2.3152308464050293,0.07281588113212158,0.2771194842761455,0.030257109081202382,0.7661757469177246,0.062141685074049983,0.21059491852912812,0.021420710060319186,0.06012569065795915,0.24657439704452203,0.019769802680480675,9.33124589920044,0.0598029,0.25219798,0.018500865,1.7078330516815186,0.059972014,0.1967591,0.02245225,0.06066639721393585,0.19865664839744568,0.023915648460388184,0.5878598690032959,0.04606811960393065,0.19555245116743727,0.022916511687969987,0.18049065272013345,0.03127851465421627,0.08994644058619748,0.019481266424084043,0.03264499843790445,0.06011952387171069,0.018641612062474944
