N,Norm,Lambda,Gamma,K,LR_Entire_Time,LR_Entire_MAE,LR_Entire_RMSE,LR_Entire_MAD,LR_Cluster_Time_Avg,LR_Cluster_MAE_Avg,LR_Cluster_RMSE_Avg,LR_Cluster_MAD_Avg,LR_Euc_Time_Avg,LR_Euc_MAE_Avg,LR_Euc_RMSE_Avg,LR_Euc_MAD_Avg,RF_Entire_Time,RF_Entire_MAE,RF_Entire_RMSE,RF_Entire_MAD,RF_Cluster_Time_Avg,RF_Cluster_MAE_Avg,RF_Cluster_RMSE_Avg,RF_Cluster_MAD_Avg,RF_Euc_Time_Avg,RF_Euc_MAE_Avg,RF_Euc_RMSE_Avg,RF_Euc_MAD_Avg,NN_Entire_Time,NN_Entire_MAE,NN_Entire_RMSE,NN_Entire_MAD,NN_Cluster_Time_Avg,NN_Cluster_MAE_Avg,NN_Cluster_RMSE_Avg,NN_Cluster_MAD_Avg,NN_Euc_Time_Avg,NN_Euc_MAE_Avg,NN_Euc_RMSE_Avg,NN_Euc_MAD_Avg,GP_Entire_Time,GP_Entire_MAE,GP_Entire_RMSE,GP_Entire_MAD,GP_Cluster_Time_Avg,GP_Cluster_MAE_Avg,GP_Cluster_RMSE_Avg,GP_Cluster_MAD_Avg,GP_Euc_Time_Avg,GP_Euc_MAE_Avg,GP_Euc_RMSE_Avg,GP_Euc_MAD_Avg,GB_Entire_Time,GB_Entire_MAE,GB_Entire_RMSE,GB_Entire_MAD,GB_Cluster_Time_Avg,GB_Cluster_MAE_Avg,GB_Cluster_RMSE_Avg,GB_Cluster_MAD_Avg,GB_Euc_Time_Avg,GB_Euc_MAE_Avg,GB_Euc_RMSE_Avg,GB_Euc_MAD_Avg
1000,1,0.9,1.0,4,0.00031185150146484375,0.03174555839505721,0.043465480669550194,0.023354845822268516,0.0002932548522949219,0.09382534242809296,0.13102556231420276,0.07650186720028314,0.00025403499603271484,0.11933357968464367,0.15914693815912323,0.09691046142812622,0.14019393920898438,0.027498272992790885,0.03666410238463628,0.02182845672534843,0.05958527326583862,0.09940694341917541,0.1493558104782624,0.06740501306077959,0.05820572376251221,0.07520153349620493,0.11027428625551723,0.0530567182342226,0.06911993026733398,0.057371549250170704,0.08363953211733535,0.038428905673853875,0.044206857681274414,0.13029310506401037,0.20155416882435145,0.08010169686746216,0.033397793769836426,0.13179132361923745,0.18747542385535707,0.0938902437074605,0.18165302276611328,0.047523502,0.08538143,0.030398354,0.056440889835357666,0.103373095,0.17265856,0.06926249,0.05025666952133179,0.10506934,0.17928883,0.0619057,0.06345701217651367,0.022987957225510246,0.029847095006051146,0.01989618115551467,0.022901594638824463,0.09101401122353955,0.1331536158924766,0.06281743509597786,0.022425472736358643,0.07395187429467984,0.1109136547424559,0.050648881596773804
