N,Norm,Lambda,Gamma,K,LR_Entire_Time,LR_Entire_MAE,LR_Entire_RMSE,LR_Entire_MAD,LR_Cluster_Time_Avg,LR_Cluster_MAE_Avg,LR_Cluster_RMSE_Avg,LR_Cluster_MAD_Avg,LR_Cluster_MAE_Median,LR_Cluster_RMSE_Median,LR_Cluster_MAD_Median,RF_Entire_Time,RF_Entire_MAE,RF_Entire_RMSE,RF_Entire_MAD,RF_Cluster_Time_Avg,RF_Cluster_MAE_Avg,RF_Cluster_RMSE_Avg,RF_Cluster_MAD_Avg,RF_Cluster_MAE_Median,RF_Cluster_RMSE_Median,RF_Cluster_MAD_Median,NN_Entire_Time,NN_Entire_MAE,NN_Entire_RMSE,NN_Entire_MAD,NN_Cluster_Time_Avg,NN_Cluster_MAE_Avg,NN_Cluster_RMSE_Avg,NN_Cluster_MAD_Avg,NN_Cluster_MAE_Median,NN_Cluster_RMSE_Median,NN_Cluster_MAD_Median,GP_Entire_Time,GP_Entire_MAE,GP_Entire_RMSE,GP_Entire_MAD,GP_Cluster_Time_Avg,GP_Cluster_MAE_Avg,GP_Cluster_RMSE_Avg,GP_Cluster_MAD_Avg,GP_Cluster_MAE_Median,GP_Cluster_RMSE_Median,GP_Cluster_MAD_Median,GB_Entire_Time,GB_Entire_MAE,GB_Entire_RMSE,GB_Entire_MAD,GB_Cluster_Time_Avg,GB_Cluster_MAE_Avg,GB_Cluster_RMSE_Avg,GB_Cluster_MAD_Avg,GB_Cluster_MAE_Median,GB_Cluster_RMSE_Median,GB_Cluster_MAD_Median
10000,1,0.5,2.0,6,0.0011439323425292969,0.0711493164406142,0.34865177023578486,0.037222118158097006,0.0008692344029744467,0.07274195738615229,0.24970012260160854,0.04674835906493604,0.07210657745978806,0.2503566496622536,0.04326179093182089,1.604130744934082,0.04230425819130528,0.20112172998946426,0.01714846403456982,0.2191481590270996,0.054340836090628016,0.26569915958559215,0.017235965365061997,0.054995654362078455,0.2708353787272546,0.0175870936507184,2.2932851314544678,0.08227569938428167,0.2923871437137136,0.03798534129692577,0.1981664498647054,0.0791016738730609,0.2783907063547613,0.03244034468198478,0.07598124358650765,0.30929294095699844,0.030497937842805876,9.425772190093994,0.059720047,0.2529142,0.017780572,0.6060730616251627,0.07661458,0.27618194,0.02349708,0.07427679002285004,0.2763617932796478,0.02188972383737564,0.5915310382843018,0.04598474643267998,0.19496124064010997,0.022916511687970043,0.0910192330678304,0.05647447302944945,0.2895089160957361,0.019340588491861124,0.055213430558827846,0.2932375450563696,0.019083565151846046
