N,Norm,Lambda,Gamma,K,LR_Entire_Time,LR_Entire_MAE,LR_Entire_RMSE,LR_Entire_MAD,LR_Cluster_Time_Avg,LR_Cluster_MAE_Avg,LR_Cluster_RMSE_Avg,LR_Cluster_MAD_Avg,LR_Cluster_MAE_Median,LR_Cluster_RMSE_Median,LR_Cluster_MAD_Median,RF_Entire_Time,RF_Entire_MAE,RF_Entire_RMSE,RF_Entire_MAD,RF_Cluster_Time_Avg,RF_Cluster_MAE_Avg,RF_Cluster_RMSE_Avg,RF_Cluster_MAD_Avg,RF_Cluster_MAE_Median,RF_Cluster_RMSE_Median,RF_Cluster_MAD_Median,NN_Entire_Time,NN_Entire_MAE,NN_Entire_RMSE,NN_Entire_MAD,NN_Cluster_Time_Avg,NN_Cluster_MAE_Avg,NN_Cluster_RMSE_Avg,NN_Cluster_MAD_Avg,NN_Cluster_MAE_Median,NN_Cluster_RMSE_Median,NN_Cluster_MAD_Median,GP_Entire_Time,GP_Entire_MAE,GP_Entire_RMSE,GP_Entire_MAD,GP_Cluster_Time_Avg,GP_Cluster_MAE_Avg,GP_Cluster_RMSE_Avg,GP_Cluster_MAD_Avg,GP_Cluster_MAE_Median,GP_Cluster_RMSE_Median,GP_Cluster_MAD_Median,GB_Entire_Time,GB_Entire_MAE,GB_Entire_RMSE,GB_Entire_MAD,GB_Cluster_Time_Avg,GB_Cluster_MAE_Avg,GB_Cluster_RMSE_Avg,GB_Cluster_MAD_Avg,GB_Cluster_MAE_Median,GB_Cluster_RMSE_Median,GB_Cluster_MAD_Median
1000,1,0.9,1.0,6,0.0007979869842529297,0.07572404595198262,0.3176633156201745,0.045674406410488144,0.0006765127182006836,0.1371784600715006,0.3673265998898685,0.06388429135975217,0.1012051128573998,0.24573547117614153,0.013323566403696085,0.14542484283447266,0.022556530103090448,0.03180644874848475,0.016367357434547647,0.050777832667032875,0.10870057248663263,0.31903570079995,0.030007470257673582,0.06422573419054245,0.09866893871595299,0.0250535939208565,0.13998985290527344,0.09337795690433079,0.30997559944738723,0.038337628572718885,0.024464527765909832,0.13063120230388028,0.34533457188351036,0.05100559692295048,0.09559196998836497,0.15448321863284598,0.04314437522333932,0.23406505584716797,0.09063805,0.28110394,0.036968112,0.04510029157002767,0.117181085,0.32445943,0.032554198,0.05926242843270302,0.09503373503684998,0.03039500117301941,0.06000685691833496,0.022173461131892096,0.029579888048737187,0.017278896091539805,0.017302314440409344,0.10414784187449681,0.31976351583664614,0.025336289171180002,0.0594821021885915,0.0891938047161315,0.024868488456483692
