N,Norm,Lambda,Gamma,K,LR_Entire_Time,LR_Entire_MAE,LR_Entire_RMSE,LR_Entire_MAD,LR_Cluster_Time_Avg,LR_Cluster_MAE_Avg,LR_Cluster_RMSE_Avg,LR_Cluster_MAD_Avg,LR_Euc_Time_Avg,LR_Euc_MAE_Avg,LR_Euc_RMSE_Avg,LR_Euc_MAD_Avg,RF_Entire_Time,RF_Entire_MAE,RF_Entire_RMSE,RF_Entire_MAD,RF_Cluster_Time_Avg,RF_Cluster_MAE_Avg,RF_Cluster_RMSE_Avg,RF_Cluster_MAD_Avg,RF_Euc_Time_Avg,RF_Euc_MAE_Avg,RF_Euc_RMSE_Avg,RF_Euc_MAD_Avg,NN_Entire_Time,NN_Entire_MAE,NN_Entire_RMSE,NN_Entire_MAD,NN_Cluster_Time_Avg,NN_Cluster_MAE_Avg,NN_Cluster_RMSE_Avg,NN_Cluster_MAD_Avg,NN_Euc_Time_Avg,NN_Euc_MAE_Avg,NN_Euc_RMSE_Avg,NN_Euc_MAD_Avg,GP_Entire_Time,GP_Entire_MAE,GP_Entire_RMSE,GP_Entire_MAD,GP_Cluster_Time_Avg,GP_Cluster_MAE_Avg,GP_Cluster_RMSE_Avg,GP_Cluster_MAD_Avg,GP_Euc_Time_Avg,GP_Euc_MAE_Avg,GP_Euc_RMSE_Avg,GP_Euc_MAD_Avg,GB_Entire_Time,GB_Entire_MAE,GB_Entire_RMSE,GB_Entire_MAD,GB_Cluster_Time_Avg,GB_Cluster_MAE_Avg,GB_Cluster_RMSE_Avg,GB_Cluster_MAD_Avg,GB_Euc_Time_Avg,GB_Euc_MAE_Avg,GB_Euc_RMSE_Avg,GB_Euc_MAD_Avg
1000,2,0.9,2.0,3,0.0006630420684814453,0.03174555839505721,0.043465480669550194,0.023354845822268516,0.00045172373453776043,0.07452498042771533,0.10859604046442277,0.05252846897306126,0.00038894017537434894,0.1329384955209603,0.48559749515247447,0.06925113678467147,0.14378118515014648,0.02726690167022046,0.03583151970644084,0.022801364442281147,0.0697476863861084,0.06978220541851338,0.10661461991310302,0.04519960575066281,0.06811658541361491,0.09038721031342128,0.2000721679935609,0.05677446091973898,0.07570004463195801,0.051949933925441553,0.07494950823634047,0.042863856497567215,0.05113903681437174,0.09707712775351528,0.13906223692227346,0.07473586526430041,0.05568647384643555,0.1469113823100707,0.4895312104221399,0.05831693614686162,0.19782400131225586,0.047523502,0.08538143,0.030398354,0.07209332784016927,0.09565455,0.1672859,0.052626017,0.06185539563496908,0.1241591,0.38527405,0.052032042,0.06371665000915527,0.023041552513625174,0.02998675165976608,0.019598714559076302,0.027481555938720703,0.0694047859236575,0.10030561325687541,0.05056193905087658,0.026805003484090168,0.07297274778952151,0.1082135022748832,0.051314196179049865
