N,Norm,Lambda,Gamma,K,LR_Entire_Time,LR_Entire_MAE,LR_Entire_RMSE,LR_Entire_MAD,LR_Cluster_Time_Avg,LR_Cluster_MAE_Avg,LR_Cluster_RMSE_Avg,LR_Cluster_MAD_Avg,LR_Euc_Time_Avg,LR_Euc_MAE_Avg,LR_Euc_RMSE_Avg,LR_Euc_MAD_Avg,RF_Entire_Time,RF_Entire_MAE,RF_Entire_RMSE,RF_Entire_MAD,RF_Cluster_Time_Avg,RF_Cluster_MAE_Avg,RF_Cluster_RMSE_Avg,RF_Cluster_MAD_Avg,RF_Euc_Time_Avg,RF_Euc_MAE_Avg,RF_Euc_RMSE_Avg,RF_Euc_MAD_Avg,NN_Entire_Time,NN_Entire_MAE,NN_Entire_RMSE,NN_Entire_MAD,NN_Cluster_Time_Avg,NN_Cluster_MAE_Avg,NN_Cluster_RMSE_Avg,NN_Cluster_MAD_Avg,NN_Euc_Time_Avg,NN_Euc_MAE_Avg,NN_Euc_RMSE_Avg,NN_Euc_MAD_Avg,GP_Entire_Time,GP_Entire_MAE,GP_Entire_RMSE,GP_Entire_MAD,GP_Cluster_Time_Avg,GP_Cluster_MAE_Avg,GP_Cluster_RMSE_Avg,GP_Cluster_MAD_Avg,GP_Euc_Time_Avg,GP_Euc_MAE_Avg,GP_Euc_RMSE_Avg,GP_Euc_MAD_Avg,GB_Entire_Time,GB_Entire_MAE,GB_Entire_RMSE,GB_Entire_MAD,GB_Cluster_Time_Avg,GB_Cluster_MAE_Avg,GB_Cluster_RMSE_Avg,GB_Cluster_MAD_Avg,GB_Euc_Time_Avg,GB_Euc_MAE_Avg,GB_Euc_RMSE_Avg,GB_Euc_MAD_Avg
500,2,0.9,2.0,6,0.0005822181701660156,0.04554139396076337,0.06322217389655631,0.03166617154606036,0.00027330716451009113,0.1760974524289212,0.31830583599309886,0.1233304401198712,0.00024247169494628906,0.19921843298696848,0.25486940794286467,0.17387360374618732,0.08463883399963379,0.03488642860082222,0.05500101742284451,0.024622120874657344,0.04420320192972819,0.16913650045827566,0.2716124316949695,0.11275065537762859,0.04277737935384115,0.1609873631343093,0.22471130684864907,0.12039687697206743,0.04988694190979004,0.07130402831172183,0.09865101800094181,0.04624279845393198,0.017159342765808105,0.2135421533220725,0.38845461247072627,0.12336437552951644,0.016148487726847332,0.1492835907944702,0.2214921802684232,0.10926846592570282,0.08540987968444824,0.07147561,0.10188179,0.046482205,0.03801480929056803,0.21956277,0.3699956,0.14871815,0.03477195898691813,0.13239518,0.21830045,0.07401103,0.03727102279663086,0.03304312913453756,0.05437123946378625,0.02023956520998843,0.0137862761815389,0.15971783876326692,0.2357191105451224,0.10848849881645652,0.013391415278116861,0.14042117010778932,0.21886231451131463,0.08804925713250718
