N,Norm,Lambda,Gamma,K,LR_Entire_Time,LR_Entire_MAE,LR_Entire_RMSE,LR_Entire_MAD,LR_Cluster_Time_Avg,LR_Cluster_MAE_Avg,LR_Cluster_RMSE_Avg,LR_Cluster_MAD_Avg,LR_Euc_Time_Avg,LR_Euc_MAE_Avg,LR_Euc_RMSE_Avg,LR_Euc_MAD_Avg,RF_Entire_Time,RF_Entire_MAE,RF_Entire_RMSE,RF_Entire_MAD,RF_Cluster_Time_Avg,RF_Cluster_MAE_Avg,RF_Cluster_RMSE_Avg,RF_Cluster_MAD_Avg,RF_Euc_Time_Avg,RF_Euc_MAE_Avg,RF_Euc_RMSE_Avg,RF_Euc_MAD_Avg,NN_Entire_Time,NN_Entire_MAE,NN_Entire_RMSE,NN_Entire_MAD,NN_Cluster_Time_Avg,NN_Cluster_MAE_Avg,NN_Cluster_RMSE_Avg,NN_Cluster_MAD_Avg,NN_Euc_Time_Avg,NN_Euc_MAE_Avg,NN_Euc_RMSE_Avg,NN_Euc_MAD_Avg,GP_Entire_Time,GP_Entire_MAE,GP_Entire_RMSE,GP_Entire_MAD,GP_Cluster_Time_Avg,GP_Cluster_MAE_Avg,GP_Cluster_RMSE_Avg,GP_Cluster_MAD_Avg,GP_Euc_Time_Avg,GP_Euc_MAE_Avg,GP_Euc_RMSE_Avg,GP_Euc_MAD_Avg,GB_Entire_Time,GB_Entire_MAE,GB_Entire_RMSE,GB_Entire_MAD,GB_Cluster_Time_Avg,GB_Cluster_MAE_Avg,GB_Cluster_RMSE_Avg,GB_Cluster_MAD_Avg,GB_Euc_Time_Avg,GB_Euc_MAE_Avg,GB_Euc_RMSE_Avg,GB_Euc_MAD_Avg
100,2,0.9,0.5,5,0.0003039836883544922,0.19598571368711998,0.2658167496676893,0.12690348231686688,0.0002997398376464844,0.38004057672611,0.41121368324713287,0.34886090017975613,0.0002881526947021484,0.4007447265730434,0.4565610032085704,0.3078634957211154,0.04513692855834961,0.03612130853985177,0.04438024930002997,0.03002164476892697,0.0409909725189209,0.3873681693320794,0.5464242905003519,0.17669046449682285,0.0409912109375,0.2270324365390662,0.2786904405668524,0.19880760273054038,0.025154829025268555,0.26052748502741463,0.4004861430437342,0.10381720695074811,0.009355258941650391,0.29129801169399905,0.323608227852387,0.29257928174398484,0.008903217315673829,0.4586042533205802,0.509383922111848,0.4294953123141424,0.036566972732543945,0.14043128,0.21644284,0.062149398,0.029708242416381835,0.40731353,0.51633525,0.2800881,0.028819751739501954,0.26822087,0.30627936,0.24485402,0.014513015747070312,0.0351255930290711,0.0472714866799084,0.02478653104528547,0.010661983489990234,0.47068412959811273,0.6887744408985413,0.20836073100383462,0.010494709014892578,0.22964904415763265,0.2796320639769229,0.17218208603989932
