N,Norm,Lambda,Gamma,K,LR_Entire_Time,LR_Entire_MAE,LR_Entire_RMSE,LR_Entire_MAD,LR_Cluster_Time_Avg,LR_Cluster_MAE_Avg,LR_Cluster_RMSE_Avg,LR_Cluster_MAD_Avg,LR_Euc_Time_Avg,LR_Euc_MAE_Avg,LR_Euc_RMSE_Avg,LR_Euc_MAD_Avg,RF_Entire_Time,RF_Entire_MAE,RF_Entire_RMSE,RF_Entire_MAD,RF_Cluster_Time_Avg,RF_Cluster_MAE_Avg,RF_Cluster_RMSE_Avg,RF_Cluster_MAD_Avg,RF_Euc_Time_Avg,RF_Euc_MAE_Avg,RF_Euc_RMSE_Avg,RF_Euc_MAD_Avg,NN_Entire_Time,NN_Entire_MAE,NN_Entire_RMSE,NN_Entire_MAD,NN_Cluster_Time_Avg,NN_Cluster_MAE_Avg,NN_Cluster_RMSE_Avg,NN_Cluster_MAD_Avg,NN_Euc_Time_Avg,NN_Euc_MAE_Avg,NN_Euc_RMSE_Avg,NN_Euc_MAD_Avg,GB_Entire_Time,GB_Entire_MAE,GB_Entire_RMSE,GB_Entire_MAD,GB_Cluster_Time_Avg,GB_Cluster_MAE_Avg,GB_Cluster_RMSE_Avg,GB_Cluster_MAD_Avg,GB_Euc_Time_Avg,GB_Euc_MAE_Avg,GB_Euc_RMSE_Avg,GB_Euc_MAD_Avg
50000,1,0.5,1.0,7,0.0034630298614501953,0.06625561675942009,0.3233405659660932,0.03390383380555034,0.000774519784109933,0.20758317926933598,0.5448880855274293,0.14523227693278556,0.0006142684391566686,0.22819507705703262,0.5462331196419586,0.15223612816696705,11.172605991363525,0.0425238229077567,0.2158839827705953,0.015833604078154484,1.350193670817784,0.1754560645892501,0.5236064443392786,0.09447496564614492,1.3219462122235979,0.172527809823482,0.5210801273145075,0.078523306386641,8.441767930984497,0.05362325794937805,0.2454648640136865,0.01954595308678575,0.738344669342041,0.1424954584996639,0.4927951723049531,0.07409794212050413,0.5591512748173305,0.15512547922921383,0.4931705732887045,0.07345057493568966,3.224453926086426,0.048109648743353065,0.2204756012779227,0.022824623588756476,0.452310528073992,0.17079769368215483,0.5145937642786242,0.10326315955004568,0.44863288743155344,0.17228433146195937,0.5242708488930361,0.08602997238172512
