N,Norm,Lambda,Gamma,K,LR_Entire_Time,LR_Entire_MAE,LR_Entire_RMSE,LR_Entire_MAD,LR_Cluster_Time_Avg,LR_Cluster_MAE_Avg,LR_Cluster_RMSE_Avg,LR_Cluster_MAD_Avg,LR_Euc_Time_Avg,LR_Euc_MAE_Avg,LR_Euc_RMSE_Avg,LR_Euc_MAD_Avg,RF_Entire_Time,RF_Entire_MAE,RF_Entire_RMSE,RF_Entire_MAD,RF_Cluster_Time_Avg,RF_Cluster_MAE_Avg,RF_Cluster_RMSE_Avg,RF_Cluster_MAD_Avg,RF_Euc_Time_Avg,RF_Euc_MAE_Avg,RF_Euc_RMSE_Avg,RF_Euc_MAD_Avg,NN_Entire_Time,NN_Entire_MAE,NN_Entire_RMSE,NN_Entire_MAD,NN_Cluster_Time_Avg,NN_Cluster_MAE_Avg,NN_Cluster_RMSE_Avg,NN_Cluster_MAD_Avg,NN_Euc_Time_Avg,NN_Euc_MAE_Avg,NN_Euc_RMSE_Avg,NN_Euc_MAD_Avg,GB_Entire_Time,GB_Entire_MAE,GB_Entire_RMSE,GB_Entire_MAD,GB_Cluster_Time_Avg,GB_Cluster_MAE_Avg,GB_Cluster_RMSE_Avg,GB_Cluster_MAD_Avg,GB_Euc_Time_Avg,GB_Euc_MAE_Avg,GB_Euc_RMSE_Avg,GB_Euc_MAD_Avg
50000,2,0.9,2.0,3,0.0031599998474121094,0.06625561675942009,0.3233405659660932,0.03390383380555034,0.0015796820322672527,0.0952368668739448,0.31813996474979694,0.057111782091600116,0.0015553633371988933,0.13539184417959435,0.3931635208263831,0.08229257984802939,11.363293886184692,0.04301139276183143,0.21717415290677972,0.015860531060363198,3.467862844467163,0.07701619665937534,0.2742650483759636,0.035709489249126834,3.3612417380015054,0.08585623291647997,0.3219568922158667,0.03508808823128081,10.13874101638794,0.04934182702603139,0.22391981897960522,0.018118649649644922,1.9680767059326172,0.07107300897036777,0.25453521122919526,0.03268626560549987,1.9471499919891357,0.08488068601449496,0.2989458103614924,0.0354855284120299,3.2856500148773193,0.04802708300233688,0.2203228623732085,0.02282462358875645,1.0671446323394775,0.07573546236648991,0.26586480504586146,0.04205485701409268,1.070391337076823,0.08764067618997724,0.3172599957077465,0.04238741934763147
