N,Norm,Lambda,Gamma,K,LR_Entire_Time,LR_Entire_MAE,LR_Entire_RMSE,LR_Entire_MAD,LR_Cluster_Time_Avg,LR_Cluster_MAE_Avg,LR_Cluster_RMSE_Avg,LR_Cluster_MAD_Avg,LR_Euc_Time_Avg,LR_Euc_MAE_Avg,LR_Euc_RMSE_Avg,LR_Euc_MAD_Avg,RF_Entire_Time,RF_Entire_MAE,RF_Entire_RMSE,RF_Entire_MAD,RF_Cluster_Time_Avg,RF_Cluster_MAE_Avg,RF_Cluster_RMSE_Avg,RF_Cluster_MAD_Avg,RF_Euc_Time_Avg,RF_Euc_MAE_Avg,RF_Euc_RMSE_Avg,RF_Euc_MAD_Avg,NN_Entire_Time,NN_Entire_MAE,NN_Entire_RMSE,NN_Entire_MAD,NN_Cluster_Time_Avg,NN_Cluster_MAE_Avg,NN_Cluster_RMSE_Avg,NN_Cluster_MAD_Avg,NN_Euc_Time_Avg,NN_Euc_MAE_Avg,NN_Euc_RMSE_Avg,NN_Euc_MAD_Avg,GB_Entire_Time,GB_Entire_MAE,GB_Entire_RMSE,GB_Entire_MAD,GB_Cluster_Time_Avg,GB_Cluster_MAE_Avg,GB_Cluster_RMSE_Avg,GB_Cluster_MAD_Avg,GB_Euc_Time_Avg,GB_Euc_MAE_Avg,GB_Euc_RMSE_Avg,GB_Euc_MAD_Avg
100000,1,0.1,0.5,7,0.006231069564819336,0.0643103041422581,0.30043950634238437,0.03601264487927863,0.0017286709376743861,0.19244348886329637,0.458444939597691,0.1385546098249359,0.0012562615530831473,0.21916092885132782,0.5380078145111772,0.14733366206872503,25.49040198326111,0.03973306246510134,0.19198040533998667,0.014895017230050302,3.079803773335048,0.15667293786004555,0.43390890872076604,0.08535038473451538,3.165326867784773,0.16568512488697024,0.5355759614462687,0.07312782765975775,14.217915058135986,0.047556059385587324,0.19997327159792933,0.019414938465756787,1.2677946090698242,0.13027954922145465,0.39779374237488924,0.07224978993600073,0.8223614352090018,0.14196504682262925,0.4797661935210259,0.06791774055172363,6.7487852573394775,0.0438742342842908,0.19114011802008268,0.02157238360005601,0.9128164223262242,0.15287958654845155,0.41450130730119034,0.09653757264250065,0.9229083061218262,0.1627837944311258,0.5340883569266953,0.08490298871010367
