N,Norm,Lambda,Gamma,K,LR_Entire_Time,LR_Entire_MAE,LR_Entire_RMSE,LR_Entire_MAD,LR_Cluster_Time_Avg,LR_Cluster_MAE_Avg,LR_Cluster_RMSE_Avg,LR_Cluster_MAD_Avg,LR_Euc_Time_Avg,LR_Euc_MAE_Avg,LR_Euc_RMSE_Avg,LR_Euc_MAD_Avg,RF_Entire_Time,RF_Entire_MAE,RF_Entire_RMSE,RF_Entire_MAD,RF_Cluster_Time_Avg,RF_Cluster_MAE_Avg,RF_Cluster_RMSE_Avg,RF_Cluster_MAD_Avg,RF_Euc_Time_Avg,RF_Euc_MAE_Avg,RF_Euc_RMSE_Avg,RF_Euc_MAD_Avg,NN_Entire_Time,NN_Entire_MAE,NN_Entire_RMSE,NN_Entire_MAD,NN_Cluster_Time_Avg,NN_Cluster_MAE_Avg,NN_Cluster_RMSE_Avg,NN_Cluster_MAD_Avg,NN_Euc_Time_Avg,NN_Euc_MAE_Avg,NN_Euc_RMSE_Avg,NN_Euc_MAD_Avg,GP_Entire_Time,GP_Entire_MAE,GP_Entire_RMSE,GP_Entire_MAD,GP_Cluster_Time_Avg,GP_Cluster_MAE_Avg,GP_Cluster_RMSE_Avg,GP_Cluster_MAD_Avg,GP_Euc_Time_Avg,GP_Euc_MAE_Avg,GP_Euc_RMSE_Avg,GP_Euc_MAD_Avg,GB_Entire_Time,GB_Entire_MAE,GB_Entire_RMSE,GB_Entire_MAD,GB_Cluster_Time_Avg,GB_Cluster_MAE_Avg,GB_Cluster_RMSE_Avg,GB_Cluster_MAD_Avg,GB_Euc_Time_Avg,GB_Euc_MAE_Avg,GB_Euc_RMSE_Avg,GB_Euc_MAD_Avg
10000,2,0.1,2.0,4,0.0007731914520263672,0.06792803101151079,0.3219772320780228,0.0359716131146422,0.0006440877914428711,0.11615083792087509,0.2840335615295736,0.07895318915327343,0.00039249658584594727,0.1527846860515306,0.3747429160175923,0.0943320350517892,1.736825942993164,0.046490577145919115,0.23411908746461144,0.01809659333054478,0.4135547876358032,0.10936423458764333,0.28946189338715883,0.058484925206059864,0.3977479934692383,0.11047753824067846,0.3471392674577993,0.050729698447828125,2.063055992126465,0.07374427364329628,0.2800184686144335,0.027986564155403376,0.3638851046562195,0.10172447319194737,0.2582982155526426,0.05811333321828639,0.228973388671875,0.1341031299040747,0.3560465196299247,0.059575572117296915,9.081932067871094,0.06983215,0.26076382,0.02097097,0.9062950611114502,0.09155469,0.24107504,0.05167373,1.0686278939247131,0.10177861,0.33436406,0.041809123,0.626002311706543,0.04869599255994764,0.23672448887592656,0.023290466776537067,0.1562005877494812,0.10208755364145314,0.2877300573667415,0.059580712211914785,0.15759772062301636,0.105241007566426,0.35746797578222456,0.049306421210200325
