N,Norm,Lambda,Gamma,K,LR_Entire_Time,LR_Entire_MAE,LR_Entire_RMSE,LR_Entire_MAD,LR_Cluster_Time_Avg,LR_Cluster_MAE_Avg,LR_Cluster_RMSE_Avg,LR_Cluster_MAD_Avg,LR_Cluster_MAE_Median,LR_Cluster_RMSE_Median,LR_Cluster_MAD_Median,RF_Entire_Time,RF_Entire_MAE,RF_Entire_RMSE,RF_Entire_MAD,RF_Cluster_Time_Avg,RF_Cluster_MAE_Avg,RF_Cluster_RMSE_Avg,RF_Cluster_MAD_Avg,RF_Cluster_MAE_Median,RF_Cluster_RMSE_Median,RF_Cluster_MAD_Median,NN_Entire_Time,NN_Entire_MAE,NN_Entire_RMSE,NN_Entire_MAD,NN_Cluster_Time_Avg,NN_Cluster_MAE_Avg,NN_Cluster_RMSE_Avg,NN_Cluster_MAD_Avg,NN_Cluster_MAE_Median,NN_Cluster_RMSE_Median,NN_Cluster_MAD_Median,GP_Entire_Time,GP_Entire_MAE,GP_Entire_RMSE,GP_Entire_MAD,GP_Cluster_Time_Avg,GP_Cluster_MAE_Avg,GP_Cluster_RMSE_Avg,GP_Cluster_MAD_Avg,GP_Cluster_MAE_Median,GP_Cluster_RMSE_Median,GP_Cluster_MAD_Median,GB_Entire_Time,GB_Entire_MAE,GB_Entire_RMSE,GB_Entire_MAD,GB_Cluster_Time_Avg,GB_Cluster_MAE_Avg,GB_Cluster_RMSE_Avg,GB_Cluster_MAD_Avg,GB_Cluster_MAE_Median,GB_Cluster_RMSE_Median,GB_Cluster_MAD_Median
10000,1,0.5,0.5,6,0.0012478828430175781,0.0711493164406142,0.34865177023578486,0.037222118158097006,0.000890056292215983,0.06876749068805758,0.225143768175037,0.043820612036054835,0.062425918633973135,0.1815750067944835,0.03603046268717145,1.60664701461792,0.04269621626873869,0.2007989462234361,0.017388598589401227,0.22272086143493652,0.045668926846368384,0.20354626306424625,0.017387834974094376,0.04153077001958198,0.17000290062639017,0.01733065366315175,1.9371731281280518,0.07049032117832535,0.294973919105176,0.026645879823399166,0.2648646831512451,0.07593771199164404,0.25682613445809693,0.02984380242402213,0.06715920271312198,0.22866833304800455,0.029226062685656445,9.18555212020874,0.060956627,0.2519496,0.019896746,0.5656606356302897,0.06917035,0.24846679,0.024268096,0.06393881142139435,0.199297234416008,0.02603360265493393,0.5942981243133545,0.04600900469182567,0.19506630243294762,0.022916511687969987,0.09157256285349528,0.0460819538861417,0.19487603092219605,0.01970621589931691,0.04300650459708891,0.1615904379740432,0.02052663295966501
