N,Norm,Lambda,Gamma,K,LR_Entire_Time,LR_Entire_MAE,LR_Entire_RMSE,LR_Entire_MAD,LR_Cluster_Time_Avg,LR_Cluster_MAE_Avg,LR_Cluster_RMSE_Avg,LR_Cluster_MAD_Avg,LR_Euc_Time_Avg,LR_Euc_MAE_Avg,LR_Euc_RMSE_Avg,LR_Euc_MAD_Avg,RF_Entire_Time,RF_Entire_MAE,RF_Entire_RMSE,RF_Entire_MAD,RF_Cluster_Time_Avg,RF_Cluster_MAE_Avg,RF_Cluster_RMSE_Avg,RF_Cluster_MAD_Avg,RF_Euc_Time_Avg,RF_Euc_MAE_Avg,RF_Euc_RMSE_Avg,RF_Euc_MAD_Avg,NN_Entire_Time,NN_Entire_MAE,NN_Entire_RMSE,NN_Entire_MAD,NN_Cluster_Time_Avg,NN_Cluster_MAE_Avg,NN_Cluster_RMSE_Avg,NN_Cluster_MAD_Avg,NN_Euc_Time_Avg,NN_Euc_MAE_Avg,NN_Euc_RMSE_Avg,NN_Euc_MAD_Avg,GP_Entire_Time,GP_Entire_MAE,GP_Entire_RMSE,GP_Entire_MAD,GP_Cluster_Time_Avg,GP_Cluster_MAE_Avg,GP_Cluster_RMSE_Avg,GP_Cluster_MAD_Avg,GP_Euc_Time_Avg,GP_Euc_MAE_Avg,GP_Euc_RMSE_Avg,GP_Euc_MAD_Avg,GB_Entire_Time,GB_Entire_MAE,GB_Entire_RMSE,GB_Entire_MAD,GB_Cluster_Time_Avg,GB_Cluster_MAE_Avg,GB_Cluster_RMSE_Avg,GB_Cluster_MAD_Avg,GB_Euc_Time_Avg,GB_Euc_MAE_Avg,GB_Euc_RMSE_Avg,GB_Euc_MAD_Avg
10000,1,0.1,1.0,6,0.0012328624725341797,0.06792803101151079,0.3219772320780228,0.0359716131146422,0.00047767162322998047,0.1506750907335291,0.3265600166461726,0.10680814009949792,0.0005159775416056315,0.18291379200091848,0.33942034202576615,0.13675693104402126,2.572511911392212,0.04682794095452814,0.23563892647984375,0.018173676880167633,0.3738527297973633,0.15113023155229552,0.37646343299838153,0.0778682283515141,0.38173409303029376,0.13243040169857226,0.3061364176419104,0.07477964200163399,2.347126007080078,0.07562892776575925,0.2817785988840228,0.025951183300132602,0.3501913547515869,0.12866303521192166,0.30107295236436654,0.07095897131024136,0.2628999551137288,0.1407358355088254,0.3124355355546126,0.07442095989489368,13.169284105300903,0.0708857,0.25928244,0.023594163,0.5921639601389567,0.12412686,0.2958908,0.06817917,0.6986753145853678,0.12906785,0.30314937,0.06943553,0.8925962448120117,0.04883347801692432,0.23710940762858512,0.023290466776537094,0.15612220764160156,0.14503273436361427,0.377931919629956,0.07740546880270242,0.1568528413772583,0.12952037761244997,0.31513671934050824,0.0723710761377311
