N,Norm,Lambda,Gamma,K,LR_Entire_Time,LR_Entire_MAE,LR_Entire_RMSE,LR_Entire_MAD,LR_Cluster_Time_Avg,LR_Cluster_MAE_Avg,LR_Cluster_RMSE_Avg,LR_Cluster_MAD_Avg,LR_Euc_Time_Avg,LR_Euc_MAE_Avg,LR_Euc_RMSE_Avg,LR_Euc_MAD_Avg,RF_Entire_Time,RF_Entire_MAE,RF_Entire_RMSE,RF_Entire_MAD,RF_Cluster_Time_Avg,RF_Cluster_MAE_Avg,RF_Cluster_RMSE_Avg,RF_Cluster_MAD_Avg,RF_Euc_Time_Avg,RF_Euc_MAE_Avg,RF_Euc_RMSE_Avg,RF_Euc_MAD_Avg,NN_Entire_Time,NN_Entire_MAE,NN_Entire_RMSE,NN_Entire_MAD,NN_Cluster_Time_Avg,NN_Cluster_MAE_Avg,NN_Cluster_RMSE_Avg,NN_Cluster_MAD_Avg,NN_Euc_Time_Avg,NN_Euc_MAE_Avg,NN_Euc_RMSE_Avg,NN_Euc_MAD_Avg,GP_Entire_Time,GP_Entire_MAE,GP_Entire_RMSE,GP_Entire_MAD,GP_Cluster_Time_Avg,GP_Cluster_MAE_Avg,GP_Cluster_RMSE_Avg,GP_Cluster_MAD_Avg,GP_Euc_Time_Avg,GP_Euc_MAE_Avg,GP_Euc_RMSE_Avg,GP_Euc_MAD_Avg,GB_Entire_Time,GB_Entire_MAE,GB_Entire_RMSE,GB_Entire_MAD,GB_Cluster_Time_Avg,GB_Cluster_MAE_Avg,GB_Cluster_RMSE_Avg,GB_Cluster_MAD_Avg,GB_Euc_Time_Avg,GB_Euc_MAE_Avg,GB_Euc_RMSE_Avg,GB_Euc_MAD_Avg
10000,2,0.5,1.0,6,0.0007898807525634766,0.06792803101151079,0.3219772320780228,0.0359716131146422,0.0003898143768310547,0.15017404099753157,0.3257420059747021,0.10631898890367342,0.0003638267517089844,0.18291379200091848,0.33942034202576615,0.13675693104402126,1.7079057693481445,0.04655836966769891,0.23692804305229384,0.01799545533990514,0.2631680170694987,0.14539491885175554,0.36008401468934786,0.07732953093223892,0.26101672649383545,0.13309147640850386,0.30936983852808336,0.07411524026069814,1.3350839614868164,0.07479249847749586,0.2873088717705849,0.026674075661089036,0.213982621828715,0.13163908542936273,0.30775489528150296,0.07344145246661127,0.16851266225179037,0.14367080861056444,0.31445087590479964,0.07784449578270643,9.195807933807373,0.06993771,0.25747886,0.022359014,0.42311688264211017,0.12446337,0.29616708,0.06821678,0.4725878636042277,0.12852769,0.30301008,0.069463655,0.6265478134155273,0.04871013404599064,0.23714532163697466,0.02329046677653704,0.10702685515085857,0.13965309221220484,0.3606255162857321,0.07747160096024079,0.10663056373596191,0.13005833274524572,0.3185016973803026,0.07240461302317065
