N,Norm,Lambda,Gamma,K,LR_Entire_Time,LR_Entire_MAE,LR_Entire_RMSE,LR_Entire_MAD,LR_Cluster_Time_Avg,LR_Cluster_MAE_Avg,LR_Cluster_RMSE_Avg,LR_Cluster_MAD_Avg,LR_Euc_Time_Avg,LR_Euc_MAE_Avg,LR_Euc_RMSE_Avg,LR_Euc_MAD_Avg,RF_Entire_Time,RF_Entire_MAE,RF_Entire_RMSE,RF_Entire_MAD,RF_Cluster_Time_Avg,RF_Cluster_MAE_Avg,RF_Cluster_RMSE_Avg,RF_Cluster_MAD_Avg,RF_Euc_Time_Avg,RF_Euc_MAE_Avg,RF_Euc_RMSE_Avg,RF_Euc_MAD_Avg,NN_Entire_Time,NN_Entire_MAE,NN_Entire_RMSE,NN_Entire_MAD,NN_Cluster_Time_Avg,NN_Cluster_MAE_Avg,NN_Cluster_RMSE_Avg,NN_Cluster_MAD_Avg,NN_Euc_Time_Avg,NN_Euc_MAE_Avg,NN_Euc_RMSE_Avg,NN_Euc_MAD_Avg,GP_Entire_Time,GP_Entire_MAE,GP_Entire_RMSE,GP_Entire_MAD,GP_Cluster_Time_Avg,GP_Cluster_MAE_Avg,GP_Cluster_RMSE_Avg,GP_Cluster_MAD_Avg,GP_Euc_Time_Avg,GP_Euc_MAE_Avg,GP_Euc_RMSE_Avg,GP_Euc_MAD_Avg,GB_Entire_Time,GB_Entire_MAE,GB_Entire_RMSE,GB_Entire_MAD,GB_Cluster_Time_Avg,GB_Cluster_MAE_Avg,GB_Cluster_RMSE_Avg,GB_Cluster_MAD_Avg,GB_Euc_Time_Avg,GB_Euc_MAE_Avg,GB_Euc_RMSE_Avg,GB_Euc_MAD_Avg
100,1,0.1,0.5,3,0.0005397796630859375,0.19598571368711998,0.2658167496676893,0.12690348231686688,0.00036756197611490887,0.13833994956657233,0.15878494071142032,0.1329869330474561,0.0002719561258951823,0.21199546172254302,0.2537019055645321,0.16563578698744988,0.04502224922180176,0.035541208025093085,0.04274437417872248,0.034073248459761424,0.04085278511047363,0.11805679317511876,0.1370706526134007,0.1024225955821008,0.03943904240926107,0.337542695314832,0.5827749313373958,0.12789734195099747,0.023515701293945312,0.2701009718825367,0.4233547838563026,0.08741817763631726,0.011626084645589193,0.12231316130657044,0.14069456258883525,0.11207755176664043,0.01313328742980957,0.18612960479486182,0.22872476878749284,0.18133967879267662,0.03703498840332031,0.14043128,0.21644284,0.062149398,0.03128957748413086,0.1008965,0.11475891,0.100225784,0.032210906346639,0.1699987,0.20305915,0.1855737,0.014661788940429688,0.037953409302823024,0.053921591014165306,0.024786531045285484,0.011693954467773438,0.09990024138866793,0.11531774754857844,0.0935879047539178,0.01086099942525228,0.4079302131167959,0.9248219864055597,0.06283907257750428
