N,Norm,Lambda,Gamma,K,LR_Entire_Time,LR_Entire_MAE,LR_Entire_RMSE,LR_Entire_MAD,LR_Cluster_Time_Avg,LR_Cluster_MAE_Avg,LR_Cluster_RMSE_Avg,LR_Cluster_MAD_Avg,LR_Euc_Time_Avg,LR_Euc_MAE_Avg,LR_Euc_RMSE_Avg,LR_Euc_MAD_Avg,RF_Entire_Time,RF_Entire_MAE,RF_Entire_RMSE,RF_Entire_MAD,RF_Cluster_Time_Avg,RF_Cluster_MAE_Avg,RF_Cluster_RMSE_Avg,RF_Cluster_MAD_Avg,RF_Euc_Time_Avg,RF_Euc_MAE_Avg,RF_Euc_RMSE_Avg,RF_Euc_MAD_Avg,NN_Entire_Time,NN_Entire_MAE,NN_Entire_RMSE,NN_Entire_MAD,NN_Cluster_Time_Avg,NN_Cluster_MAE_Avg,NN_Cluster_RMSE_Avg,NN_Cluster_MAD_Avg,NN_Euc_Time_Avg,NN_Euc_MAE_Avg,NN_Euc_RMSE_Avg,NN_Euc_MAD_Avg,GP_Entire_Time,GP_Entire_MAE,GP_Entire_RMSE,GP_Entire_MAD,GP_Cluster_Time_Avg,GP_Cluster_MAE_Avg,GP_Cluster_RMSE_Avg,GP_Cluster_MAD_Avg,GP_Euc_Time_Avg,GP_Euc_MAE_Avg,GP_Euc_RMSE_Avg,GP_Euc_MAD_Avg,GB_Entire_Time,GB_Entire_MAE,GB_Entire_RMSE,GB_Entire_MAD,GB_Cluster_Time_Avg,GB_Cluster_MAE_Avg,GB_Cluster_RMSE_Avg,GB_Cluster_MAD_Avg,GB_Euc_Time_Avg,GB_Euc_MAE_Avg,GB_Euc_RMSE_Avg,GB_Euc_MAD_Avg
5000,2,0.9,0.5,7,0.0006108283996582031,0.06606716257040125,0.2627241057286416,0.044473382092633296,0.000383274895804269,0.17091245824467374,0.2850544885762721,0.13771550241304523,0.00033739634922572544,0.2309213956600825,0.4281767200218489,0.16803380215287375,0.7874829769134521,0.042804265239374015,0.1943365902443867,0.020520018595402784,0.12648074967520578,0.15197332940413583,0.2751856558608441,0.09895287254792073,0.11788555553981236,0.191542282082435,0.4445648071732826,0.09804442730726458,0.927584171295166,0.07102167902346089,0.24370925840309432,0.03112370056975805,0.12280522074018206,0.15020724473495875,0.2765143305372408,0.0954005651322193,0.09840045656476702,0.18615397648982052,0.4065492984640268,0.10628708037929077,2.672184944152832,0.07504364,0.24558538,0.028979473,0.14073978151593888,0.14616473,0.2672189,0.096987486,0.1425222328730992,0.18625943,0.42731166,0.098997764,0.3036038875579834,0.04378716423777864,0.18702781578813688,0.024486903561613507,0.0480724743434361,0.14631959723538704,0.27920195944714343,0.09376843313492592,0.0490396363394601,0.1751725031942415,0.4220287978292106,0.09866651321844692
