N,Norm,Lambda,Gamma,K,LR_Entire_Time,LR_Entire_MAE,LR_Entire_RMSE,LR_Entire_MAD,LR_Cluster_Time_Avg,LR_Cluster_MAE_Avg,LR_Cluster_RMSE_Avg,LR_Cluster_MAD_Avg,LR_Euc_Time_Avg,LR_Euc_MAE_Avg,LR_Euc_RMSE_Avg,LR_Euc_MAD_Avg,RF_Entire_Time,RF_Entire_MAE,RF_Entire_RMSE,RF_Entire_MAD,RF_Cluster_Time_Avg,RF_Cluster_MAE_Avg,RF_Cluster_RMSE_Avg,RF_Cluster_MAD_Avg,RF_Euc_Time_Avg,RF_Euc_MAE_Avg,RF_Euc_RMSE_Avg,RF_Euc_MAD_Avg,NN_Entire_Time,NN_Entire_MAE,NN_Entire_RMSE,NN_Entire_MAD,NN_Cluster_Time_Avg,NN_Cluster_MAE_Avg,NN_Cluster_RMSE_Avg,NN_Cluster_MAD_Avg,NN_Euc_Time_Avg,NN_Euc_MAE_Avg,NN_Euc_RMSE_Avg,NN_Euc_MAD_Avg,GB_Entire_Time,GB_Entire_MAE,GB_Entire_RMSE,GB_Entire_MAD,GB_Cluster_Time_Avg,GB_Cluster_MAE_Avg,GB_Cluster_RMSE_Avg,GB_Cluster_MAD_Avg,GB_Euc_Time_Avg,GB_Euc_MAE_Avg,GB_Euc_RMSE_Avg,GB_Euc_MAD_Avg
50000,1,0.1,0.5,6,0.0031418800354003906,0.06625561675942009,0.3233405659660932,0.03390383380555034,0.0007285277048746744,0.17798854678028808,0.4425612964818142,0.12435917099789223,0.0007418394088745117,0.20122471643992257,0.43971392570599005,0.13565499272950057,11.186808824539185,0.042634535977432934,0.2159833668868995,0.01588530388399456,1.60865314801534,0.14835664289090547,0.4024638052969494,0.0829470613992662,1.5848002831141155,0.1410286428966427,0.3972090985709087,0.06498381097898596,7.715826988220215,0.052962023785080074,0.2328567747190851,0.018906469478832472,0.7817280292510986,0.12778893784296316,0.38855572454818416,0.06744356170798287,0.6371273199717203,0.1286086591943525,0.3739381790060969,0.06315000749353325,3.2592170238494873,0.0480911873213409,0.22062300079312325,0.022824623588756365,0.53019913037618,0.144261155255252,0.39460741200870136,0.09039327733116226,0.5259473323822021,0.14189098671437753,0.3978343963250963,0.07455861721343798
