N,Norm,Lambda,Gamma,K,LR_Entire_Time,LR_Entire_MAE,LR_Entire_RMSE,LR_Entire_MAD,LR_Cluster_Time_Avg,LR_Cluster_MAE_Avg,LR_Cluster_RMSE_Avg,LR_Cluster_MAD_Avg,LR_Cluster_MAE_Median,LR_Cluster_RMSE_Median,LR_Cluster_MAD_Median,RF_Entire_Time,RF_Entire_MAE,RF_Entire_RMSE,RF_Entire_MAD,RF_Cluster_Time_Avg,RF_Cluster_MAE_Avg,RF_Cluster_RMSE_Avg,RF_Cluster_MAD_Avg,RF_Cluster_MAE_Median,RF_Cluster_RMSE_Median,RF_Cluster_MAD_Median,NN_Entire_Time,NN_Entire_MAE,NN_Entire_RMSE,NN_Entire_MAD,NN_Cluster_Time_Avg,NN_Cluster_MAE_Avg,NN_Cluster_RMSE_Avg,NN_Cluster_MAD_Avg,NN_Cluster_MAE_Median,NN_Cluster_RMSE_Median,NN_Cluster_MAD_Median,GP_Entire_Time,GP_Entire_MAE,GP_Entire_RMSE,GP_Entire_MAD,GP_Cluster_Time_Avg,GP_Cluster_MAE_Avg,GP_Cluster_RMSE_Avg,GP_Cluster_MAD_Avg,GP_Cluster_MAE_Median,GP_Cluster_RMSE_Median,GP_Cluster_MAD_Median,GB_Entire_Time,GB_Entire_MAE,GB_Entire_RMSE,GB_Entire_MAD,GB_Cluster_Time_Avg,GB_Cluster_MAE_Avg,GB_Cluster_RMSE_Avg,GB_Cluster_MAD_Avg,GB_Cluster_MAE_Median,GB_Cluster_RMSE_Median,GB_Cluster_MAD_Median
1000,1,0.9,1.0,3,0.000743865966796875,0.07572404595198262,0.3176633156201745,0.045674406410488144,0.0007357597351074219,0.08578402764896005,0.23180723967748654,0.05642961358196461,0.08853538707805389,0.1127923190990959,0.06972040358351161,0.14101099967956543,0.021894468588877603,0.030973401873165524,0.0155108309582213,0.06662845611572266,0.03597638935052819,0.0592418944705169,0.023987409056364494,0.03541317996243067,0.05102358536625715,0.022979700340952668,0.15439105033874512,0.0981578343197585,0.3144266328159364,0.040101827525740666,0.06706762313842773,0.08616346152590766,0.24556311493449212,0.038537769153990126,0.07168290190850359,0.12276395715756372,0.03604581189720646,0.33571934700012207,0.09063805,0.28110394,0.036968112,0.07081762949625652,0.09294874,0.29408494,0.030055432,0.10498074442148209,0.30025237798690796,0.025921575725078583,0.05972409248352051,0.022099131716499253,0.02948782334374224,0.017278896091539812,0.0283353328704834,0.03391842495376477,0.05263350373926635,0.022976867425683698,0.03374584849656413,0.05207180105609552,0.0223170532757907
