N,Norm,Lambda,Gamma,K,LR_Entire_Time,LR_Entire_MAE,LR_Entire_RMSE,LR_Entire_MAD,LR_Cluster_Time_Avg,LR_Cluster_MAE_Avg,LR_Cluster_RMSE_Avg,LR_Cluster_MAD_Avg,LR_Euc_Time_Avg,LR_Euc_MAE_Avg,LR_Euc_RMSE_Avg,LR_Euc_MAD_Avg,RF_Entire_Time,RF_Entire_MAE,RF_Entire_RMSE,RF_Entire_MAD,RF_Cluster_Time_Avg,RF_Cluster_MAE_Avg,RF_Cluster_RMSE_Avg,RF_Cluster_MAD_Avg,RF_Euc_Time_Avg,RF_Euc_MAE_Avg,RF_Euc_RMSE_Avg,RF_Euc_MAD_Avg,NN_Entire_Time,NN_Entire_MAE,NN_Entire_RMSE,NN_Entire_MAD,NN_Cluster_Time_Avg,NN_Cluster_MAE_Avg,NN_Cluster_RMSE_Avg,NN_Cluster_MAD_Avg,NN_Euc_Time_Avg,NN_Euc_MAE_Avg,NN_Euc_RMSE_Avg,NN_Euc_MAD_Avg,GP_Entire_Time,GP_Entire_MAE,GP_Entire_RMSE,GP_Entire_MAD,GP_Cluster_Time_Avg,GP_Cluster_MAE_Avg,GP_Cluster_RMSE_Avg,GP_Cluster_MAD_Avg,GP_Euc_Time_Avg,GP_Euc_MAE_Avg,GP_Euc_RMSE_Avg,GP_Euc_MAD_Avg,GB_Entire_Time,GB_Entire_MAE,GB_Entire_RMSE,GB_Entire_MAD,GB_Cluster_Time_Avg,GB_Cluster_MAE_Avg,GB_Cluster_RMSE_Avg,GB_Cluster_MAD_Avg,GB_Euc_Time_Avg,GB_Euc_MAE_Avg,GB_Euc_RMSE_Avg,GB_Euc_MAD_Avg
100,2,0.9,0.5,7,0.0003399848937988281,0.19598571368711998,0.2658167496676893,0.12690348231686688,0.0002727508544921875,0.8051280140671405,0.8813763482494312,0.782391666866949,0.00033129964556012837,3.464056694251362,4.825607233579463,3.458347885607932,0.04510998725891113,0.04498956396492724,0.0548830354229289,0.041486526189105005,0.038605724062238424,0.3912207473805807,0.4576748774024085,0.34989396656702126,0.03883501461574009,3.3984084172832794,4.652454431769589,3.4185350470745304,0.02443218231201172,0.19691221401701653,0.293594307044122,0.0959972688350899,0.0105851377759661,0.47879816211438453,0.5414114373367306,0.4104989655089379,0.009909459522792272,3.581851815643457,4.900462343901334,3.548831013306382,0.035877227783203125,0.14043128,0.21644284,0.062149398,0.028820582798549106,0.47487572,0.59043974,0.37599114,0.028382131031581333,3.3999727,4.7306705,3.366795,0.014334917068481445,0.034837643136380714,0.047376352312851276,0.02389865190063803,0.010274955204554967,0.3621222012070193,0.4304531372576838,0.38174882521028014,0.010183368410382952,3.385096194067937,4.653206269407282,3.4262928545398026
