N,Norm,Lambda,Gamma,K,LR_Entire_Time,LR_Entire_MAE,LR_Entire_RMSE,LR_Entire_MAD,LR_Cluster_Time_Avg,LR_Cluster_MAE_Avg,LR_Cluster_RMSE_Avg,LR_Cluster_MAD_Avg,LR_Cluster_MAE_Median,LR_Cluster_RMSE_Median,LR_Cluster_MAD_Median,RF_Entire_Time,RF_Entire_MAE,RF_Entire_RMSE,RF_Entire_MAD,RF_Cluster_Time_Avg,RF_Cluster_MAE_Avg,RF_Cluster_RMSE_Avg,RF_Cluster_MAD_Avg,RF_Cluster_MAE_Median,RF_Cluster_RMSE_Median,RF_Cluster_MAD_Median,NN_Entire_Time,NN_Entire_MAE,NN_Entire_RMSE,NN_Entire_MAD,NN_Cluster_Time_Avg,NN_Cluster_MAE_Avg,NN_Cluster_RMSE_Avg,NN_Cluster_MAD_Avg,NN_Cluster_MAE_Median,NN_Cluster_RMSE_Median,NN_Cluster_MAD_Median,GP_Entire_Time,GP_Entire_MAE,GP_Entire_RMSE,GP_Entire_MAD,GP_Cluster_Time_Avg,GP_Cluster_MAE_Avg,GP_Cluster_RMSE_Avg,GP_Cluster_MAD_Avg,GP_Cluster_MAE_Median,GP_Cluster_RMSE_Median,GP_Cluster_MAD_Median,GB_Entire_Time,GB_Entire_MAE,GB_Entire_RMSE,GB_Entire_MAD,GB_Cluster_Time_Avg,GB_Cluster_MAE_Avg,GB_Cluster_RMSE_Avg,GB_Cluster_MAD_Avg,GB_Cluster_MAE_Median,GB_Cluster_RMSE_Median,GB_Cluster_MAD_Median
1000,2,0.1,2.0,6,0.000576019287109375,0.07572404595198262,0.3176633156201745,0.045674406410488144,0.0005833705266316732,0.1356663135176979,0.3783075815611465,0.0563779308394197,0.09557420320796167,0.198017262002708,0.02337313023007167,0.14148283004760742,0.022048998619912386,0.03128160166477731,0.015908624362607288,0.05013589064280192,0.10576137127966716,0.2775377855058547,0.033672278137384826,0.06412799771644523,0.09319433912335023,0.032182627412814135,0.19569778442382812,0.09601437777722416,0.30989634740514216,0.03629293429442321,0.022020379702250164,0.1276593127891276,0.34535168473502487,0.049363897235001064,0.0801324334610736,0.13261625384010284,0.05039181586270822,0.20125174522399902,0.09063805,0.28110394,0.036968112,0.045783042907714844,0.12374958,0.3084164,0.035091486,0.076817087829113,0.13737118244171143,0.03438260033726692,0.059866905212402344,0.02218807774306695,0.02959580884634877,0.017535934789829594,0.017201741536458332,0.09837277037702026,0.26123989345640314,0.02324243807896921,0.052791863209861595,0.0962871948752701,0.020637510671486226
