N,Norm,Lambda,Gamma,K,LR_Entire_Time,LR_Entire_MAE,LR_Entire_RMSE,LR_Entire_MAD,LR_Cluster_Time_Avg,LR_Cluster_MAE_Avg,LR_Cluster_RMSE_Avg,LR_Cluster_MAD_Avg,LR_Euc_Time_Avg,LR_Euc_MAE_Avg,LR_Euc_RMSE_Avg,LR_Euc_MAD_Avg,RF_Entire_Time,RF_Entire_MAE,RF_Entire_RMSE,RF_Entire_MAD,RF_Cluster_Time_Avg,RF_Cluster_MAE_Avg,RF_Cluster_RMSE_Avg,RF_Cluster_MAD_Avg,RF_Euc_Time_Avg,RF_Euc_MAE_Avg,RF_Euc_RMSE_Avg,RF_Euc_MAD_Avg,NN_Entire_Time,NN_Entire_MAE,NN_Entire_RMSE,NN_Entire_MAD,NN_Cluster_Time_Avg,NN_Cluster_MAE_Avg,NN_Cluster_RMSE_Avg,NN_Cluster_MAD_Avg,NN_Euc_Time_Avg,NN_Euc_MAE_Avg,NN_Euc_RMSE_Avg,NN_Euc_MAD_Avg,GB_Entire_Time,GB_Entire_MAE,GB_Entire_RMSE,GB_Entire_MAD,GB_Cluster_Time_Avg,GB_Cluster_MAE_Avg,GB_Cluster_RMSE_Avg,GB_Cluster_MAD_Avg,GB_Euc_Time_Avg,GB_Euc_MAE_Avg,GB_Euc_RMSE_Avg,GB_Euc_MAD_Avg
100000,1,0.5,1.0,6,0.0056607723236083984,0.0643103041422581,0.30043950634238437,0.03601264487927863,0.0014301538467407227,0.16365460379638821,0.3402929801619298,0.12236810438411427,0.0014263391494750977,0.19833764315984814,0.4302280975120915,0.13404918249230613,25.360663890838623,0.03967951529885686,0.19125098371200844,0.015047306566076071,3.657508373260498,0.13431216745725452,0.32568543349338147,0.07503315303337459,3.607497771581014,0.14263015187932448,0.4134665098412775,0.062044398431893626,13.267173767089844,0.04491230967751582,0.20064126061006482,0.018722251231154646,1.4036067326863606,0.11031586556095807,0.2820729803552969,0.06139155540936741,1.0116740465164185,0.130130780832769,0.3638663992635514,0.06619324958468718,6.583834886550903,0.04384624638871916,0.19014189128626796,0.02157238360005576,1.0679866870244343,0.13178883747843362,0.3021742707522532,0.0873376162480109,1.0640434821446736,0.13854734277611055,0.39224840245025394,0.0707701105065603
