N,Norm,Lambda,Gamma,K,LR_Entire_Time,LR_Entire_MAE,LR_Entire_RMSE,LR_Entire_MAD,LR_Cluster_Time_Avg,LR_Cluster_MAE_Avg,LR_Cluster_RMSE_Avg,LR_Cluster_MAD_Avg,LR_Euc_Time_Avg,LR_Euc_MAE_Avg,LR_Euc_RMSE_Avg,LR_Euc_MAD_Avg,RF_Entire_Time,RF_Entire_MAE,RF_Entire_RMSE,RF_Entire_MAD,RF_Cluster_Time_Avg,RF_Cluster_MAE_Avg,RF_Cluster_RMSE_Avg,RF_Cluster_MAD_Avg,RF_Euc_Time_Avg,RF_Euc_MAE_Avg,RF_Euc_RMSE_Avg,RF_Euc_MAD_Avg,NN_Entire_Time,NN_Entire_MAE,NN_Entire_RMSE,NN_Entire_MAD,NN_Cluster_Time_Avg,NN_Cluster_MAE_Avg,NN_Cluster_RMSE_Avg,NN_Cluster_MAD_Avg,NN_Euc_Time_Avg,NN_Euc_MAE_Avg,NN_Euc_RMSE_Avg,NN_Euc_MAD_Avg,GB_Entire_Time,GB_Entire_MAE,GB_Entire_RMSE,GB_Entire_MAD,GB_Cluster_Time_Avg,GB_Cluster_MAE_Avg,GB_Cluster_RMSE_Avg,GB_Cluster_MAD_Avg,GB_Euc_Time_Avg,GB_Euc_MAE_Avg,GB_Euc_RMSE_Avg,GB_Euc_MAD_Avg
100000,1,0.1,1.0,4,0.006056785583496094,0.0643103041422581,0.30043950634238437,0.03601264487927863,0.0021004676818847656,0.11377701176474195,0.3035713697002163,0.07795346500137697,0.0021437406539916992,0.1551439489605722,0.4137185066125712,0.09434256602327316,25.971489906311035,0.04002513714803466,0.19320409787452755,0.015037705136834667,5.810324490070343,0.09003447899478965,0.26237772300757334,0.04647460427921749,5.652803182601929,0.09662108082137941,0.3355698618164317,0.03903860417853511,12.5869460105896,0.04120713275779191,0.19469260897909527,0.014936395532630709,2.7022640705108643,0.07938942865724144,0.24287703065730715,0.04292324394244751,1.8842827677726746,0.09341319601387915,0.3232526404789083,0.04023645520848296,6.6774749755859375,0.043890916348178585,0.19079256615498813,0.021574883164358013,1.621156096458435,0.08975728965217211,0.2555492235177335,0.05514235410757999,1.6124457120895386,0.09733414569840701,0.33275431561853386,0.046581087866399834
