N,Norm,Lambda,Gamma,K,LR_Entire_Time,LR_Entire_MAE,LR_Entire_RMSE,LR_Entire_MAD,LR_Cluster_Time_Avg,LR_Cluster_MAE_Avg,LR_Cluster_RMSE_Avg,LR_Cluster_MAD_Avg,LR_Euc_Time_Avg,LR_Euc_MAE_Avg,LR_Euc_RMSE_Avg,LR_Euc_MAD_Avg,RF_Entire_Time,RF_Entire_MAE,RF_Entire_RMSE,RF_Entire_MAD,RF_Cluster_Time_Avg,RF_Cluster_MAE_Avg,RF_Cluster_RMSE_Avg,RF_Cluster_MAD_Avg,RF_Euc_Time_Avg,RF_Euc_MAE_Avg,RF_Euc_RMSE_Avg,RF_Euc_MAD_Avg,NN_Entire_Time,NN_Entire_MAE,NN_Entire_RMSE,NN_Entire_MAD,NN_Cluster_Time_Avg,NN_Cluster_MAE_Avg,NN_Cluster_RMSE_Avg,NN_Cluster_MAD_Avg,NN_Euc_Time_Avg,NN_Euc_MAE_Avg,NN_Euc_RMSE_Avg,NN_Euc_MAD_Avg,GP_Entire_Time,GP_Entire_MAE,GP_Entire_RMSE,GP_Entire_MAD,GP_Cluster_Time_Avg,GP_Cluster_MAE_Avg,GP_Cluster_RMSE_Avg,GP_Cluster_MAD_Avg,GP_Euc_Time_Avg,GP_Euc_MAE_Avg,GP_Euc_RMSE_Avg,GP_Euc_MAD_Avg,GB_Entire_Time,GB_Entire_MAE,GB_Entire_RMSE,GB_Entire_MAD,GB_Cluster_Time_Avg,GB_Cluster_MAE_Avg,GB_Cluster_RMSE_Avg,GB_Cluster_MAD_Avg,GB_Euc_Time_Avg,GB_Euc_MAE_Avg,GB_Euc_RMSE_Avg,GB_Euc_MAD_Avg
500,1,0.5,0.5,7,0.0004417896270751953,0.04554139396076337,0.06322217389655631,0.03166617154606036,0.00037745067051478794,0.21181512073259362,0.2826420016846275,0.14629212425566587,0.0003234999520438058,0.20348369378037243,0.2748482688447117,0.15414652866212655,0.08589601516723633,0.034343384537244,0.05432823924234317,0.0216420574894495,0.042364154543195455,0.21091414752431908,0.2837085436916223,0.1593647684525624,0.04306445802961077,0.21104523642331888,0.28921447507905274,0.14899881447820112,0.07256007194519043,0.06668086549883367,0.09607915259987743,0.044370868007008624,0.01696082523890904,0.20887686931639568,0.2984134642361818,0.14247889480159182,0.017034155981881276,0.25497761223183224,0.3932804310781478,0.1851409822050504,0.0872049331665039,0.07147561,0.10188179,0.046482205,0.03787156513759068,0.23640688,0.3277206,0.17642438,0.0352351324898856,0.2248474,0.3449585,0.15436625,0.035600900650024414,0.03304922749552385,0.05435576375071589,0.020239565209988403,0.012918438230242048,0.19964337389424872,0.28176124557318744,0.13662197919237132,0.012882062367030553,0.18503962175433022,0.2739046867189883,0.13055334253717546
