N,Norm,Lambda,Gamma,K,LR_Entire_Time,LR_Entire_MAE,LR_Entire_RMSE,LR_Entire_MAD,LR_Cluster_Time_Avg,LR_Cluster_MAE_Avg,LR_Cluster_RMSE_Avg,LR_Cluster_MAD_Avg,LR_Euc_Time_Avg,LR_Euc_MAE_Avg,LR_Euc_RMSE_Avg,LR_Euc_MAD_Avg,RF_Entire_Time,RF_Entire_MAE,RF_Entire_RMSE,RF_Entire_MAD,RF_Cluster_Time_Avg,RF_Cluster_MAE_Avg,RF_Cluster_RMSE_Avg,RF_Cluster_MAD_Avg,RF_Euc_Time_Avg,RF_Euc_MAE_Avg,RF_Euc_RMSE_Avg,RF_Euc_MAD_Avg,NN_Entire_Time,NN_Entire_MAE,NN_Entire_RMSE,NN_Entire_MAD,NN_Cluster_Time_Avg,NN_Cluster_MAE_Avg,NN_Cluster_RMSE_Avg,NN_Cluster_MAD_Avg,NN_Euc_Time_Avg,NN_Euc_MAE_Avg,NN_Euc_RMSE_Avg,NN_Euc_MAD_Avg,GB_Entire_Time,GB_Entire_MAE,GB_Entire_RMSE,GB_Entire_MAD,GB_Cluster_Time_Avg,GB_Cluster_MAE_Avg,GB_Cluster_RMSE_Avg,GB_Cluster_MAD_Avg,GB_Euc_Time_Avg,GB_Euc_MAE_Avg,GB_Euc_RMSE_Avg,GB_Euc_MAD_Avg
100000,2,0.5,2.0,3,0.005961894989013672,0.0643103041422581,0.30043950634238437,0.03601264487927863,0.0028259754180908203,0.09388022987294593,0.2962626388511143,0.06003389371179533,0.0027259190877278647,0.13700685445944463,0.42404110391471833,0.08132741789522079,25.390435934066772,0.03953301919497313,0.19086337096642236,0.0150305040649035,7.833417018254598,0.07145995123459592,0.24355639148981265,0.034683710202537986,7.59861437479655,0.08373010562846771,0.3358427060623681,0.03309487980261723,14.72446894645691,0.055028152548128526,0.1956019198898815,0.0313692877657555,2.8883614540100098,0.06777120775329944,0.22714080087434677,0.03512793933104344,2.5240110556284585,0.08175225707230327,0.3253346386360145,0.03507033793364317,6.628512859344482,0.04384621889035988,0.1901226503966174,0.021574883164357964,2.150830348332723,0.07266996078947387,0.23868148440761494,0.0420530007784071,2.1415436267852783,0.08418969515083814,0.32958189220415196,0.040677192949350065
