N,Norm,Lambda,Gamma,K,LR_Entire_Time,LR_Entire_MAE,LR_Entire_RMSE,LR_Entire_MAD,LR_Cluster_Time_Avg,LR_Cluster_MAE_Avg,LR_Cluster_RMSE_Avg,LR_Cluster_MAD_Avg,LR_Euc_Time_Avg,LR_Euc_MAE_Avg,LR_Euc_RMSE_Avg,LR_Euc_MAD_Avg,RF_Entire_Time,RF_Entire_MAE,RF_Entire_RMSE,RF_Entire_MAD,RF_Cluster_Time_Avg,RF_Cluster_MAE_Avg,RF_Cluster_RMSE_Avg,RF_Cluster_MAD_Avg,RF_Euc_Time_Avg,RF_Euc_MAE_Avg,RF_Euc_RMSE_Avg,RF_Euc_MAD_Avg,NN_Entire_Time,NN_Entire_MAE,NN_Entire_RMSE,NN_Entire_MAD,NN_Cluster_Time_Avg,NN_Cluster_MAE_Avg,NN_Cluster_RMSE_Avg,NN_Cluster_MAD_Avg,NN_Euc_Time_Avg,NN_Euc_MAE_Avg,NN_Euc_RMSE_Avg,NN_Euc_MAD_Avg,GP_Entire_Time,GP_Entire_MAE,GP_Entire_RMSE,GP_Entire_MAD,GP_Cluster_Time_Avg,GP_Cluster_MAE_Avg,GP_Cluster_RMSE_Avg,GP_Cluster_MAD_Avg,GP_Euc_Time_Avg,GP_Euc_MAE_Avg,GP_Euc_RMSE_Avg,GP_Euc_MAD_Avg,GB_Entire_Time,GB_Entire_MAE,GB_Entire_RMSE,GB_Entire_MAD,GB_Cluster_Time_Avg,GB_Cluster_MAE_Avg,GB_Cluster_RMSE_Avg,GB_Cluster_MAD_Avg,GB_Euc_Time_Avg,GB_Euc_MAE_Avg,GB_Euc_RMSE_Avg,GB_Euc_MAD_Avg
100,2,0.9,1.0,5,0.0002961158752441406,0.19598571368711998,0.2658167496676893,0.12690348231686688,0.00026841163635253905,0.38004057672611,0.41121368324713287,0.34886090017975613,0.0003024101257324219,0.4007447265730434,0.4565610032085704,0.3078634957211154,0.04380679130554199,0.036873047015979904,0.04345881143263291,0.03338105013119674,0.03995199203491211,0.4083800491518713,0.5630207104474239,0.20912877262123244,0.04019427299499512,0.20792104089615487,0.2540271937078722,0.1682170200488949,0.024290800094604492,0.24540233491980495,0.37124499954486856,0.09335943334962479,0.010267066955566406,0.6063173914455631,0.6346622260494068,0.5930041118066661,0.010339975357055664,0.41972220576484076,0.4519126781010582,0.41654198733869163,0.03630709648132324,0.14043128,0.21644284,0.062149398,0.028781652450561523,0.40731353,0.51633525,0.2800881,0.029430961608886717,0.26822087,0.30627936,0.24485402,0.014028072357177734,0.0410753919871207,0.06290446670213914,0.023898651900638015,0.010790538787841798,0.4577691120787161,0.6706950129095823,0.18823592647954288,0.010471010208129882,0.23363474563641487,0.2817380463841251,0.19210478479602242
