N,Norm,Lambda,Gamma,K,LR_Entire_Time,LR_Entire_MAE,LR_Entire_RMSE,LR_Entire_MAD,LR_Cluster_Time_Avg,LR_Cluster_MAE_Avg,LR_Cluster_RMSE_Avg,LR_Cluster_MAD_Avg,LR_Euc_Time_Avg,LR_Euc_MAE_Avg,LR_Euc_RMSE_Avg,LR_Euc_MAD_Avg,RF_Entire_Time,RF_Entire_MAE,RF_Entire_RMSE,RF_Entire_MAD,RF_Cluster_Time_Avg,RF_Cluster_MAE_Avg,RF_Cluster_RMSE_Avg,RF_Cluster_MAD_Avg,RF_Euc_Time_Avg,RF_Euc_MAE_Avg,RF_Euc_RMSE_Avg,RF_Euc_MAD_Avg,NN_Entire_Time,NN_Entire_MAE,NN_Entire_RMSE,NN_Entire_MAD,NN_Cluster_Time_Avg,NN_Cluster_MAE_Avg,NN_Cluster_RMSE_Avg,NN_Cluster_MAD_Avg,NN_Euc_Time_Avg,NN_Euc_MAE_Avg,NN_Euc_RMSE_Avg,NN_Euc_MAD_Avg,GP_Entire_Time,GP_Entire_MAE,GP_Entire_RMSE,GP_Entire_MAD,GP_Cluster_Time_Avg,GP_Cluster_MAE_Avg,GP_Cluster_RMSE_Avg,GP_Cluster_MAD_Avg,GP_Euc_Time_Avg,GP_Euc_MAE_Avg,GP_Euc_RMSE_Avg,GP_Euc_MAD_Avg,GB_Entire_Time,GB_Entire_MAE,GB_Entire_RMSE,GB_Entire_MAD,GB_Cluster_Time_Avg,GB_Cluster_MAE_Avg,GB_Cluster_RMSE_Avg,GB_Cluster_MAD_Avg,GB_Euc_Time_Avg,GB_Euc_MAE_Avg,GB_Euc_RMSE_Avg,GB_Euc_MAD_Avg
5000,1,0.5,1.0,5,0.0006210803985595703,0.06606716257040125,0.2627241057286416,0.044473382092633296,0.0003642559051513672,0.14786289221511087,0.3936392437924352,0.09966693524386079,0.0003861904144287109,0.18805691562304158,0.4693379241917447,0.1169846877214776,0.7707931995391846,0.042875847807448283,0.19506301595858055,0.02000071026533553,0.164776611328125,0.13736570099614825,0.3871680729985829,0.06697278769496065,0.15807886123657228,0.18367763002813833,0.5969093939265167,0.06825035868871446,1.4905261993408203,0.07763936097662572,0.24633036406804884,0.03882993676766214,0.11703195571899414,0.15624917541311162,0.3982114480981757,0.07569928601820894,0.1052175521850586,0.17067041455282492,0.4581915314636487,0.07889583079443321,3.444455862045288,0.07435994,0.24543206,0.028976426,0.21452865600585938,0.13596776,0.36056215,0.06277453,0.20609426498413086,0.17027117,0.50217664,0.06694396,0.30794405937194824,0.04382035935505382,0.19030738183863322,0.02446869807213977,0.0667802333831787,0.12893870849361125,0.38405473520012573,0.0644399016685426,0.06648516654968262,0.17816812486105799,0.5942344036501069,0.06636897746853443
