N,Norm,Lambda,Gamma,K,LR_Entire_Time,LR_Entire_MAE,LR_Entire_RMSE,LR_Entire_MAD,LR_Cluster_Time_Avg,LR_Cluster_MAE_Avg,LR_Cluster_RMSE_Avg,LR_Cluster_MAD_Avg,LR_Euc_Time_Avg,LR_Euc_MAE_Avg,LR_Euc_RMSE_Avg,LR_Euc_MAD_Avg,RF_Entire_Time,RF_Entire_MAE,RF_Entire_RMSE,RF_Entire_MAD,RF_Cluster_Time_Avg,RF_Cluster_MAE_Avg,RF_Cluster_RMSE_Avg,RF_Cluster_MAD_Avg,RF_Euc_Time_Avg,RF_Euc_MAE_Avg,RF_Euc_RMSE_Avg,RF_Euc_MAD_Avg,NN_Entire_Time,NN_Entire_MAE,NN_Entire_RMSE,NN_Entire_MAD,NN_Cluster_Time_Avg,NN_Cluster_MAE_Avg,NN_Cluster_RMSE_Avg,NN_Cluster_MAD_Avg,NN_Euc_Time_Avg,NN_Euc_MAE_Avg,NN_Euc_RMSE_Avg,NN_Euc_MAD_Avg,GP_Entire_Time,GP_Entire_MAE,GP_Entire_RMSE,GP_Entire_MAD,GP_Cluster_Time_Avg,GP_Cluster_MAE_Avg,GP_Cluster_RMSE_Avg,GP_Cluster_MAD_Avg,GP_Euc_Time_Avg,GP_Euc_MAE_Avg,GP_Euc_RMSE_Avg,GP_Euc_MAD_Avg,GB_Entire_Time,GB_Entire_MAE,GB_Entire_RMSE,GB_Entire_MAD,GB_Cluster_Time_Avg,GB_Cluster_MAE_Avg,GB_Cluster_RMSE_Avg,GB_Cluster_MAD_Avg,GB_Euc_Time_Avg,GB_Euc_MAE_Avg,GB_Euc_RMSE_Avg,GB_Euc_MAD_Avg
10000,2,0.9,1.0,6,0.0007889270782470703,0.06792803101151079,0.3219772320780228,0.0359716131146422,0.0004100799560546875,0.15259791489141525,0.3365610805372525,0.10496233119876379,0.000372012456258138,0.18291379200091848,0.33942034202576615,0.13675693104402126,1.70741605758667,0.04723772202454837,0.23625674745477362,0.018231626215344743,0.2649783293406169,0.15126086981347076,0.3685743108590313,0.08171555616413657,0.2614667812983195,0.1332619799318939,0.31220629191912314,0.0736998216083773,1.0816748142242432,0.07386795286365985,0.29585896104295295,0.027446967070911127,0.2224584420522054,0.13607708220681672,0.3107246432938496,0.07720826144835115,0.1526032288869222,0.146124501281098,0.3141310655485964,0.07584433076311518,9.344268083572388,0.07084357,0.2597708,0.023690566,0.42983416716257733,0.12310147,0.277556,0.06936137,0.4666093587875366,0.12903187,0.30353007,0.06931292,0.6668710708618164,0.04883305838185137,0.2373448222965578,0.023290466776537094,0.10642782847086589,0.14445704169658058,0.3778070967789134,0.07625231946157159,0.10596863428751628,0.1300786356599736,0.3171059664646175,0.07245447322025149
