N,Norm,Lambda,Gamma,K,LR_Entire_Time,LR_Entire_MAE,LR_Entire_RMSE,LR_Entire_MAD,LR_Cluster_Time_Avg,LR_Cluster_MAE_Avg,LR_Cluster_RMSE_Avg,LR_Cluster_MAD_Avg,LR_Euc_Time_Avg,LR_Euc_MAE_Avg,LR_Euc_RMSE_Avg,LR_Euc_MAD_Avg,RF_Entire_Time,RF_Entire_MAE,RF_Entire_RMSE,RF_Entire_MAD,RF_Cluster_Time_Avg,RF_Cluster_MAE_Avg,RF_Cluster_RMSE_Avg,RF_Cluster_MAD_Avg,RF_Euc_Time_Avg,RF_Euc_MAE_Avg,RF_Euc_RMSE_Avg,RF_Euc_MAD_Avg,NN_Entire_Time,NN_Entire_MAE,NN_Entire_RMSE,NN_Entire_MAD,NN_Cluster_Time_Avg,NN_Cluster_MAE_Avg,NN_Cluster_RMSE_Avg,NN_Cluster_MAD_Avg,NN_Euc_Time_Avg,NN_Euc_MAE_Avg,NN_Euc_RMSE_Avg,NN_Euc_MAD_Avg,GB_Entire_Time,GB_Entire_MAE,GB_Entire_RMSE,GB_Entire_MAD,GB_Cluster_Time_Avg,GB_Cluster_MAE_Avg,GB_Cluster_RMSE_Avg,GB_Cluster_MAD_Avg,GB_Euc_Time_Avg,GB_Euc_MAE_Avg,GB_Euc_RMSE_Avg,GB_Euc_MAD_Avg
50000,2,0.5,0.5,5,0.0037708282470703125,0.06625561675942009,0.3233405659660932,0.03390383380555034,0.0009374141693115235,0.14304119155168143,0.35674621886456814,0.09919219520095106,0.0010071754455566405,0.1801006369020747,0.4476572912709266,0.11853718463557242,11.195106029510498,0.0429166949428344,0.2174874779916883,0.01593188756321448,1.9681484699249268,0.12093156607649902,0.32880414736318025,0.06467398423027323,1.9317559719085693,0.11959599176209874,0.39210885611253027,0.0532360026701051,8.04587197303772,0.05308805396641029,0.23310716655796812,0.021048690050361474,1.08477783203125,0.1087316326706955,0.30234318856594744,0.062181108005931185,0.6672350406646729,0.11605164379940139,0.3758202184344987,0.05205524474922622,3.234246015548706,0.04831703929816853,0.222046896796565,0.022824623588756227,0.6382356643676758,0.11646689795092757,0.31257487111297955,0.07225913437284663,0.6332586765289306,0.12003372843662061,0.3876446005402384,0.061902373971844414
