N,Norm,Lambda,Gamma,K,LR_Entire_Time,LR_Entire_MAE,LR_Entire_RMSE,LR_Entire_MAD,LR_Cluster_Time_Avg,LR_Cluster_MAE_Avg,LR_Cluster_RMSE_Avg,LR_Cluster_MAD_Avg,LR_Euc_Time_Avg,LR_Euc_MAE_Avg,LR_Euc_RMSE_Avg,LR_Euc_MAD_Avg,RF_Entire_Time,RF_Entire_MAE,RF_Entire_RMSE,RF_Entire_MAD,RF_Cluster_Time_Avg,RF_Cluster_MAE_Avg,RF_Cluster_RMSE_Avg,RF_Cluster_MAD_Avg,RF_Euc_Time_Avg,RF_Euc_MAE_Avg,RF_Euc_RMSE_Avg,RF_Euc_MAD_Avg,NN_Entire_Time,NN_Entire_MAE,NN_Entire_RMSE,NN_Entire_MAD,NN_Cluster_Time_Avg,NN_Cluster_MAE_Avg,NN_Cluster_RMSE_Avg,NN_Cluster_MAD_Avg,NN_Euc_Time_Avg,NN_Euc_MAE_Avg,NN_Euc_RMSE_Avg,NN_Euc_MAD_Avg,GP_Entire_Time,GP_Entire_MAE,GP_Entire_RMSE,GP_Entire_MAD,GP_Cluster_Time_Avg,GP_Cluster_MAE_Avg,GP_Cluster_RMSE_Avg,GP_Cluster_MAD_Avg,GP_Euc_Time_Avg,GP_Euc_MAE_Avg,GP_Euc_RMSE_Avg,GP_Euc_MAD_Avg,GB_Entire_Time,GB_Entire_MAE,GB_Entire_RMSE,GB_Entire_MAD,GB_Cluster_Time_Avg,GB_Cluster_MAE_Avg,GB_Cluster_RMSE_Avg,GB_Cluster_MAD_Avg,GB_Euc_Time_Avg,GB_Euc_MAE_Avg,GB_Euc_RMSE_Avg,GB_Euc_MAD_Avg
500,1,0.1,0.5,3,0.0004401206970214844,0.04554139396076337,0.06322217389655631,0.03166617154606036,0.00044600168863932293,0.1074894934028268,0.34712811407786576,0.043495797090600245,0.0003352165222167969,0.27618815225710247,1.0147403203107357,0.05580047882265921,0.08365917205810547,0.03440328939424239,0.05303710350314536,0.023269862120219975,0.052320003509521484,0.10209866957071694,0.21894250060290643,0.0582171630291203,0.04928485552469889,0.2764915251731759,1.0093946383223353,0.04827511459499075,0.06132388114929199,0.0712509012591169,0.10328396106484002,0.04444291287475746,0.022639354070027668,0.1335732778409174,0.3540554602322193,0.06322284492173384,0.02557833989461263,0.2963444894698664,1.0076073872468092,0.07269265697476535,0.0914161205291748,0.07147561,0.10188179,0.046482205,0.05210733413696289,0.15433902,0.3164414,0.07122023,0.04370522499084473,0.28728575,1.0126005,0.061822545,0.0373988151550293,0.03304677896772804,0.054364097039683555,0.020239565209988458,0.01825435956319173,0.08742106480231442,0.16311774013293015,0.04579428467199522,0.017814000447591145,0.2810537009934735,1.012618813311667,0.05406168811562268
