N,Norm,Lambda,Gamma,K,LR_Entire_Time,LR_Entire_MAE,LR_Entire_RMSE,LR_Entire_MAD,LR_Cluster_Time_Avg,LR_Cluster_MAE_Avg,LR_Cluster_RMSE_Avg,LR_Cluster_MAD_Avg,LR_Euc_Time_Avg,LR_Euc_MAE_Avg,LR_Euc_RMSE_Avg,LR_Euc_MAD_Avg,RF_Entire_Time,RF_Entire_MAE,RF_Entire_RMSE,RF_Entire_MAD,RF_Cluster_Time_Avg,RF_Cluster_MAE_Avg,RF_Cluster_RMSE_Avg,RF_Cluster_MAD_Avg,RF_Euc_Time_Avg,RF_Euc_MAE_Avg,RF_Euc_RMSE_Avg,RF_Euc_MAD_Avg,NN_Entire_Time,NN_Entire_MAE,NN_Entire_RMSE,NN_Entire_MAD,NN_Cluster_Time_Avg,NN_Cluster_MAE_Avg,NN_Cluster_RMSE_Avg,NN_Cluster_MAD_Avg,NN_Euc_Time_Avg,NN_Euc_MAE_Avg,NN_Euc_RMSE_Avg,NN_Euc_MAD_Avg,GP_Entire_Time,GP_Entire_MAE,GP_Entire_RMSE,GP_Entire_MAD,GP_Cluster_Time_Avg,GP_Cluster_MAE_Avg,GP_Cluster_RMSE_Avg,GP_Cluster_MAD_Avg,GP_Euc_Time_Avg,GP_Euc_MAE_Avg,GP_Euc_RMSE_Avg,GP_Euc_MAD_Avg,GB_Entire_Time,GB_Entire_MAE,GB_Entire_RMSE,GB_Entire_MAD,GB_Cluster_Time_Avg,GB_Cluster_MAE_Avg,GB_Cluster_RMSE_Avg,GB_Cluster_MAD_Avg,GB_Euc_Time_Avg,GB_Euc_MAE_Avg,GB_Euc_RMSE_Avg,GB_Euc_MAD_Avg
500,2,0.9,1.0,5,0.00046896934509277344,0.04554139396076337,0.06322217389655631,0.03166617154606036,0.00039081573486328126,0.2836211971336922,0.39273535441209645,0.2678250448213969,0.0003566265106201172,0.19080010923943722,0.2665041350634091,0.15492469542293597,0.08665204048156738,0.03436176455349537,0.055661017807348764,0.021259483522964667,0.0449615478515625,0.25280194761562064,0.3550829019364037,0.1530522298714203,0.044963836669921875,0.12651933214309247,0.21057881334105333,0.07712622096069217,0.05540180206298828,0.07349122457159286,0.09985339716490234,0.05143404313757808,0.018929338455200194,0.2282781554725597,0.31206793082661743,0.16090381558066275,0.022519636154174804,0.17191388335265462,0.24741643899705093,0.11750103850730838,0.08737516403198242,0.07147561,0.10188179,0.046482205,0.04424228668212891,0.13953441,0.20892927,0.09499812,0.036637496948242185,0.14958923,0.27006802,0.09142039,0.0366671085357666,0.032938843134262444,0.05422768316761731,0.020239565209988458,0.01468343734741211,0.1342349899473535,0.20578758197815517,0.08507847867565367,0.014473199844360352,0.11399797300976285,0.1785709443560478,0.06274890463176672
