N,Norm,Lambda,Gamma,K,LR_Entire_Time,LR_Entire_MAE,LR_Entire_RMSE,LR_Entire_MAD,LR_Cluster_Time_Avg,LR_Cluster_MAE_Avg,LR_Cluster_RMSE_Avg,LR_Cluster_MAD_Avg,LR_Euc_Time_Avg,LR_Euc_MAE_Avg,LR_Euc_RMSE_Avg,LR_Euc_MAD_Avg,RF_Entire_Time,RF_Entire_MAE,RF_Entire_RMSE,RF_Entire_MAD,RF_Cluster_Time_Avg,RF_Cluster_MAE_Avg,RF_Cluster_RMSE_Avg,RF_Cluster_MAD_Avg,RF_Euc_Time_Avg,RF_Euc_MAE_Avg,RF_Euc_RMSE_Avg,RF_Euc_MAD_Avg,NN_Entire_Time,NN_Entire_MAE,NN_Entire_RMSE,NN_Entire_MAD,NN_Cluster_Time_Avg,NN_Cluster_MAE_Avg,NN_Cluster_RMSE_Avg,NN_Cluster_MAD_Avg,NN_Euc_Time_Avg,NN_Euc_MAE_Avg,NN_Euc_RMSE_Avg,NN_Euc_MAD_Avg,GP_Entire_Time,GP_Entire_MAE,GP_Entire_RMSE,GP_Entire_MAD,GP_Cluster_Time_Avg,GP_Cluster_MAE_Avg,GP_Cluster_RMSE_Avg,GP_Cluster_MAD_Avg,GP_Euc_Time_Avg,GP_Euc_MAE_Avg,GP_Euc_RMSE_Avg,GP_Euc_MAD_Avg,GB_Entire_Time,GB_Entire_MAE,GB_Entire_RMSE,GB_Entire_MAD,GB_Cluster_Time_Avg,GB_Cluster_MAE_Avg,GB_Cluster_RMSE_Avg,GB_Cluster_MAD_Avg,GB_Euc_Time_Avg,GB_Euc_MAE_Avg,GB_Euc_RMSE_Avg,GB_Euc_MAD_Avg
1000,2,0.5,0.5,3,0.0005910396575927734,0.03174555839505721,0.043465480669550194,0.023354845822268516,0.00046133995056152344,0.07452498042771533,0.10859604046442277,0.05252846897306126,0.00047469139099121094,0.1329384955209603,0.48559749515247447,0.06925113678467147,0.1420741081237793,0.02719433487493636,0.03619237239342446,0.020616416808629863,0.06911873817443848,0.06820923371725877,0.10336346047385843,0.04630945461824736,0.06703297297159831,0.09674709671037597,0.24189293794399505,0.05606955348810919,0.05943012237548828,0.054004888901974656,0.07612304101596343,0.041668234294962816,0.04209597905476888,0.09681491330225629,0.14308277532470934,0.06701043488072826,0.044118642807006836,0.14863062096410817,0.49987073766282203,0.06243753776530036,0.17699480056762695,0.047523502,0.08538143,0.030398354,0.06845498085021973,0.09565455,0.1672859,0.052626017,0.06019798914591471,0.1241591,0.38527405,0.052032042,0.06417679786682129,0.023052246048989845,0.029986995421777487,0.019598714559076247,0.027230024337768555,0.06874748908506194,0.09917581754495879,0.048716454046498846,0.026478370030721027,0.07315049256899371,0.10831390477679441,0.051314196179049865
