N,Norm,Lambda,Gamma,K,LR_Entire_Time,LR_Entire_MAE,LR_Entire_RMSE,LR_Entire_MAD,LR_Cluster_Time_Avg,LR_Cluster_MAE_Avg,LR_Cluster_RMSE_Avg,LR_Cluster_MAD_Avg,LR_Euc_Time_Avg,LR_Euc_MAE_Avg,LR_Euc_RMSE_Avg,LR_Euc_MAD_Avg,RF_Entire_Time,RF_Entire_MAE,RF_Entire_RMSE,RF_Entire_MAD,RF_Cluster_Time_Avg,RF_Cluster_MAE_Avg,RF_Cluster_RMSE_Avg,RF_Cluster_MAD_Avg,RF_Euc_Time_Avg,RF_Euc_MAE_Avg,RF_Euc_RMSE_Avg,RF_Euc_MAD_Avg,NN_Entire_Time,NN_Entire_MAE,NN_Entire_RMSE,NN_Entire_MAD,NN_Cluster_Time_Avg,NN_Cluster_MAE_Avg,NN_Cluster_RMSE_Avg,NN_Cluster_MAD_Avg,NN_Euc_Time_Avg,NN_Euc_MAE_Avg,NN_Euc_RMSE_Avg,NN_Euc_MAD_Avg,GP_Entire_Time,GP_Entire_MAE,GP_Entire_RMSE,GP_Entire_MAD,GP_Cluster_Time_Avg,GP_Cluster_MAE_Avg,GP_Cluster_RMSE_Avg,GP_Cluster_MAD_Avg,GP_Euc_Time_Avg,GP_Euc_MAE_Avg,GP_Euc_RMSE_Avg,GP_Euc_MAD_Avg,GB_Entire_Time,GB_Entire_MAE,GB_Entire_RMSE,GB_Entire_MAD,GB_Cluster_Time_Avg,GB_Cluster_MAE_Avg,GB_Cluster_RMSE_Avg,GB_Cluster_MAD_Avg,GB_Euc_Time_Avg,GB_Euc_MAE_Avg,GB_Euc_RMSE_Avg,GB_Euc_MAD_Avg
1000,1,0.9,2.0,5,0.00031113624572753906,0.03174555839505721,0.043465480669550194,0.023354845822268516,0.0003377437591552734,0.39587051380361865,0.4828784659690985,0.38667956454285063,0.00027546882629394533,0.20597234765336023,0.4975401491650316,0.11041285893666823,0.14538979530334473,0.027034654075548,0.03565397951401722,0.021518349215124855,0.05430998802185059,0.20888945807303375,0.2879217705569667,0.15013786971545665,0.05420665740966797,0.1403651236629309,0.2610461058974543,0.0937877704816185,0.04574012756347656,0.05768355561761928,0.07937977845550342,0.0455148103424074,0.023237037658691406,0.2058692714863915,0.2739452278972191,0.14066003836727617,0.026491069793701173,0.21862189683087943,0.48851177472005614,0.11515962327559481,0.1902308464050293,0.047523502,0.08538143,0.030398354,0.04997320175170898,0.18008465,0.25275615,0.11172855,0.043792200088500974,0.22937259,0.5676478,0.12303834,0.06600093841552734,0.023048662821386835,0.029993292163872243,0.01989618115551467,0.02044992446899414,0.14819511770657118,0.22157159091047776,0.11074948940582778,0.019994449615478516,0.10794486061135196,0.15283949896636656,0.07330797257987719
