N,Norm,Lambda,Gamma,K,LR_Entire_Time,LR_Entire_MAE,LR_Entire_RMSE,LR_Entire_MAD,LR_Cluster_Time_Avg,LR_Cluster_MAE_Avg,LR_Cluster_RMSE_Avg,LR_Cluster_MAD_Avg,LR_Euc_Time_Avg,LR_Euc_MAE_Avg,LR_Euc_RMSE_Avg,LR_Euc_MAD_Avg,RF_Entire_Time,RF_Entire_MAE,RF_Entire_RMSE,RF_Entire_MAD,RF_Cluster_Time_Avg,RF_Cluster_MAE_Avg,RF_Cluster_RMSE_Avg,RF_Cluster_MAD_Avg,RF_Euc_Time_Avg,RF_Euc_MAE_Avg,RF_Euc_RMSE_Avg,RF_Euc_MAD_Avg,NN_Entire_Time,NN_Entire_MAE,NN_Entire_RMSE,NN_Entire_MAD,NN_Cluster_Time_Avg,NN_Cluster_MAE_Avg,NN_Cluster_RMSE_Avg,NN_Cluster_MAD_Avg,NN_Euc_Time_Avg,NN_Euc_MAE_Avg,NN_Euc_RMSE_Avg,NN_Euc_MAD_Avg,GP_Entire_Time,GP_Entire_MAE,GP_Entire_RMSE,GP_Entire_MAD,GP_Cluster_Time_Avg,GP_Cluster_MAE_Avg,GP_Cluster_RMSE_Avg,GP_Cluster_MAD_Avg,GP_Euc_Time_Avg,GP_Euc_MAE_Avg,GP_Euc_RMSE_Avg,GP_Euc_MAD_Avg,GB_Entire_Time,GB_Entire_MAE,GB_Entire_RMSE,GB_Entire_MAD,GB_Cluster_Time_Avg,GB_Cluster_MAE_Avg,GB_Cluster_RMSE_Avg,GB_Cluster_MAD_Avg,GB_Euc_Time_Avg,GB_Euc_MAE_Avg,GB_Euc_RMSE_Avg,GB_Euc_MAD_Avg
100,2,0.9,0.5,3,0.00026798248291015625,0.19598571368711998,0.2658167496676893,0.12690348231686688,0.00029754638671875,0.13833994956657233,0.15878494071142032,0.1329869330474561,0.0002647240956624349,0.21199546172254302,0.2537019055645321,0.16563578698744988,0.04498171806335449,0.037861433631531376,0.045527602810500854,0.035446049660551364,0.04233940442403158,0.11139077215905806,0.1318369785089025,0.09956229449833541,0.03945199648539225,0.3403363608107573,0.6416445860661498,0.12468144010547932,0.02388596534729004,0.20434551287599997,0.30438387443276504,0.08924215523735454,0.014412641525268555,0.11698708388544606,0.14955529233094308,0.0882727102993266,0.011975367863972982,0.17068235814894392,0.24569614651943317,0.13790990117410887,0.03628683090209961,0.14043128,0.21644284,0.062149398,0.03081353505452474,0.1008965,0.11475891,0.100225784,0.0303805669148763,0.1699987,0.20305915,0.1855737,0.014309883117675781,0.03509599005833265,0.047544570755556625,0.02389865190063803,0.01143487294514974,0.11079482442944706,0.1268379478897487,0.10802674506993905,0.010980049769083658,0.41133387099260826,0.9344589055768022,0.06408508958279413
