N,Norm,Lambda,Gamma,K,LR_Entire_Time,LR_Entire_MAE,LR_Entire_RMSE,LR_Entire_MAD,LR_Cluster_Time_Avg,LR_Cluster_MAE_Avg,LR_Cluster_RMSE_Avg,LR_Cluster_MAD_Avg,LR_Euc_Time_Avg,LR_Euc_MAE_Avg,LR_Euc_RMSE_Avg,LR_Euc_MAD_Avg,RF_Entire_Time,RF_Entire_MAE,RF_Entire_RMSE,RF_Entire_MAD,RF_Cluster_Time_Avg,RF_Cluster_MAE_Avg,RF_Cluster_RMSE_Avg,RF_Cluster_MAD_Avg,RF_Euc_Time_Avg,RF_Euc_MAE_Avg,RF_Euc_RMSE_Avg,RF_Euc_MAD_Avg,NN_Entire_Time,NN_Entire_MAE,NN_Entire_RMSE,NN_Entire_MAD,NN_Cluster_Time_Avg,NN_Cluster_MAE_Avg,NN_Cluster_RMSE_Avg,NN_Cluster_MAD_Avg,NN_Euc_Time_Avg,NN_Euc_MAE_Avg,NN_Euc_RMSE_Avg,NN_Euc_MAD_Avg,GB_Entire_Time,GB_Entire_MAE,GB_Entire_RMSE,GB_Entire_MAD,GB_Cluster_Time_Avg,GB_Cluster_MAE_Avg,GB_Cluster_RMSE_Avg,GB_Cluster_MAD_Avg,GB_Euc_Time_Avg,GB_Euc_MAE_Avg,GB_Euc_RMSE_Avg,GB_Euc_MAD_Avg
50000,1,0.1,0.5,5,0.0031690597534179688,0.06625561675942009,0.3233405659660932,0.03390383380555034,0.0012160301208496093,0.14325377893443103,0.36136936459398367,0.09965059646230753,0.00152435302734375,0.1801006369020747,0.4476572912709266,0.11853718463557242,11.686919927597046,0.04265873289484724,0.21465426436668283,0.015902537152608115,1.989390993118286,0.12014877826415804,0.33717087420247416,0.0640851852053379,1.967665672302246,0.1195151657505783,0.39158688238707534,0.05295601731814935,9.19897723197937,0.05019697518195577,0.22297989182809014,0.018968835562238606,1.030156421661377,0.10964115921682416,0.3113135242836333,0.06231632970024854,0.6643042087554931,0.11372155413372606,0.37517137089329694,0.049865953356931766,3.2610538005828857,0.04820094298310805,0.2212143121424271,0.022824623588756393,0.6335818290710449,0.116307291514305,0.31981687419413374,0.07124523513138105,0.6352694511413575,0.12025096711015901,0.38810337361022623,0.06191865090875539
