N,Norm,Lambda,Gamma,K,LR_Entire_Time,LR_Entire_MAE,LR_Entire_RMSE,LR_Entire_MAD,LR_Cluster_Time_Avg,LR_Cluster_MAE_Avg,LR_Cluster_RMSE_Avg,LR_Cluster_MAD_Avg,LR_Euc_Time_Avg,LR_Euc_MAE_Avg,LR_Euc_RMSE_Avg,LR_Euc_MAD_Avg,RF_Entire_Time,RF_Entire_MAE,RF_Entire_RMSE,RF_Entire_MAD,RF_Cluster_Time_Avg,RF_Cluster_MAE_Avg,RF_Cluster_RMSE_Avg,RF_Cluster_MAD_Avg,RF_Euc_Time_Avg,RF_Euc_MAE_Avg,RF_Euc_RMSE_Avg,RF_Euc_MAD_Avg,NN_Entire_Time,NN_Entire_MAE,NN_Entire_RMSE,NN_Entire_MAD,NN_Cluster_Time_Avg,NN_Cluster_MAE_Avg,NN_Cluster_RMSE_Avg,NN_Cluster_MAD_Avg,NN_Euc_Time_Avg,NN_Euc_MAE_Avg,NN_Euc_RMSE_Avg,NN_Euc_MAD_Avg,GB_Entire_Time,GB_Entire_MAE,GB_Entire_RMSE,GB_Entire_MAD,GB_Cluster_Time_Avg,GB_Cluster_MAE_Avg,GB_Cluster_RMSE_Avg,GB_Cluster_MAD_Avg,GB_Euc_Time_Avg,GB_Euc_MAE_Avg,GB_Euc_RMSE_Avg,GB_Euc_MAD_Avg
100000,1,0.5,0.5,6,0.0059452056884765625,0.0643103041422581,0.30043950634238437,0.03601264487927863,0.0018388430277506511,0.1636530286828793,0.3511009417211695,0.12165758422861288,0.001280983289082845,0.19833764315984814,0.4302280975120915,0.13404918249230613,25.371604919433594,0.039429146822963786,0.1900733959295817,0.015109715856145942,3.6502997080485025,0.1351785297239103,0.3397720364660605,0.07559895423928091,3.595821221669515,0.14183146543038927,0.41142121570970813,0.06214816149306405,11.626364946365356,0.04696744781405616,0.19510719222589074,0.020624307755650592,1.3630938529968262,0.1109893303056747,0.2914949323918608,0.06569075825156544,0.8933194875717163,0.12121937818294921,0.36303173795256855,0.05716073914608926,6.588316917419434,0.043839880585257264,0.19061549001562247,0.021572383600056037,1.0622443358103435,0.1319816622371738,0.31333165893311127,0.08704270477807352,1.061508576075236,0.1386665946997649,0.39281900842709083,0.07077011050656025
