N,Norm,Lambda,Gamma,K,LR_Entire_Time,LR_Entire_MAE,LR_Entire_RMSE,LR_Entire_MAD,LR_Cluster_Time_Avg,LR_Cluster_MAE_Avg,LR_Cluster_RMSE_Avg,LR_Cluster_MAD_Avg,LR_Euc_Time_Avg,LR_Euc_MAE_Avg,LR_Euc_RMSE_Avg,LR_Euc_MAD_Avg,RF_Entire_Time,RF_Entire_MAE,RF_Entire_RMSE,RF_Entire_MAD,RF_Cluster_Time_Avg,RF_Cluster_MAE_Avg,RF_Cluster_RMSE_Avg,RF_Cluster_MAD_Avg,RF_Euc_Time_Avg,RF_Euc_MAE_Avg,RF_Euc_RMSE_Avg,RF_Euc_MAD_Avg,NN_Entire_Time,NN_Entire_MAE,NN_Entire_RMSE,NN_Entire_MAD,NN_Cluster_Time_Avg,NN_Cluster_MAE_Avg,NN_Cluster_RMSE_Avg,NN_Cluster_MAD_Avg,NN_Euc_Time_Avg,NN_Euc_MAE_Avg,NN_Euc_RMSE_Avg,NN_Euc_MAD_Avg,GP_Entire_Time,GP_Entire_MAE,GP_Entire_RMSE,GP_Entire_MAD,GP_Cluster_Time_Avg,GP_Cluster_MAE_Avg,GP_Cluster_RMSE_Avg,GP_Cluster_MAD_Avg,GP_Euc_Time_Avg,GP_Euc_MAE_Avg,GP_Euc_RMSE_Avg,GP_Euc_MAD_Avg,GB_Entire_Time,GB_Entire_MAE,GB_Entire_RMSE,GB_Entire_MAD,GB_Cluster_Time_Avg,GB_Cluster_MAE_Avg,GB_Cluster_RMSE_Avg,GB_Cluster_MAD_Avg,GB_Euc_Time_Avg,GB_Euc_MAE_Avg,GB_Euc_RMSE_Avg,GB_Euc_MAD_Avg
500,1,0.1,1.0,6,0.00038886070251464844,0.04554139396076337,0.06322217389655631,0.03166617154606036,0.00035198529561360675,0.1760974524289212,0.31830583599309886,0.1233304401198712,0.0003408193588256836,0.19921843298696848,0.25486940794286467,0.17387360374618732,0.08488202095031738,0.03495285805485491,0.05546692037852336,0.022901695781254228,0.04381732145945231,0.1787532259161592,0.2757086982380626,0.11911950797311462,0.043329874674479164,0.16061153482492238,0.22517693843799394,0.12697767959233738,0.062064170837402344,0.07638754178482561,0.10726964212684077,0.049082243976364584,0.02165071169535319,0.19422617837979736,0.3427845524123709,0.1337458753063922,0.019216458002726238,0.1784030755769165,0.2364512636773016,0.14800469898975668,0.09114503860473633,0.07147561,0.10188179,0.046482205,0.040318965911865234,0.21956277,0.3699956,0.14871815,0.0354545513788859,0.13239518,0.21830045,0.07401103,0.03686928749084473,0.03300395851425798,0.05432084068842988,0.020239565209988514,0.014085014661153158,0.16490713777461666,0.23997792697438194,0.11502655431365533,0.01368856430053711,0.141369041732104,0.22101820261601146,0.10200773100200466
