N,Norm,Lambda,Gamma,K,LR_Entire_Time,LR_Entire_MAE,LR_Entire_RMSE,LR_Entire_MAD,LR_Cluster_Time_Avg,LR_Cluster_MAE_Avg,LR_Cluster_RMSE_Avg,LR_Cluster_MAD_Avg,LR_Euc_Time_Avg,LR_Euc_MAE_Avg,LR_Euc_RMSE_Avg,LR_Euc_MAD_Avg,RF_Entire_Time,RF_Entire_MAE,RF_Entire_RMSE,RF_Entire_MAD,RF_Cluster_Time_Avg,RF_Cluster_MAE_Avg,RF_Cluster_RMSE_Avg,RF_Cluster_MAD_Avg,RF_Euc_Time_Avg,RF_Euc_MAE_Avg,RF_Euc_RMSE_Avg,RF_Euc_MAD_Avg,NN_Entire_Time,NN_Entire_MAE,NN_Entire_RMSE,NN_Entire_MAD,NN_Cluster_Time_Avg,NN_Cluster_MAE_Avg,NN_Cluster_RMSE_Avg,NN_Cluster_MAD_Avg,NN_Euc_Time_Avg,NN_Euc_MAE_Avg,NN_Euc_RMSE_Avg,NN_Euc_MAD_Avg,GP_Entire_Time,GP_Entire_MAE,GP_Entire_RMSE,GP_Entire_MAD,GP_Cluster_Time_Avg,GP_Cluster_MAE_Avg,GP_Cluster_RMSE_Avg,GP_Cluster_MAD_Avg,GP_Euc_Time_Avg,GP_Euc_MAE_Avg,GP_Euc_RMSE_Avg,GP_Euc_MAD_Avg,GB_Entire_Time,GB_Entire_MAE,GB_Entire_RMSE,GB_Entire_MAD,GB_Cluster_Time_Avg,GB_Cluster_MAE_Avg,GB_Cluster_RMSE_Avg,GB_Cluster_MAD_Avg,GB_Euc_Time_Avg,GB_Euc_MAE_Avg,GB_Euc_RMSE_Avg,GB_Euc_MAD_Avg
1000,2,0.1,0.5,4,0.0003199577331542969,0.03174555839505721,0.043465480669550194,0.023354845822268516,0.0003167390823364258,0.09382534242809296,0.13102556231420276,0.07650186720028314,0.00027126073837280273,0.11933357968464367,0.15914693815912323,0.09691046142812622,0.14568209648132324,0.026861422451505083,0.03607362539601687,0.020394755454491376,0.060643911361694336,0.0979848836499089,0.14639656365244816,0.07110432544959897,0.05935901403427124,0.07572969931313095,0.10983547819452857,0.05595301153724161,0.08410215377807617,0.05033418924762174,0.07398404632034991,0.037043012936585795,0.05891525745391846,0.11743849287951788,0.1803445220175684,0.07762386056650178,0.036376774311065674,0.12998405902303303,0.1962026290004899,0.08782354939204803,0.1876819133758545,0.047523502,0.08538143,0.030398354,0.05848902463912964,0.103373095,0.17265856,0.06926249,0.049469828605651855,0.10506934,0.17928883,0.0619057,0.06502413749694824,0.023061024006385163,0.029923177452727937,0.019896181155514753,0.022830724716186523,0.09145097592155454,0.1341573501169274,0.06281743509597786,0.022542834281921387,0.07391612169229644,0.11100646295290185,0.051904252166752055
