N,Norm,Lambda,Gamma,K,LR_Entire_Time,LR_Entire_MAE,LR_Entire_RMSE,LR_Entire_MAD,LR_Cluster_Time_Avg,LR_Cluster_MAE_Avg,LR_Cluster_RMSE_Avg,LR_Cluster_MAD_Avg,LR_Cluster_MAE_Median,LR_Cluster_RMSE_Median,LR_Cluster_MAD_Median,RF_Entire_Time,RF_Entire_MAE,RF_Entire_RMSE,RF_Entire_MAD,RF_Cluster_Time_Avg,RF_Cluster_MAE_Avg,RF_Cluster_RMSE_Avg,RF_Cluster_MAD_Avg,RF_Cluster_MAE_Median,RF_Cluster_RMSE_Median,RF_Cluster_MAD_Median,NN_Entire_Time,NN_Entire_MAE,NN_Entire_RMSE,NN_Entire_MAD,NN_Cluster_Time_Avg,NN_Cluster_MAE_Avg,NN_Cluster_RMSE_Avg,NN_Cluster_MAD_Avg,NN_Cluster_MAE_Median,NN_Cluster_RMSE_Median,NN_Cluster_MAD_Median,GP_Entire_Time,GP_Entire_MAE,GP_Entire_RMSE,GP_Entire_MAD,GP_Cluster_Time_Avg,GP_Cluster_MAE_Avg,GP_Cluster_RMSE_Avg,GP_Cluster_MAD_Avg,GP_Cluster_MAE_Median,GP_Cluster_RMSE_Median,GP_Cluster_MAD_Median,GB_Entire_Time,GB_Entire_MAE,GB_Entire_RMSE,GB_Entire_MAD,GB_Cluster_Time_Avg,GB_Cluster_MAE_Avg,GB_Cluster_RMSE_Avg,GB_Cluster_MAD_Avg,GB_Cluster_MAE_Median,GB_Cluster_RMSE_Median,GB_Cluster_MAD_Median
1000,1,0.1,0.5,6,0.001004934310913086,0.07572404595198262,0.3176633156201745,0.045674406410488144,0.0007664759953816732,0.1356663135176979,0.3783075815611465,0.0563779308394197,0.09557420320796167,0.198017262002708,0.02337313023007167,0.14359712600708008,0.02250846037468695,0.031539624947449475,0.017016948358919176,0.05063525835673014,0.10328954433029296,0.2695331092511308,0.02901622821838877,0.05874214790311274,0.10192993516257551,0.028770265347424384,0.10316896438598633,0.09166798230191447,0.3075521345889955,0.042361540714205476,0.0273593266805013,0.13270534488805039,0.355014760456909,0.046545203555731586,0.08161011292069595,0.12097598577040408,0.04811686814869694,0.24086809158325195,0.09063805,0.28110394,0.036968112,0.04811199506123861,0.12374958,0.3084164,0.035091486,0.076817087829113,0.13737118244171143,0.03438260033726692,0.061781883239746094,0.02219918201353396,0.029609175972682495,0.017278896091539812,0.017534971237182617,0.09843565786646545,0.2650788213396749,0.023235656435281412,0.05479857733012658,0.09697680156601009,0.020637510671486364
