N,Norm,Lambda,Gamma,K,LR_Entire_Time,LR_Entire_MAE,LR_Entire_RMSE,LR_Entire_MAD,LR_Cluster_Time_Avg,LR_Cluster_MAE_Avg,LR_Cluster_RMSE_Avg,LR_Cluster_MAD_Avg,LR_Euc_Time_Avg,LR_Euc_MAE_Avg,LR_Euc_RMSE_Avg,LR_Euc_MAD_Avg,RF_Entire_Time,RF_Entire_MAE,RF_Entire_RMSE,RF_Entire_MAD,RF_Cluster_Time_Avg,RF_Cluster_MAE_Avg,RF_Cluster_RMSE_Avg,RF_Cluster_MAD_Avg,RF_Euc_Time_Avg,RF_Euc_MAE_Avg,RF_Euc_RMSE_Avg,RF_Euc_MAD_Avg,NN_Entire_Time,NN_Entire_MAE,NN_Entire_RMSE,NN_Entire_MAD,NN_Cluster_Time_Avg,NN_Cluster_MAE_Avg,NN_Cluster_RMSE_Avg,NN_Cluster_MAD_Avg,NN_Euc_Time_Avg,NN_Euc_MAE_Avg,NN_Euc_RMSE_Avg,NN_Euc_MAD_Avg,GB_Entire_Time,GB_Entire_MAE,GB_Entire_RMSE,GB_Entire_MAD,GB_Cluster_Time_Avg,GB_Cluster_MAE_Avg,GB_Cluster_RMSE_Avg,GB_Cluster_MAD_Avg,GB_Euc_Time_Avg,GB_Euc_MAE_Avg,GB_Euc_RMSE_Avg,GB_Euc_MAD_Avg
100000,1,0.9,2.0,6,0.008121967315673828,0.0643103041422581,0.30043950634238437,0.03601264487927863,0.0020848910013834634,0.16764776785176197,0.3929271346255098,0.12132528962183631,0.0017130374908447266,0.19833764315984814,0.4302280975120915,0.13404918249230613,25.309691190719604,0.039545976882166926,0.18990041031228808,0.015058241527156596,3.694623112678528,0.13794863460190052,0.3690579406536654,0.07569570402208368,3.6239606936772666,0.14220402017872433,0.41088611315988843,0.0622502958495997,13.368865728378296,0.045924452474441546,0.195571568360851,0.018186069107986202,1.4614171584447224,0.11459734592966903,0.33972970602503977,0.06267442372054444,0.9118630886077881,0.12548942503951174,0.36320662039377405,0.06324372856784165,6.623553037643433,0.04380323116228683,0.1898690431810748,0.021574883164357933,1.0638364553451538,0.13568102470766918,0.3600799735876701,0.08670237811405929,1.0631893078486125,0.1387185189284151,0.39287554776226985,0.07078103750005343
