N,Norm,Lambda,Gamma,K,LR_Entire_Time,LR_Entire_MAE,LR_Entire_RMSE,LR_Entire_MAD,LR_Cluster_Time_Avg,LR_Cluster_MAE_Avg,LR_Cluster_RMSE_Avg,LR_Cluster_MAD_Avg,LR_Euc_Time_Avg,LR_Euc_MAE_Avg,LR_Euc_RMSE_Avg,LR_Euc_MAD_Avg,RF_Entire_Time,RF_Entire_MAE,RF_Entire_RMSE,RF_Entire_MAD,RF_Cluster_Time_Avg,RF_Cluster_MAE_Avg,RF_Cluster_RMSE_Avg,RF_Cluster_MAD_Avg,RF_Euc_Time_Avg,RF_Euc_MAE_Avg,RF_Euc_RMSE_Avg,RF_Euc_MAD_Avg,NN_Entire_Time,NN_Entire_MAE,NN_Entire_RMSE,NN_Entire_MAD,NN_Cluster_Time_Avg,NN_Cluster_MAE_Avg,NN_Cluster_RMSE_Avg,NN_Cluster_MAD_Avg,NN_Euc_Time_Avg,NN_Euc_MAE_Avg,NN_Euc_RMSE_Avg,NN_Euc_MAD_Avg,GP_Entire_Time,GP_Entire_MAE,GP_Entire_RMSE,GP_Entire_MAD,GP_Cluster_Time_Avg,GP_Cluster_MAE_Avg,GP_Cluster_RMSE_Avg,GP_Cluster_MAD_Avg,GP_Euc_Time_Avg,GP_Euc_MAE_Avg,GP_Euc_RMSE_Avg,GP_Euc_MAD_Avg,GB_Entire_Time,GB_Entire_MAE,GB_Entire_RMSE,GB_Entire_MAD,GB_Cluster_Time_Avg,GB_Cluster_MAE_Avg,GB_Cluster_RMSE_Avg,GB_Cluster_MAD_Avg,GB_Euc_Time_Avg,GB_Euc_MAE_Avg,GB_Euc_RMSE_Avg,GB_Euc_MAD_Avg
5000,1,0.9,1.0,7,0.0009531974792480469,0.06606716257040125,0.2627241057286416,0.044473382092633296,0.00029999869210379463,0.17091245824467374,0.2850544885762721,0.13771550241304523,0.00027431760515485493,0.2309213956600825,0.4281767200218489,0.16803380215287375,0.7710559368133545,0.04252808460604411,0.18955880701619884,0.02028155221023603,0.12137242725917272,0.15158534657980746,0.28077475827730514,0.09755464889539096,0.11842257635934013,0.1887540259256762,0.43295641528147144,0.10133166772683859,1.0044207572937012,0.07553110193989175,0.24955656547282118,0.03328213286314052,0.1349834374019078,0.1486477317616337,0.27314345958558117,0.09499785544342285,0.09162906238010951,0.18540590690365652,0.409612082468001,0.09597056568198838,2.6736998558044434,0.07352086,0.24580169,0.029579893,0.14991773877825057,0.14616473,0.2672189,0.096987486,0.14707323483058385,0.18625943,0.42731166,0.098997764,0.31056880950927734,0.043798909169580694,0.18704555020959754,0.024486903561613642,0.05119831221444266,0.14564565594595089,0.27626502707604117,0.0950362967895483,0.049108539308820455,0.17597076977866663,0.42323356215739066,0.09893059244016578
