N,Norm,Lambda,Gamma,K,LR_Entire_Time,LR_Entire_MAE,LR_Entire_RMSE,LR_Entire_MAD,LR_Cluster_Time_Avg,LR_Cluster_MAE_Avg,LR_Cluster_RMSE_Avg,LR_Cluster_MAD_Avg,LR_Euc_Time_Avg,LR_Euc_MAE_Avg,LR_Euc_RMSE_Avg,LR_Euc_MAD_Avg,RF_Entire_Time,RF_Entire_MAE,RF_Entire_RMSE,RF_Entire_MAD,RF_Cluster_Time_Avg,RF_Cluster_MAE_Avg,RF_Cluster_RMSE_Avg,RF_Cluster_MAD_Avg,RF_Euc_Time_Avg,RF_Euc_MAE_Avg,RF_Euc_RMSE_Avg,RF_Euc_MAD_Avg,NN_Entire_Time,NN_Entire_MAE,NN_Entire_RMSE,NN_Entire_MAD,NN_Cluster_Time_Avg,NN_Cluster_MAE_Avg,NN_Cluster_RMSE_Avg,NN_Cluster_MAD_Avg,NN_Euc_Time_Avg,NN_Euc_MAE_Avg,NN_Euc_RMSE_Avg,NN_Euc_MAD_Avg,GB_Entire_Time,GB_Entire_MAE,GB_Entire_RMSE,GB_Entire_MAD,GB_Cluster_Time_Avg,GB_Cluster_MAE_Avg,GB_Cluster_RMSE_Avg,GB_Cluster_MAD_Avg,GB_Euc_Time_Avg,GB_Euc_MAE_Avg,GB_Euc_RMSE_Avg,GB_Euc_MAD_Avg
100000,2,0.1,2.0,6,0.005725860595703125,0.0643103041422581,0.30043950634238437,0.03601264487927863,0.0014441808064778645,0.1686057517275266,0.36945556622542447,0.12204361263791552,0.0012843211491902669,0.19833764315984814,0.4302280975120915,0.13404918249230613,25.37586808204651,0.03941670091248072,0.18923104554232398,0.014918754096786363,3.659762899080912,0.13909879342836642,0.35502359962337154,0.07682679509719725,3.6037280559539795,0.14201663731144828,0.41147403066425275,0.06255707845221588,13.452980041503906,0.04254710279926377,0.19331546011169107,0.015778378552820174,1.4295286734898884,0.11570587618804866,0.31413846728765465,0.06368937360002463,0.8269651333491007,0.12191899576285886,0.363191909927201,0.05896438236387783,6.619832992553711,0.043831706713266284,0.19009940218793442,0.021572383600055974,1.0638909737269084,0.13592524778663087,0.3343015968988785,0.08714776216349958,1.0614179372787476,0.13880653956150124,0.39281829156065823,0.07078997387923709
