N,Norm,Lambda,Gamma,K,LR_Entire_Time,LR_Entire_MAE,LR_Entire_RMSE,LR_Entire_MAD,LR_Cluster_Time_Avg,LR_Cluster_MAE_Avg,LR_Cluster_RMSE_Avg,LR_Cluster_MAD_Avg,LR_Cluster_MAE_Median,LR_Cluster_RMSE_Median,LR_Cluster_MAD_Median,RF_Entire_Time,RF_Entire_MAE,RF_Entire_RMSE,RF_Entire_MAD,RF_Cluster_Time_Avg,RF_Cluster_MAE_Avg,RF_Cluster_RMSE_Avg,RF_Cluster_MAD_Avg,RF_Cluster_MAE_Median,RF_Cluster_RMSE_Median,RF_Cluster_MAD_Median,NN_Entire_Time,NN_Entire_MAE,NN_Entire_RMSE,NN_Entire_MAD,NN_Cluster_Time_Avg,NN_Cluster_MAE_Avg,NN_Cluster_RMSE_Avg,NN_Cluster_MAD_Avg,NN_Cluster_MAE_Median,NN_Cluster_RMSE_Median,NN_Cluster_MAD_Median,GP_Entire_Time,GP_Entire_MAE,GP_Entire_RMSE,GP_Entire_MAD,GP_Cluster_Time_Avg,GP_Cluster_MAE_Avg,GP_Cluster_RMSE_Avg,GP_Cluster_MAD_Avg,GP_Cluster_MAE_Median,GP_Cluster_RMSE_Median,GP_Cluster_MAD_Median,GB_Entire_Time,GB_Entire_MAE,GB_Entire_RMSE,GB_Entire_MAD,GB_Cluster_Time_Avg,GB_Cluster_MAE_Avg,GB_Cluster_RMSE_Avg,GB_Cluster_MAD_Avg,GB_Cluster_MAE_Median,GB_Cluster_RMSE_Median,GB_Cluster_MAD_Median
10000,2,0.5,1.0,6,0.0010826587677001953,0.0711493164406142,0.34865177023578486,0.037222118158097006,0.0007856289545694987,0.0733052182923981,0.2526037786615952,0.0467856900417106,0.06393141939285459,0.2785057843210365,0.0415742763007832,1.6020338535308838,0.04299448898941117,0.21150948676524275,0.017096448356587607,0.2177260716756185,0.05046023303945965,0.24492368092800296,0.017697638196067993,0.045293241863761755,0.21518553652933306,0.01669945823395408,1.9139041900634766,0.0731510486658211,0.29753473410255743,0.0288904646010998,0.23354434967041016,0.07511957551954697,0.2634995586780846,0.029015824640531655,0.06243111063879203,0.2637412665535016,0.027718549722872986,9.293882131576538,0.059349183,0.25275514,0.016972423,0.5745689074198405,0.0720568,0.25732732,0.023066139,0.06343112885951996,0.23068493604660034,0.02241787314414978,0.5876829624176025,0.04606220811272015,0.19542024231668065,0.022916511687970043,0.09085837999979655,0.051540949281771754,0.2583805595845202,0.020377672529091406,0.04334856516553097,0.2465769311883924,0.019402458090111152
