N,Norm,Lambda,Gamma,K,LR_Entire_Time,LR_Entire_MAE,LR_Entire_RMSE,LR_Entire_MAD,LR_Cluster_Time_Avg,LR_Cluster_MAE_Avg,LR_Cluster_RMSE_Avg,LR_Cluster_MAD_Avg,LR_Euc_Time_Avg,LR_Euc_MAE_Avg,LR_Euc_RMSE_Avg,LR_Euc_MAD_Avg,RF_Entire_Time,RF_Entire_MAE,RF_Entire_RMSE,RF_Entire_MAD,RF_Cluster_Time_Avg,RF_Cluster_MAE_Avg,RF_Cluster_RMSE_Avg,RF_Cluster_MAD_Avg,RF_Euc_Time_Avg,RF_Euc_MAE_Avg,RF_Euc_RMSE_Avg,RF_Euc_MAD_Avg,NN_Entire_Time,NN_Entire_MAE,NN_Entire_RMSE,NN_Entire_MAD,NN_Cluster_Time_Avg,NN_Cluster_MAE_Avg,NN_Cluster_RMSE_Avg,NN_Cluster_MAD_Avg,NN_Euc_Time_Avg,NN_Euc_MAE_Avg,NN_Euc_RMSE_Avg,NN_Euc_MAD_Avg,GP_Entire_Time,GP_Entire_MAE,GP_Entire_RMSE,GP_Entire_MAD,GP_Cluster_Time_Avg,GP_Cluster_MAE_Avg,GP_Cluster_RMSE_Avg,GP_Cluster_MAD_Avg,GP_Euc_Time_Avg,GP_Euc_MAE_Avg,GP_Euc_RMSE_Avg,GP_Euc_MAD_Avg,GB_Entire_Time,GB_Entire_MAE,GB_Entire_RMSE,GB_Entire_MAD,GB_Cluster_Time_Avg,GB_Cluster_MAE_Avg,GB_Cluster_RMSE_Avg,GB_Cluster_MAD_Avg,GB_Euc_Time_Avg,GB_Euc_MAE_Avg,GB_Euc_RMSE_Avg,GB_Euc_MAD_Avg
10000,2,0.9,1.0,7,0.000865936279296875,0.06792803101151079,0.3219772320780228,0.0359716131146422,0.00032288687569754463,0.16991516765651132,0.3078838689328987,0.12354114065726761,0.00029669489179338725,0.2171414784446725,0.402775286262579,0.15111334666271622,1.7080020904541016,0.04680685067667467,0.23394358392822467,0.01812748141957804,0.22616747447422572,0.161523903851661,0.33000740511495513,0.09646861337980127,0.2290820394243513,0.18432107539794967,0.40853351659694453,0.09373171261427206,0.9564571380615234,0.07538636173524912,0.29712111597660223,0.029573165824083418,0.21438091141836985,0.14304110937926137,0.2767827735583072,0.09036403504275,0.1611638409750802,0.1716233922704757,0.36906053161643176,0.08812467087453227,9.2205810546875,0.07141704,0.25847465,0.024210304,0.3110542297363281,0.13522424,0.25777662,0.080882266,0.32285261154174805,0.1620991,0.36575887,0.080128394,0.6237931251525879,0.04869517998452933,0.23671588517407904,0.023290466776537178,0.0909264087677002,0.14640076404575747,0.33807423383012875,0.089282992289626,0.09190232413155693,0.1752149905357109,0.41127955141153283,0.09104925162073044
