N,Norm,Lambda,Gamma,K,LR_Entire_Time,LR_Entire_MAE,LR_Entire_RMSE,LR_Entire_MAD,LR_Cluster_Time_Avg,LR_Cluster_MAE_Avg,LR_Cluster_RMSE_Avg,LR_Cluster_MAD_Avg,LR_Euc_Time_Avg,LR_Euc_MAE_Avg,LR_Euc_RMSE_Avg,LR_Euc_MAD_Avg,RF_Entire_Time,RF_Entire_MAE,RF_Entire_RMSE,RF_Entire_MAD,RF_Cluster_Time_Avg,RF_Cluster_MAE_Avg,RF_Cluster_RMSE_Avg,RF_Cluster_MAD_Avg,RF_Euc_Time_Avg,RF_Euc_MAE_Avg,RF_Euc_RMSE_Avg,RF_Euc_MAD_Avg,NN_Entire_Time,NN_Entire_MAE,NN_Entire_RMSE,NN_Entire_MAD,NN_Cluster_Time_Avg,NN_Cluster_MAE_Avg,NN_Cluster_RMSE_Avg,NN_Cluster_MAD_Avg,NN_Euc_Time_Avg,NN_Euc_MAE_Avg,NN_Euc_RMSE_Avg,NN_Euc_MAD_Avg,GB_Entire_Time,GB_Entire_MAE,GB_Entire_RMSE,GB_Entire_MAD,GB_Cluster_Time_Avg,GB_Cluster_MAE_Avg,GB_Cluster_RMSE_Avg,GB_Cluster_MAD_Avg,GB_Euc_Time_Avg,GB_Euc_MAE_Avg,GB_Euc_RMSE_Avg,GB_Euc_MAD_Avg
100000,1,0.5,1.0,7,0.0068280696868896484,0.0643103041422581,0.30043950634238437,0.03601264487927863,0.0015601430620465959,0.19054612745799018,0.4472731043821397,0.13800453456706527,0.0019786017281668527,0.21916092885132782,0.5380078145111772,0.14733366206872503,25.698418855667114,0.03937810947370979,0.18962550419282495,0.014956893107384656,3.078289270401001,0.15695939621436314,0.4371074270046558,0.08576093057798707,3.050299269812448,0.1669497395545411,0.5423871796240581,0.07404102993330608,11.46341609954834,0.043861273130314134,0.19291156598477902,0.01939949375781691,1.3784405503954207,0.13030061429254147,0.3832972575395045,0.07617554754133603,0.8784628595624652,0.14453112631671278,0.4811233172202236,0.06796581936213066,6.585511922836304,0.043824703924882025,0.19045223876521722,0.021572383600056123,0.9097462041037423,0.15243473703107827,0.4110381669961534,0.0968658116646209,0.9078660011291504,0.1628030952664202,0.5346347472774857,0.08487333597457732
