N,Norm,Lambda,Gamma,K,LR_Entire_Time,LR_Entire_MAE,LR_Entire_RMSE,LR_Entire_MAD,LR_Cluster_Time_Avg,LR_Cluster_MAE_Avg,LR_Cluster_RMSE_Avg,LR_Cluster_MAD_Avg,LR_Euc_Time_Avg,LR_Euc_MAE_Avg,LR_Euc_RMSE_Avg,LR_Euc_MAD_Avg,RF_Entire_Time,RF_Entire_MAE,RF_Entire_RMSE,RF_Entire_MAD,RF_Cluster_Time_Avg,RF_Cluster_MAE_Avg,RF_Cluster_RMSE_Avg,RF_Cluster_MAD_Avg,RF_Euc_Time_Avg,RF_Euc_MAE_Avg,RF_Euc_RMSE_Avg,RF_Euc_MAD_Avg,NN_Entire_Time,NN_Entire_MAE,NN_Entire_RMSE,NN_Entire_MAD,NN_Cluster_Time_Avg,NN_Cluster_MAE_Avg,NN_Cluster_RMSE_Avg,NN_Cluster_MAD_Avg,NN_Euc_Time_Avg,NN_Euc_MAE_Avg,NN_Euc_RMSE_Avg,NN_Euc_MAD_Avg,GB_Entire_Time,GB_Entire_MAE,GB_Entire_RMSE,GB_Entire_MAD,GB_Cluster_Time_Avg,GB_Cluster_MAE_Avg,GB_Cluster_RMSE_Avg,GB_Cluster_MAD_Avg,GB_Euc_Time_Avg,GB_Euc_MAE_Avg,GB_Euc_RMSE_Avg,GB_Euc_MAD_Avg
100000,2,0.1,2.0,3,0.005791902542114258,0.0643103041422581,0.30043950634238437,0.03601264487927863,0.0024144649505615234,0.09645104208697797,0.30303035011530693,0.06075543103110955,0.0022525787353515625,0.13700685445944463,0.42404110391471833,0.08132741789522079,25.380661964416504,0.03967360959219454,0.1911696707556076,0.01499796588802911,7.835493326187134,0.07431437832755249,0.2626147464122157,0.03423020990198402,7.594355583190918,0.08365761500894241,0.335250670966224,0.033027225232889444,11.435563802719116,0.047625050907067465,0.1981492620711296,0.021105564266501675,2.7590153217315674,0.07249574703489758,0.24729757317343912,0.038409465312765116,3.0729896227518716,0.0846411616281373,0.32548560803302123,0.038911968763483594,6.575660943984985,0.04383174565465999,0.1901975773702268,0.02157238360005628,2.1421196460723877,0.07516128476876578,0.2543302580994811,0.04216390404386607,2.1409946282704673,0.08417657275075567,0.32951856089210557,0.04067436149181714
