N,Norm,Lambda,Gamma,K,LR_Entire_Time,LR_Entire_MAE,LR_Entire_RMSE,LR_Entire_MAD,LR_Cluster_Time_Avg,LR_Cluster_MAE_Avg,LR_Cluster_RMSE_Avg,LR_Cluster_MAD_Avg,LR_Euc_Time_Avg,LR_Euc_MAE_Avg,LR_Euc_RMSE_Avg,LR_Euc_MAD_Avg,RF_Entire_Time,RF_Entire_MAE,RF_Entire_RMSE,RF_Entire_MAD,RF_Cluster_Time_Avg,RF_Cluster_MAE_Avg,RF_Cluster_RMSE_Avg,RF_Cluster_MAD_Avg,RF_Euc_Time_Avg,RF_Euc_MAE_Avg,RF_Euc_RMSE_Avg,RF_Euc_MAD_Avg,NN_Entire_Time,NN_Entire_MAE,NN_Entire_RMSE,NN_Entire_MAD,NN_Cluster_Time_Avg,NN_Cluster_MAE_Avg,NN_Cluster_RMSE_Avg,NN_Cluster_MAD_Avg,NN_Euc_Time_Avg,NN_Euc_MAE_Avg,NN_Euc_RMSE_Avg,NN_Euc_MAD_Avg,GB_Entire_Time,GB_Entire_MAE,GB_Entire_RMSE,GB_Entire_MAD,GB_Cluster_Time_Avg,GB_Cluster_MAE_Avg,GB_Cluster_RMSE_Avg,GB_Cluster_MAD_Avg,GB_Euc_Time_Avg,GB_Euc_MAE_Avg,GB_Euc_RMSE_Avg,GB_Euc_MAD_Avg
50000,2,0.1,1.0,6,0.0035469532012939453,0.06625561675942009,0.3233405659660932,0.03390383380555034,0.0009393692016601562,0.17078101030468584,0.4154191518417247,0.12254709072907888,0.0007993777592976888,0.20122471643992257,0.43971392570599005,0.13565499272950057,11.160295963287354,0.04284972772900736,0.21526600524801615,0.015834681157442687,1.5879484415054321,0.146489977691493,0.39270379390801935,0.08202134019369085,1.5702018737792969,0.1413470468929448,0.39875997173438926,0.06533481767672931,13.09132194519043,0.05897303057559054,0.24262467927922557,0.025081490735427425,1.0225259860356648,0.12775564172940465,0.36454288237056526,0.07451226721012837,0.9197466373443604,0.12708738444631187,0.37174322242119734,0.06287546406891799,3.256492853164673,0.048151950769096556,0.22079575390952805,0.022824623588756532,0.5242981513341268,0.13992911481009837,0.381429865769251,0.0886113292434369,0.5250290234883627,0.14209321611085854,0.3994227879057974,0.07454567727754553
