N,Norm,Lambda,Gamma,K,LR_Entire_Time,LR_Entire_MAE,LR_Entire_RMSE,LR_Entire_MAD,LR_Cluster_Time_Avg,LR_Cluster_MAE_Avg,LR_Cluster_RMSE_Avg,LR_Cluster_MAD_Avg,LR_Euc_Time_Avg,LR_Euc_MAE_Avg,LR_Euc_RMSE_Avg,LR_Euc_MAD_Avg,RF_Entire_Time,RF_Entire_MAE,RF_Entire_RMSE,RF_Entire_MAD,RF_Cluster_Time_Avg,RF_Cluster_MAE_Avg,RF_Cluster_RMSE_Avg,RF_Cluster_MAD_Avg,RF_Euc_Time_Avg,RF_Euc_MAE_Avg,RF_Euc_RMSE_Avg,RF_Euc_MAD_Avg,NN_Entire_Time,NN_Entire_MAE,NN_Entire_RMSE,NN_Entire_MAD,NN_Cluster_Time_Avg,NN_Cluster_MAE_Avg,NN_Cluster_RMSE_Avg,NN_Cluster_MAD_Avg,NN_Euc_Time_Avg,NN_Euc_MAE_Avg,NN_Euc_RMSE_Avg,NN_Euc_MAD_Avg,GP_Entire_Time,GP_Entire_MAE,GP_Entire_RMSE,GP_Entire_MAD,GP_Cluster_Time_Avg,GP_Cluster_MAE_Avg,GP_Cluster_RMSE_Avg,GP_Cluster_MAD_Avg,GP_Euc_Time_Avg,GP_Euc_MAE_Avg,GP_Euc_RMSE_Avg,GP_Euc_MAD_Avg,GB_Entire_Time,GB_Entire_MAE,GB_Entire_RMSE,GB_Entire_MAD,GB_Cluster_Time_Avg,GB_Cluster_MAE_Avg,GB_Cluster_RMSE_Avg,GB_Cluster_MAD_Avg,GB_Euc_Time_Avg,GB_Euc_MAE_Avg,GB_Euc_RMSE_Avg,GB_Euc_MAD_Avg
5000,1,0.5,2.0,6,0.0008261203765869141,0.06606716257040125,0.2627241057286416,0.044473382092633296,0.0003916422526041667,0.15509078377999427,0.32974246752512076,0.11789749379910387,0.00027684370676676434,0.22164609849587402,0.4643029753593615,0.14169759091135933,0.8514208793640137,0.04375553894678741,0.2039473923363247,0.019833146777499963,0.1745141347249349,0.14482325404038573,0.34810331343377854,0.08411524676495734,0.16139578819274902,0.1872002467387658,0.4691930675059117,0.0841476659713995,1.2272379398345947,0.07506134252019857,0.2480505647445325,0.033823799952850356,0.11703105767567952,0.14309660918095357,0.3172308829598635,0.08956439355149826,0.10822045803070068,0.19291422942405012,0.44060342348841325,0.08893413980337594,3.140489101409912,0.074050196,0.24554263,0.028542697,0.2304987907409668,0.1463871,0.3322102,0.085885875,0.20019952456156412,0.18649167,0.46234453,0.09015194,0.3202962875366211,0.043551238915116836,0.1862886688112298,0.024468698072139545,0.059970339139302574,0.1336573296435903,0.3249830547996242,0.08106842450652396,0.056021412213643394,0.1838399593081004,0.4941791134520042,0.08015781344189192
