N,Norm,Lambda,Gamma,K,LR_Entire_Time,LR_Entire_MAE,LR_Entire_RMSE,LR_Entire_MAD,LR_Cluster_Time_Avg,LR_Cluster_MAE_Avg,LR_Cluster_RMSE_Avg,LR_Cluster_MAD_Avg,LR_Euc_Time_Avg,LR_Euc_MAE_Avg,LR_Euc_RMSE_Avg,LR_Euc_MAD_Avg,RF_Entire_Time,RF_Entire_MAE,RF_Entire_RMSE,RF_Entire_MAD,RF_Cluster_Time_Avg,RF_Cluster_MAE_Avg,RF_Cluster_RMSE_Avg,RF_Cluster_MAD_Avg,RF_Euc_Time_Avg,RF_Euc_MAE_Avg,RF_Euc_RMSE_Avg,RF_Euc_MAD_Avg,NN_Entire_Time,NN_Entire_MAE,NN_Entire_RMSE,NN_Entire_MAD,NN_Cluster_Time_Avg,NN_Cluster_MAE_Avg,NN_Cluster_RMSE_Avg,NN_Cluster_MAD_Avg,NN_Euc_Time_Avg,NN_Euc_MAE_Avg,NN_Euc_RMSE_Avg,NN_Euc_MAD_Avg,GP_Entire_Time,GP_Entire_MAE,GP_Entire_RMSE,GP_Entire_MAD,GP_Cluster_Time_Avg,GP_Cluster_MAE_Avg,GP_Cluster_RMSE_Avg,GP_Cluster_MAD_Avg,GP_Euc_Time_Avg,GP_Euc_MAE_Avg,GP_Euc_RMSE_Avg,GP_Euc_MAD_Avg,GB_Entire_Time,GB_Entire_MAE,GB_Entire_RMSE,GB_Entire_MAD,GB_Cluster_Time_Avg,GB_Cluster_MAE_Avg,GB_Cluster_RMSE_Avg,GB_Cluster_MAD_Avg,GB_Euc_Time_Avg,GB_Euc_MAE_Avg,GB_Euc_RMSE_Avg,GB_Euc_MAD_Avg
500,2,0.9,0.5,4,0.00033783912658691406,0.04554139396076337,0.06322217389655631,0.03166617154606036,0.0003070235252380371,0.14766683900483232,0.40729910785468043,0.07245678959517823,0.0002537965774536133,0.1579505206000498,0.20729605280178617,0.11993514337159093,0.08688116073608398,0.03468492763878349,0.05477632674650584,0.021886729878237803,0.04747086763381958,0.1221554880269632,0.2266487733411455,0.08296304869064726,0.047133445739746094,0.07845190732301532,0.1037213937219847,0.0553685594489535,0.058638811111450195,0.06471980366428881,0.09492823745999533,0.04038645459297821,0.03140169382095337,0.1818142223559042,0.43767307097866104,0.09597136573484957,0.024057388305664062,0.23937657897793352,0.3292719556405997,0.1779068158896115,0.08936119079589844,0.07147561,0.10188179,0.046482205,0.04342949390411377,0.14361505,0.29546657,0.070677884,0.038255512714385986,0.14690587,0.24036019,0.07968679,0.03615427017211914,0.032895686888253096,0.0542844247674075,0.020239565209988514,0.01705145835876465,0.09403669583825772,0.12888289879026946,0.07325269963632511,0.015850365161895752,0.08202912231125423,0.11040615854392781,0.05384348891067909
