N,Norm,Lambda,Gamma,K,LR_Entire_Time,LR_Entire_MAE,LR_Entire_RMSE,LR_Entire_MAD,LR_Cluster_Time_Avg,LR_Cluster_MAE_Avg,LR_Cluster_RMSE_Avg,LR_Cluster_MAD_Avg,LR_Euc_Time_Avg,LR_Euc_MAE_Avg,LR_Euc_RMSE_Avg,LR_Euc_MAD_Avg,RF_Entire_Time,RF_Entire_MAE,RF_Entire_RMSE,RF_Entire_MAD,RF_Cluster_Time_Avg,RF_Cluster_MAE_Avg,RF_Cluster_RMSE_Avg,RF_Cluster_MAD_Avg,RF_Euc_Time_Avg,RF_Euc_MAE_Avg,RF_Euc_RMSE_Avg,RF_Euc_MAD_Avg,NN_Entire_Time,NN_Entire_MAE,NN_Entire_RMSE,NN_Entire_MAD,NN_Cluster_Time_Avg,NN_Cluster_MAE_Avg,NN_Cluster_RMSE_Avg,NN_Cluster_MAD_Avg,NN_Euc_Time_Avg,NN_Euc_MAE_Avg,NN_Euc_RMSE_Avg,NN_Euc_MAD_Avg,GP_Entire_Time,GP_Entire_MAE,GP_Entire_RMSE,GP_Entire_MAD,GP_Cluster_Time_Avg,GP_Cluster_MAE_Avg,GP_Cluster_RMSE_Avg,GP_Cluster_MAD_Avg,GP_Euc_Time_Avg,GP_Euc_MAE_Avg,GP_Euc_RMSE_Avg,GP_Euc_MAD_Avg,GB_Entire_Time,GB_Entire_MAE,GB_Entire_RMSE,GB_Entire_MAD,GB_Cluster_Time_Avg,GB_Cluster_MAE_Avg,GB_Cluster_RMSE_Avg,GB_Cluster_MAD_Avg,GB_Euc_Time_Avg,GB_Euc_MAE_Avg,GB_Euc_RMSE_Avg,GB_Euc_MAD_Avg
5000,1,0.5,0.5,4,0.0006229877471923828,0.06606716257040125,0.2627241057286416,0.044473382092633296,0.00039571523666381836,0.1315942780558317,0.37017842407047036,0.07823408172238662,0.0003502368927001953,0.18254281304083378,0.5535900442820251,0.10327444653981978,0.7700448036193848,0.04341503276771093,0.20365237895425015,0.020209264490690645,0.1975405216217041,0.13456864106852426,0.3986474575532141,0.0632975598587725,0.1923828125,0.13855930938205652,0.5159383364389623,0.05198078239191097,0.9274239540100098,0.07226397710171444,0.24825790250629054,0.02908093570070658,0.1638120412826538,0.13077390467078034,0.3569916047302645,0.06821797448807984,0.1101720929145813,0.16015299620200488,0.5284218357181912,0.06338846112545976,2.753908157348633,0.07356172,0.24534759,0.028371692,0.2676531672477722,0.124016255,0.33886218,0.060678042,0.2447265386581421,0.15186177,0.5696266,0.046877198,0.3051300048828125,0.043551238915116856,0.1862886688112298,0.024468698072139663,0.08010858297348022,0.12595744474964854,0.41000618214093143,0.06279500868671128,0.08061039447784424,0.13059997598438475,0.5140508906315553,0.04819978476734817
