N,Norm,Lambda,Gamma,K,LR_Entire_Time,LR_Entire_MAE,LR_Entire_RMSE,LR_Entire_MAD,LR_Cluster_Time_Avg,LR_Cluster_MAE_Avg,LR_Cluster_RMSE_Avg,LR_Cluster_MAD_Avg,LR_Euc_Time_Avg,LR_Euc_MAE_Avg,LR_Euc_RMSE_Avg,LR_Euc_MAD_Avg,RF_Entire_Time,RF_Entire_MAE,RF_Entire_RMSE,RF_Entire_MAD,RF_Cluster_Time_Avg,RF_Cluster_MAE_Avg,RF_Cluster_RMSE_Avg,RF_Cluster_MAD_Avg,RF_Euc_Time_Avg,RF_Euc_MAE_Avg,RF_Euc_RMSE_Avg,RF_Euc_MAD_Avg,NN_Entire_Time,NN_Entire_MAE,NN_Entire_RMSE,NN_Entire_MAD,NN_Cluster_Time_Avg,NN_Cluster_MAE_Avg,NN_Cluster_RMSE_Avg,NN_Cluster_MAD_Avg,NN_Euc_Time_Avg,NN_Euc_MAE_Avg,NN_Euc_RMSE_Avg,NN_Euc_MAD_Avg,GP_Entire_Time,GP_Entire_MAE,GP_Entire_RMSE,GP_Entire_MAD,GP_Cluster_Time_Avg,GP_Cluster_MAE_Avg,GP_Cluster_RMSE_Avg,GP_Cluster_MAD_Avg,GP_Euc_Time_Avg,GP_Euc_MAE_Avg,GP_Euc_RMSE_Avg,GP_Euc_MAD_Avg,GB_Entire_Time,GB_Entire_MAE,GB_Entire_RMSE,GB_Entire_MAD,GB_Cluster_Time_Avg,GB_Cluster_MAE_Avg,GB_Cluster_RMSE_Avg,GB_Cluster_MAD_Avg,GB_Euc_Time_Avg,GB_Euc_MAE_Avg,GB_Euc_RMSE_Avg,GB_Euc_MAD_Avg
10000,2,0.1,2.0,3,0.0008947849273681641,0.06792803101151079,0.3219772320780228,0.0359716131146422,0.0005745887756347656,0.09673842157375756,0.2759004119682224,0.0602257405304506,0.00043773651123046875,0.1339008915097624,0.3611311607589738,0.0870481855744885,1.7032320499420166,0.04701963981540781,0.23412115203628378,0.01837868632065298,0.5452059904734293,0.08539810491733911,0.24003640601203946,0.04274339609417166,0.5352979501088461,0.09006683250327234,0.33710242536851087,0.038567964952470814,2.5587708950042725,0.07237109394565902,0.2842536497863874,0.024030460581114577,0.4438052972157796,0.09664509437384038,0.24907258473754998,0.048291237688852,0.3999762535095215,0.12176322288141334,0.3453595017112454,0.05395268948458402,9.233561277389526,0.06974658,0.2593553,0.022298694,1.5748099486033122,0.07701403,0.2097867,0.03747953,1.405896743138631,0.090896964,0.33366466,0.03354414,0.6380910873413086,0.04871040590764294,0.23714819790156932,0.02329046677653715,0.21134479840596518,0.08003568312735189,0.23808984132191047,0.04377468079820821,0.21817596753438315,0.08575998875268052,0.3271909419193006,0.04211910576713182
