N,Norm,Lambda,Gamma,K,LR_Entire_Time,LR_Entire_MAE,LR_Entire_RMSE,LR_Entire_MAD,LR_Cluster_Time_Avg,LR_Cluster_MAE_Avg,LR_Cluster_RMSE_Avg,LR_Cluster_MAD_Avg,LR_Euc_Time_Avg,LR_Euc_MAE_Avg,LR_Euc_RMSE_Avg,LR_Euc_MAD_Avg,RF_Entire_Time,RF_Entire_MAE,RF_Entire_RMSE,RF_Entire_MAD,RF_Cluster_Time_Avg,RF_Cluster_MAE_Avg,RF_Cluster_RMSE_Avg,RF_Cluster_MAD_Avg,RF_Euc_Time_Avg,RF_Euc_MAE_Avg,RF_Euc_RMSE_Avg,RF_Euc_MAD_Avg,NN_Entire_Time,NN_Entire_MAE,NN_Entire_RMSE,NN_Entire_MAD,NN_Cluster_Time_Avg,NN_Cluster_MAE_Avg,NN_Cluster_RMSE_Avg,NN_Cluster_MAD_Avg,NN_Euc_Time_Avg,NN_Euc_MAE_Avg,NN_Euc_RMSE_Avg,NN_Euc_MAD_Avg,GB_Entire_Time,GB_Entire_MAE,GB_Entire_RMSE,GB_Entire_MAD,GB_Cluster_Time_Avg,GB_Cluster_MAE_Avg,GB_Cluster_RMSE_Avg,GB_Cluster_MAD_Avg,GB_Euc_Time_Avg,GB_Euc_MAE_Avg,GB_Euc_RMSE_Avg,GB_Euc_MAD_Avg
50000,2,0.9,0.5,4,0.003336191177368164,0.06625561675942009,0.3233405659660932,0.03390383380555034,0.0011034607887268066,0.11639494579009786,0.31404643834927976,0.07914746108933665,0.001161813735961914,0.15681437021266262,0.40509421674927343,0.09586607981260689,11.303493976593018,0.042748138400389823,0.21469922133865155,0.01584599048997056,2.553887724876404,0.09494715773232887,0.27802130324726654,0.04963759934984931,2.470316469669342,0.09928315346251049,0.34089583443403687,0.04024609163233239,9.343189001083374,0.0588444323662731,0.22586585361575567,0.02491775435643573,1.2621496319770813,0.09123236805395504,0.2573853625175939,0.05222947682556972,1.01048743724823,0.10075146775149327,0.3168588703974959,0.046339391896244156,3.2862260341644287,0.04837298511977223,0.22181267208015554,0.022824623588756143,0.7983229756355286,0.09293733189391323,0.2699368790279876,0.05597219109416635,0.80197674036026,0.09922333700947915,0.333905568733087,0.04658457562563374
