N,Norm,Lambda,Gamma,K,LR_Entire_Time,LR_Entire_MAE,LR_Entire_RMSE,LR_Entire_MAD,LR_Cluster_Time_Avg,LR_Cluster_MAE_Avg,LR_Cluster_RMSE_Avg,LR_Cluster_MAD_Avg,LR_Euc_Time_Avg,LR_Euc_MAE_Avg,LR_Euc_RMSE_Avg,LR_Euc_MAD_Avg,RF_Entire_Time,RF_Entire_MAE,RF_Entire_RMSE,RF_Entire_MAD,RF_Cluster_Time_Avg,RF_Cluster_MAE_Avg,RF_Cluster_RMSE_Avg,RF_Cluster_MAD_Avg,RF_Euc_Time_Avg,RF_Euc_MAE_Avg,RF_Euc_RMSE_Avg,RF_Euc_MAD_Avg,NN_Entire_Time,NN_Entire_MAE,NN_Entire_RMSE,NN_Entire_MAD,NN_Cluster_Time_Avg,NN_Cluster_MAE_Avg,NN_Cluster_RMSE_Avg,NN_Cluster_MAD_Avg,NN_Euc_Time_Avg,NN_Euc_MAE_Avg,NN_Euc_RMSE_Avg,NN_Euc_MAD_Avg,GP_Entire_Time,GP_Entire_MAE,GP_Entire_RMSE,GP_Entire_MAD,GP_Cluster_Time_Avg,GP_Cluster_MAE_Avg,GP_Cluster_RMSE_Avg,GP_Cluster_MAD_Avg,GP_Euc_Time_Avg,GP_Euc_MAE_Avg,GP_Euc_RMSE_Avg,GP_Euc_MAD_Avg,GB_Entire_Time,GB_Entire_MAE,GB_Entire_RMSE,GB_Entire_MAD,GB_Cluster_Time_Avg,GB_Cluster_MAE_Avg,GB_Cluster_RMSE_Avg,GB_Cluster_MAD_Avg,GB_Euc_Time_Avg,GB_Euc_MAE_Avg,GB_Euc_RMSE_Avg,GB_Euc_MAD_Avg
1000,1,0.9,0.5,5,0.0005152225494384766,0.03174555839505721,0.043465480669550194,0.023354845822268516,0.0002793788909912109,0.39587051380361865,0.4828784659690985,0.38667956454285063,0.0004131793975830078,0.20597234765336023,0.4975401491650316,0.11041285893666823,0.14103007316589355,0.027083706204519862,0.03592942285302707,0.021771676476997487,0.05419964790344238,0.20467370766484616,0.2806556938508387,0.15235296754552158,0.05486640930175781,0.14995052289957075,0.29884612682048134,0.09765068482318254,0.04949617385864258,0.054542366387664604,0.07925226813950001,0.039073128178093774,0.032579898834228516,0.23420740106735966,0.3159058047192916,0.16503968170540034,0.028983402252197265,0.20450978446722018,0.4722148350171966,0.08960292084521237,0.18787813186645508,0.047523502,0.08538143,0.030398354,0.05081319808959961,0.18008465,0.25275615,0.11172855,0.04521279335021973,0.22937259,0.5676478,0.12303834,0.06342506408691406,0.022963441501353512,0.029833641031962257,0.01989618115551453,0.019915103912353516,0.1489892128417492,0.222643529312754,0.11014614735307807,0.019659948348999024,0.10710738870949392,0.15239399352969232,0.06675429012516088
