N,Norm,Lambda,Gamma,K,LR_Entire_Time,LR_Entire_MAE,LR_Entire_RMSE,LR_Entire_MAD,LR_Cluster_Time_Avg,LR_Cluster_MAE_Avg,LR_Cluster_RMSE_Avg,LR_Cluster_MAD_Avg,LR_Euc_Time_Avg,LR_Euc_MAE_Avg,LR_Euc_RMSE_Avg,LR_Euc_MAD_Avg,RF_Entire_Time,RF_Entire_MAE,RF_Entire_RMSE,RF_Entire_MAD,RF_Cluster_Time_Avg,RF_Cluster_MAE_Avg,RF_Cluster_RMSE_Avg,RF_Cluster_MAD_Avg,RF_Euc_Time_Avg,RF_Euc_MAE_Avg,RF_Euc_RMSE_Avg,RF_Euc_MAD_Avg,NN_Entire_Time,NN_Entire_MAE,NN_Entire_RMSE,NN_Entire_MAD,NN_Cluster_Time_Avg,NN_Cluster_MAE_Avg,NN_Cluster_RMSE_Avg,NN_Cluster_MAD_Avg,NN_Euc_Time_Avg,NN_Euc_MAE_Avg,NN_Euc_RMSE_Avg,NN_Euc_MAD_Avg,GP_Entire_Time,GP_Entire_MAE,GP_Entire_RMSE,GP_Entire_MAD,GP_Cluster_Time_Avg,GP_Cluster_MAE_Avg,GP_Cluster_RMSE_Avg,GP_Cluster_MAD_Avg,GP_Euc_Time_Avg,GP_Euc_MAE_Avg,GP_Euc_RMSE_Avg,GP_Euc_MAD_Avg,GB_Entire_Time,GB_Entire_MAE,GB_Entire_RMSE,GB_Entire_MAD,GB_Cluster_Time_Avg,GB_Cluster_MAE_Avg,GB_Cluster_RMSE_Avg,GB_Cluster_MAD_Avg,GB_Euc_Time_Avg,GB_Euc_MAE_Avg,GB_Euc_RMSE_Avg,GB_Euc_MAD_Avg
500,1,0.5,2.0,6,0.00039196014404296875,0.04554139396076337,0.06322217389655631,0.03166617154606036,0.00035258134206136066,0.1760974524289212,0.31830583599309886,0.1233304401198712,0.00030295054117838543,0.19921843298696848,0.25486940794286467,0.17387360374618732,0.08590197563171387,0.03375760127574215,0.05335357032434298,0.02308410663682925,0.04472553730010986,0.17855255284612562,0.27765424567093216,0.11529385503906292,0.0434650182723999,0.15726658060116175,0.222223072399962,0.1294286951340615,0.04971885681152344,0.07957587780503253,0.11209461521374058,0.05363672845294194,0.015755375226338703,0.18857667189067495,0.35658844335322964,0.11470533476755816,0.018498460451761883,0.163367920177818,0.22622727417460017,0.13967618996428635,0.08678078651428223,0.07147561,0.10188179,0.046482205,0.041331211725870766,0.21956277,0.3699956,0.14871815,0.03607487678527832,0.13239518,0.21830045,0.07401103,0.03620767593383789,0.03304474476358936,0.05426928551157159,0.02023956520998843,0.013554970423380533,0.15883418055609985,0.23525201181133884,0.10533992495240056,0.01346882184346517,0.13824546337640892,0.21583179275450315,0.09464543682106785
