N,Norm,Lambda,Gamma,K,LR_Entire_Time,LR_Entire_MAE,LR_Entire_RMSE,LR_Entire_MAD,LR_Cluster_Time_Avg,LR_Cluster_MAE_Avg,LR_Cluster_RMSE_Avg,LR_Cluster_MAD_Avg,LR_Euc_Time_Avg,LR_Euc_MAE_Avg,LR_Euc_RMSE_Avg,LR_Euc_MAD_Avg,RF_Entire_Time,RF_Entire_MAE,RF_Entire_RMSE,RF_Entire_MAD,RF_Cluster_Time_Avg,RF_Cluster_MAE_Avg,RF_Cluster_RMSE_Avg,RF_Cluster_MAD_Avg,RF_Euc_Time_Avg,RF_Euc_MAE_Avg,RF_Euc_RMSE_Avg,RF_Euc_MAD_Avg,NN_Entire_Time,NN_Entire_MAE,NN_Entire_RMSE,NN_Entire_MAD,NN_Cluster_Time_Avg,NN_Cluster_MAE_Avg,NN_Cluster_RMSE_Avg,NN_Cluster_MAD_Avg,NN_Euc_Time_Avg,NN_Euc_MAE_Avg,NN_Euc_RMSE_Avg,NN_Euc_MAD_Avg,GP_Entire_Time,GP_Entire_MAE,GP_Entire_RMSE,GP_Entire_MAD,GP_Cluster_Time_Avg,GP_Cluster_MAE_Avg,GP_Cluster_RMSE_Avg,GP_Cluster_MAD_Avg,GP_Euc_Time_Avg,GP_Euc_MAE_Avg,GP_Euc_RMSE_Avg,GP_Euc_MAD_Avg,GB_Entire_Time,GB_Entire_MAE,GB_Entire_RMSE,GB_Entire_MAD,GB_Cluster_Time_Avg,GB_Cluster_MAE_Avg,GB_Cluster_RMSE_Avg,GB_Cluster_MAD_Avg,GB_Euc_Time_Avg,GB_Euc_MAE_Avg,GB_Euc_RMSE_Avg,GB_Euc_MAD_Avg
10000,1,0.1,0.5,4,0.0010230541229248047,0.06792803101151079,0.3219772320780228,0.0359716131146422,0.0007607340812683105,0.11615083792087509,0.2840335615295736,0.07895318915327343,0.0005309581756591797,0.1527846860515306,0.3747429160175923,0.0943320350517892,2.423403024673462,0.047507950434970865,0.2359473788025647,0.01813294833799095,0.5859671235084534,0.1095146619485727,0.287771272610869,0.05909311897108804,0.5692139863967896,0.11017348393240003,0.3441305165742366,0.051784450348773055,1.7724189758300781,0.07714046486165904,0.28975067218108935,0.030356972645425973,0.3893199563026428,0.09983144381922346,0.2554155830713485,0.05638368545610527,0.28692716360092163,0.13143838103277863,0.3569299013631089,0.05638225807013747,12.87755537033081,0.06954459,0.25901332,0.021434456,1.0696332454681396,0.09102708,0.24203673,0.051949628,1.3034852147102356,0.10156299,0.33400863,0.04231164,0.9001328945159912,0.04869517998452933,0.236715885174079,0.023290466776536956,0.22548073530197144,0.10207401874261103,0.2876440750209993,0.05962053589165241,0.2262793779373169,0.1052419222363759,0.3582326066617325,0.04929462430843737
