N,Norm,Lambda,Gamma,K,LR_Entire_Time,LR_Entire_MAE,LR_Entire_RMSE,LR_Entire_MAD,LR_Cluster_Time_Avg,LR_Cluster_MAE_Avg,LR_Cluster_RMSE_Avg,LR_Cluster_MAD_Avg,LR_Euc_Time_Avg,LR_Euc_MAE_Avg,LR_Euc_RMSE_Avg,LR_Euc_MAD_Avg,RF_Entire_Time,RF_Entire_MAE,RF_Entire_RMSE,RF_Entire_MAD,RF_Cluster_Time_Avg,RF_Cluster_MAE_Avg,RF_Cluster_RMSE_Avg,RF_Cluster_MAD_Avg,RF_Euc_Time_Avg,RF_Euc_MAE_Avg,RF_Euc_RMSE_Avg,RF_Euc_MAD_Avg,NN_Entire_Time,NN_Entire_MAE,NN_Entire_RMSE,NN_Entire_MAD,NN_Cluster_Time_Avg,NN_Cluster_MAE_Avg,NN_Cluster_RMSE_Avg,NN_Cluster_MAD_Avg,NN_Euc_Time_Avg,NN_Euc_MAE_Avg,NN_Euc_RMSE_Avg,NN_Euc_MAD_Avg,GP_Entire_Time,GP_Entire_MAE,GP_Entire_RMSE,GP_Entire_MAD,GP_Cluster_Time_Avg,GP_Cluster_MAE_Avg,GP_Cluster_RMSE_Avg,GP_Cluster_MAD_Avg,GP_Euc_Time_Avg,GP_Euc_MAE_Avg,GP_Euc_RMSE_Avg,GP_Euc_MAD_Avg,GB_Entire_Time,GB_Entire_MAE,GB_Entire_RMSE,GB_Entire_MAD,GB_Cluster_Time_Avg,GB_Cluster_MAE_Avg,GB_Cluster_RMSE_Avg,GB_Cluster_MAD_Avg,GB_Euc_Time_Avg,GB_Euc_MAE_Avg,GB_Euc_RMSE_Avg,GB_Euc_MAD_Avg
5000,1,0.9,0.5,6,0.0007278919219970703,0.06606716257040125,0.2627241057286416,0.044473382092633296,0.0003018379211425781,0.15509078377999427,0.32974246752512076,0.11789749379910387,0.0002744595209757487,0.22164609849587402,0.4643029753593615,0.14169759091135933,0.7746000289916992,0.0421741777793719,0.1969390051077097,0.019904603603718485,0.13784555594126383,0.14592306475381825,0.3489472036068666,0.08310176178185748,0.13498592376708984,0.18641966380799424,0.46671134846687773,0.08421883974403914,0.7179338932037354,0.0692836916118773,0.24578815228204373,0.031294639340184005,0.13729103406270346,0.1467311075633532,0.3207597402811316,0.09417368186849173,0.1029500961303711,0.19273144531073158,0.43586993701893356,0.09175114533142414,2.7858619689941406,0.07496668,0.24511907,0.028962925,0.17931310335795084,0.1464511,0.33262485,0.085763626,0.160241961479187,0.18662073,0.46244368,0.08969005,0.3047366142272949,0.04348815981978612,0.18466232918772146,0.024468698072139798,0.055710673332214355,0.13456175517673807,0.3293734036810934,0.08062309974908674,0.0560305118560791,0.18423061216832748,0.49585894426840804,0.07959289388669456
