N,Norm,Lambda,Gamma,K,LR_Entire_Time,LR_Entire_MAE,LR_Entire_RMSE,LR_Entire_MAD,LR_Cluster_Time_Avg,LR_Cluster_MAE_Avg,LR_Cluster_RMSE_Avg,LR_Cluster_MAD_Avg,LR_Euc_Time_Avg,LR_Euc_MAE_Avg,LR_Euc_RMSE_Avg,LR_Euc_MAD_Avg,RF_Entire_Time,RF_Entire_MAE,RF_Entire_RMSE,RF_Entire_MAD,RF_Cluster_Time_Avg,RF_Cluster_MAE_Avg,RF_Cluster_RMSE_Avg,RF_Cluster_MAD_Avg,RF_Euc_Time_Avg,RF_Euc_MAE_Avg,RF_Euc_RMSE_Avg,RF_Euc_MAD_Avg,NN_Entire_Time,NN_Entire_MAE,NN_Entire_RMSE,NN_Entire_MAD,NN_Cluster_Time_Avg,NN_Cluster_MAE_Avg,NN_Cluster_RMSE_Avg,NN_Cluster_MAD_Avg,NN_Euc_Time_Avg,NN_Euc_MAE_Avg,NN_Euc_RMSE_Avg,NN_Euc_MAD_Avg,GB_Entire_Time,GB_Entire_MAE,GB_Entire_RMSE,GB_Entire_MAD,GB_Cluster_Time_Avg,GB_Cluster_MAE_Avg,GB_Cluster_RMSE_Avg,GB_Cluster_MAD_Avg,GB_Euc_Time_Avg,GB_Euc_MAE_Avg,GB_Euc_RMSE_Avg,GB_Euc_MAD_Avg
100000,2,0.5,1.0,5,0.006503105163574219,0.0643103041422581,0.30043950634238437,0.03601264487927863,0.0024392127990722655,0.14402314814026926,0.38876448789592855,0.1002329513142524,0.0018092632293701173,0.1810003097263652,0.43049108119569157,0.11850972218814104,25.318365812301636,0.03975276027853186,0.19265524950665763,0.014971828663982778,4.472879886627197,0.11638839891782467,0.3566351101736175,0.06074860997730036,4.400185823440552,0.11608730581117381,0.37375117748228315,0.050506968999855205,13.601647138595581,0.052578498295649444,0.21020101586745638,0.026557410548676996,1.5351369380950928,0.09743280968261173,0.3335196854610195,0.04952091848745886,1.1493339538574219,0.11437651073544752,0.3519346486711851,0.057747110505480335,6.599913120269775,0.043896038869852896,0.19139222770770445,0.021572383600056005,1.2807990074157716,0.1149131810117534,0.36118934786074053,0.07085082105660317,1.276818323135376,0.11634603686436702,0.3650435263544852,0.058790766531387775
