N,Norm,Lambda,Gamma,K,LR_Entire_Time,LR_Entire_MAE,LR_Entire_RMSE,LR_Entire_MAD,LR_Cluster_Time_Avg,LR_Cluster_MAE_Avg,LR_Cluster_RMSE_Avg,LR_Cluster_MAD_Avg,LR_Euc_Time_Avg,LR_Euc_MAE_Avg,LR_Euc_RMSE_Avg,LR_Euc_MAD_Avg,RF_Entire_Time,RF_Entire_MAE,RF_Entire_RMSE,RF_Entire_MAD,RF_Cluster_Time_Avg,RF_Cluster_MAE_Avg,RF_Cluster_RMSE_Avg,RF_Cluster_MAD_Avg,RF_Euc_Time_Avg,RF_Euc_MAE_Avg,RF_Euc_RMSE_Avg,RF_Euc_MAD_Avg,NN_Entire_Time,NN_Entire_MAE,NN_Entire_RMSE,NN_Entire_MAD,NN_Cluster_Time_Avg,NN_Cluster_MAE_Avg,NN_Cluster_RMSE_Avg,NN_Cluster_MAD_Avg,NN_Euc_Time_Avg,NN_Euc_MAE_Avg,NN_Euc_RMSE_Avg,NN_Euc_MAD_Avg,GP_Entire_Time,GP_Entire_MAE,GP_Entire_RMSE,GP_Entire_MAD,GP_Cluster_Time_Avg,GP_Cluster_MAE_Avg,GP_Cluster_RMSE_Avg,GP_Cluster_MAD_Avg,GP_Euc_Time_Avg,GP_Euc_MAE_Avg,GP_Euc_RMSE_Avg,GP_Euc_MAD_Avg,GB_Entire_Time,GB_Entire_MAE,GB_Entire_RMSE,GB_Entire_MAD,GB_Cluster_Time_Avg,GB_Cluster_MAE_Avg,GB_Cluster_RMSE_Avg,GB_Cluster_MAD_Avg,GB_Euc_Time_Avg,GB_Euc_MAE_Avg,GB_Euc_RMSE_Avg,GB_Euc_MAD_Avg
100,1,0.1,2.0,3,0.0004029273986816406,0.19598571368711998,0.2658167496676893,0.12690348231686688,0.0004630088806152344,0.13833994956657233,0.15878494071142032,0.1329869330474561,0.0004069010416666667,0.21199546172254302,0.2537019055645321,0.16563578698744988,0.0443272590637207,0.04019244805387011,0.048398224570685586,0.03069090425994825,0.040229241053263344,0.1033056966242667,0.12644347885988758,0.10216237592801208,0.039237022399902344,0.35538190106942796,0.6119668789551612,0.11352665604816242,0.024113178253173828,0.2587498689923372,0.38540935687677713,0.12044268422442528,0.013118267059326172,0.1292824946131305,0.15262016871368686,0.10415839403652967,0.012735525767008463,0.11093347185871828,0.13062561777799567,0.09074323323774684,0.03655099868774414,0.14043128,0.21644284,0.062149398,0.03008278210957845,0.1008965,0.11475891,0.100225784,0.032524824142456055,0.1699987,0.20305915,0.1855737,0.014385223388671875,0.034965158048562976,0.04748732196019369,0.023898651900638015,0.011741558710734049,0.11361812093828057,0.13345575635868645,0.11422004354583076,0.011308670043945312,0.41138369275096237,0.9255852903697802,0.07072522171211652
