N,Norm,Lambda,Gamma,K,LR_Entire_Time,LR_Entire_MAE,LR_Entire_RMSE,LR_Entire_MAD,LR_Cluster_Time_Avg,LR_Cluster_MAE_Avg,LR_Cluster_RMSE_Avg,LR_Cluster_MAD_Avg,LR_Euc_Time_Avg,LR_Euc_MAE_Avg,LR_Euc_RMSE_Avg,LR_Euc_MAD_Avg,RF_Entire_Time,RF_Entire_MAE,RF_Entire_RMSE,RF_Entire_MAD,RF_Cluster_Time_Avg,RF_Cluster_MAE_Avg,RF_Cluster_RMSE_Avg,RF_Cluster_MAD_Avg,RF_Euc_Time_Avg,RF_Euc_MAE_Avg,RF_Euc_RMSE_Avg,RF_Euc_MAD_Avg,NN_Entire_Time,NN_Entire_MAE,NN_Entire_RMSE,NN_Entire_MAD,NN_Cluster_Time_Avg,NN_Cluster_MAE_Avg,NN_Cluster_RMSE_Avg,NN_Cluster_MAD_Avg,NN_Euc_Time_Avg,NN_Euc_MAE_Avg,NN_Euc_RMSE_Avg,NN_Euc_MAD_Avg,GB_Entire_Time,GB_Entire_MAE,GB_Entire_RMSE,GB_Entire_MAD,GB_Cluster_Time_Avg,GB_Cluster_MAE_Avg,GB_Cluster_RMSE_Avg,GB_Cluster_MAD_Avg,GB_Euc_Time_Avg,GB_Euc_MAE_Avg,GB_Euc_RMSE_Avg,GB_Euc_MAD_Avg
50000,2,0.1,1.0,4,0.0032508373260498047,0.06625561675942009,0.3233405659660932,0.03390383380555034,0.0011963248252868652,0.11610723112468681,0.30307161501919017,0.07912388722730612,0.001273810863494873,0.15681437021266262,0.40509421674927343,0.09586607981260689,11.07200813293457,0.04289971449601661,0.21752271975465365,0.015800753159860625,2.501510500907898,0.0945309984667857,0.2689840757831072,0.04882623098510884,2.4556480050086975,0.0991133858403809,0.3396191564493616,0.040225306336827076,8.997650861740112,0.056516981752478795,0.24437932789332464,0.020219921325598494,1.4279325604438782,0.08866032071316703,0.24745036598436596,0.046246126234849055,1.0277542471885681,0.09941043079122405,0.31701003438468295,0.04354575367637476,3.198316812515259,0.04808549066063074,0.2204067152331915,0.022824623588756338,0.7851463556289673,0.09392861440673426,0.2606256173061796,0.05612902954210357,0.7837553024291992,0.09898793142607401,0.33339198235759215,0.04656650408528118
