N,Norm,Lambda,Gamma,K,LR_Entire_Time,LR_Entire_MAE,LR_Entire_RMSE,LR_Entire_MAD,LR_Cluster_Time_Avg,LR_Cluster_MAE_Avg,LR_Cluster_RMSE_Avg,LR_Cluster_MAD_Avg,LR_Euc_Time_Avg,LR_Euc_MAE_Avg,LR_Euc_RMSE_Avg,LR_Euc_MAD_Avg,RF_Entire_Time,RF_Entire_MAE,RF_Entire_RMSE,RF_Entire_MAD,RF_Cluster_Time_Avg,RF_Cluster_MAE_Avg,RF_Cluster_RMSE_Avg,RF_Cluster_MAD_Avg,RF_Euc_Time_Avg,RF_Euc_MAE_Avg,RF_Euc_RMSE_Avg,RF_Euc_MAD_Avg,NN_Entire_Time,NN_Entire_MAE,NN_Entire_RMSE,NN_Entire_MAD,NN_Cluster_Time_Avg,NN_Cluster_MAE_Avg,NN_Cluster_RMSE_Avg,NN_Cluster_MAD_Avg,NN_Euc_Time_Avg,NN_Euc_MAE_Avg,NN_Euc_RMSE_Avg,NN_Euc_MAD_Avg,GP_Entire_Time,GP_Entire_MAE,GP_Entire_RMSE,GP_Entire_MAD,GP_Cluster_Time_Avg,GP_Cluster_MAE_Avg,GP_Cluster_RMSE_Avg,GP_Cluster_MAD_Avg,GP_Euc_Time_Avg,GP_Euc_MAE_Avg,GP_Euc_RMSE_Avg,GP_Euc_MAD_Avg,GB_Entire_Time,GB_Entire_MAE,GB_Entire_RMSE,GB_Entire_MAD,GB_Cluster_Time_Avg,GB_Cluster_MAE_Avg,GB_Cluster_RMSE_Avg,GB_Cluster_MAD_Avg,GB_Euc_Time_Avg,GB_Euc_MAE_Avg,GB_Euc_RMSE_Avg,GB_Euc_MAD_Avg
5000,2,0.1,1.0,4,0.0007643699645996094,0.06606716257040125,0.2627241057286416,0.044473382092633296,0.000357210636138916,0.12932281660197595,0.36209258624243645,0.08155493542861761,0.0003491044044494629,0.18254281304083378,0.5535900442820251,0.10327444653981978,0.7782831192016602,0.04245389857220841,0.19440411001438845,0.01998603114987152,0.19789201021194458,0.11764197129678164,0.3548326889905519,0.061965087818748946,0.19119995832443237,0.14336908847694818,0.5296506804883567,0.05273649043600339,1.0758976936340332,0.07451100208615097,0.24648861070409198,0.033310835141999534,0.18525069952011108,0.12407287045169901,0.35292401878939705,0.05847821209266433,0.13942855596542358,0.16300438053275795,0.5339728966281854,0.06612416069764256,2.6499741077423096,0.07410708,0.24502707,0.028091103,0.26762187480926514,0.1152664,0.34290665,0.052655928,0.24737775325775146,0.1506202,0.5645542,0.047701582,0.30555129051208496,0.043663183779329005,0.1879239438141376,0.02446869807213957,0.08078855276107788,0.11230431604733263,0.3518867759792854,0.05785467352447947,0.0805511474609375,0.13042113042226186,0.5137016804856015,0.04829831953910241
