N,Norm,Lambda,Gamma,K,LR_Entire_Time,LR_Entire_MAE,LR_Entire_RMSE,LR_Entire_MAD,LR_Cluster_Time_Avg,LR_Cluster_MAE_Avg,LR_Cluster_RMSE_Avg,LR_Cluster_MAD_Avg,LR_Euc_Time_Avg,LR_Euc_MAE_Avg,LR_Euc_RMSE_Avg,LR_Euc_MAD_Avg,RF_Entire_Time,RF_Entire_MAE,RF_Entire_RMSE,RF_Entire_MAD,RF_Cluster_Time_Avg,RF_Cluster_MAE_Avg,RF_Cluster_RMSE_Avg,RF_Cluster_MAD_Avg,RF_Euc_Time_Avg,RF_Euc_MAE_Avg,RF_Euc_RMSE_Avg,RF_Euc_MAD_Avg,NN_Entire_Time,NN_Entire_MAE,NN_Entire_RMSE,NN_Entire_MAD,NN_Cluster_Time_Avg,NN_Cluster_MAE_Avg,NN_Cluster_RMSE_Avg,NN_Cluster_MAD_Avg,NN_Euc_Time_Avg,NN_Euc_MAE_Avg,NN_Euc_RMSE_Avg,NN_Euc_MAD_Avg,GP_Entire_Time,GP_Entire_MAE,GP_Entire_RMSE,GP_Entire_MAD,GP_Cluster_Time_Avg,GP_Cluster_MAE_Avg,GP_Cluster_RMSE_Avg,GP_Cluster_MAD_Avg,GP_Euc_Time_Avg,GP_Euc_MAE_Avg,GP_Euc_RMSE_Avg,GP_Euc_MAD_Avg,GB_Entire_Time,GB_Entire_MAE,GB_Entire_RMSE,GB_Entire_MAD,GB_Cluster_Time_Avg,GB_Cluster_MAE_Avg,GB_Cluster_RMSE_Avg,GB_Cluster_MAD_Avg,GB_Euc_Time_Avg,GB_Euc_MAE_Avg,GB_Euc_RMSE_Avg,GB_Euc_MAD_Avg
10000,1,0.5,2.0,4,0.0010287761688232422,0.06792803101151079,0.3219772320780228,0.0359716131146422,0.0006357431411743164,0.11715966440717737,0.28872499929154555,0.08006792390960274,0.0006021261215209961,0.1527846860515306,0.3747429160175923,0.0943320350517892,2.4381539821624756,0.04701678143711562,0.23554540218261566,0.01792192528725079,0.5722079277038574,0.10776951635788226,0.28097839668618946,0.06024156532021055,0.5520429015159607,0.11016683633612465,0.34728407805003614,0.050502773650072746,2.6467483043670654,0.08669991369036743,0.28070092960734155,0.04064905062139673,0.47835302352905273,0.10653855497339727,0.27249614943936884,0.05928592816727296,0.29365992546081543,0.13172020418633268,0.3490571309916547,0.05750842596281551,14.109448909759521,0.069460146,0.25876105,0.020845216,1.1798585057258606,0.09473159,0.26449353,0.050212692,1.4537416696548462,0.10149449,0.3351928,0.040920578,0.9055287837982178,0.04883406156138013,0.23735541676565672,0.023290466776537122,0.23153471946716309,0.09717771964381755,0.26116128402070476,0.06075972336572235,0.22803372144699097,0.10713690284617074,0.35995854739782296,0.04912708377636696
