N,Norm,Lambda,Gamma,K,LR_Entire_Time,LR_Entire_MAE,LR_Entire_RMSE,LR_Entire_MAD,LR_Cluster_Time_Avg,LR_Cluster_MAE_Avg,LR_Cluster_RMSE_Avg,LR_Cluster_MAD_Avg,LR_Euc_Time_Avg,LR_Euc_MAE_Avg,LR_Euc_RMSE_Avg,LR_Euc_MAD_Avg,RF_Entire_Time,RF_Entire_MAE,RF_Entire_RMSE,RF_Entire_MAD,RF_Cluster_Time_Avg,RF_Cluster_MAE_Avg,RF_Cluster_RMSE_Avg,RF_Cluster_MAD_Avg,RF_Euc_Time_Avg,RF_Euc_MAE_Avg,RF_Euc_RMSE_Avg,RF_Euc_MAD_Avg,NN_Entire_Time,NN_Entire_MAE,NN_Entire_RMSE,NN_Entire_MAD,NN_Cluster_Time_Avg,NN_Cluster_MAE_Avg,NN_Cluster_RMSE_Avg,NN_Cluster_MAD_Avg,NN_Euc_Time_Avg,NN_Euc_MAE_Avg,NN_Euc_RMSE_Avg,NN_Euc_MAD_Avg,GP_Entire_Time,GP_Entire_MAE,GP_Entire_RMSE,GP_Entire_MAD,GP_Cluster_Time_Avg,GP_Cluster_MAE_Avg,GP_Cluster_RMSE_Avg,GP_Cluster_MAD_Avg,GP_Euc_Time_Avg,GP_Euc_MAE_Avg,GP_Euc_RMSE_Avg,GP_Euc_MAD_Avg,GB_Entire_Time,GB_Entire_MAE,GB_Entire_RMSE,GB_Entire_MAD,GB_Cluster_Time_Avg,GB_Cluster_MAE_Avg,GB_Cluster_RMSE_Avg,GB_Cluster_MAD_Avg,GB_Euc_Time_Avg,GB_Euc_MAE_Avg,GB_Euc_RMSE_Avg,GB_Euc_MAD_Avg
5000,1,0.5,1.0,7,0.0008218288421630859,0.06606716257040125,0.2627241057286416,0.044473382092633296,0.000299487795148577,0.1688677182814112,0.26906878813223417,0.1397882007344117,0.00033014161246163506,0.2309213956600825,0.4281767200218489,0.16803380215287375,0.7668328285217285,0.04245712410010813,0.19505985220607727,0.01978661675112403,0.120354277747018,0.14878699770947712,0.2758553942707057,0.10013713880694579,0.11794659069606236,0.1874123040953395,0.42924503999587493,0.10097943928703244,0.4842031002044678,0.0753570542703315,0.25111203898399076,0.0381656521776719,0.11553559984479632,0.15181097644644184,0.26804957957256387,0.09600843811366833,0.10721305438450404,0.18328612270615477,0.4060886867849624,0.0962333440049359,2.948974132537842,0.074579924,0.24560349,0.029403925,0.13618530545915877,0.1444885,0.2666355,0.09647175,0.1387502465929304,0.18625943,0.42731166,0.098997764,0.3049178123474121,0.043703388391814584,0.1885240093566217,0.024468698072139573,0.05401233264378139,0.13782842937030637,0.25475322435024367,0.09270289086049481,0.05028918811253139,0.17578034098643355,0.42354773283584046,0.09829696985792447
