N,Norm,Lambda,Gamma,K,LR_Entire_Time,LR_Entire_MAE,LR_Entire_RMSE,LR_Entire_MAD,LR_Cluster_Time_Avg,LR_Cluster_MAE_Avg,LR_Cluster_RMSE_Avg,LR_Cluster_MAD_Avg,LR_Euc_Time_Avg,LR_Euc_MAE_Avg,LR_Euc_RMSE_Avg,LR_Euc_MAD_Avg,RF_Entire_Time,RF_Entire_MAE,RF_Entire_RMSE,RF_Entire_MAD,RF_Cluster_Time_Avg,RF_Cluster_MAE_Avg,RF_Cluster_RMSE_Avg,RF_Cluster_MAD_Avg,RF_Euc_Time_Avg,RF_Euc_MAE_Avg,RF_Euc_RMSE_Avg,RF_Euc_MAD_Avg,NN_Entire_Time,NN_Entire_MAE,NN_Entire_RMSE,NN_Entire_MAD,NN_Cluster_Time_Avg,NN_Cluster_MAE_Avg,NN_Cluster_RMSE_Avg,NN_Cluster_MAD_Avg,NN_Euc_Time_Avg,NN_Euc_MAE_Avg,NN_Euc_RMSE_Avg,NN_Euc_MAD_Avg,GP_Entire_Time,GP_Entire_MAE,GP_Entire_RMSE,GP_Entire_MAD,GP_Cluster_Time_Avg,GP_Cluster_MAE_Avg,GP_Cluster_RMSE_Avg,GP_Cluster_MAD_Avg,GP_Euc_Time_Avg,GP_Euc_MAE_Avg,GP_Euc_RMSE_Avg,GP_Euc_MAD_Avg,GB_Entire_Time,GB_Entire_MAE,GB_Entire_RMSE,GB_Entire_MAD,GB_Cluster_Time_Avg,GB_Cluster_MAE_Avg,GB_Cluster_RMSE_Avg,GB_Cluster_MAD_Avg,GB_Euc_Time_Avg,GB_Euc_MAE_Avg,GB_Euc_RMSE_Avg,GB_Euc_MAD_Avg
10000,1,0.9,2.0,4,0.0011718273162841797,0.06792803101151079,0.3219772320780228,0.0359716131146422,0.0006742477416992188,0.11715966440717737,0.28872499929154555,0.08006792390960274,0.0006417632102966309,0.1527846860515306,0.3747429160175923,0.0943320350517892,2.4376697540283203,0.04628381801819547,0.232557744594149,0.017832541171199756,0.5679832696914673,0.10624093847465502,0.2758050572156769,0.05882587951028545,0.5507120490074158,0.10979112179318219,0.3447915502083552,0.0507119617790904,1.9114832878112793,0.07172525153282899,0.2914632595638777,0.02537810130609234,0.4297969937324524,0.10598656350194952,0.2717951397333823,0.055900381577861744,0.26120346784591675,0.12975635498549842,0.35114909200257793,0.05823395387762671,12.413119077682495,0.07150086,0.25946066,0.025220409,1.0714403986930847,0.09424801,0.264892,0.04962908,1.572393536567688,0.10116726,0.33464262,0.04048523,0.8785150051116943,0.048791911833281305,0.23759093608925455,0.02329046677653701,0.22145026922225952,0.09703892544294701,0.26050280193673503,0.06087662945572209,0.22166210412979126,0.1053593692018148,0.3583564671741092,0.04923973918085572
