N,Norm,Lambda,Gamma,K,LR_Entire_Time,LR_Entire_MAE,LR_Entire_RMSE,LR_Entire_MAD,LR_Cluster_Time_Avg,LR_Cluster_MAE_Avg,LR_Cluster_RMSE_Avg,LR_Cluster_MAD_Avg,LR_Cluster_MAE_Median,LR_Cluster_RMSE_Median,LR_Cluster_MAD_Median,RF_Entire_Time,RF_Entire_MAE,RF_Entire_RMSE,RF_Entire_MAD,RF_Cluster_Time_Avg,RF_Cluster_MAE_Avg,RF_Cluster_RMSE_Avg,RF_Cluster_MAD_Avg,RF_Cluster_MAE_Median,RF_Cluster_RMSE_Median,RF_Cluster_MAD_Median,NN_Entire_Time,NN_Entire_MAE,NN_Entire_RMSE,NN_Entire_MAD,NN_Cluster_Time_Avg,NN_Cluster_MAE_Avg,NN_Cluster_RMSE_Avg,NN_Cluster_MAD_Avg,NN_Cluster_MAE_Median,NN_Cluster_RMSE_Median,NN_Cluster_MAD_Median,GP_Entire_Time,GP_Entire_MAE,GP_Entire_RMSE,GP_Entire_MAD,GP_Cluster_Time_Avg,GP_Cluster_MAE_Avg,GP_Cluster_RMSE_Avg,GP_Cluster_MAD_Avg,GP_Cluster_MAE_Median,GP_Cluster_RMSE_Median,GP_Cluster_MAD_Median,GB_Entire_Time,GB_Entire_MAE,GB_Entire_RMSE,GB_Entire_MAD,GB_Cluster_Time_Avg,GB_Cluster_MAE_Avg,GB_Cluster_RMSE_Avg,GB_Cluster_MAD_Avg,GB_Cluster_MAE_Median,GB_Cluster_RMSE_Median,GB_Cluster_MAD_Median
1000,1,0.9,2.0,3,0.0006639957427978516,0.07572404595198262,0.3176633156201745,0.045674406410488144,0.0008576711018880209,0.08578402764896005,0.23180723967748654,0.05642961358196461,0.08853538707805389,0.1127923190990959,0.06972040358351161,0.1430981159210205,0.022471284584300574,0.03141843583833585,0.01709967071615466,0.06679550806681316,0.03625160515535059,0.058484143421401735,0.024761299614700694,0.03519657556352555,0.05012897438754442,0.025285812951904907,0.20686793327331543,0.09227007850822133,0.3053474959230498,0.03660664661666979,0.0561826229095459,0.08648120792161318,0.24597010508673203,0.04160245915002932,0.07230953957161913,0.11290948571574544,0.04271146261034543,0.2128009796142578,0.09063805,0.28110394,0.036968112,0.07373301188151042,0.09294874,0.29408494,0.030055432,0.10498074442148209,0.30025237798690796,0.025921575725078583,0.06255722045898438,0.02212772784449857,0.029516057465913723,0.017278896091539805,0.02507893244425456,0.033980166745755845,0.05237699737618528,0.022971791973811388,0.03348806408120724,0.05063149292627561,0.0223170532757907
