N,Norm,Lambda,Gamma,K,LR_Entire_Time,LR_Entire_MAE,LR_Entire_RMSE,LR_Entire_MAD,LR_Cluster_Time_Avg,LR_Cluster_MAE_Avg,LR_Cluster_RMSE_Avg,LR_Cluster_MAD_Avg,LR_Euc_Time_Avg,LR_Euc_MAE_Avg,LR_Euc_RMSE_Avg,LR_Euc_MAD_Avg,RF_Entire_Time,RF_Entire_MAE,RF_Entire_RMSE,RF_Entire_MAD,RF_Cluster_Time_Avg,RF_Cluster_MAE_Avg,RF_Cluster_RMSE_Avg,RF_Cluster_MAD_Avg,RF_Euc_Time_Avg,RF_Euc_MAE_Avg,RF_Euc_RMSE_Avg,RF_Euc_MAD_Avg,NN_Entire_Time,NN_Entire_MAE,NN_Entire_RMSE,NN_Entire_MAD,NN_Cluster_Time_Avg,NN_Cluster_MAE_Avg,NN_Cluster_RMSE_Avg,NN_Cluster_MAD_Avg,NN_Euc_Time_Avg,NN_Euc_MAE_Avg,NN_Euc_RMSE_Avg,NN_Euc_MAD_Avg,GB_Entire_Time,GB_Entire_MAE,GB_Entire_RMSE,GB_Entire_MAD,GB_Cluster_Time_Avg,GB_Cluster_MAE_Avg,GB_Cluster_RMSE_Avg,GB_Cluster_MAD_Avg,GB_Euc_Time_Avg,GB_Euc_MAE_Avg,GB_Euc_RMSE_Avg,GB_Euc_MAD_Avg
50000,2,0.9,1.0,5,0.0032341480255126953,0.06625561675942009,0.3233405659660932,0.03390383380555034,0.0010597705841064453,0.14171690664156503,0.35104013995179517,0.09893981873930807,0.0009226799011230469,0.1801006369020747,0.4476572912709266,0.11853718463557242,11.271918773651123,0.04260919252039989,0.21491583198862615,0.015918962611754905,1.97059965133667,0.12012050141080528,0.32276261257844757,0.06526462756677551,1.9574231147766112,0.11947291874025656,0.39178492568153966,0.053806148633358176,11.978402137756348,0.06307839797791533,0.2294339833336751,0.03002731890185628,1.2397733211517334,0.10223552472513364,0.29715710650862415,0.053986877304094016,0.9032312870025635,0.12035941471921101,0.3778383353460595,0.05471718847854797,3.2559289932250977,0.048169714655924595,0.2205420416250953,0.022824623588756393,0.6429206371307373,0.11580538946104812,0.3088659124927241,0.07266441639514096,0.6432466506958008,0.12001685938001719,0.3876597234125308,0.06197272023325442
