N,Norm,Lambda,Gamma,K,LR_Entire_Time,LR_Entire_MAE,LR_Entire_RMSE,LR_Entire_MAD,LR_Cluster_Time_Avg,LR_Cluster_MAE_Avg,LR_Cluster_RMSE_Avg,LR_Cluster_MAD_Avg,LR_Cluster_MAE_Median,LR_Cluster_RMSE_Median,LR_Cluster_MAD_Median,RF_Entire_Time,RF_Entire_MAE,RF_Entire_RMSE,RF_Entire_MAD,RF_Cluster_Time_Avg,RF_Cluster_MAE_Avg,RF_Cluster_RMSE_Avg,RF_Cluster_MAD_Avg,RF_Cluster_MAE_Median,RF_Cluster_RMSE_Median,RF_Cluster_MAD_Median,NN_Entire_Time,NN_Entire_MAE,NN_Entire_RMSE,NN_Entire_MAD,NN_Cluster_Time_Avg,NN_Cluster_MAE_Avg,NN_Cluster_RMSE_Avg,NN_Cluster_MAD_Avg,NN_Cluster_MAE_Median,NN_Cluster_RMSE_Median,NN_Cluster_MAD_Median,GP_Entire_Time,GP_Entire_MAE,GP_Entire_RMSE,GP_Entire_MAD,GP_Cluster_Time_Avg,GP_Cluster_MAE_Avg,GP_Cluster_RMSE_Avg,GP_Cluster_MAD_Avg,GP_Cluster_MAE_Median,GP_Cluster_RMSE_Median,GP_Cluster_MAD_Median,GB_Entire_Time,GB_Entire_MAE,GB_Entire_RMSE,GB_Entire_MAD,GB_Cluster_Time_Avg,GB_Cluster_MAE_Avg,GB_Cluster_RMSE_Avg,GB_Cluster_MAD_Avg,GB_Cluster_MAE_Median,GB_Cluster_RMSE_Median,GB_Cluster_MAD_Median
10000,1,0.9,0.5,3,0.0012822151184082031,0.0711493164406142,0.34865177023578486,0.037222118158097006,0.0012135505676269531,0.058707986778642106,0.18593228508944426,0.04192205006314109,0.06482867701719655,0.23775683086951832,0.04399767217650663,1.641974925994873,0.042833550595154236,0.20622022536656753,0.0173500584756634,0.4484713872273763,0.03173652374766629,0.10776874465042519,0.016005915860854297,0.03263606137444712,0.10582982187960532,0.014818269465466993,2.080496072769165,0.072390903007705,0.29097172502421326,0.02534394893221459,0.5336329936981201,0.06678326730945065,0.19000038631661612,0.0344512756109401,0.060147732096424926,0.2195668447225002,0.027184075096862825,9.464226722717285,0.05924194,0.25261793,0.01713407,1.746310869852702,0.055594306,0.17471272,0.022066122,0.055808138102293015,0.1945650428533554,0.021328791975975037,0.5883891582489014,0.04603079895411702,0.19532267297410488,0.022916511687970043,0.18139012654622397,0.03559094423772691,0.14204428450528425,0.018855865231482454,0.034699675523334646,0.15169592808076024,0.01770937911508752
