N,Norm,Lambda,Gamma,K,LR_Entire_Time,LR_Entire_MAE,LR_Entire_RMSE,LR_Entire_MAD,LR_Cluster_Time_Avg,LR_Cluster_MAE_Avg,LR_Cluster_RMSE_Avg,LR_Cluster_MAD_Avg,LR_Euc_Time_Avg,LR_Euc_MAE_Avg,LR_Euc_RMSE_Avg,LR_Euc_MAD_Avg,RF_Entire_Time,RF_Entire_MAE,RF_Entire_RMSE,RF_Entire_MAD,RF_Cluster_Time_Avg,RF_Cluster_MAE_Avg,RF_Cluster_RMSE_Avg,RF_Cluster_MAD_Avg,RF_Euc_Time_Avg,RF_Euc_MAE_Avg,RF_Euc_RMSE_Avg,RF_Euc_MAD_Avg,NN_Entire_Time,NN_Entire_MAE,NN_Entire_RMSE,NN_Entire_MAD,NN_Cluster_Time_Avg,NN_Cluster_MAE_Avg,NN_Cluster_RMSE_Avg,NN_Cluster_MAD_Avg,NN_Euc_Time_Avg,NN_Euc_MAE_Avg,NN_Euc_RMSE_Avg,NN_Euc_MAD_Avg,GP_Entire_Time,GP_Entire_MAE,GP_Entire_RMSE,GP_Entire_MAD,GP_Cluster_Time_Avg,GP_Cluster_MAE_Avg,GP_Cluster_RMSE_Avg,GP_Cluster_MAD_Avg,GP_Euc_Time_Avg,GP_Euc_MAE_Avg,GP_Euc_RMSE_Avg,GP_Euc_MAD_Avg,GB_Entire_Time,GB_Entire_MAE,GB_Entire_RMSE,GB_Entire_MAD,GB_Cluster_Time_Avg,GB_Cluster_MAE_Avg,GB_Cluster_RMSE_Avg,GB_Cluster_MAD_Avg,GB_Euc_Time_Avg,GB_Euc_MAE_Avg,GB_Euc_RMSE_Avg,GB_Euc_MAD_Avg
1000,1,0.5,0.5,4,0.0005681514739990234,0.03174555839505721,0.043465480669550194,0.023354845822268516,0.0004234910011291504,0.09382534242809296,0.13102556231420276,0.07650186720028314,0.00042897462844848633,0.11933357968464367,0.15914693815912323,0.09691046142812622,0.14398884773254395,0.026913548357382952,0.03585774636150867,0.021262292133620686,0.06135702133178711,0.09910854875133426,0.14826760081551515,0.06892694148516779,0.0593949556350708,0.0755549543695013,0.10798138577937014,0.05518104283722709,0.07460403442382812,0.06023331369975496,0.07820385910448677,0.04894292120374828,0.05965757369995117,0.11924856185723623,0.17069736119806156,0.07729459589124107,0.04539608955383301,0.13564155924411764,0.19476161431183678,0.10281992369597745,0.19597291946411133,0.047523502,0.08538143,0.030398354,0.05868172645568848,0.103373095,0.17265856,0.06926249,0.04957020282745361,0.10506934,0.17928883,0.0619057,0.06469583511352539,0.023011408627902203,0.029879333840250915,0.019896181155514586,0.022427916526794434,0.09136874405846042,0.13426873998203684,0.06297142944371355,0.022450029850006104,0.0734711831131364,0.11061551688244159,0.050837953387554626
