N,Norm,Lambda,Gamma,K,LR_Entire_Time,LR_Entire_MAE,LR_Entire_RMSE,LR_Entire_MAD,LR_Cluster_Time_Avg,LR_Cluster_MAE_Avg,LR_Cluster_RMSE_Avg,LR_Cluster_MAD_Avg,LR_Euc_Time_Avg,LR_Euc_MAE_Avg,LR_Euc_RMSE_Avg,LR_Euc_MAD_Avg,RF_Entire_Time,RF_Entire_MAE,RF_Entire_RMSE,RF_Entire_MAD,RF_Cluster_Time_Avg,RF_Cluster_MAE_Avg,RF_Cluster_RMSE_Avg,RF_Cluster_MAD_Avg,RF_Euc_Time_Avg,RF_Euc_MAE_Avg,RF_Euc_RMSE_Avg,RF_Euc_MAD_Avg,NN_Entire_Time,NN_Entire_MAE,NN_Entire_RMSE,NN_Entire_MAD,NN_Cluster_Time_Avg,NN_Cluster_MAE_Avg,NN_Cluster_RMSE_Avg,NN_Cluster_MAD_Avg,NN_Euc_Time_Avg,NN_Euc_MAE_Avg,NN_Euc_RMSE_Avg,NN_Euc_MAD_Avg,GB_Entire_Time,GB_Entire_MAE,GB_Entire_RMSE,GB_Entire_MAD,GB_Cluster_Time_Avg,GB_Cluster_MAE_Avg,GB_Cluster_RMSE_Avg,GB_Cluster_MAD_Avg,GB_Euc_Time_Avg,GB_Euc_MAE_Avg,GB_Euc_RMSE_Avg,GB_Euc_MAD_Avg
100000,1,0.9,0.5,7,0.005914926528930664,0.0643103041422581,0.30043950634238437,0.03601264487927863,0.0015160696847098215,0.19608801716122495,0.5080252290648436,0.14029668084199948,0.002260174070085798,0.21916092885132782,0.5380078145111772,0.14733366206872503,26.004252910614014,0.03961766486130935,0.19077380174524192,0.01505717470168505,3.1385627133505687,0.15842706983014695,0.48647088130185284,0.08586833062159385,3.084991352898734,0.1662246468353487,0.5360433754537556,0.07401075445332338,13.716642141342163,0.0474009384664943,0.202092149377287,0.020391116558947597,1.2625512736184257,0.13441944279439969,0.45360871801753394,0.07355063866842117,0.8659987109048026,0.14166871636194586,0.48040868036805406,0.06714169294167355,6.639200925827026,0.043883143661369875,0.19087842879760705,0.021572383600056193,0.9220902919769287,0.15570290056647967,0.4684356475741837,0.09632049753268339,0.9096666404179165,0.16281613841543077,0.5341850313086337,0.08490596361120684
