N,Norm,Lambda,Gamma,K,LR_Entire_Time,LR_Entire_MAE,LR_Entire_RMSE,LR_Entire_MAD,LR_Cluster_Time_Avg,LR_Cluster_MAE_Avg,LR_Cluster_RMSE_Avg,LR_Cluster_MAD_Avg,LR_Euc_Time_Avg,LR_Euc_MAE_Avg,LR_Euc_RMSE_Avg,LR_Euc_MAD_Avg,RF_Entire_Time,RF_Entire_MAE,RF_Entire_RMSE,RF_Entire_MAD,RF_Cluster_Time_Avg,RF_Cluster_MAE_Avg,RF_Cluster_RMSE_Avg,RF_Cluster_MAD_Avg,RF_Euc_Time_Avg,RF_Euc_MAE_Avg,RF_Euc_RMSE_Avg,RF_Euc_MAD_Avg,NN_Entire_Time,NN_Entire_MAE,NN_Entire_RMSE,NN_Entire_MAD,NN_Cluster_Time_Avg,NN_Cluster_MAE_Avg,NN_Cluster_RMSE_Avg,NN_Cluster_MAD_Avg,NN_Euc_Time_Avg,NN_Euc_MAE_Avg,NN_Euc_RMSE_Avg,NN_Euc_MAD_Avg,GP_Entire_Time,GP_Entire_MAE,GP_Entire_RMSE,GP_Entire_MAD,GP_Cluster_Time_Avg,GP_Cluster_MAE_Avg,GP_Cluster_RMSE_Avg,GP_Cluster_MAD_Avg,GP_Euc_Time_Avg,GP_Euc_MAE_Avg,GP_Euc_RMSE_Avg,GP_Euc_MAD_Avg,GB_Entire_Time,GB_Entire_MAE,GB_Entire_RMSE,GB_Entire_MAD,GB_Cluster_Time_Avg,GB_Cluster_MAE_Avg,GB_Cluster_RMSE_Avg,GB_Cluster_MAD_Avg,GB_Euc_Time_Avg,GB_Euc_MAE_Avg,GB_Euc_RMSE_Avg,GB_Euc_MAD_Avg
10000,2,0.9,1.0,4,0.0007719993591308594,0.06792803101151079,0.3219772320780228,0.0359716131146422,0.0005029439926147461,0.11715966440717737,0.28872499929154555,0.08006792390960274,0.00039947032928466797,0.1527846860515306,0.3747429160175923,0.0943320350517892,1.6997036933898926,0.046630414905312105,0.23280549226927053,0.017943246269060742,0.40310245752334595,0.10476508112620189,0.2719464760036751,0.06008747962842015,0.3873409628868103,0.11101175430087977,0.3456029919937339,0.05225186317140723,1.1083920001983643,0.07474021537664514,0.2917192957030437,0.030578426289276983,0.3311731815338135,0.10623354255393938,0.2712265196562772,0.06063663545853928,0.23500275611877441,0.1328664653189082,0.35446230160792414,0.06149701363765108,9.667861938476562,0.071475685,0.26004067,0.024143934,0.9083245992660522,0.09441058,0.26471475,0.04917352,1.1174008250236511,0.10136615,0.33382195,0.041173838,0.6345229148864746,0.04879281469485721,0.23760046849882976,0.02329046677653715,0.15842878818511963,0.09723487993737763,0.26108905459350806,0.06075972336572242,0.15977942943572998,0.10682615532584412,0.35992351946630835,0.049240077018875075
