N,Norm,Lambda,Gamma,K,LR_Entire_Time,LR_Entire_MAE,LR_Entire_RMSE,LR_Entire_MAD,LR_Cluster_Time_Avg,LR_Cluster_MAE_Avg,LR_Cluster_RMSE_Avg,LR_Cluster_MAD_Avg,LR_Euc_Time_Avg,LR_Euc_MAE_Avg,LR_Euc_RMSE_Avg,LR_Euc_MAD_Avg,RF_Entire_Time,RF_Entire_MAE,RF_Entire_RMSE,RF_Entire_MAD,RF_Cluster_Time_Avg,RF_Cluster_MAE_Avg,RF_Cluster_RMSE_Avg,RF_Cluster_MAD_Avg,RF_Euc_Time_Avg,RF_Euc_MAE_Avg,RF_Euc_RMSE_Avg,RF_Euc_MAD_Avg,NN_Entire_Time,NN_Entire_MAE,NN_Entire_RMSE,NN_Entire_MAD,NN_Cluster_Time_Avg,NN_Cluster_MAE_Avg,NN_Cluster_RMSE_Avg,NN_Cluster_MAD_Avg,NN_Euc_Time_Avg,NN_Euc_MAE_Avg,NN_Euc_RMSE_Avg,NN_Euc_MAD_Avg,GP_Entire_Time,GP_Entire_MAE,GP_Entire_RMSE,GP_Entire_MAD,GP_Cluster_Time_Avg,GP_Cluster_MAE_Avg,GP_Cluster_RMSE_Avg,GP_Cluster_MAD_Avg,GP_Euc_Time_Avg,GP_Euc_MAE_Avg,GP_Euc_RMSE_Avg,GP_Euc_MAD_Avg,GB_Entire_Time,GB_Entire_MAE,GB_Entire_RMSE,GB_Entire_MAD,GB_Cluster_Time_Avg,GB_Cluster_MAE_Avg,GB_Cluster_RMSE_Avg,GB_Cluster_MAD_Avg,GB_Euc_Time_Avg,GB_Euc_MAE_Avg,GB_Euc_RMSE_Avg,GB_Euc_MAD_Avg
10000,2,0.9,2.0,5,0.0007739067077636719,0.06792803101151079,0.3219772320780228,0.0359716131146422,0.0007071495056152344,0.19949138890835844,0.4662659875324506,0.12485914093916464,0.00040602684020996094,0.1897523611746837,0.46220891377119566,0.11917088401090466,1.8650648593902588,0.04716986307970989,0.23782861006044367,0.018163289735182858,0.3162082195281982,0.16017450626554292,0.5047113593937016,0.06309593744384377,0.3161116123199463,0.1829873876961947,0.5323049727913778,0.06739006166421571,1.5497348308563232,0.07831535198302478,0.2864710989562961,0.03102432847973563,0.21861929893493653,0.17702444589786717,0.4885270527685851,0.06642836411293503,0.15745739936828612,0.1548050261503163,0.42618620260558576,0.07088606040131246,9.211384057998657,0.0702123,0.25732255,0.021608412,0.6625978469848632,0.16033545,0.46608576,0.05849866,0.7656383991241456,0.15210357,0.47824603,0.05885408,0.6259989738464355,0.0486961831640581,0.23672650779066073,0.023290466776537122,0.12708659172058107,0.16267201787350785,0.5479962918627843,0.06449042713813054,0.12757511138916017,0.16745289599913324,0.5412064642937693,0.06310495632725718
