N,Norm,Lambda,Gamma,K,LR_Entire_Time,LR_Entire_MAE,LR_Entire_RMSE,LR_Entire_MAD,LR_Cluster_Time_Avg,LR_Cluster_MAE_Avg,LR_Cluster_RMSE_Avg,LR_Cluster_MAD_Avg,LR_Euc_Time_Avg,LR_Euc_MAE_Avg,LR_Euc_RMSE_Avg,LR_Euc_MAD_Avg,RF_Entire_Time,RF_Entire_MAE,RF_Entire_RMSE,RF_Entire_MAD,RF_Cluster_Time_Avg,RF_Cluster_MAE_Avg,RF_Cluster_RMSE_Avg,RF_Cluster_MAD_Avg,RF_Euc_Time_Avg,RF_Euc_MAE_Avg,RF_Euc_RMSE_Avg,RF_Euc_MAD_Avg,NN_Entire_Time,NN_Entire_MAE,NN_Entire_RMSE,NN_Entire_MAD,NN_Cluster_Time_Avg,NN_Cluster_MAE_Avg,NN_Cluster_RMSE_Avg,NN_Cluster_MAD_Avg,NN_Euc_Time_Avg,NN_Euc_MAE_Avg,NN_Euc_RMSE_Avg,NN_Euc_MAD_Avg,GP_Entire_Time,GP_Entire_MAE,GP_Entire_RMSE,GP_Entire_MAD,GP_Cluster_Time_Avg,GP_Cluster_MAE_Avg,GP_Cluster_RMSE_Avg,GP_Cluster_MAD_Avg,GP_Euc_Time_Avg,GP_Euc_MAE_Avg,GP_Euc_RMSE_Avg,GP_Euc_MAD_Avg,GB_Entire_Time,GB_Entire_MAE,GB_Entire_RMSE,GB_Entire_MAD,GB_Cluster_Time_Avg,GB_Cluster_MAE_Avg,GB_Cluster_RMSE_Avg,GB_Cluster_MAD_Avg,GB_Euc_Time_Avg,GB_Euc_MAE_Avg,GB_Euc_RMSE_Avg,GB_Euc_MAD_Avg
10000,1,0.1,0.5,3,0.0016739368438720703,0.06792803101151079,0.3219772320780228,0.0359716131146422,0.0010995864868164062,0.09673842157375756,0.2759004119682224,0.0602257405304506,0.0006936391194661459,0.1339008915097624,0.3611311607589738,0.0870481855744885,2.4369781017303467,0.04667320256230883,0.23135474768135844,0.01786424929799449,0.7654589811960856,0.08480949511491415,0.2356242478785229,0.043010707061381125,0.7603513399759928,0.09116044364935995,0.3439570193222888,0.0383575410081026,2.538677930831909,0.07212133609976601,0.28314492574542327,0.025016008006256002,0.5245505968729655,0.09569609837525507,0.24429103288444465,0.04747236801739152,0.3979399998982747,0.11980882384342573,0.34287612816152174,0.05462839111508217,11.92948293685913,0.06993898,0.25978404,0.021531671,1.922122637430827,0.07644712,0.20831685,0.036946714,1.7459317048390706,0.090510406,0.33310035,0.034396272,0.9270069599151611,0.04856981551870604,0.23628228710647206,0.02329046677653704,0.2934293746948242,0.0799403015296913,0.23976143277965964,0.04371248182519737,0.2928648789723714,0.08565945929306894,0.32628258034000085,0.042101294056144795
