N,Norm,Lambda,Gamma,K,LR_Entire_Time,LR_Entire_MAE,LR_Entire_RMSE,LR_Entire_MAD,LR_Cluster_Time_Avg,LR_Cluster_MAE_Avg,LR_Cluster_RMSE_Avg,LR_Cluster_MAD_Avg,LR_Euc_Time_Avg,LR_Euc_MAE_Avg,LR_Euc_RMSE_Avg,LR_Euc_MAD_Avg,RF_Entire_Time,RF_Entire_MAE,RF_Entire_RMSE,RF_Entire_MAD,RF_Cluster_Time_Avg,RF_Cluster_MAE_Avg,RF_Cluster_RMSE_Avg,RF_Cluster_MAD_Avg,RF_Euc_Time_Avg,RF_Euc_MAE_Avg,RF_Euc_RMSE_Avg,RF_Euc_MAD_Avg,NN_Entire_Time,NN_Entire_MAE,NN_Entire_RMSE,NN_Entire_MAD,NN_Cluster_Time_Avg,NN_Cluster_MAE_Avg,NN_Cluster_RMSE_Avg,NN_Cluster_MAD_Avg,NN_Euc_Time_Avg,NN_Euc_MAE_Avg,NN_Euc_RMSE_Avg,NN_Euc_MAD_Avg,GP_Entire_Time,GP_Entire_MAE,GP_Entire_RMSE,GP_Entire_MAD,GP_Cluster_Time_Avg,GP_Cluster_MAE_Avg,GP_Cluster_RMSE_Avg,GP_Cluster_MAD_Avg,GP_Euc_Time_Avg,GP_Euc_MAE_Avg,GP_Euc_RMSE_Avg,GP_Euc_MAD_Avg,GB_Entire_Time,GB_Entire_MAE,GB_Entire_RMSE,GB_Entire_MAD,GB_Cluster_Time_Avg,GB_Cluster_MAE_Avg,GB_Cluster_RMSE_Avg,GB_Cluster_MAD_Avg,GB_Euc_Time_Avg,GB_Euc_MAE_Avg,GB_Euc_RMSE_Avg,GB_Euc_MAD_Avg
100,2,0.5,2.0,3,0.0002880096435546875,0.19598571368711998,0.2658167496676893,0.12690348231686688,0.00029770533243815106,0.13833994956657233,0.15878494071142032,0.1329869330474561,0.0002502600351969401,0.21199546172254302,0.2537019055645321,0.16563578698744988,0.04578685760498047,0.042408717873454654,0.04987967016017197,0.039905006774167695,0.04193298021952311,0.11669800755545205,0.13608967992670887,0.11210438031964105,0.03962206840515137,0.33020850613172853,0.6051026941293831,0.12256639369137978,0.02447199821472168,0.17960373862632475,0.26630729767878547,0.08182545524991791,0.012427330017089844,0.12479998901667262,0.14824681458213385,0.11368559697195839,0.012486934661865234,0.19973003716882012,0.2590005553618486,0.12853349785759527,0.036051034927368164,0.14043128,0.21644284,0.062149398,0.042658726374308266,0.1008965,0.11475891,0.100225784,0.03154571851094564,0.1699987,0.20305915,0.1855737,0.015054702758789062,0.03810948827371561,0.05432491234589295,0.023898651900638015,0.011741240819295248,0.10714351851820046,0.12256156750607734,0.09972535588440624,0.011290947596232096,0.4105476303865793,0.9292803465585121,0.0680000996725151
