N,Norm,Lambda,Gamma,K,LR_Entire_Time,LR_Entire_MAE,LR_Entire_RMSE,LR_Entire_MAD,LR_Cluster_Time_Avg,LR_Cluster_MAE_Avg,LR_Cluster_RMSE_Avg,LR_Cluster_MAD_Avg,LR_Euc_Time_Avg,LR_Euc_MAE_Avg,LR_Euc_RMSE_Avg,LR_Euc_MAD_Avg,RF_Entire_Time,RF_Entire_MAE,RF_Entire_RMSE,RF_Entire_MAD,RF_Cluster_Time_Avg,RF_Cluster_MAE_Avg,RF_Cluster_RMSE_Avg,RF_Cluster_MAD_Avg,RF_Euc_Time_Avg,RF_Euc_MAE_Avg,RF_Euc_RMSE_Avg,RF_Euc_MAD_Avg,NN_Entire_Time,NN_Entire_MAE,NN_Entire_RMSE,NN_Entire_MAD,NN_Cluster_Time_Avg,NN_Cluster_MAE_Avg,NN_Cluster_RMSE_Avg,NN_Cluster_MAD_Avg,NN_Euc_Time_Avg,NN_Euc_MAE_Avg,NN_Euc_RMSE_Avg,NN_Euc_MAD_Avg,GP_Entire_Time,GP_Entire_MAE,GP_Entire_RMSE,GP_Entire_MAD,GP_Cluster_Time_Avg,GP_Cluster_MAE_Avg,GP_Cluster_RMSE_Avg,GP_Cluster_MAD_Avg,GP_Euc_Time_Avg,GP_Euc_MAE_Avg,GP_Euc_RMSE_Avg,GP_Euc_MAD_Avg,GB_Entire_Time,GB_Entire_MAE,GB_Entire_RMSE,GB_Entire_MAD,GB_Cluster_Time_Avg,GB_Cluster_MAE_Avg,GB_Cluster_RMSE_Avg,GB_Cluster_MAD_Avg,GB_Euc_Time_Avg,GB_Euc_MAE_Avg,GB_Euc_RMSE_Avg,GB_Euc_MAD_Avg
10000,1,0.1,2.0,4,0.0013649463653564453,0.06792803101151079,0.3219772320780228,0.0359716131146422,0.000949561595916748,0.11615083792087509,0.2840335615295736,0.07895318915327343,0.000600278377532959,0.1527846860515306,0.3747429160175923,0.0943320350517892,2.4401869773864746,0.04717084247814357,0.23559743936389269,0.017959373678379298,0.581436812877655,0.10988578828585233,0.28875336027360626,0.060253876853559374,0.5543472170829773,0.11054739320299709,0.3434210392150111,0.05112882958198508,2.5180599689483643,0.07414468856239864,0.27851905031971536,0.027672174430913653,0.4380280375480652,0.09741652312649626,0.25272117515612436,0.05428753424499054,0.33209073543548584,0.1303629046609128,0.35204553770038466,0.05724261112808408,13.170660018920898,0.07045135,0.25938267,0.023216568,1.2388875484466553,0.09152847,0.24158001,0.05146477,1.5836840271949768,0.10141796,0.3332853,0.041357912,0.8907887935638428,0.048708590152695845,0.23712899858619335,0.023290466776537094,0.2254762053489685,0.10210452388736155,0.28775234993553334,0.059737476885820345,0.22536152601242065,0.10569947131879823,0.35935069267874575,0.049240077018875145
