N,Norm,Lambda,Gamma,K,LR_Entire_Time,LR_Entire_MAE,LR_Entire_RMSE,LR_Entire_MAD,LR_Cluster_Time_Avg,LR_Cluster_MAE_Avg,LR_Cluster_RMSE_Avg,LR_Cluster_MAD_Avg,LR_Euc_Time_Avg,LR_Euc_MAE_Avg,LR_Euc_RMSE_Avg,LR_Euc_MAD_Avg,RF_Entire_Time,RF_Entire_MAE,RF_Entire_RMSE,RF_Entire_MAD,RF_Cluster_Time_Avg,RF_Cluster_MAE_Avg,RF_Cluster_RMSE_Avg,RF_Cluster_MAD_Avg,RF_Euc_Time_Avg,RF_Euc_MAE_Avg,RF_Euc_RMSE_Avg,RF_Euc_MAD_Avg,NN_Entire_Time,NN_Entire_MAE,NN_Entire_RMSE,NN_Entire_MAD,NN_Cluster_Time_Avg,NN_Cluster_MAE_Avg,NN_Cluster_RMSE_Avg,NN_Cluster_MAD_Avg,NN_Euc_Time_Avg,NN_Euc_MAE_Avg,NN_Euc_RMSE_Avg,NN_Euc_MAD_Avg,GP_Entire_Time,GP_Entire_MAE,GP_Entire_RMSE,GP_Entire_MAD,GP_Cluster_Time_Avg,GP_Cluster_MAE_Avg,GP_Cluster_RMSE_Avg,GP_Cluster_MAD_Avg,GP_Euc_Time_Avg,GP_Euc_MAE_Avg,GP_Euc_RMSE_Avg,GP_Euc_MAD_Avg,GB_Entire_Time,GB_Entire_MAE,GB_Entire_RMSE,GB_Entire_MAD,GB_Cluster_Time_Avg,GB_Cluster_MAE_Avg,GB_Cluster_RMSE_Avg,GB_Cluster_MAD_Avg,GB_Euc_Time_Avg,GB_Euc_MAE_Avg,GB_Euc_RMSE_Avg,GB_Euc_MAD_Avg
500,1,0.9,0.5,3,0.0004749298095703125,0.04554139396076337,0.06322217389655631,0.03166617154606036,0.00038131078084309894,0.1074894934028268,0.34712811407786576,0.043495797090600245,0.0003406206766764323,0.27618815225710247,1.0147403203107357,0.05580047882265921,0.08357691764831543,0.035094166007344885,0.05510023521037232,0.02327217763178524,0.05336141586303711,0.10285888948163228,0.2152983772178357,0.05425076342442253,0.0494227409362793,0.2780252699996125,1.0104823272695742,0.053295370045867034,0.05500483512878418,0.06799367320068245,0.09621884105369968,0.047042737203062596,0.02749800682067871,0.12548876535147846,0.35952980494864667,0.056889442542610524,0.03279360135396322,0.3010310805977356,1.0309524658363698,0.06261725274219361,0.08740091323852539,0.07147561,0.10188179,0.046482205,0.04932832717895508,0.15433902,0.3164414,0.07122023,0.042671521504720054,0.28728575,1.0126005,0.061822545,0.03571200370788574,0.03299534783194107,0.05432997259302597,0.020239565209988514,0.01825253168741862,0.08604731933139091,0.15549498268430909,0.04598453474728878,0.017705758412679035,0.2815202211939603,1.0126923199629225,0.05406168811562268
