N,Norm,Lambda,Gamma,K,LR_Entire_Time,LR_Entire_MAE,LR_Entire_RMSE,LR_Entire_MAD,LR_Cluster_Time_Avg,LR_Cluster_MAE_Avg,LR_Cluster_RMSE_Avg,LR_Cluster_MAD_Avg,LR_Euc_Time_Avg,LR_Euc_MAE_Avg,LR_Euc_RMSE_Avg,LR_Euc_MAD_Avg,RF_Entire_Time,RF_Entire_MAE,RF_Entire_RMSE,RF_Entire_MAD,RF_Cluster_Time_Avg,RF_Cluster_MAE_Avg,RF_Cluster_RMSE_Avg,RF_Cluster_MAD_Avg,RF_Euc_Time_Avg,RF_Euc_MAE_Avg,RF_Euc_RMSE_Avg,RF_Euc_MAD_Avg,NN_Entire_Time,NN_Entire_MAE,NN_Entire_RMSE,NN_Entire_MAD,NN_Cluster_Time_Avg,NN_Cluster_MAE_Avg,NN_Cluster_RMSE_Avg,NN_Cluster_MAD_Avg,NN_Euc_Time_Avg,NN_Euc_MAE_Avg,NN_Euc_RMSE_Avg,NN_Euc_MAD_Avg,GB_Entire_Time,GB_Entire_MAE,GB_Entire_RMSE,GB_Entire_MAD,GB_Cluster_Time_Avg,GB_Cluster_MAE_Avg,GB_Cluster_RMSE_Avg,GB_Cluster_MAD_Avg,GB_Euc_Time_Avg,GB_Euc_MAE_Avg,GB_Euc_RMSE_Avg,GB_Euc_MAD_Avg
50000,2,0.9,1.0,7,0.004078865051269531,0.06625561675942009,0.3233405659660932,0.03390383380555034,0.0009286403656005859,0.20714580447054395,0.5269106401391692,0.1436807516155172,0.0016207354409354074,0.22819507705703262,0.5462331196419586,0.15223612816696705,11.329719066619873,0.043040892625908996,0.2158048954507974,0.01583387334797659,1.3605475766318185,0.17503994325042466,0.4962067616965643,0.09579694405510361,1.3263939108167375,0.17357003888635528,0.5234537629899827,0.07907623620606248,9.489728927612305,0.053417414348020234,0.23459581168335464,0.02182743505132423,0.7761759417397636,0.1445350074562417,0.4665626744234292,0.07534130794175277,0.5475482600075858,0.15547287596508783,0.49226911391306116,0.0755887536340082,3.2833809852600098,0.04819332678256173,0.22082012273107132,0.02282462358875631,0.4503269876752581,0.16829871435806681,0.4839976434412058,0.10257787402912318,0.4501487527574812,0.1719419858788879,0.5230004451713373,0.08607716004196729
