N,Norm,Lambda,Gamma,K,LR_Entire_Time,LR_Entire_MAE,LR_Entire_RMSE,LR_Entire_MAD,LR_Cluster_Time_Avg,LR_Cluster_MAE_Avg,LR_Cluster_RMSE_Avg,LR_Cluster_MAD_Avg,LR_Cluster_MAE_Median,LR_Cluster_RMSE_Median,LR_Cluster_MAD_Median,RF_Entire_Time,RF_Entire_MAE,RF_Entire_RMSE,RF_Entire_MAD,RF_Cluster_Time_Avg,RF_Cluster_MAE_Avg,RF_Cluster_RMSE_Avg,RF_Cluster_MAD_Avg,RF_Cluster_MAE_Median,RF_Cluster_RMSE_Median,RF_Cluster_MAD_Median,NN_Entire_Time,NN_Entire_MAE,NN_Entire_RMSE,NN_Entire_MAD,NN_Cluster_Time_Avg,NN_Cluster_MAE_Avg,NN_Cluster_RMSE_Avg,NN_Cluster_MAD_Avg,NN_Cluster_MAE_Median,NN_Cluster_RMSE_Median,NN_Cluster_MAD_Median,GP_Entire_Time,GP_Entire_MAE,GP_Entire_RMSE,GP_Entire_MAD,GP_Cluster_Time_Avg,GP_Cluster_MAE_Avg,GP_Cluster_RMSE_Avg,GP_Cluster_MAD_Avg,GP_Cluster_MAE_Median,GP_Cluster_RMSE_Median,GP_Cluster_MAD_Median,GB_Entire_Time,GB_Entire_MAE,GB_Entire_RMSE,GB_Entire_MAD,GB_Cluster_Time_Avg,GB_Cluster_MAE_Avg,GB_Cluster_RMSE_Avg,GB_Cluster_MAD_Avg,GB_Cluster_MAE_Median,GB_Cluster_RMSE_Median,GB_Cluster_MAD_Median
1000,2,0.9,0.5,3,0.0010433197021484375,0.07572404595198262,0.3176633156201745,0.045674406410488144,0.0008831024169921875,0.08578402764896005,0.23180723967748654,0.05642961358196461,0.08853538707805389,0.1127923190990959,0.06972040358351161,0.14355182647705078,0.021923945235733225,0.03065105540593208,0.0164039212350814,0.06628600756327312,0.036841017612620014,0.060926149661725416,0.025276304634980238,0.03506709266199105,0.05038099676746716,0.02330695932161375,0.23793601989746094,0.09378192512387575,0.3078514642945679,0.03563616367434508,0.08794156710306804,0.0825528568708202,0.2403658516610797,0.035678836907457566,0.07388476852755439,0.12396400590197501,0.03818306240197769,0.3241720199584961,0.09063805,0.28110394,0.036968112,0.07507665952046712,0.09294874,0.29408494,0.030055432,0.10498074442148209,0.30025237798690796,0.025921575725078583,0.06201601028442383,0.022218053401493548,0.029635454942278018,0.017278896091539736,0.02713147799173991,0.03378047006454699,0.052146268938266745,0.022935300565764694,0.03331672897467829,0.050572511629429606,0.0223170532757907
