N,Norm,Lambda,Gamma,K,LR_Entire_Time,LR_Entire_MAE,LR_Entire_RMSE,LR_Entire_MAD,LR_Cluster_Time_Avg,LR_Cluster_MAE_Avg,LR_Cluster_RMSE_Avg,LR_Cluster_MAD_Avg,LR_Euc_Time_Avg,LR_Euc_MAE_Avg,LR_Euc_RMSE_Avg,LR_Euc_MAD_Avg,RF_Entire_Time,RF_Entire_MAE,RF_Entire_RMSE,RF_Entire_MAD,RF_Cluster_Time_Avg,RF_Cluster_MAE_Avg,RF_Cluster_RMSE_Avg,RF_Cluster_MAD_Avg,RF_Euc_Time_Avg,RF_Euc_MAE_Avg,RF_Euc_RMSE_Avg,RF_Euc_MAD_Avg,NN_Entire_Time,NN_Entire_MAE,NN_Entire_RMSE,NN_Entire_MAD,NN_Cluster_Time_Avg,NN_Cluster_MAE_Avg,NN_Cluster_RMSE_Avg,NN_Cluster_MAD_Avg,NN_Euc_Time_Avg,NN_Euc_MAE_Avg,NN_Euc_RMSE_Avg,NN_Euc_MAD_Avg,GP_Entire_Time,GP_Entire_MAE,GP_Entire_RMSE,GP_Entire_MAD,GP_Cluster_Time_Avg,GP_Cluster_MAE_Avg,GP_Cluster_RMSE_Avg,GP_Cluster_MAD_Avg,GP_Euc_Time_Avg,GP_Euc_MAE_Avg,GP_Euc_RMSE_Avg,GP_Euc_MAD_Avg,GB_Entire_Time,GB_Entire_MAE,GB_Entire_RMSE,GB_Entire_MAD,GB_Cluster_Time_Avg,GB_Cluster_MAE_Avg,GB_Cluster_RMSE_Avg,GB_Cluster_MAD_Avg,GB_Euc_Time_Avg,GB_Euc_MAE_Avg,GB_Euc_RMSE_Avg,GB_Euc_MAD_Avg
1000,2,0.1,1.0,4,0.0003707408905029297,0.03174555839505721,0.043465480669550194,0.023354845822268516,0.0002970099449157715,0.09382534242809296,0.13102556231420276,0.07650186720028314,0.0003097653388977051,0.11933357968464367,0.15914693815912323,0.09691046142812622,0.14085602760314941,0.027345179248175124,0.035895165295042254,0.021303512410066762,0.059745728969573975,0.09892590584604266,0.148316464855393,0.0697470630292501,0.05866461992263794,0.07499563913328845,0.10968351494192323,0.05417754853047163,0.05619668960571289,0.05916719614342002,0.09021719642282595,0.04611136255911785,0.03736400604248047,0.1103780924706874,0.1609923768104785,0.07923156848132265,0.03567475080490112,0.1313878495095202,0.18473954259088898,0.0881275881271633,0.1841268539428711,0.047523502,0.08538143,0.030398354,0.057155728340148926,0.103373095,0.17265856,0.06926249,0.04894387722015381,0.10506934,0.17928883,0.0619057,0.06824803352355957,0.023027109638444333,0.029945457698429663,0.019896181155514503,0.02290821075439453,0.09123001839875017,0.1338737818057376,0.06320880699189509,0.02293527126312256,0.07419020812142445,0.11097226652774426,0.052133254564113087
