N,Norm,Lambda,Gamma,K,LR_Entire_Time,LR_Entire_MAE,LR_Entire_RMSE,LR_Entire_MAD,LR_Cluster_Time_Avg,LR_Cluster_MAE_Avg,LR_Cluster_RMSE_Avg,LR_Cluster_MAD_Avg,LR_Euc_Time_Avg,LR_Euc_MAE_Avg,LR_Euc_RMSE_Avg,LR_Euc_MAD_Avg,RF_Entire_Time,RF_Entire_MAE,RF_Entire_RMSE,RF_Entire_MAD,RF_Cluster_Time_Avg,RF_Cluster_MAE_Avg,RF_Cluster_RMSE_Avg,RF_Cluster_MAD_Avg,RF_Euc_Time_Avg,RF_Euc_MAE_Avg,RF_Euc_RMSE_Avg,RF_Euc_MAD_Avg,NN_Entire_Time,NN_Entire_MAE,NN_Entire_RMSE,NN_Entire_MAD,NN_Cluster_Time_Avg,NN_Cluster_MAE_Avg,NN_Cluster_RMSE_Avg,NN_Cluster_MAD_Avg,NN_Euc_Time_Avg,NN_Euc_MAE_Avg,NN_Euc_RMSE_Avg,NN_Euc_MAD_Avg,GP_Entire_Time,GP_Entire_MAE,GP_Entire_RMSE,GP_Entire_MAD,GP_Cluster_Time_Avg,GP_Cluster_MAE_Avg,GP_Cluster_RMSE_Avg,GP_Cluster_MAD_Avg,GP_Euc_Time_Avg,GP_Euc_MAE_Avg,GP_Euc_RMSE_Avg,GP_Euc_MAD_Avg,GB_Entire_Time,GB_Entire_MAE,GB_Entire_RMSE,GB_Entire_MAD,GB_Cluster_Time_Avg,GB_Cluster_MAE_Avg,GB_Cluster_RMSE_Avg,GB_Cluster_MAD_Avg,GB_Euc_Time_Avg,GB_Euc_MAE_Avg,GB_Euc_RMSE_Avg,GB_Euc_MAD_Avg
500,1,0.1,0.5,4,0.0003349781036376953,0.04554139396076337,0.06322217389655631,0.03166617154606036,0.00029098987579345703,0.3295308905206704,0.4609132519381567,0.22877289691872912,0.0003465414047241211,0.1579505206000498,0.20729605280178617,0.11993514337159093,0.0874638557434082,0.03430475151316373,0.053639497372360075,0.021424399402263372,0.0474553108215332,0.1577468456903401,0.2759786657746297,0.08003741729066573,0.047877490520477295,0.08180827273514445,0.1068289122036398,0.06636350944660667,0.05718398094177246,0.0679096355633375,0.09607224756535586,0.04908804186665319,0.02665477991104126,0.19011996917434865,0.2757792532902708,0.11529637803505884,0.02857649326324463,0.19080011724897844,0.2884763661635685,0.10585988793394002,0.08734416961669922,0.07147561,0.10188179,0.046482205,0.04441648721694946,0.17032743,0.26025894,0.10146409,0.03920203447341919,0.14690587,0.24036019,0.07968679,0.03622770309448242,0.0330417299071047,0.05439123949808868,0.020239565209988514,0.016050994396209717,0.15577188874679587,0.25585609653543645,0.09951912400420984,0.015844881534576416,0.08205805113819072,0.11110193105391435,0.051909464044047546
