N,Norm,Lambda,Gamma,K,LR_Entire_Time,LR_Entire_MAE,LR_Entire_RMSE,LR_Entire_MAD,LR_Cluster_Time_Avg,LR_Cluster_MAE_Avg,LR_Cluster_RMSE_Avg,LR_Cluster_MAD_Avg,LR_Euc_Time_Avg,LR_Euc_MAE_Avg,LR_Euc_RMSE_Avg,LR_Euc_MAD_Avg,RF_Entire_Time,RF_Entire_MAE,RF_Entire_RMSE,RF_Entire_MAD,RF_Cluster_Time_Avg,RF_Cluster_MAE_Avg,RF_Cluster_RMSE_Avg,RF_Cluster_MAD_Avg,RF_Euc_Time_Avg,RF_Euc_MAE_Avg,RF_Euc_RMSE_Avg,RF_Euc_MAD_Avg,NN_Entire_Time,NN_Entire_MAE,NN_Entire_RMSE,NN_Entire_MAD,NN_Cluster_Time_Avg,NN_Cluster_MAE_Avg,NN_Cluster_RMSE_Avg,NN_Cluster_MAD_Avg,NN_Euc_Time_Avg,NN_Euc_MAE_Avg,NN_Euc_RMSE_Avg,NN_Euc_MAD_Avg,GP_Entire_Time,GP_Entire_MAE,GP_Entire_RMSE,GP_Entire_MAD,GP_Cluster_Time_Avg,GP_Cluster_MAE_Avg,GP_Cluster_RMSE_Avg,GP_Cluster_MAD_Avg,GP_Euc_Time_Avg,GP_Euc_MAE_Avg,GP_Euc_RMSE_Avg,GP_Euc_MAD_Avg,GB_Entire_Time,GB_Entire_MAE,GB_Entire_RMSE,GB_Entire_MAD,GB_Cluster_Time_Avg,GB_Cluster_MAE_Avg,GB_Cluster_RMSE_Avg,GB_Cluster_MAD_Avg,GB_Euc_Time_Avg,GB_Euc_MAE_Avg,GB_Euc_RMSE_Avg,GB_Euc_MAD_Avg
500,1,0.1,0.5,6,0.00028705596923828125,0.04554139396076337,0.06322217389655631,0.03166617154606036,0.00030052661895751953,0.1760974524289212,0.31830583599309886,0.1233304401198712,0.00028447310129801434,0.19921843298696848,0.25486940794286467,0.17387360374618732,0.08321499824523926,0.03478147417991558,0.05491334208580623,0.022096669593538676,0.0429839293162028,0.17873777934102753,0.277767774876256,0.11704470073946464,0.043140014012654625,0.1685780469724563,0.236145088191415,0.12445949117884895,0.04471325874328613,0.05869302317554741,0.09151606475620809,0.0364531621907459,0.01609317461649577,0.18350233799883495,0.3211051940999801,0.13644206955632363,0.01810177167256673,0.15201966377087728,0.2183492624932181,0.110705330897459,0.08820080757141113,0.07147561,0.10188179,0.046482205,0.038436571756998696,0.21956277,0.3699956,0.14871815,0.03393904368082682,0.13239518,0.21830045,0.07401103,0.03569793701171875,0.03299783280006936,0.054365533171674064,0.02023956520998843,0.013720194498697916,0.16140919658395633,0.23937440804635365,0.10495737275116486,0.013589302698771158,0.14034233671503016,0.2195094771750845,0.09087247490675687
