N,Norm,Lambda,Gamma,K,LR_Entire_Time,LR_Entire_MAE,LR_Entire_RMSE,LR_Entire_MAD,LR_Cluster_Time_Avg,LR_Cluster_MAE_Avg,LR_Cluster_RMSE_Avg,LR_Cluster_MAD_Avg,LR_Euc_Time_Avg,LR_Euc_MAE_Avg,LR_Euc_RMSE_Avg,LR_Euc_MAD_Avg,RF_Entire_Time,RF_Entire_MAE,RF_Entire_RMSE,RF_Entire_MAD,RF_Cluster_Time_Avg,RF_Cluster_MAE_Avg,RF_Cluster_RMSE_Avg,RF_Cluster_MAD_Avg,RF_Euc_Time_Avg,RF_Euc_MAE_Avg,RF_Euc_RMSE_Avg,RF_Euc_MAD_Avg,NN_Entire_Time,NN_Entire_MAE,NN_Entire_RMSE,NN_Entire_MAD,NN_Cluster_Time_Avg,NN_Cluster_MAE_Avg,NN_Cluster_RMSE_Avg,NN_Cluster_MAD_Avg,NN_Euc_Time_Avg,NN_Euc_MAE_Avg,NN_Euc_RMSE_Avg,NN_Euc_MAD_Avg,GP_Entire_Time,GP_Entire_MAE,GP_Entire_RMSE,GP_Entire_MAD,GP_Cluster_Time_Avg,GP_Cluster_MAE_Avg,GP_Cluster_RMSE_Avg,GP_Cluster_MAD_Avg,GP_Euc_Time_Avg,GP_Euc_MAE_Avg,GP_Euc_RMSE_Avg,GP_Euc_MAD_Avg,GB_Entire_Time,GB_Entire_MAE,GB_Entire_RMSE,GB_Entire_MAD,GB_Cluster_Time_Avg,GB_Cluster_MAE_Avg,GB_Cluster_RMSE_Avg,GB_Cluster_MAD_Avg,GB_Euc_Time_Avg,GB_Euc_MAE_Avg,GB_Euc_RMSE_Avg,GB_Euc_MAD_Avg
500,1,0.5,1.0,5,0.0002911090850830078,0.04554139396076337,0.06322217389655631,0.03166617154606036,0.0003012180328369141,0.2836211971336922,0.39273535441209645,0.2678250448213969,0.00024662017822265627,0.19080010923943722,0.2665041350634091,0.15492469542293597,0.08299493789672852,0.03368880485433099,0.054198842459334,0.02325674088801344,0.04447240829467773,0.24331747955536884,0.3407999619491826,0.18602224056074323,0.044062328338623044,0.12247640643565579,0.20218551745791508,0.070533348798891,0.05822277069091797,0.07520058548825076,0.11630077649851911,0.049463136709463035,0.01872701644897461,0.20581019771840664,0.27874258173073235,0.1474520821168665,0.018280601501464842,0.17178769314232176,0.25956955624594713,0.10778404753940371,0.08696198463439941,0.07147561,0.10188179,0.046482205,0.040687942504882814,0.13953441,0.20892927,0.09499812,0.03557300567626953,0.14958923,0.27006802,0.09142039,0.036087989807128906,0.03304572474669146,0.05436830988940513,0.020239565209988403,0.014714241027832031,0.1380509492473831,0.2171902884758107,0.08114374322603377,0.01433873176574707,0.11215258393244332,0.1778285641641721,0.05978181023185621
