N,Norm,Lambda,Gamma,K,LR_Entire_Time,LR_Entire_MAE,LR_Entire_RMSE,LR_Entire_MAD,LR_Cluster_Time_Avg,LR_Cluster_MAE_Avg,LR_Cluster_RMSE_Avg,LR_Cluster_MAD_Avg,LR_Euc_Time_Avg,LR_Euc_MAE_Avg,LR_Euc_RMSE_Avg,LR_Euc_MAD_Avg,RF_Entire_Time,RF_Entire_MAE,RF_Entire_RMSE,RF_Entire_MAD,RF_Cluster_Time_Avg,RF_Cluster_MAE_Avg,RF_Cluster_RMSE_Avg,RF_Cluster_MAD_Avg,RF_Euc_Time_Avg,RF_Euc_MAE_Avg,RF_Euc_RMSE_Avg,RF_Euc_MAD_Avg,NN_Entire_Time,NN_Entire_MAE,NN_Entire_RMSE,NN_Entire_MAD,NN_Cluster_Time_Avg,NN_Cluster_MAE_Avg,NN_Cluster_RMSE_Avg,NN_Cluster_MAD_Avg,NN_Euc_Time_Avg,NN_Euc_MAE_Avg,NN_Euc_RMSE_Avg,NN_Euc_MAD_Avg,GB_Entire_Time,GB_Entire_MAE,GB_Entire_RMSE,GB_Entire_MAD,GB_Cluster_Time_Avg,GB_Cluster_MAE_Avg,GB_Cluster_RMSE_Avg,GB_Cluster_MAD_Avg,GB_Euc_Time_Avg,GB_Euc_MAE_Avg,GB_Euc_RMSE_Avg,GB_Euc_MAD_Avg
100000,1,0.5,0.5,4,0.005939006805419922,0.0643103041422581,0.30043950634238437,0.03601264487927863,0.00213468074798584,0.11681389060247616,0.3342141712658276,0.07846007740743446,0.0019475221633911133,0.1551439489605722,0.4137185066125712,0.09434256602327316,25.329628229141235,0.03955528484804181,0.18975840020461268,0.015059841765363367,5.7650845646858215,0.09300275337558488,0.2914787085356084,0.04723234179762527,5.593846797943115,0.09579900718077367,0.33401297263664126,0.03879193909274114,10.876636266708374,0.05010136766747385,0.19603838681476637,0.026104599276681018,2.388020396232605,0.08190681734269965,0.2706408981919133,0.04371097908469722,1.8020147681236267,0.09350601113023613,0.3203978261204139,0.04225680327174554,6.659924030303955,0.04384024875389531,0.19021953552350107,0.021572383600056092,1.6018942594528198,0.09162463462880965,0.2798902327692811,0.05484925659121213,1.6034777760505676,0.09732386975646833,0.3326905481173456,0.04658897690455242
