N,Norm,Lambda,Gamma,K,LR_Entire_Time,LR_Entire_MAE,LR_Entire_RMSE,LR_Entire_MAD,LR_Cluster_Time_Avg,LR_Cluster_MAE_Avg,LR_Cluster_RMSE_Avg,LR_Cluster_MAD_Avg,LR_Euc_Time_Avg,LR_Euc_MAE_Avg,LR_Euc_RMSE_Avg,LR_Euc_MAD_Avg,RF_Entire_Time,RF_Entire_MAE,RF_Entire_RMSE,RF_Entire_MAD,RF_Cluster_Time_Avg,RF_Cluster_MAE_Avg,RF_Cluster_RMSE_Avg,RF_Cluster_MAD_Avg,RF_Euc_Time_Avg,RF_Euc_MAE_Avg,RF_Euc_RMSE_Avg,RF_Euc_MAD_Avg,NN_Entire_Time,NN_Entire_MAE,NN_Entire_RMSE,NN_Entire_MAD,NN_Cluster_Time_Avg,NN_Cluster_MAE_Avg,NN_Cluster_RMSE_Avg,NN_Cluster_MAD_Avg,NN_Euc_Time_Avg,NN_Euc_MAE_Avg,NN_Euc_RMSE_Avg,NN_Euc_MAD_Avg,GP_Entire_Time,GP_Entire_MAE,GP_Entire_RMSE,GP_Entire_MAD,GP_Cluster_Time_Avg,GP_Cluster_MAE_Avg,GP_Cluster_RMSE_Avg,GP_Cluster_MAD_Avg,GP_Euc_Time_Avg,GP_Euc_MAE_Avg,GP_Euc_RMSE_Avg,GP_Euc_MAD_Avg,GB_Entire_Time,GB_Entire_MAE,GB_Entire_RMSE,GB_Entire_MAD,GB_Cluster_Time_Avg,GB_Cluster_MAE_Avg,GB_Cluster_RMSE_Avg,GB_Cluster_MAD_Avg,GB_Euc_Time_Avg,GB_Euc_MAE_Avg,GB_Euc_RMSE_Avg,GB_Euc_MAD_Avg
10000,2,0.1,1.0,6,0.0008220672607421875,0.06792803101151079,0.3219772320780228,0.0359716131146422,0.00036835670471191406,0.1506750907335291,0.3265600166461726,0.10680814009949792,0.00036331017812093097,0.18291379200091848,0.33942034202576615,0.13675693104402126,1.7071340084075928,0.04669477802917143,0.2343132917261931,0.018034817152478844,0.26317763328552246,0.15114937650427887,0.37947851079558453,0.08068230583453168,0.260397473971049,0.13254799990127433,0.309085027354925,0.07481073117836777,1.4506008625030518,0.07527506642878563,0.28688803709756644,0.029973703540569302,0.2033927838007609,0.1321493148816657,0.30426962612309977,0.07324801521164394,0.17684197425842285,0.1440750350550867,0.3118337072983819,0.07535897324474275,9.296985149383545,0.07107282,0.25927278,0.024248302,0.4244404236475627,0.124258995,0.2959917,0.06786371,0.4686139424641927,0.12882733,0.30291077,0.06927934,0.6247999668121338,0.048790824992503055,0.23714002023155353,0.023290466776537067,0.10654679934183757,0.14542209694345318,0.3812794224995757,0.07723244428792271,0.1064615249633789,0.12967187136188452,0.31643224350338445,0.07229972334580181
