N,Norm,Lambda,Gamma,K,LR_Entire_Time,LR_Entire_MAE,LR_Entire_RMSE,LR_Entire_MAD,LR_Cluster_Time_Avg,LR_Cluster_MAE_Avg,LR_Cluster_RMSE_Avg,LR_Cluster_MAD_Avg,LR_Euc_Time_Avg,LR_Euc_MAE_Avg,LR_Euc_RMSE_Avg,LR_Euc_MAD_Avg,RF_Entire_Time,RF_Entire_MAE,RF_Entire_RMSE,RF_Entire_MAD,RF_Cluster_Time_Avg,RF_Cluster_MAE_Avg,RF_Cluster_RMSE_Avg,RF_Cluster_MAD_Avg,RF_Euc_Time_Avg,RF_Euc_MAE_Avg,RF_Euc_RMSE_Avg,RF_Euc_MAD_Avg,NN_Entire_Time,NN_Entire_MAE,NN_Entire_RMSE,NN_Entire_MAD,NN_Cluster_Time_Avg,NN_Cluster_MAE_Avg,NN_Cluster_RMSE_Avg,NN_Cluster_MAD_Avg,NN_Euc_Time_Avg,NN_Euc_MAE_Avg,NN_Euc_RMSE_Avg,NN_Euc_MAD_Avg,GP_Entire_Time,GP_Entire_MAE,GP_Entire_RMSE,GP_Entire_MAD,GP_Cluster_Time_Avg,GP_Cluster_MAE_Avg,GP_Cluster_RMSE_Avg,GP_Cluster_MAD_Avg,GP_Euc_Time_Avg,GP_Euc_MAE_Avg,GP_Euc_RMSE_Avg,GP_Euc_MAD_Avg,GB_Entire_Time,GB_Entire_MAE,GB_Entire_RMSE,GB_Entire_MAD,GB_Cluster_Time_Avg,GB_Cluster_MAE_Avg,GB_Cluster_RMSE_Avg,GB_Cluster_MAD_Avg,GB_Euc_Time_Avg,GB_Euc_MAE_Avg,GB_Euc_RMSE_Avg,GB_Euc_MAD_Avg
1000,2,0.1,0.5,7,0.00031685829162597656,0.03174555839505721,0.043465480669550194,0.023354845822268516,0.0002880096435546875,0.19023180673442064,0.3647751379831555,0.1122130458535021,0.0002962861742292132,0.24114744200741556,0.497433010418103,0.13447214769055482,0.14169812202453613,0.026874416392954688,0.035990184397547545,0.021723085687543303,0.048919269016810825,0.2189744861440719,0.34423235866379953,0.15031777986261133,0.04828790255955288,0.17699088333330912,0.3410475983234361,0.10322497219515811,0.06557917594909668,0.05034726759539784,0.07352372382056907,0.03784863562281582,0.030986581529889787,0.2295142677956037,0.39060002332672406,0.13800152005044178,0.023863894598824636,0.22417041481200894,0.4788689300549252,0.11451103768661677,0.18115878105163574,0.047523502,0.08538143,0.030398354,0.043202298028128486,0.22000761,0.39035287,0.13146405,0.03824281692504883,0.22839884,0.5366344,0.09300195,0.06369590759277344,0.022981701573006944,0.02989028285222626,0.019598714559076358,0.016892262867518833,0.19710945149759893,0.2875614278476294,0.12768816609865866,0.01666396004813058,0.1572647514939429,0.24517619293369494,0.1059572258109308
