N,Norm,Lambda,Gamma,K,LR_Entire_Time,LR_Entire_MAE,LR_Entire_RMSE,LR_Entire_MAD,LR_Cluster_Time_Avg,LR_Cluster_MAE_Avg,LR_Cluster_RMSE_Avg,LR_Cluster_MAD_Avg,LR_Euc_Time_Avg,LR_Euc_MAE_Avg,LR_Euc_RMSE_Avg,LR_Euc_MAD_Avg,RF_Entire_Time,RF_Entire_MAE,RF_Entire_RMSE,RF_Entire_MAD,RF_Cluster_Time_Avg,RF_Cluster_MAE_Avg,RF_Cluster_RMSE_Avg,RF_Cluster_MAD_Avg,RF_Euc_Time_Avg,RF_Euc_MAE_Avg,RF_Euc_RMSE_Avg,RF_Euc_MAD_Avg,NN_Entire_Time,NN_Entire_MAE,NN_Entire_RMSE,NN_Entire_MAD,NN_Cluster_Time_Avg,NN_Cluster_MAE_Avg,NN_Cluster_RMSE_Avg,NN_Cluster_MAD_Avg,NN_Euc_Time_Avg,NN_Euc_MAE_Avg,NN_Euc_RMSE_Avg,NN_Euc_MAD_Avg,GP_Entire_Time,GP_Entire_MAE,GP_Entire_RMSE,GP_Entire_MAD,GP_Cluster_Time_Avg,GP_Cluster_MAE_Avg,GP_Cluster_RMSE_Avg,GP_Cluster_MAD_Avg,GP_Euc_Time_Avg,GP_Euc_MAE_Avg,GP_Euc_RMSE_Avg,GP_Euc_MAD_Avg,GB_Entire_Time,GB_Entire_MAE,GB_Entire_RMSE,GB_Entire_MAD,GB_Cluster_Time_Avg,GB_Cluster_MAE_Avg,GB_Cluster_RMSE_Avg,GB_Cluster_MAD_Avg,GB_Euc_Time_Avg,GB_Euc_MAE_Avg,GB_Euc_RMSE_Avg,GB_Euc_MAD_Avg
100,1,0.9,2.0,7,0.0003819465637207031,0.19598571368711998,0.2658167496676893,0.12690348231686688,0.00027176312037876675,0.8051280140671405,0.8813763482494312,0.782391666866949,0.0002543926239013672,3.464056694251362,4.825607233579463,3.458347885607932,0.04463529586791992,0.03798389173350404,0.04800355768931843,0.03479141052752648,0.03875252178737095,0.39936430857638133,0.4590515402374475,0.37133118913903346,0.038139207022530694,3.403264962631128,4.656579633965818,3.4004472462110837,0.024252891540527344,0.25547841475563937,0.3714546904966501,0.11893673053888436,0.010082074574061803,0.5030894112306455,0.5796122272021021,0.4280256405359443,0.009910481316702706,3.5564677093735995,4.884846563180987,3.511387097847805,0.03579592704772949,0.14043128,0.21644284,0.062149398,0.02934728349958147,0.47487572,0.59043974,0.37599114,0.027730328696114675,3.3999727,4.7306705,3.366795,0.014075756072998047,0.03783224655450447,0.0543216142860205,0.023898651900637988,0.010069165910993303,0.3641215555407594,0.44046961776167404,0.3594214721410828,0.010328258786882673,3.3804871188234293,4.623764802167926,3.434421359302982
