N,Norm,Lambda,Gamma,K,LR_Entire_Time,LR_Entire_MAE,LR_Entire_RMSE,LR_Entire_MAD,LR_Cluster_Time_Avg,LR_Cluster_MAE_Avg,LR_Cluster_RMSE_Avg,LR_Cluster_MAD_Avg,LR_Euc_Time_Avg,LR_Euc_MAE_Avg,LR_Euc_RMSE_Avg,LR_Euc_MAD_Avg,RF_Entire_Time,RF_Entire_MAE,RF_Entire_RMSE,RF_Entire_MAD,RF_Cluster_Time_Avg,RF_Cluster_MAE_Avg,RF_Cluster_RMSE_Avg,RF_Cluster_MAD_Avg,RF_Euc_Time_Avg,RF_Euc_MAE_Avg,RF_Euc_RMSE_Avg,RF_Euc_MAD_Avg,NN_Entire_Time,NN_Entire_MAE,NN_Entire_RMSE,NN_Entire_MAD,NN_Cluster_Time_Avg,NN_Cluster_MAE_Avg,NN_Cluster_RMSE_Avg,NN_Cluster_MAD_Avg,NN_Euc_Time_Avg,NN_Euc_MAE_Avg,NN_Euc_RMSE_Avg,NN_Euc_MAD_Avg,GB_Entire_Time,GB_Entire_MAE,GB_Entire_RMSE,GB_Entire_MAD,GB_Cluster_Time_Avg,GB_Cluster_MAE_Avg,GB_Cluster_RMSE_Avg,GB_Cluster_MAD_Avg,GB_Euc_Time_Avg,GB_Euc_MAE_Avg,GB_Euc_RMSE_Avg,GB_Euc_MAD_Avg
50000,1,0.9,1.0,3,0.0031578540802001953,0.06625561675942009,0.3233405659660932,0.03390383380555034,0.0023256142934163413,0.0952368668739448,0.31813996474979694,0.057111782091600116,0.0014086564381917317,0.13539184417959435,0.3931635208263831,0.08229257984802939,11.155149221420288,0.04256413632079042,0.2152469897875825,0.01588153410648574,3.4118000666300454,0.07701090604174611,0.27581519059163034,0.035466145448350826,3.3361098766326904,0.08564018987949225,0.319824201968186,0.0352715627107298,7.720304727554321,0.06051986305489287,0.23488472558157364,0.028301020192594006,1.7068726221720378,0.07475712530815865,0.2558925508457411,0.03486072654942454,1.6349740028381348,0.08946507287674658,0.304758437890847,0.03978382418824431,3.2172179222106934,0.04816744477994044,0.22062857177804704,0.02282462358875645,1.0475451151529949,0.0758577537276724,0.2660579952491173,0.04205485701409264,1.0450836817423503,0.08719176439578363,0.3150577702592532,0.042402806166596314
