N,Norm,Lambda,Gamma,K,LR_Entire_Time,LR_Entire_MAE,LR_Entire_RMSE,LR_Entire_MAD,LR_Cluster_Time_Avg,LR_Cluster_MAE_Avg,LR_Cluster_RMSE_Avg,LR_Cluster_MAD_Avg,LR_Euc_Time_Avg,LR_Euc_MAE_Avg,LR_Euc_RMSE_Avg,LR_Euc_MAD_Avg,RF_Entire_Time,RF_Entire_MAE,RF_Entire_RMSE,RF_Entire_MAD,RF_Cluster_Time_Avg,RF_Cluster_MAE_Avg,RF_Cluster_RMSE_Avg,RF_Cluster_MAD_Avg,RF_Euc_Time_Avg,RF_Euc_MAE_Avg,RF_Euc_RMSE_Avg,RF_Euc_MAD_Avg,NN_Entire_Time,NN_Entire_MAE,NN_Entire_RMSE,NN_Entire_MAD,NN_Cluster_Time_Avg,NN_Cluster_MAE_Avg,NN_Cluster_RMSE_Avg,NN_Cluster_MAD_Avg,NN_Euc_Time_Avg,NN_Euc_MAE_Avg,NN_Euc_RMSE_Avg,NN_Euc_MAD_Avg,GP_Entire_Time,GP_Entire_MAE,GP_Entire_RMSE,GP_Entire_MAD,GP_Cluster_Time_Avg,GP_Cluster_MAE_Avg,GP_Cluster_RMSE_Avg,GP_Cluster_MAD_Avg,GP_Euc_Time_Avg,GP_Euc_MAE_Avg,GP_Euc_RMSE_Avg,GP_Euc_MAD_Avg,GB_Entire_Time,GB_Entire_MAE,GB_Entire_RMSE,GB_Entire_MAD,GB_Cluster_Time_Avg,GB_Cluster_MAE_Avg,GB_Cluster_RMSE_Avg,GB_Cluster_MAD_Avg,GB_Euc_Time_Avg,GB_Euc_MAE_Avg,GB_Euc_RMSE_Avg,GB_Euc_MAD_Avg
1000,2,0.1,0.5,5,0.00030803680419921875,0.03174555839505721,0.043465480669550194,0.023354845822268516,0.0002834320068359375,0.4005573135250855,0.49430241703849837,0.3876116733620981,0.00025081634521484375,0.20597234765336023,0.4975401491650316,0.11041285893666823,0.14304089546203613,0.02738546319648819,0.03638446041046624,0.021091405424641663,0.05587267875671387,0.21189112768150337,0.2910624697468721,0.14477646512564943,0.05411481857299805,0.14443217952929144,0.28038469688941875,0.09233349059130094,0.06858205795288086,0.04185259832526507,0.06049439866993435,0.03151008581609199,0.024925756454467773,0.18966645648256683,0.2649309888974435,0.15880173345897025,0.0289182186126709,0.2408735199404898,0.5001047309567361,0.1605496568625285,0.18602395057678223,0.047523502,0.08538143,0.030398354,0.050417757034301756,0.18205574,0.2593207,0.111642346,0.04328737258911133,0.22937259,0.5676478,0.12303834,0.06424808502197266,0.022993995384320877,0.02991377159189485,0.01959871455907644,0.02005167007446289,0.1497009928395508,0.22814956513903173,0.10561780726801777,0.019998645782470702,0.10763176379053378,0.15278680272307735,0.07121083727822045
