N,Norm,Lambda,Gamma,K,LR_Entire_Time,LR_Entire_MAE,LR_Entire_RMSE,LR_Entire_MAD,LR_Cluster_Time_Avg,LR_Cluster_MAE_Avg,LR_Cluster_RMSE_Avg,LR_Cluster_MAD_Avg,LR_Euc_Time_Avg,LR_Euc_MAE_Avg,LR_Euc_RMSE_Avg,LR_Euc_MAD_Avg,RF_Entire_Time,RF_Entire_MAE,RF_Entire_RMSE,RF_Entire_MAD,RF_Cluster_Time_Avg,RF_Cluster_MAE_Avg,RF_Cluster_RMSE_Avg,RF_Cluster_MAD_Avg,RF_Euc_Time_Avg,RF_Euc_MAE_Avg,RF_Euc_RMSE_Avg,RF_Euc_MAD_Avg,NN_Entire_Time,NN_Entire_MAE,NN_Entire_RMSE,NN_Entire_MAD,NN_Cluster_Time_Avg,NN_Cluster_MAE_Avg,NN_Cluster_RMSE_Avg,NN_Cluster_MAD_Avg,NN_Euc_Time_Avg,NN_Euc_MAE_Avg,NN_Euc_RMSE_Avg,NN_Euc_MAD_Avg,GP_Entire_Time,GP_Entire_MAE,GP_Entire_RMSE,GP_Entire_MAD,GP_Cluster_Time_Avg,GP_Cluster_MAE_Avg,GP_Cluster_RMSE_Avg,GP_Cluster_MAD_Avg,GP_Euc_Time_Avg,GP_Euc_MAE_Avg,GP_Euc_RMSE_Avg,GP_Euc_MAD_Avg,GB_Entire_Time,GB_Entire_MAE,GB_Entire_RMSE,GB_Entire_MAD,GB_Cluster_Time_Avg,GB_Cluster_MAE_Avg,GB_Cluster_RMSE_Avg,GB_Cluster_MAD_Avg,GB_Euc_Time_Avg,GB_Euc_MAE_Avg,GB_Euc_RMSE_Avg,GB_Euc_MAD_Avg
100,2,0.1,2.0,7,0.0002727508544921875,0.19598571368711998,0.2658167496676893,0.12690348231686688,0.0003113746643066406,0.8051280140671405,0.8813763482494312,0.782391666866949,0.0002695832933698382,3.464056694251362,4.825607233579463,3.458347885607932,0.04469490051269531,0.03517753922370146,0.0429355762687127,0.03186406195155078,0.03968283108302525,0.3889036699090259,0.46396242614684874,0.35327948660999986,0.03867793083190918,3.3799201863535795,4.632302849214279,3.396458918117717,0.025153160095214844,0.2524646371058607,0.3995573080210503,0.0910326597736898,0.011270591190883092,0.44430495067622416,0.5595860156411586,0.30881428291767643,0.010357448032924108,3.4298091391111045,4.766091840907656,3.3632734041817605,0.03639793395996094,0.14043128,0.21644284,0.062149398,0.02922579220363072,0.47487572,0.59043974,0.37599114,0.0284139769417899,3.3999727,4.7306705,3.366795,0.014629125595092773,0.03825949093598815,0.05451714168938827,0.02389865190063803,0.010387590953281947,0.3184687428667819,0.3821730844175329,0.32149873337673057,0.010306460516793388,3.399767093035605,4.6301071142110635,3.45513993005043
