N,Norm,Lambda,Gamma,K,LR_Entire_Time,LR_Entire_MAE,LR_Entire_RMSE,LR_Entire_MAD,LR_Cluster_Time_Avg,LR_Cluster_MAE_Avg,LR_Cluster_RMSE_Avg,LR_Cluster_MAD_Avg,LR_Euc_Time_Avg,LR_Euc_MAE_Avg,LR_Euc_RMSE_Avg,LR_Euc_MAD_Avg,RF_Entire_Time,RF_Entire_MAE,RF_Entire_RMSE,RF_Entire_MAD,RF_Cluster_Time_Avg,RF_Cluster_MAE_Avg,RF_Cluster_RMSE_Avg,RF_Cluster_MAD_Avg,RF_Euc_Time_Avg,RF_Euc_MAE_Avg,RF_Euc_RMSE_Avg,RF_Euc_MAD_Avg,NN_Entire_Time,NN_Entire_MAE,NN_Entire_RMSE,NN_Entire_MAD,NN_Cluster_Time_Avg,NN_Cluster_MAE_Avg,NN_Cluster_RMSE_Avg,NN_Cluster_MAD_Avg,NN_Euc_Time_Avg,NN_Euc_MAE_Avg,NN_Euc_RMSE_Avg,NN_Euc_MAD_Avg,GB_Entire_Time,GB_Entire_MAE,GB_Entire_RMSE,GB_Entire_MAD,GB_Cluster_Time_Avg,GB_Cluster_MAE_Avg,GB_Cluster_RMSE_Avg,GB_Cluster_MAD_Avg,GB_Euc_Time_Avg,GB_Euc_MAE_Avg,GB_Euc_RMSE_Avg,GB_Euc_MAD_Avg
100000,1,0.1,2.0,5,0.005956172943115234,0.0643103041422581,0.30043950634238437,0.03601264487927863,0.0016210079193115234,0.1405555516297259,0.34729950510749924,0.09877077533869974,0.0014811992645263673,0.1810003097263652,0.43049108119569157,0.11850972218814104,25.555061101913452,0.03960797249224504,0.18987319114076176,0.014964094179316073,4.5008642196655275,0.1158715726910633,0.32202844816031695,0.06121924744926632,4.426507520675659,0.11679925860366014,0.3742850484530786,0.050704086089040624,11.694824934005737,0.043175510609467525,0.19448352831744856,0.017755955550278285,1.8392673492431642,0.09801984782769738,0.28750676556786237,0.05415789251696194,1.230522060394287,0.10628486198621494,0.3509124032398546,0.04731429471727387,6.665751934051514,0.04382913173317494,0.18991239373891913,0.021574883164358096,1.2827800273895265,0.1117698837819829,0.30134920325328113,0.07137626610214506,1.2908661842346192,0.11626182371395377,0.36470524195117693,0.058790766531387637
