N,Norm,Lambda,Gamma,K,LR_Entire_Time,LR_Entire_MAE,LR_Entire_RMSE,LR_Entire_MAD,LR_Cluster_Time_Avg,LR_Cluster_MAE_Avg,LR_Cluster_RMSE_Avg,LR_Cluster_MAD_Avg,LR_Euc_Time_Avg,LR_Euc_MAE_Avg,LR_Euc_RMSE_Avg,LR_Euc_MAD_Avg,RF_Entire_Time,RF_Entire_MAE,RF_Entire_RMSE,RF_Entire_MAD,RF_Cluster_Time_Avg,RF_Cluster_MAE_Avg,RF_Cluster_RMSE_Avg,RF_Cluster_MAD_Avg,RF_Euc_Time_Avg,RF_Euc_MAE_Avg,RF_Euc_RMSE_Avg,RF_Euc_MAD_Avg,NN_Entire_Time,NN_Entire_MAE,NN_Entire_RMSE,NN_Entire_MAD,NN_Cluster_Time_Avg,NN_Cluster_MAE_Avg,NN_Cluster_RMSE_Avg,NN_Cluster_MAD_Avg,NN_Euc_Time_Avg,NN_Euc_MAE_Avg,NN_Euc_RMSE_Avg,NN_Euc_MAD_Avg,GP_Entire_Time,GP_Entire_MAE,GP_Entire_RMSE,GP_Entire_MAD,GP_Cluster_Time_Avg,GP_Cluster_MAE_Avg,GP_Cluster_RMSE_Avg,GP_Cluster_MAD_Avg,GP_Euc_Time_Avg,GP_Euc_MAE_Avg,GP_Euc_RMSE_Avg,GP_Euc_MAD_Avg,GB_Entire_Time,GB_Entire_MAE,GB_Entire_RMSE,GB_Entire_MAD,GB_Cluster_Time_Avg,GB_Cluster_MAE_Avg,GB_Cluster_RMSE_Avg,GB_Cluster_MAD_Avg,GB_Euc_Time_Avg,GB_Euc_MAE_Avg,GB_Euc_RMSE_Avg,GB_Euc_MAD_Avg
100,1,0.9,0.5,5,0.00027108192443847656,0.19598571368711998,0.2658167496676893,0.12690348231686688,0.00028104782104492186,0.38004057672611,0.41121368324713287,0.34886090017975613,0.0002457618713378906,0.4007447265730434,0.4565610032085704,0.3078634957211154,0.04369616508483887,0.03661184675812843,0.04517702893667036,0.02756340802451057,0.03978662490844727,0.42725461979877155,0.5814772036563711,0.2135338600665392,0.03907923698425293,0.21765509114067702,0.27400244345143693,0.17662983476083993,0.023905038833618164,0.2162154300273756,0.3063162590670549,0.12095828534885891,0.009302902221679687,0.584582404924651,0.6270151587678563,0.5366476604502445,0.009629344940185547,0.44638306731905486,0.4694354770654444,0.4316629586223838,0.03671598434448242,0.14043128,0.21644284,0.062149398,0.028513622283935548,0.40731353,0.51633525,0.2800881,0.029345321655273437,0.26822087,0.30627936,0.24485402,0.01504206657409668,0.03496573138787934,0.04745551897251581,0.02389865190063803,0.010788726806640624,0.46626491559594296,0.6790718239300599,0.2132289411334205,0.010556840896606445,0.23927620170335281,0.2856455915333146,0.18971015868768357
