N,Norm,Lambda,Gamma,K,LR_Entire_Time,LR_Entire_MAE,LR_Entire_RMSE,LR_Entire_MAD,LR_Cluster_Time_Avg,LR_Cluster_MAE_Avg,LR_Cluster_RMSE_Avg,LR_Cluster_MAD_Avg,LR_Cluster_MAE_Median,LR_Cluster_RMSE_Median,LR_Cluster_MAD_Median,RF_Entire_Time,RF_Entire_MAE,RF_Entire_RMSE,RF_Entire_MAD,RF_Cluster_Time_Avg,RF_Cluster_MAE_Avg,RF_Cluster_RMSE_Avg,RF_Cluster_MAD_Avg,RF_Cluster_MAE_Median,RF_Cluster_RMSE_Median,RF_Cluster_MAD_Median,NN_Entire_Time,NN_Entire_MAE,NN_Entire_RMSE,NN_Entire_MAD,NN_Cluster_Time_Avg,NN_Cluster_MAE_Avg,NN_Cluster_RMSE_Avg,NN_Cluster_MAD_Avg,NN_Cluster_MAE_Median,NN_Cluster_RMSE_Median,NN_Cluster_MAD_Median,GP_Entire_Time,GP_Entire_MAE,GP_Entire_RMSE,GP_Entire_MAD,GP_Cluster_Time_Avg,GP_Cluster_MAE_Avg,GP_Cluster_RMSE_Avg,GP_Cluster_MAD_Avg,GP_Cluster_MAE_Median,GP_Cluster_RMSE_Median,GP_Cluster_MAD_Median,GB_Entire_Time,GB_Entire_MAE,GB_Entire_RMSE,GB_Entire_MAD,GB_Cluster_Time_Avg,GB_Cluster_MAE_Avg,GB_Cluster_RMSE_Avg,GB_Cluster_MAD_Avg,GB_Cluster_MAE_Median,GB_Cluster_RMSE_Median,GB_Cluster_MAD_Median
10000,1,0.1,1.0,6,0.0011031627655029297,0.0711493164406142,0.34865177023578486,0.037222118158097006,0.0008558034896850586,0.07259458744829607,0.2630961822816253,0.046181757670071655,0.07332949287752615,0.30854485094577166,0.04112995675340024,1.6216237545013428,0.042806609169072134,0.20746107784415202,0.01719320290786086,0.21837079524993896,0.05074821726377493,0.2139577052137903,0.017194191115905873,0.04942643400651105,0.21120760584140752,0.01664609499954815,2.138582944869995,0.07443105891997334,0.27831191461955335,0.031171482909094994,0.22968562444051108,0.07693275103939956,0.2797820880353103,0.03207725099508948,0.0754017459105542,0.2967467567359209,0.030180071665297264,9.84040904045105,0.059939157,0.2521589,0.018276572,0.6133910814921061,0.07382649,0.25084603,0.024638409,0.07520215213298798,0.2889132499694824,0.026058975607156754,0.5999801158905029,0.046042575854087504,0.19536394602524945,0.02291651168796993,0.09116192658742268,0.053045846577612556,0.2546395494102972,0.020179052786789536,0.051450902724906676,0.25794501452210505,0.01973471625233257
