N,Norm,Lambda,Gamma,K,LR_Entire_Time,LR_Entire_MAE,LR_Entire_RMSE,LR_Entire_MAD,LR_Cluster_Time_Avg,LR_Cluster_MAE_Avg,LR_Cluster_RMSE_Avg,LR_Cluster_MAD_Avg,LR_Euc_Time_Avg,LR_Euc_MAE_Avg,LR_Euc_RMSE_Avg,LR_Euc_MAD_Avg,RF_Entire_Time,RF_Entire_MAE,RF_Entire_RMSE,RF_Entire_MAD,RF_Cluster_Time_Avg,RF_Cluster_MAE_Avg,RF_Cluster_RMSE_Avg,RF_Cluster_MAD_Avg,RF_Euc_Time_Avg,RF_Euc_MAE_Avg,RF_Euc_RMSE_Avg,RF_Euc_MAD_Avg,NN_Entire_Time,NN_Entire_MAE,NN_Entire_RMSE,NN_Entire_MAD,NN_Cluster_Time_Avg,NN_Cluster_MAE_Avg,NN_Cluster_RMSE_Avg,NN_Cluster_MAD_Avg,NN_Euc_Time_Avg,NN_Euc_MAE_Avg,NN_Euc_RMSE_Avg,NN_Euc_MAD_Avg,GB_Entire_Time,GB_Entire_MAE,GB_Entire_RMSE,GB_Entire_MAD,GB_Cluster_Time_Avg,GB_Cluster_MAE_Avg,GB_Cluster_RMSE_Avg,GB_Cluster_MAD_Avg,GB_Euc_Time_Avg,GB_Euc_MAE_Avg,GB_Euc_RMSE_Avg,GB_Euc_MAD_Avg
100000,1,0.5,0.5,3,0.006223917007446289,0.0643103041422581,0.30043950634238437,0.03601264487927863,0.0025763511657714844,0.09513655670211725,0.3032277680744298,0.059911553419951635,0.002288977305094401,0.13700685445944463,0.42404110391471833,0.08132741789522079,25.59861183166504,0.03939794668795461,0.1890911663501148,0.015047839978812205,7.86392347017924,0.07186486304391383,0.24878833099835748,0.03397656795542939,7.610340356826782,0.0840227870026452,0.33778269469817984,0.033174666256818745,14.716004133224487,0.04383702260197306,0.19964916169263447,0.014386140850594198,4.5549765427907305,0.07329455912254824,0.23820446580704616,0.038394411176327796,3.5654612382253013,0.08089515879056927,0.3226628092995662,0.03337330873705447,6.683247089385986,0.04389731418333599,0.19125176041600547,0.021574883164357947,2.155130704243978,0.07339152053941604,0.24312792174866762,0.04256275662547049,2.166624069213867,0.08423705365842005,0.329737221198044,0.04067719294935005
