N,Norm,Lambda,Gamma,K,LR_Entire_Time,LR_Entire_MAE,LR_Entire_RMSE,LR_Entire_MAD,LR_Cluster_Time_Avg,LR_Cluster_MAE_Avg,LR_Cluster_RMSE_Avg,LR_Cluster_MAD_Avg,LR_Euc_Time_Avg,LR_Euc_MAE_Avg,LR_Euc_RMSE_Avg,LR_Euc_MAD_Avg,RF_Entire_Time,RF_Entire_MAE,RF_Entire_RMSE,RF_Entire_MAD,RF_Cluster_Time_Avg,RF_Cluster_MAE_Avg,RF_Cluster_RMSE_Avg,RF_Cluster_MAD_Avg,RF_Euc_Time_Avg,RF_Euc_MAE_Avg,RF_Euc_RMSE_Avg,RF_Euc_MAD_Avg,NN_Entire_Time,NN_Entire_MAE,NN_Entire_RMSE,NN_Entire_MAD,NN_Cluster_Time_Avg,NN_Cluster_MAE_Avg,NN_Cluster_RMSE_Avg,NN_Cluster_MAD_Avg,NN_Euc_Time_Avg,NN_Euc_MAE_Avg,NN_Euc_RMSE_Avg,NN_Euc_MAD_Avg,GB_Entire_Time,GB_Entire_MAE,GB_Entire_RMSE,GB_Entire_MAD,GB_Cluster_Time_Avg,GB_Cluster_MAE_Avg,GB_Cluster_RMSE_Avg,GB_Cluster_MAD_Avg,GB_Euc_Time_Avg,GB_Euc_MAE_Avg,GB_Euc_RMSE_Avg,GB_Euc_MAD_Avg
50000,2,0.1,2.0,4,0.003284931182861328,0.06625561675942009,0.3233405659660932,0.03390383380555034,0.000996708869934082,0.11240967126516291,0.30145287204738813,0.07995313422317796,0.0012112259864807129,0.15681437021266262,0.40509421674927343,0.09586607981260689,11.072225093841553,0.042612414739008085,0.21477260084731253,0.01591923188157718,2.50445693731308,0.0923211621673975,0.27015241067671625,0.0486163619470153,2.4326733350753784,0.09811556377467145,0.3364924563453251,0.040149920477943704,6.876211881637573,0.05558220403034509,0.233746873753498,0.021393878500537533,1.3881590366363525,0.08826505890426402,0.25169217679431843,0.04982394670972251,0.9003190398216248,0.10462181127590281,0.3181419963124721,0.05094259743953628,3.1947648525238037,0.04808238960785026,0.2204143819534074,0.02282462358875667,0.787136435508728,0.09093480891081494,0.2548594154254782,0.05687266812188299,0.7821239829063416,0.09900054678357648,0.33308476522653413,0.04658457562563377
