N,Norm,Lambda,Gamma,K,LR_Entire_Time,LR_Entire_MAE,LR_Entire_RMSE,LR_Entire_MAD,LR_Cluster_Time_Avg,LR_Cluster_MAE_Avg,LR_Cluster_RMSE_Avg,LR_Cluster_MAD_Avg,LR_Euc_Time_Avg,LR_Euc_MAE_Avg,LR_Euc_RMSE_Avg,LR_Euc_MAD_Avg,RF_Entire_Time,RF_Entire_MAE,RF_Entire_RMSE,RF_Entire_MAD,RF_Cluster_Time_Avg,RF_Cluster_MAE_Avg,RF_Cluster_RMSE_Avg,RF_Cluster_MAD_Avg,RF_Euc_Time_Avg,RF_Euc_MAE_Avg,RF_Euc_RMSE_Avg,RF_Euc_MAD_Avg,NN_Entire_Time,NN_Entire_MAE,NN_Entire_RMSE,NN_Entire_MAD,NN_Cluster_Time_Avg,NN_Cluster_MAE_Avg,NN_Cluster_RMSE_Avg,NN_Cluster_MAD_Avg,NN_Euc_Time_Avg,NN_Euc_MAE_Avg,NN_Euc_RMSE_Avg,NN_Euc_MAD_Avg,GP_Entire_Time,GP_Entire_MAE,GP_Entire_RMSE,GP_Entire_MAD,GP_Cluster_Time_Avg,GP_Cluster_MAE_Avg,GP_Cluster_RMSE_Avg,GP_Cluster_MAD_Avg,GP_Euc_Time_Avg,GP_Euc_MAE_Avg,GP_Euc_RMSE_Avg,GP_Euc_MAD_Avg,GB_Entire_Time,GB_Entire_MAE,GB_Entire_RMSE,GB_Entire_MAD,GB_Cluster_Time_Avg,GB_Cluster_MAE_Avg,GB_Cluster_RMSE_Avg,GB_Cluster_MAD_Avg,GB_Euc_Time_Avg,GB_Euc_MAE_Avg,GB_Euc_RMSE_Avg,GB_Euc_MAD_Avg
1000,2,0.5,2.0,5,0.0003421306610107422,0.03174555839505721,0.043465480669550194,0.023354845822268516,0.0003386020660400391,0.39587051380361865,0.4828784659690985,0.38667956454285063,0.000278472900390625,0.20597234765336023,0.4975401491650316,0.11041285893666823,0.1424119472503662,0.027168955741815326,0.035892110743183596,0.0212713005384062,0.053934764862060544,0.20605588391613067,0.29149262031985507,0.14494451089795676,0.05377416610717774,0.1415637113291852,0.26423978001585463,0.10007621452070417,0.06322193145751953,0.04876752466828283,0.06685157954150259,0.03588164185840273,0.028031063079833985,0.2206127130201149,0.2989447959766188,0.1542642301038093,0.028019046783447264,0.21149150538846148,0.48345432884511463,0.10277882587680613,0.2584187984466553,0.047523502,0.08538143,0.030398354,0.054186248779296876,0.18008465,0.25275615,0.11172855,0.04804515838623047,0.22937259,0.5676478,0.12303834,0.06302785873413086,0.02300582749538007,0.029859104929460298,0.019896181155514586,0.020046472549438477,0.14856960412309336,0.22202076832826653,0.11026370445858114,0.019830799102783202,0.10827619404269154,0.153186560018738,0.07478727956232889
