N,Norm,Lambda,Gamma,K,LR_Entire_Time,LR_Entire_MAE,LR_Entire_RMSE,LR_Entire_MAD,LR_Cluster_Time_Avg,LR_Cluster_MAE_Avg,LR_Cluster_RMSE_Avg,LR_Cluster_MAD_Avg,LR_Euc_Time_Avg,LR_Euc_MAE_Avg,LR_Euc_RMSE_Avg,LR_Euc_MAD_Avg,RF_Entire_Time,RF_Entire_MAE,RF_Entire_RMSE,RF_Entire_MAD,RF_Cluster_Time_Avg,RF_Cluster_MAE_Avg,RF_Cluster_RMSE_Avg,RF_Cluster_MAD_Avg,RF_Euc_Time_Avg,RF_Euc_MAE_Avg,RF_Euc_RMSE_Avg,RF_Euc_MAD_Avg,NN_Entire_Time,NN_Entire_MAE,NN_Entire_RMSE,NN_Entire_MAD,NN_Cluster_Time_Avg,NN_Cluster_MAE_Avg,NN_Cluster_RMSE_Avg,NN_Cluster_MAD_Avg,NN_Euc_Time_Avg,NN_Euc_MAE_Avg,NN_Euc_RMSE_Avg,NN_Euc_MAD_Avg,GP_Entire_Time,GP_Entire_MAE,GP_Entire_RMSE,GP_Entire_MAD,GP_Cluster_Time_Avg,GP_Cluster_MAE_Avg,GP_Cluster_RMSE_Avg,GP_Cluster_MAD_Avg,GP_Euc_Time_Avg,GP_Euc_MAE_Avg,GP_Euc_RMSE_Avg,GP_Euc_MAD_Avg,GB_Entire_Time,GB_Entire_MAE,GB_Entire_RMSE,GB_Entire_MAD,GB_Cluster_Time_Avg,GB_Cluster_MAE_Avg,GB_Cluster_RMSE_Avg,GB_Cluster_MAD_Avg,GB_Euc_Time_Avg,GB_Euc_MAE_Avg,GB_Euc_RMSE_Avg,GB_Euc_MAD_Avg
100,1,0.1,1.0,3,0.000263214111328125,0.19598571368711998,0.2658167496676893,0.12690348231686688,0.00029468536376953125,0.13833994956657233,0.15878494071142032,0.1329869330474561,0.0002487500508626302,0.21199546172254302,0.2537019055645321,0.16563578698744988,0.04424095153808594,0.0402500724303852,0.04934251962266425,0.0319079230255385,0.04030172030131022,0.1020551920031013,0.1227836566185349,0.07727418092843492,0.03986096382141113,0.3179032273576803,0.5766664522365287,0.11392599275425126,0.024548053741455078,0.2755340462611485,0.4147926494097771,0.12632586681109959,0.012071450551350912,0.14628230217235139,0.17520187060310508,0.1539679343891066,0.012060324350992838,0.10769922847999286,0.12757643800973315,0.10055868853606999,0.035797119140625,0.14043128,0.21644284,0.062149398,0.03183388710021973,0.1008965,0.11475891,0.100225784,0.030956109364827473,0.1699987,0.20305915,0.1855737,0.01433873176574707,0.04115079730839434,0.06306379372049356,0.023898651900638015,0.011500676472981771,0.10701648635908916,0.12677292992598357,0.10088466997332685,0.011293172836303711,0.4187191515056363,0.9351156879082391,0.06599062598408441
