N,Norm,Lambda,Gamma,K,LR_Entire_Time,LR_Entire_MAE,LR_Entire_RMSE,LR_Entire_MAD,LR_Cluster_Time_Avg,LR_Cluster_MAE_Avg,LR_Cluster_RMSE_Avg,LR_Cluster_MAD_Avg,LR_Euc_Time_Avg,LR_Euc_MAE_Avg,LR_Euc_RMSE_Avg,LR_Euc_MAD_Avg,RF_Entire_Time,RF_Entire_MAE,RF_Entire_RMSE,RF_Entire_MAD,RF_Cluster_Time_Avg,RF_Cluster_MAE_Avg,RF_Cluster_RMSE_Avg,RF_Cluster_MAD_Avg,RF_Euc_Time_Avg,RF_Euc_MAE_Avg,RF_Euc_RMSE_Avg,RF_Euc_MAD_Avg,NN_Entire_Time,NN_Entire_MAE,NN_Entire_RMSE,NN_Entire_MAD,NN_Cluster_Time_Avg,NN_Cluster_MAE_Avg,NN_Cluster_RMSE_Avg,NN_Cluster_MAD_Avg,NN_Euc_Time_Avg,NN_Euc_MAE_Avg,NN_Euc_RMSE_Avg,NN_Euc_MAD_Avg,GP_Entire_Time,GP_Entire_MAE,GP_Entire_RMSE,GP_Entire_MAD,GP_Cluster_Time_Avg,GP_Cluster_MAE_Avg,GP_Cluster_RMSE_Avg,GP_Cluster_MAD_Avg,GP_Euc_Time_Avg,GP_Euc_MAE_Avg,GP_Euc_RMSE_Avg,GP_Euc_MAD_Avg,GB_Entire_Time,GB_Entire_MAE,GB_Entire_RMSE,GB_Entire_MAD,GB_Cluster_Time_Avg,GB_Cluster_MAE_Avg,GB_Cluster_RMSE_Avg,GB_Cluster_MAD_Avg,GB_Euc_Time_Avg,GB_Euc_MAE_Avg,GB_Euc_RMSE_Avg,GB_Euc_MAD_Avg
10000,2,0.9,2.0,3,0.0008008480072021484,0.06792803101151079,0.3219772320780228,0.0359716131146422,0.0009472370147705078,0.09673842157375756,0.2759004119682224,0.0602257405304506,0.0005293687184651693,0.1339008915097624,0.3611311607589738,0.0870481855744885,1.7031731605529785,0.04726329900234336,0.23541720697064708,0.0180020156420006,0.5390644073486328,0.08608134182592485,0.24207859185450073,0.043450487464563176,0.5282381375630697,0.09087354455068469,0.3400001005494468,0.038646173216436465,1.6029419898986816,0.07985253909833599,0.2880548787858506,0.03116557016172139,0.37641016642252606,0.09290212005832278,0.2458678269849505,0.04454426035675838,0.33227237065633136,0.11834820881535839,0.34403766832939303,0.05305450427732981,9.695250988006592,0.070316926,0.25897238,0.02268526,1.5805242856343586,0.076669134,0.20915438,0.03764539,1.4173672993977864,0.09068284,0.3333961,0.034652997,0.63254714012146,0.04865393311800639,0.23686577562345512,0.023290466776536983,0.21013768513997397,0.07973219101359114,0.2368231115891093,0.04377468079820827,0.21165291468302408,0.085832041707463,0.3274741541711852,0.04211910576713177
