N,Norm,Lambda,Gamma,K,LR_Entire_Time,LR_Entire_MAE,LR_Entire_RMSE,LR_Entire_MAD,LR_Cluster_Time_Avg,LR_Cluster_MAE_Avg,LR_Cluster_RMSE_Avg,LR_Cluster_MAD_Avg,LR_Euc_Time_Avg,LR_Euc_MAE_Avg,LR_Euc_RMSE_Avg,LR_Euc_MAD_Avg,RF_Entire_Time,RF_Entire_MAE,RF_Entire_RMSE,RF_Entire_MAD,RF_Cluster_Time_Avg,RF_Cluster_MAE_Avg,RF_Cluster_RMSE_Avg,RF_Cluster_MAD_Avg,RF_Euc_Time_Avg,RF_Euc_MAE_Avg,RF_Euc_RMSE_Avg,RF_Euc_MAD_Avg,NN_Entire_Time,NN_Entire_MAE,NN_Entire_RMSE,NN_Entire_MAD,NN_Cluster_Time_Avg,NN_Cluster_MAE_Avg,NN_Cluster_RMSE_Avg,NN_Cluster_MAD_Avg,NN_Euc_Time_Avg,NN_Euc_MAE_Avg,NN_Euc_RMSE_Avg,NN_Euc_MAD_Avg,GP_Entire_Time,GP_Entire_MAE,GP_Entire_RMSE,GP_Entire_MAD,GP_Cluster_Time_Avg,GP_Cluster_MAE_Avg,GP_Cluster_RMSE_Avg,GP_Cluster_MAD_Avg,GP_Euc_Time_Avg,GP_Euc_MAE_Avg,GP_Euc_RMSE_Avg,GP_Euc_MAD_Avg,GB_Entire_Time,GB_Entire_MAE,GB_Entire_RMSE,GB_Entire_MAD,GB_Cluster_Time_Avg,GB_Cluster_MAE_Avg,GB_Cluster_RMSE_Avg,GB_Cluster_MAD_Avg,GB_Euc_Time_Avg,GB_Euc_MAE_Avg,GB_Euc_RMSE_Avg,GB_Euc_MAD_Avg
1000,2,0.1,0.5,6,0.000576019287109375,0.03174555839505721,0.043465480669550194,0.023354845822268516,0.00033072630564371747,0.14356254574605654,0.27089227297577106,0.10643137743054822,0.0003049770991007487,0.14349864537881704,0.17935176655810428,0.12963595028592503,0.1416010856628418,0.026905893943134095,0.035919938409914455,0.020495758780885,0.05166248480478922,0.14296912822233362,0.22655675625152175,0.10234692623699078,0.051170905431111656,0.11076440328642177,0.15644516302923264,0.08048761687899261,0.08178210258483887,0.05035365133046572,0.07464581193153096,0.03797215457602565,0.02765369415283203,0.14511517629245413,0.27804298396822646,0.09743888978629334,0.03188776969909668,0.13974787378710987,0.18364877625583811,0.11904887258833306,0.18109393119812012,0.047523502,0.08538143,0.030398354,0.04575852553049723,0.16579486,0.29034373,0.1116874,0.0394289493560791,0.11792902,0.17825367,0.08120518,0.06313920021057129,0.02302157569185656,0.02991292416424791,0.019598714559076386,0.01776707172393799,0.13224905176569893,0.18082341319730624,0.09861819299348414,0.017856637636820476,0.10557015326097909,0.14376963679335478,0.07928772231600593
