N,Norm,Lambda,Gamma,K,LR_Entire_Time,LR_Entire_MAE,LR_Entire_RMSE,LR_Entire_MAD,LR_Cluster_Time_Avg,LR_Cluster_MAE_Avg,LR_Cluster_RMSE_Avg,LR_Cluster_MAD_Avg,LR_Euc_Time_Avg,LR_Euc_MAE_Avg,LR_Euc_RMSE_Avg,LR_Euc_MAD_Avg,RF_Entire_Time,RF_Entire_MAE,RF_Entire_RMSE,RF_Entire_MAD,RF_Cluster_Time_Avg,RF_Cluster_MAE_Avg,RF_Cluster_RMSE_Avg,RF_Cluster_MAD_Avg,RF_Euc_Time_Avg,RF_Euc_MAE_Avg,RF_Euc_RMSE_Avg,RF_Euc_MAD_Avg,NN_Entire_Time,NN_Entire_MAE,NN_Entire_RMSE,NN_Entire_MAD,NN_Cluster_Time_Avg,NN_Cluster_MAE_Avg,NN_Cluster_RMSE_Avg,NN_Cluster_MAD_Avg,NN_Euc_Time_Avg,NN_Euc_MAE_Avg,NN_Euc_RMSE_Avg,NN_Euc_MAD_Avg,GP_Entire_Time,GP_Entire_MAE,GP_Entire_RMSE,GP_Entire_MAD,GP_Cluster_Time_Avg,GP_Cluster_MAE_Avg,GP_Cluster_RMSE_Avg,GP_Cluster_MAD_Avg,GP_Euc_Time_Avg,GP_Euc_MAE_Avg,GP_Euc_RMSE_Avg,GP_Euc_MAD_Avg,GB_Entire_Time,GB_Entire_MAE,GB_Entire_RMSE,GB_Entire_MAD,GB_Cluster_Time_Avg,GB_Cluster_MAE_Avg,GB_Cluster_RMSE_Avg,GB_Cluster_MAD_Avg,GB_Euc_Time_Avg,GB_Euc_MAE_Avg,GB_Euc_RMSE_Avg,GB_Euc_MAD_Avg
100,2,0.9,0.5,4,0.0003631114959716797,0.19598571368711998,0.2658167496676893,0.12690348231686688,0.0003052353858947754,0.20608208184274573,0.28054223856080396,0.15403454944364975,0.00024950504302978516,0.2636792202538578,0.27544820109858575,0.2646526185300492,0.04420304298400879,0.03626489053837696,0.04716875416862273,0.025854338589815506,0.03895878791809082,0.29233905693608786,0.36584592502614377,0.2579876903079792,0.040068745613098145,0.37319079897010804,0.5432287056639429,0.16682658426405775,0.025414705276489258,0.23247861904126405,0.3394530584653894,0.1497998025365066,0.01099461317062378,0.30494308472490406,0.3409874703638434,0.27834449775301806,0.0107346773147583,0.314420191750219,0.34646852449331333,0.3426525351880112,0.03623604774475098,0.14043128,0.21644284,0.062149398,0.03101968765258789,0.48863697,0.55369157,0.4811833,0.029514551162719727,0.54975957,0.67998046,0.4185274,0.014247894287109375,0.035008454440074256,0.047814885408378666,0.023898651900638015,0.01086878776550293,0.21500415080249186,0.2642999615563695,0.20122717885113928,0.010810494422912598,0.4392862346058187,0.6894430352286629,0.11606701824808437
