N,Norm,Lambda,Gamma,K,LR_Entire_Time,LR_Entire_MAE,LR_Entire_RMSE,LR_Entire_MAD,LR_Cluster_Time_Avg,LR_Cluster_MAE_Avg,LR_Cluster_RMSE_Avg,LR_Cluster_MAD_Avg,LR_Euc_Time_Avg,LR_Euc_MAE_Avg,LR_Euc_RMSE_Avg,LR_Euc_MAD_Avg,RF_Entire_Time,RF_Entire_MAE,RF_Entire_RMSE,RF_Entire_MAD,RF_Cluster_Time_Avg,RF_Cluster_MAE_Avg,RF_Cluster_RMSE_Avg,RF_Cluster_MAD_Avg,RF_Euc_Time_Avg,RF_Euc_MAE_Avg,RF_Euc_RMSE_Avg,RF_Euc_MAD_Avg,NN_Entire_Time,NN_Entire_MAE,NN_Entire_RMSE,NN_Entire_MAD,NN_Cluster_Time_Avg,NN_Cluster_MAE_Avg,NN_Cluster_RMSE_Avg,NN_Cluster_MAD_Avg,NN_Euc_Time_Avg,NN_Euc_MAE_Avg,NN_Euc_RMSE_Avg,NN_Euc_MAD_Avg,GB_Entire_Time,GB_Entire_MAE,GB_Entire_RMSE,GB_Entire_MAD,GB_Cluster_Time_Avg,GB_Cluster_MAE_Avg,GB_Cluster_RMSE_Avg,GB_Cluster_MAD_Avg,GB_Euc_Time_Avg,GB_Euc_MAE_Avg,GB_Euc_RMSE_Avg,GB_Euc_MAD_Avg
100000,1,0.1,0.5,4,0.006732940673828125,0.0643103041422581,0.30043950634238437,0.03601264487927863,0.0024673938751220703,0.11374376251714277,0.2988709503294876,0.07829333872361809,0.0022589564323425293,0.1551439489605722,0.4137185066125712,0.09434256602327316,25.636140823364258,0.03962427156743156,0.19151999555467847,0.015000632951707393,5.926095247268677,0.09049546634541368,0.25915985928751784,0.0469533438338162,5.7045387625694275,0.09649365689087552,0.3369187405833933,0.03850287019386241,16.62005305290222,0.043534837017586224,0.19726164158274195,0.017474896078559676,2.3643667697906494,0.07853421306366729,0.23557809143687203,0.04268817473547821,1.7158645391464233,0.09440183411692796,0.32002877694317416,0.04093207029051746,6.81520414352417,0.04383744451463613,0.1900109922003434,0.021574883164358093,1.6464094519615173,0.08927038187202246,0.2463871745840904,0.05524207927631796,1.6581403017044067,0.09738887989045109,0.3328223283541331,0.046588976904552756
