N,Norm,Lambda,Gamma,K,LR_Entire_Time,LR_Entire_MAE,LR_Entire_RMSE,LR_Entire_MAD,LR_Cluster_Time_Avg,LR_Cluster_MAE_Avg,LR_Cluster_RMSE_Avg,LR_Cluster_MAD_Avg,LR_Euc_Time_Avg,LR_Euc_MAE_Avg,LR_Euc_RMSE_Avg,LR_Euc_MAD_Avg,RF_Entire_Time,RF_Entire_MAE,RF_Entire_RMSE,RF_Entire_MAD,RF_Cluster_Time_Avg,RF_Cluster_MAE_Avg,RF_Cluster_RMSE_Avg,RF_Cluster_MAD_Avg,RF_Euc_Time_Avg,RF_Euc_MAE_Avg,RF_Euc_RMSE_Avg,RF_Euc_MAD_Avg,NN_Entire_Time,NN_Entire_MAE,NN_Entire_RMSE,NN_Entire_MAD,NN_Cluster_Time_Avg,NN_Cluster_MAE_Avg,NN_Cluster_RMSE_Avg,NN_Cluster_MAD_Avg,NN_Euc_Time_Avg,NN_Euc_MAE_Avg,NN_Euc_RMSE_Avg,NN_Euc_MAD_Avg,GP_Entire_Time,GP_Entire_MAE,GP_Entire_RMSE,GP_Entire_MAD,GP_Cluster_Time_Avg,GP_Cluster_MAE_Avg,GP_Cluster_RMSE_Avg,GP_Cluster_MAD_Avg,GP_Euc_Time_Avg,GP_Euc_MAE_Avg,GP_Euc_RMSE_Avg,GP_Euc_MAD_Avg,GB_Entire_Time,GB_Entire_MAE,GB_Entire_RMSE,GB_Entire_MAD,GB_Cluster_Time_Avg,GB_Cluster_MAE_Avg,GB_Cluster_RMSE_Avg,GB_Cluster_MAD_Avg,GB_Euc_Time_Avg,GB_Euc_MAE_Avg,GB_Euc_RMSE_Avg,GB_Euc_MAD_Avg
100,1,0.1,0.5,5,0.0003368854522705078,0.19598571368711998,0.2658167496676893,0.12690348231686688,0.0003086090087890625,0.38004057672611,0.41121368324713287,0.34886090017975613,0.0002576351165771484,0.4007447265730434,0.4565610032085704,0.3078634957211154,0.04421091079711914,0.04532467265319927,0.055523274898759536,0.0477889087858967,0.039715003967285153,0.37983575758333055,0.5315076542009903,0.1895371914180301,0.03839883804321289,0.24694588479268798,0.2964932539554022,0.19080835656740353,0.023563146591186523,0.22207185008529073,0.323967681292234,0.13387438395763118,0.009601640701293945,0.4042563197320027,0.42680646259371724,0.39397849937276824,0.008469629287719726,0.41558306332829353,0.45585834580379014,0.412758394167754,0.03900003433227539,0.14043128,0.21644284,0.062149398,0.028645753860473633,0.40731353,0.51633525,0.2800881,0.029454374313354494,0.26822087,0.30627936,0.24485402,0.01429295539855957,0.04123661337838889,0.06319858314779316,0.023898651900638,0.010709333419799804,0.44504952278083704,0.658928866327488,0.18652157883998985,0.010569429397583008,0.22433774785589106,0.2747871924947532,0.1755576202296106
