N,Norm,Lambda,Gamma,K,LR_Entire_Time,LR_Entire_MAE,LR_Entire_RMSE,LR_Entire_MAD,LR_Cluster_Time_Avg,LR_Cluster_MAE_Avg,LR_Cluster_RMSE_Avg,LR_Cluster_MAD_Avg,LR_Euc_Time_Avg,LR_Euc_MAE_Avg,LR_Euc_RMSE_Avg,LR_Euc_MAD_Avg,RF_Entire_Time,RF_Entire_MAE,RF_Entire_RMSE,RF_Entire_MAD,RF_Cluster_Time_Avg,RF_Cluster_MAE_Avg,RF_Cluster_RMSE_Avg,RF_Cluster_MAD_Avg,RF_Euc_Time_Avg,RF_Euc_MAE_Avg,RF_Euc_RMSE_Avg,RF_Euc_MAD_Avg,NN_Entire_Time,NN_Entire_MAE,NN_Entire_RMSE,NN_Entire_MAD,NN_Cluster_Time_Avg,NN_Cluster_MAE_Avg,NN_Cluster_RMSE_Avg,NN_Cluster_MAD_Avg,NN_Euc_Time_Avg,NN_Euc_MAE_Avg,NN_Euc_RMSE_Avg,NN_Euc_MAD_Avg,GP_Entire_Time,GP_Entire_MAE,GP_Entire_RMSE,GP_Entire_MAD,GP_Cluster_Time_Avg,GP_Cluster_MAE_Avg,GP_Cluster_RMSE_Avg,GP_Cluster_MAD_Avg,GP_Euc_Time_Avg,GP_Euc_MAE_Avg,GP_Euc_RMSE_Avg,GP_Euc_MAD_Avg,GB_Entire_Time,GB_Entire_MAE,GB_Entire_RMSE,GB_Entire_MAD,GB_Cluster_Time_Avg,GB_Cluster_MAE_Avg,GB_Cluster_RMSE_Avg,GB_Cluster_MAD_Avg,GB_Euc_Time_Avg,GB_Euc_MAE_Avg,GB_Euc_RMSE_Avg,GB_Euc_MAD_Avg
100,2,0.5,0.5,3,0.0003077983856201172,0.19598571368711998,0.2658167496676893,0.12690348231686688,0.0003952185312906901,0.13833994956657233,0.15878494071142032,0.1329869330474561,0.00027632713317871094,0.21199546172254302,0.2537019055645321,0.16563578698744988,0.045085906982421875,0.04109714572365196,0.049092562849190204,0.039116767818077665,0.04176195462544759,0.10853146233408124,0.1285477773882527,0.08976564821861015,0.039970080057779946,0.34299218152244476,0.6365061684975102,0.14686579151869483,0.025545835494995117,0.25583848538194176,0.37996392283180275,0.12643688887020862,0.012554089228312174,0.13325636840550045,0.1496495779062775,0.12566436195597083,0.012938261032104492,0.1768824121165188,0.2199416605335209,0.13664979946958627,0.03621983528137207,0.14043128,0.21644284,0.062149398,0.03119524319966634,0.1008965,0.11475891,0.100225784,0.031131982803344727,0.1699987,0.20305915,0.1855737,0.014028072357177734,0.03789763959871893,0.05377757238706709,0.023898651900637974,0.011529763539632162,0.10401258591141899,0.1191420399923047,0.09110041728710828,0.011095444361368815,0.4175043994783508,0.9510524040359111,0.06791508152216152
