N,Norm,Lambda,Gamma,K,LR_Entire_Time,LR_Entire_MAE,LR_Entire_RMSE,LR_Entire_MAD,LR_Cluster_Time_Avg,LR_Cluster_MAE_Avg,LR_Cluster_RMSE_Avg,LR_Cluster_MAD_Avg,LR_Euc_Time_Avg,LR_Euc_MAE_Avg,LR_Euc_RMSE_Avg,LR_Euc_MAD_Avg,RF_Entire_Time,RF_Entire_MAE,RF_Entire_RMSE,RF_Entire_MAD,RF_Cluster_Time_Avg,RF_Cluster_MAE_Avg,RF_Cluster_RMSE_Avg,RF_Cluster_MAD_Avg,RF_Euc_Time_Avg,RF_Euc_MAE_Avg,RF_Euc_RMSE_Avg,RF_Euc_MAD_Avg,NN_Entire_Time,NN_Entire_MAE,NN_Entire_RMSE,NN_Entire_MAD,NN_Cluster_Time_Avg,NN_Cluster_MAE_Avg,NN_Cluster_RMSE_Avg,NN_Cluster_MAD_Avg,NN_Euc_Time_Avg,NN_Euc_MAE_Avg,NN_Euc_RMSE_Avg,NN_Euc_MAD_Avg,GP_Entire_Time,GP_Entire_MAE,GP_Entire_RMSE,GP_Entire_MAD,GP_Cluster_Time_Avg,GP_Cluster_MAE_Avg,GP_Cluster_RMSE_Avg,GP_Cluster_MAD_Avg,GP_Euc_Time_Avg,GP_Euc_MAE_Avg,GP_Euc_RMSE_Avg,GP_Euc_MAD_Avg,GB_Entire_Time,GB_Entire_MAE,GB_Entire_RMSE,GB_Entire_MAD,GB_Cluster_Time_Avg,GB_Cluster_MAE_Avg,GB_Cluster_RMSE_Avg,GB_Cluster_MAD_Avg,GB_Euc_Time_Avg,GB_Euc_MAE_Avg,GB_Euc_RMSE_Avg,GB_Euc_MAD_Avg
5000,1,0.5,1.0,6,0.0007429122924804688,0.06606716257040125,0.2627241057286416,0.044473382092633296,0.0003249645233154297,0.15509078377999427,0.32974246752512076,0.11789749379910387,0.0003407001495361328,0.22164609849587402,0.4643029753593615,0.14169759091135933,0.7810280323028564,0.04336999668754082,0.19503764139906346,0.02075156086950261,0.13637153307596842,0.14538987422717245,0.3456507181454602,0.0870622571663292,0.13571083545684814,0.18794713512491898,0.4717790806289102,0.08160384923528324,0.966754674911499,0.07316622696051198,0.2456638606403915,0.031869595496548164,0.11811991532643636,0.15120080528693747,0.32750450738790976,0.09760860923717585,0.10977745056152344,0.19532761333981183,0.4328729610985739,0.09580715312730097,2.7307169437408447,0.074313216,0.24535272,0.02862069,0.18484199047088623,0.14636236,0.3322583,0.08612361,0.17200752099355063,0.1865023,0.46225753,0.09016925,0.3089280128479004,0.043587841725947395,0.18478950258539772,0.02448690356161353,0.05667682488759359,0.13455526525457692,0.3277904709214318,0.08079161924187683,0.05661491552988688,0.18399865380490887,0.49549106327297593,0.08018442822115453
