N,Norm,Lambda,Gamma,K,LR_Entire_Time,LR_Entire_MAE,LR_Entire_RMSE,LR_Entire_MAD,LR_Cluster_Time_Avg,LR_Cluster_MAE_Avg,LR_Cluster_RMSE_Avg,LR_Cluster_MAD_Avg,LR_Euc_Time_Avg,LR_Euc_MAE_Avg,LR_Euc_RMSE_Avg,LR_Euc_MAD_Avg,RF_Entire_Time,RF_Entire_MAE,RF_Entire_RMSE,RF_Entire_MAD,RF_Cluster_Time_Avg,RF_Cluster_MAE_Avg,RF_Cluster_RMSE_Avg,RF_Cluster_MAD_Avg,RF_Euc_Time_Avg,RF_Euc_MAE_Avg,RF_Euc_RMSE_Avg,RF_Euc_MAD_Avg,NN_Entire_Time,NN_Entire_MAE,NN_Entire_RMSE,NN_Entire_MAD,NN_Cluster_Time_Avg,NN_Cluster_MAE_Avg,NN_Cluster_RMSE_Avg,NN_Cluster_MAD_Avg,NN_Euc_Time_Avg,NN_Euc_MAE_Avg,NN_Euc_RMSE_Avg,NN_Euc_MAD_Avg,GP_Entire_Time,GP_Entire_MAE,GP_Entire_RMSE,GP_Entire_MAD,GP_Cluster_Time_Avg,GP_Cluster_MAE_Avg,GP_Cluster_RMSE_Avg,GP_Cluster_MAD_Avg,GP_Euc_Time_Avg,GP_Euc_MAE_Avg,GP_Euc_RMSE_Avg,GP_Euc_MAD_Avg,GB_Entire_Time,GB_Entire_MAE,GB_Entire_RMSE,GB_Entire_MAD,GB_Cluster_Time_Avg,GB_Cluster_MAE_Avg,GB_Cluster_RMSE_Avg,GB_Cluster_MAD_Avg,GB_Euc_Time_Avg,GB_Euc_MAE_Avg,GB_Euc_RMSE_Avg,GB_Euc_MAD_Avg
5000,1,0.9,1.0,6,0.0005886554718017578,0.06606716257040125,0.2627241057286416,0.044473382092633296,0.00038413206736246747,0.15509078377999427,0.32974246752512076,0.11789749379910387,0.0002789894739786784,0.22164609849587402,0.4643029753593615,0.14169759091135933,0.7748348712921143,0.043043550331433686,0.19899410971030412,0.019754488875772802,0.13791294892628989,0.1459827299669438,0.35173323128388806,0.08463752944608938,0.1346587340037028,0.1889932589666853,0.4722239981950827,0.08545987116465725,1.0860669612884521,0.0742075610390739,0.24753893486312933,0.03003751300670046,0.16908721129099527,0.1478857619589837,0.3241399815989297,0.09324989023047625,0.1080795129140218,0.1931528530744251,0.43821594522042645,0.08278879357220258,2.8167850971221924,0.07490995,0.24491571,0.02933675,0.1811964511871338,0.14636706,0.33253494,0.085922,0.15788265069325766,0.18699972,0.46242025,0.09036773,0.30701780319213867,0.04363964996048077,0.18631874583141741,0.024486903561613566,0.055960496266682945,0.13429165403673352,0.32747668938904395,0.081068424506524,0.05637228488922119,0.18395597074730466,0.4958860677184848,0.0790004741158158
