N,Norm,Lambda,Gamma,K,LR_Entire_Time,LR_Entire_MAE,LR_Entire_RMSE,LR_Entire_MAD,LR_Cluster_Time_Avg,LR_Cluster_MAE_Avg,LR_Cluster_RMSE_Avg,LR_Cluster_MAD_Avg,LR_Euc_Time_Avg,LR_Euc_MAE_Avg,LR_Euc_RMSE_Avg,LR_Euc_MAD_Avg,RF_Entire_Time,RF_Entire_MAE,RF_Entire_RMSE,RF_Entire_MAD,RF_Cluster_Time_Avg,RF_Cluster_MAE_Avg,RF_Cluster_RMSE_Avg,RF_Cluster_MAD_Avg,RF_Euc_Time_Avg,RF_Euc_MAE_Avg,RF_Euc_RMSE_Avg,RF_Euc_MAD_Avg,NN_Entire_Time,NN_Entire_MAE,NN_Entire_RMSE,NN_Entire_MAD,NN_Cluster_Time_Avg,NN_Cluster_MAE_Avg,NN_Cluster_RMSE_Avg,NN_Cluster_MAD_Avg,NN_Euc_Time_Avg,NN_Euc_MAE_Avg,NN_Euc_RMSE_Avg,NN_Euc_MAD_Avg,GB_Entire_Time,GB_Entire_MAE,GB_Entire_RMSE,GB_Entire_MAD,GB_Cluster_Time_Avg,GB_Cluster_MAE_Avg,GB_Cluster_RMSE_Avg,GB_Cluster_MAD_Avg,GB_Euc_Time_Avg,GB_Euc_MAE_Avg,GB_Euc_RMSE_Avg,GB_Euc_MAD_Avg
100000,1,0.1,1.0,3,0.006019115447998047,0.0643103041422581,0.30043950634238437,0.03601264487927863,0.0032186508178710938,0.09555783153970086,0.2980577533729614,0.06075349108139585,0.002522706985473633,0.13700685445944463,0.42404110391471833,0.08132741789522079,26.178818225860596,0.03937765496167146,0.18973813974992393,0.015011034500052305,8.00019121170044,0.07256114630806569,0.24421185885235885,0.03464323455102474,7.74200963973999,0.08407630754968394,0.3369961981076419,0.03310157330785441,12.214542150497437,0.045976505625272286,0.20018992416311598,0.02080342440288735,2.8873223463694253,0.06915311989130539,0.23264399780415979,0.03376371484984882,3.2338527043660483,0.08290881002302414,0.32232661553041086,0.03589785949097369,6.81569504737854,0.04385969440383307,0.1906402970621265,0.021574883164357985,2.1822577317555747,0.07440701347176128,0.241114679098957,0.04266567536989968,2.1751986344655356,0.08425877328669258,0.3297163956515395,0.040677192949350106
