N,Norm,Lambda,Gamma,K,LR_Entire_Time,LR_Entire_MAE,LR_Entire_RMSE,LR_Entire_MAD,LR_Cluster_Time_Avg,LR_Cluster_MAE_Avg,LR_Cluster_RMSE_Avg,LR_Cluster_MAD_Avg,LR_Euc_Time_Avg,LR_Euc_MAE_Avg,LR_Euc_RMSE_Avg,LR_Euc_MAD_Avg,RF_Entire_Time,RF_Entire_MAE,RF_Entire_RMSE,RF_Entire_MAD,RF_Cluster_Time_Avg,RF_Cluster_MAE_Avg,RF_Cluster_RMSE_Avg,RF_Cluster_MAD_Avg,RF_Euc_Time_Avg,RF_Euc_MAE_Avg,RF_Euc_RMSE_Avg,RF_Euc_MAD_Avg,NN_Entire_Time,NN_Entire_MAE,NN_Entire_RMSE,NN_Entire_MAD,NN_Cluster_Time_Avg,NN_Cluster_MAE_Avg,NN_Cluster_RMSE_Avg,NN_Cluster_MAD_Avg,NN_Euc_Time_Avg,NN_Euc_MAE_Avg,NN_Euc_RMSE_Avg,NN_Euc_MAD_Avg,GB_Entire_Time,GB_Entire_MAE,GB_Entire_RMSE,GB_Entire_MAD,GB_Cluster_Time_Avg,GB_Cluster_MAE_Avg,GB_Cluster_RMSE_Avg,GB_Cluster_MAD_Avg,GB_Euc_Time_Avg,GB_Euc_MAE_Avg,GB_Euc_RMSE_Avg,GB_Euc_MAD_Avg
50000,2,0.1,2.0,7,0.00337982177734375,0.06625561675942009,0.3233405659660932,0.03390383380555034,0.0007348401205880302,0.19721334885762304,0.4234241993323584,0.1429142297731883,0.0006109646388462611,0.22819507705703262,0.5462331196419586,0.15223612816696705,11.060690879821777,0.042902783223132804,0.21574469350942815,0.015809908333810907,1.3387926987239294,0.16396274074233522,0.3941670211556975,0.09359372065687113,1.3072082315172469,0.17316263497167236,0.5202715190322726,0.07903727887488092,9.750174045562744,0.05897968005415728,0.23570001408782038,0.026551264820726533,0.6566874640328544,0.1351474052228916,0.35855752635343147,0.07326159903129768,0.5491041115352085,0.1555518348210989,0.4935494545852101,0.07418753780939398,3.2013862133026123,0.048192020611507964,0.2209844299428344,0.022824623588756116,0.44728074754987446,0.16311824332321137,0.39331381681669303,0.10297828559883793,0.44565112250191824,0.1720536271809796,0.5236436749333632,0.08607716004196735
