N,Norm,Lambda,Gamma,K,LR_Entire_Time,LR_Entire_MAE,LR_Entire_RMSE,LR_Entire_MAD,LR_Cluster_Time_Avg,LR_Cluster_MAE_Avg,LR_Cluster_RMSE_Avg,LR_Cluster_MAD_Avg,LR_Cluster_MAE_Median,LR_Cluster_RMSE_Median,LR_Cluster_MAD_Median,RF_Entire_Time,RF_Entire_MAE,RF_Entire_RMSE,RF_Entire_MAD,RF_Cluster_Time_Avg,RF_Cluster_MAE_Avg,RF_Cluster_RMSE_Avg,RF_Cluster_MAD_Avg,RF_Cluster_MAE_Median,RF_Cluster_RMSE_Median,RF_Cluster_MAD_Median,NN_Entire_Time,NN_Entire_MAE,NN_Entire_RMSE,NN_Entire_MAD,NN_Cluster_Time_Avg,NN_Cluster_MAE_Avg,NN_Cluster_RMSE_Avg,NN_Cluster_MAD_Avg,NN_Cluster_MAE_Median,NN_Cluster_RMSE_Median,NN_Cluster_MAD_Median,GP_Entire_Time,GP_Entire_MAE,GP_Entire_RMSE,GP_Entire_MAD,GP_Cluster_Time_Avg,GP_Cluster_MAE_Avg,GP_Cluster_RMSE_Avg,GP_Cluster_MAD_Avg,GP_Cluster_MAE_Median,GP_Cluster_RMSE_Median,GP_Cluster_MAD_Median,GB_Entire_Time,GB_Entire_MAE,GB_Entire_RMSE,GB_Entire_MAD,GB_Cluster_Time_Avg,GB_Cluster_MAE_Avg,GB_Cluster_RMSE_Avg,GB_Cluster_MAD_Avg,GB_Cluster_MAE_Median,GB_Cluster_RMSE_Median,GB_Cluster_MAD_Median
10000,2,0.9,2.0,3,0.0011188983917236328,0.0711493164406142,0.34865177023578486,0.037222118158097006,0.0011556943257649739,0.06312441955126856,0.25296463321352775,0.03984480720256985,0.06697178404554757,0.2606803868180323,0.04177122522597321,1.6051149368286133,0.043457188658412076,0.2112696888049748,0.017458402012186625,0.44833771387736004,0.03639756635234175,0.16951350153208064,0.015628959410396808,0.03642206230300104,0.15500095167903974,0.015050857704321463,1.9877979755401611,0.07338292303169106,0.28665072875048675,0.029303777395576214,0.6709453264872233,0.06597699666310217,0.24171223268919417,0.025345490035151547,0.06527417474235939,0.22736042872873327,0.02611116275697955,9.282649993896484,0.06206836,0.25527847,0.019737594,1.7205921014149983,0.06149814,0.222371,0.020008175,0.06121456250548363,0.2182643562555313,0.020975977182388306,0.5933792591094971,0.04597657052064211,0.1948802908053537,0.02291651168796993,0.18039162953694662,0.04182753816359185,0.22487974613943984,0.018576565941478194,0.04485228734585182,0.23543602831685653,0.01862116711239592
