N,Norm,Lambda,Gamma,K,LR_Entire_Time,LR_Entire_MAE,LR_Entire_RMSE,LR_Entire_MAD,LR_Cluster_Time_Avg,LR_Cluster_MAE_Avg,LR_Cluster_RMSE_Avg,LR_Cluster_MAD_Avg,LR_Euc_Time_Avg,LR_Euc_MAE_Avg,LR_Euc_RMSE_Avg,LR_Euc_MAD_Avg,RF_Entire_Time,RF_Entire_MAE,RF_Entire_RMSE,RF_Entire_MAD,RF_Cluster_Time_Avg,RF_Cluster_MAE_Avg,RF_Cluster_RMSE_Avg,RF_Cluster_MAD_Avg,RF_Euc_Time_Avg,RF_Euc_MAE_Avg,RF_Euc_RMSE_Avg,RF_Euc_MAD_Avg,NN_Entire_Time,NN_Entire_MAE,NN_Entire_RMSE,NN_Entire_MAD,NN_Cluster_Time_Avg,NN_Cluster_MAE_Avg,NN_Cluster_RMSE_Avg,NN_Cluster_MAD_Avg,NN_Euc_Time_Avg,NN_Euc_MAE_Avg,NN_Euc_RMSE_Avg,NN_Euc_MAD_Avg,GB_Entire_Time,GB_Entire_MAE,GB_Entire_RMSE,GB_Entire_MAD,GB_Cluster_Time_Avg,GB_Cluster_MAE_Avg,GB_Cluster_RMSE_Avg,GB_Cluster_MAD_Avg,GB_Euc_Time_Avg,GB_Euc_MAE_Avg,GB_Euc_RMSE_Avg,GB_Euc_MAD_Avg
50000,1,0.1,1.0,5,0.0039899349212646484,0.06625561675942009,0.3233405659660932,0.03390383380555034,0.001023244857788086,0.14297299496571647,0.35999501219288144,0.09977585570369951,0.001230764389038086,0.1801006369020747,0.4476572912709266,0.11853718463557242,11.186776161193848,0.04325736806122328,0.21737606428857748,0.015810446873455675,1.972346830368042,0.12060958512322668,0.34080131872044406,0.0645664793317687,1.9397948741912843,0.12019331824204757,0.39414180406546573,0.05323285444055905,7.6370298862457275,0.05582433594668239,0.23007316070233474,0.021591309176574536,1.0628905773162842,0.1077218173172932,0.3162131466646859,0.06099668782391597,0.6027629852294922,0.11848809396712871,0.3772470435609191,0.05363358238862417,3.2481539249420166,0.048075488749706394,0.22107328258199868,0.022824623588756365,0.6410374641418457,0.11739523194911147,0.328786572979755,0.0717369119983344,0.6319117546081543,0.12003101329853874,0.38753013562536165,0.061867460057489755
