N,Norm,Lambda,Gamma,K,LR_Entire_Time,LR_Entire_MAE,LR_Entire_RMSE,LR_Entire_MAD,LR_Cluster_Time_Avg,LR_Cluster_MAE_Avg,LR_Cluster_RMSE_Avg,LR_Cluster_MAD_Avg,LR_Euc_Time_Avg,LR_Euc_MAE_Avg,LR_Euc_RMSE_Avg,LR_Euc_MAD_Avg,RF_Entire_Time,RF_Entire_MAE,RF_Entire_RMSE,RF_Entire_MAD,RF_Cluster_Time_Avg,RF_Cluster_MAE_Avg,RF_Cluster_RMSE_Avg,RF_Cluster_MAD_Avg,RF_Euc_Time_Avg,RF_Euc_MAE_Avg,RF_Euc_RMSE_Avg,RF_Euc_MAD_Avg,NN_Entire_Time,NN_Entire_MAE,NN_Entire_RMSE,NN_Entire_MAD,NN_Cluster_Time_Avg,NN_Cluster_MAE_Avg,NN_Cluster_RMSE_Avg,NN_Cluster_MAD_Avg,NN_Euc_Time_Avg,NN_Euc_MAE_Avg,NN_Euc_RMSE_Avg,NN_Euc_MAD_Avg,GB_Entire_Time,GB_Entire_MAE,GB_Entire_RMSE,GB_Entire_MAD,GB_Cluster_Time_Avg,GB_Cluster_MAE_Avg,GB_Cluster_RMSE_Avg,GB_Cluster_MAD_Avg,GB_Euc_Time_Avg,GB_Euc_MAE_Avg,GB_Euc_RMSE_Avg,GB_Euc_MAD_Avg
100000,2,0.9,2.0,7,0.006757974624633789,0.0643103041422581,0.30043950634238437,0.03601264487927863,0.001474482672555106,0.19608801716122495,0.5080252290648436,0.14029668084199948,0.0013679095676967076,0.21916092885132782,0.5380078145111772,0.14733366206872503,25.974208116531372,0.03939941763561412,0.1909760678742786,0.014984630569637947,3.109359230313982,0.15857997350301306,0.48563902720740365,0.08546775593888012,3.0402770042419434,0.16565322056386628,0.5314743262047743,0.07381326017295353,15.76619815826416,0.04770659747691416,0.19505860224760393,0.022025117381142545,1.3335279737200056,0.13396829457256534,0.4527747135077661,0.07150119501528514,0.8430939061301095,0.13946622320428653,0.47941295489254737,0.06472195711456745,6.627418041229248,0.043860848837245274,0.1906283718214749,0.021574883164357954,0.911581141608102,0.15559298554062023,0.46829685587249836,0.09635174777027142,0.9074278218405587,0.16277924486042608,0.5340853144708333,0.08491373069858876
