N,Norm,Lambda,Gamma,K,LR_Entire_Time,LR_Entire_MAE,LR_Entire_RMSE,LR_Entire_MAD,LR_Cluster_Time_Avg,LR_Cluster_MAE_Avg,LR_Cluster_RMSE_Avg,LR_Cluster_MAD_Avg,LR_Euc_Time_Avg,LR_Euc_MAE_Avg,LR_Euc_RMSE_Avg,LR_Euc_MAD_Avg,RF_Entire_Time,RF_Entire_MAE,RF_Entire_RMSE,RF_Entire_MAD,RF_Cluster_Time_Avg,RF_Cluster_MAE_Avg,RF_Cluster_RMSE_Avg,RF_Cluster_MAD_Avg,RF_Euc_Time_Avg,RF_Euc_MAE_Avg,RF_Euc_RMSE_Avg,RF_Euc_MAD_Avg,NN_Entire_Time,NN_Entire_MAE,NN_Entire_RMSE,NN_Entire_MAD,NN_Cluster_Time_Avg,NN_Cluster_MAE_Avg,NN_Cluster_RMSE_Avg,NN_Cluster_MAD_Avg,NN_Euc_Time_Avg,NN_Euc_MAE_Avg,NN_Euc_RMSE_Avg,NN_Euc_MAD_Avg,GP_Entire_Time,GP_Entire_MAE,GP_Entire_RMSE,GP_Entire_MAD,GP_Cluster_Time_Avg,GP_Cluster_MAE_Avg,GP_Cluster_RMSE_Avg,GP_Cluster_MAD_Avg,GP_Euc_Time_Avg,GP_Euc_MAE_Avg,GP_Euc_RMSE_Avg,GP_Euc_MAD_Avg,GB_Entire_Time,GB_Entire_MAE,GB_Entire_RMSE,GB_Entire_MAD,GB_Cluster_Time_Avg,GB_Cluster_MAE_Avg,GB_Cluster_RMSE_Avg,GB_Cluster_MAD_Avg,GB_Euc_Time_Avg,GB_Euc_MAE_Avg,GB_Euc_RMSE_Avg,GB_Euc_MAD_Avg
10000,2,0.9,0.5,3,0.0008580684661865234,0.06792803101151079,0.3219772320780228,0.0359716131146422,0.0005810260772705078,0.09673842157375756,0.2759004119682224,0.0602257405304506,0.0005066394805908203,0.1339008915097624,0.3611311607589738,0.0870481855744885,1.6996700763702393,0.04646272784348578,0.2336162234562103,0.018158642854532003,0.5892215569814047,0.08654419215299032,0.24130554606440666,0.043048662505688284,0.5496606826782227,0.0900865059157457,0.33437343116900314,0.038180638416748944,2.132018804550171,0.07953689904680412,0.2819455226579534,0.03356073809462555,0.3911752700805664,0.09591148790715498,0.24432102929131963,0.04947287712246118,0.3230590025583903,0.11664650348562598,0.3437145595449414,0.05040000506654831,9.297747135162354,0.070677854,0.2592868,0.023277968,1.5738717714945476,0.07768903,0.20990056,0.03852594,1.3832470575968425,0.09078499,0.33245766,0.03521282,0.6234328746795654,0.04844534728955058,0.23606549197155352,0.02329046677653701,0.20691974957784018,0.08000277234329713,0.23864257169730055,0.04377468079820817,0.20703466733296713,0.08534344074511868,0.32319248262572886,0.04211910576713171
