N,Norm,Lambda,Gamma,K,LR_Entire_Time,LR_Entire_MAE,LR_Entire_RMSE,LR_Entire_MAD,LR_Cluster_Time_Avg,LR_Cluster_MAE_Avg,LR_Cluster_RMSE_Avg,LR_Cluster_MAD_Avg,LR_Euc_Time_Avg,LR_Euc_MAE_Avg,LR_Euc_RMSE_Avg,LR_Euc_MAD_Avg,RF_Entire_Time,RF_Entire_MAE,RF_Entire_RMSE,RF_Entire_MAD,RF_Cluster_Time_Avg,RF_Cluster_MAE_Avg,RF_Cluster_RMSE_Avg,RF_Cluster_MAD_Avg,RF_Euc_Time_Avg,RF_Euc_MAE_Avg,RF_Euc_RMSE_Avg,RF_Euc_MAD_Avg,NN_Entire_Time,NN_Entire_MAE,NN_Entire_RMSE,NN_Entire_MAD,NN_Cluster_Time_Avg,NN_Cluster_MAE_Avg,NN_Cluster_RMSE_Avg,NN_Cluster_MAD_Avg,NN_Euc_Time_Avg,NN_Euc_MAE_Avg,NN_Euc_RMSE_Avg,NN_Euc_MAD_Avg,GP_Entire_Time,GP_Entire_MAE,GP_Entire_RMSE,GP_Entire_MAD,GP_Cluster_Time_Avg,GP_Cluster_MAE_Avg,GP_Cluster_RMSE_Avg,GP_Cluster_MAD_Avg,GP_Euc_Time_Avg,GP_Euc_MAE_Avg,GP_Euc_RMSE_Avg,GP_Euc_MAD_Avg,GB_Entire_Time,GB_Entire_MAE,GB_Entire_RMSE,GB_Entire_MAD,GB_Cluster_Time_Avg,GB_Cluster_MAE_Avg,GB_Cluster_RMSE_Avg,GB_Cluster_MAD_Avg,GB_Euc_Time_Avg,GB_Euc_MAE_Avg,GB_Euc_RMSE_Avg,GB_Euc_MAD_Avg
10000,1,0.1,2.0,5,0.0012202262878417969,0.06792803101151079,0.3219772320780228,0.0359716131146422,0.0005918025970458984,0.1971109811356749,0.47370608797578334,0.12321540671299731,0.0004792213439941406,0.1897523611746837,0.46220891377119566,0.11917088401090466,2.419727087020874,0.04735909499365573,0.23790947753982752,0.01837513282368422,0.44867358207702634,0.15954932762759805,0.5053603766462991,0.06094346648394876,0.4471765995025635,0.1809493605237837,0.5347122698240585,0.06541249869483672,2.860138177871704,0.07337177423027397,0.2783322151415099,0.029313270006704834,0.3073969841003418,0.17551650429841034,0.496409396345,0.06976672258745201,0.26802973747253417,0.15449513218620703,0.4308848063641618,0.06836073019782055,12.9654541015625,0.07027917,0.2616273,0.021259993,0.9172583103179932,0.16302805,0.49746156,0.05729332,1.0981072902679443,0.15254663,0.47816005,0.05970168,0.8934917449951172,0.04870900978776881,0.2367479960648733,0.023290466776537122,0.183233642578125,0.15516773469198183,0.540639431788051,0.05974872524571676,0.18345651626586915,0.16831688665334818,0.541025200778169,0.06313560653938868
