N,Norm,Lambda,Gamma,K,LR_Entire_Time,LR_Entire_MAE,LR_Entire_RMSE,LR_Entire_MAD,LR_Cluster_Time_Avg,LR_Cluster_MAE_Avg,LR_Cluster_RMSE_Avg,LR_Cluster_MAD_Avg,LR_Euc_Time_Avg,LR_Euc_MAE_Avg,LR_Euc_RMSE_Avg,LR_Euc_MAD_Avg,RF_Entire_Time,RF_Entire_MAE,RF_Entire_RMSE,RF_Entire_MAD,RF_Cluster_Time_Avg,RF_Cluster_MAE_Avg,RF_Cluster_RMSE_Avg,RF_Cluster_MAD_Avg,RF_Euc_Time_Avg,RF_Euc_MAE_Avg,RF_Euc_RMSE_Avg,RF_Euc_MAD_Avg,NN_Entire_Time,NN_Entire_MAE,NN_Entire_RMSE,NN_Entire_MAD,NN_Cluster_Time_Avg,NN_Cluster_MAE_Avg,NN_Cluster_RMSE_Avg,NN_Cluster_MAD_Avg,NN_Euc_Time_Avg,NN_Euc_MAE_Avg,NN_Euc_RMSE_Avg,NN_Euc_MAD_Avg,GP_Entire_Time,GP_Entire_MAE,GP_Entire_RMSE,GP_Entire_MAD,GP_Cluster_Time_Avg,GP_Cluster_MAE_Avg,GP_Cluster_RMSE_Avg,GP_Cluster_MAD_Avg,GP_Euc_Time_Avg,GP_Euc_MAE_Avg,GP_Euc_RMSE_Avg,GP_Euc_MAD_Avg,GB_Entire_Time,GB_Entire_MAE,GB_Entire_RMSE,GB_Entire_MAD,GB_Cluster_Time_Avg,GB_Cluster_MAE_Avg,GB_Cluster_RMSE_Avg,GB_Cluster_MAD_Avg,GB_Euc_Time_Avg,GB_Euc_MAE_Avg,GB_Euc_RMSE_Avg,GB_Euc_MAD_Avg
10000,1,0.9,0.5,5,0.0010690689086914062,0.06792803101151079,0.3219772320780228,0.0359716131146422,0.0006388187408447266,0.19949138890835844,0.4662659875324506,0.12485914093916464,0.0004935741424560546,0.1897523611746837,0.46220891377119566,0.11917088401090466,2.491760015487671,0.046965501195710316,0.23713034212856465,0.018193084440533455,0.4439753532409668,0.16211171518183387,0.5015620471596269,0.06323189621764119,0.44612760543823243,0.1815918488933494,0.5278739239462984,0.06481772731486332,1.1039962768554688,0.07584714093249696,0.29678137176456526,0.03124637601006952,0.31329946517944335,0.17616064932371325,0.4924115493570261,0.0680709957732121,0.22353200912475585,0.153989702958898,0.428794836073766,0.07118413921710787,12.801698207855225,0.0701266,0.25871474,0.0223248,0.913905143737793,0.16042191,0.4658483,0.057662945,1.0631606101989746,0.15235604,0.47853604,0.05955734,0.9059970378875732,0.04857071175537382,0.23649948751160976,0.023290466776537122,0.183280611038208,0.16316048093930766,0.5476091251784726,0.06447884449453825,0.18426647186279296,0.168035905145547,0.5419860620034697,0.06308051484209898
