N,Norm,Lambda,Gamma,K,LR_Entire_Time,LR_Entire_MAE,LR_Entire_RMSE,LR_Entire_MAD,LR_Cluster_Time_Avg,LR_Cluster_MAE_Avg,LR_Cluster_RMSE_Avg,LR_Cluster_MAD_Avg,LR_Euc_Time_Avg,LR_Euc_MAE_Avg,LR_Euc_RMSE_Avg,LR_Euc_MAD_Avg,RF_Entire_Time,RF_Entire_MAE,RF_Entire_RMSE,RF_Entire_MAD,RF_Cluster_Time_Avg,RF_Cluster_MAE_Avg,RF_Cluster_RMSE_Avg,RF_Cluster_MAD_Avg,RF_Euc_Time_Avg,RF_Euc_MAE_Avg,RF_Euc_RMSE_Avg,RF_Euc_MAD_Avg,NN_Entire_Time,NN_Entire_MAE,NN_Entire_RMSE,NN_Entire_MAD,NN_Cluster_Time_Avg,NN_Cluster_MAE_Avg,NN_Cluster_RMSE_Avg,NN_Cluster_MAD_Avg,NN_Euc_Time_Avg,NN_Euc_MAE_Avg,NN_Euc_RMSE_Avg,NN_Euc_MAD_Avg,GB_Entire_Time,GB_Entire_MAE,GB_Entire_RMSE,GB_Entire_MAD,GB_Cluster_Time_Avg,GB_Cluster_MAE_Avg,GB_Cluster_RMSE_Avg,GB_Cluster_MAD_Avg,GB_Euc_Time_Avg,GB_Euc_MAE_Avg,GB_Euc_RMSE_Avg,GB_Euc_MAD_Avg
100000,2,0.9,0.5,7,0.008607864379882812,0.0643103041422581,0.30043950634238437,0.03601264487927863,0.0016176019396100725,0.19608801716122495,0.5080252290648436,0.14029668084199948,0.0017728464944022043,0.21916092885132782,0.5380078145111772,0.14733366206872503,25.390777111053467,0.03963990503820476,0.18949245874344295,0.014967828068465139,3.0652518272399902,0.15862823484146973,0.48468392419246104,0.08633930048656183,3.0431626864842007,0.1659223120888558,0.539536557211506,0.07343414966362061,10.417991161346436,0.047139270179878394,0.20138657388384668,0.0191047725857367,1.0139668669019426,0.13578935111483556,0.4523967227865159,0.07750050413316159,0.8892781053270612,0.13988564219997499,0.48029764606053665,0.06447238252685462,6.594270944595337,0.043825176049380875,0.18999616324836258,0.021572383600056144,0.9088655539921352,0.15577018711074514,0.4687538345378611,0.09633053783479442,0.9086608205522809,0.16277548787154394,0.5345074502169886,0.08489826184102744
