N,Norm,Lambda,Gamma,K,LR_Entire_Time,LR_Entire_MAE,LR_Entire_RMSE,LR_Entire_MAD,LR_Cluster_Time_Avg,LR_Cluster_MAE_Avg,LR_Cluster_RMSE_Avg,LR_Cluster_MAD_Avg,LR_Euc_Time_Avg,LR_Euc_MAE_Avg,LR_Euc_RMSE_Avg,LR_Euc_MAD_Avg,RF_Entire_Time,RF_Entire_MAE,RF_Entire_RMSE,RF_Entire_MAD,RF_Cluster_Time_Avg,RF_Cluster_MAE_Avg,RF_Cluster_RMSE_Avg,RF_Cluster_MAD_Avg,RF_Euc_Time_Avg,RF_Euc_MAE_Avg,RF_Euc_RMSE_Avg,RF_Euc_MAD_Avg,NN_Entire_Time,NN_Entire_MAE,NN_Entire_RMSE,NN_Entire_MAD,NN_Cluster_Time_Avg,NN_Cluster_MAE_Avg,NN_Cluster_RMSE_Avg,NN_Cluster_MAD_Avg,NN_Euc_Time_Avg,NN_Euc_MAE_Avg,NN_Euc_RMSE_Avg,NN_Euc_MAD_Avg,GP_Entire_Time,GP_Entire_MAE,GP_Entire_RMSE,GP_Entire_MAD,GP_Cluster_Time_Avg,GP_Cluster_MAE_Avg,GP_Cluster_RMSE_Avg,GP_Cluster_MAD_Avg,GP_Euc_Time_Avg,GP_Euc_MAE_Avg,GP_Euc_RMSE_Avg,GP_Euc_MAD_Avg,GB_Entire_Time,GB_Entire_MAE,GB_Entire_RMSE,GB_Entire_MAD,GB_Cluster_Time_Avg,GB_Cluster_MAE_Avg,GB_Cluster_RMSE_Avg,GB_Cluster_MAD_Avg,GB_Euc_Time_Avg,GB_Euc_MAE_Avg,GB_Euc_RMSE_Avg,GB_Euc_MAD_Avg
100,2,0.5,2.0,6,0.0004107952117919922,0.19598571368711998,0.2658167496676893,0.12690348231686688,0.00032468636830647785,0.4626228328241404,0.5355071554047552,0.41513809234109195,0.0003333091735839844,0.4626228328241404,0.5355071554047552,0.41513809234109195,0.04383206367492676,0.03962434631567329,0.046869685391776744,0.03944875077463994,0.04039037227630615,0.3606578013956941,0.40887388153191856,0.32555945368537836,0.03793323040008545,0.351962268706953,0.3954991218854797,0.35519749903238723,0.024495840072631836,0.2459209805412188,0.3403914247671609,0.12503481122699045,0.009107192357381185,0.45724711166764226,0.5176134909289152,0.41854561024176884,0.00875234603881836,0.8736553163354969,0.9344487798644465,0.8956099367793762,0.03661704063415527,0.14043128,0.21644284,0.062149398,0.02895514170328776,0.34983072,0.41411725,0.3093361,0.028818647066752117,0.34983072,0.41411725,0.3093361,0.014069080352783203,0.0380516805750156,0.05448557154615317,0.023898651900638015,0.010439038276672363,0.3396995324513364,0.4035648423773468,0.3465481884281847,0.010495424270629883,0.31007972876701834,0.363712920376813,0.2889156190998034
