N,Norm,Lambda,Gamma,K,LR_Entire_Time,LR_Entire_MAE,LR_Entire_RMSE,LR_Entire_MAD,LR_Cluster_Time_Avg,LR_Cluster_MAE_Avg,LR_Cluster_RMSE_Avg,LR_Cluster_MAD_Avg,LR_Euc_Time_Avg,LR_Euc_MAE_Avg,LR_Euc_RMSE_Avg,LR_Euc_MAD_Avg,RF_Entire_Time,RF_Entire_MAE,RF_Entire_RMSE,RF_Entire_MAD,RF_Cluster_Time_Avg,RF_Cluster_MAE_Avg,RF_Cluster_RMSE_Avg,RF_Cluster_MAD_Avg,RF_Euc_Time_Avg,RF_Euc_MAE_Avg,RF_Euc_RMSE_Avg,RF_Euc_MAD_Avg,NN_Entire_Time,NN_Entire_MAE,NN_Entire_RMSE,NN_Entire_MAD,NN_Cluster_Time_Avg,NN_Cluster_MAE_Avg,NN_Cluster_RMSE_Avg,NN_Cluster_MAD_Avg,NN_Euc_Time_Avg,NN_Euc_MAE_Avg,NN_Euc_RMSE_Avg,NN_Euc_MAD_Avg,GB_Entire_Time,GB_Entire_MAE,GB_Entire_RMSE,GB_Entire_MAD,GB_Cluster_Time_Avg,GB_Cluster_MAE_Avg,GB_Cluster_RMSE_Avg,GB_Cluster_MAD_Avg,GB_Euc_Time_Avg,GB_Euc_MAE_Avg,GB_Euc_RMSE_Avg,GB_Euc_MAD_Avg
100000,1,0.1,2.0,6,0.006783008575439453,0.0643103041422581,0.30043950634238437,0.03601264487927863,0.002028981844584147,0.1686057517275266,0.36945556622542447,0.12204361263791552,0.0019030173619588215,0.19833764315984814,0.4302280975120915,0.13404918249230613,25.79209804534912,0.0394413142507017,0.1902121554109028,0.014978763029545983,3.7055479685465493,0.13891185208618795,0.3551883231356408,0.07624630882715956,3.6515758434931436,0.1419402719617593,0.4102560607567706,0.06173449144692767,11.600718259811401,0.0444388572981618,0.20314672779617163,0.01978923750409023,1.6128103335698445,0.12023245594726406,0.3144531449519686,0.06859098236257209,1.0810978015263875,0.11877587223635962,0.36305504946641637,0.0552624796053772,6.776657819747925,0.043886407980855406,0.1911812337539791,0.021572383600056165,1.112223466237386,0.13582158981368245,0.334184698836562,0.08712174428226464,1.09661066532135,0.13872213243882905,0.39264704166899866,0.07076948676047556
