N,Norm,Lambda,Gamma,K,LR_Entire_Time,LR_Entire_MAE,LR_Entire_RMSE,LR_Entire_MAD,LR_Cluster_Time_Avg,LR_Cluster_MAE_Avg,LR_Cluster_RMSE_Avg,LR_Cluster_MAD_Avg,LR_Euc_Time_Avg,LR_Euc_MAE_Avg,LR_Euc_RMSE_Avg,LR_Euc_MAD_Avg,RF_Entire_Time,RF_Entire_MAE,RF_Entire_RMSE,RF_Entire_MAD,RF_Cluster_Time_Avg,RF_Cluster_MAE_Avg,RF_Cluster_RMSE_Avg,RF_Cluster_MAD_Avg,RF_Euc_Time_Avg,RF_Euc_MAE_Avg,RF_Euc_RMSE_Avg,RF_Euc_MAD_Avg,NN_Entire_Time,NN_Entire_MAE,NN_Entire_RMSE,NN_Entire_MAD,NN_Cluster_Time_Avg,NN_Cluster_MAE_Avg,NN_Cluster_RMSE_Avg,NN_Cluster_MAD_Avg,NN_Euc_Time_Avg,NN_Euc_MAE_Avg,NN_Euc_RMSE_Avg,NN_Euc_MAD_Avg,GP_Entire_Time,GP_Entire_MAE,GP_Entire_RMSE,GP_Entire_MAD,GP_Cluster_Time_Avg,GP_Cluster_MAE_Avg,GP_Cluster_RMSE_Avg,GP_Cluster_MAD_Avg,GP_Euc_Time_Avg,GP_Euc_MAE_Avg,GP_Euc_RMSE_Avg,GP_Euc_MAD_Avg,GB_Entire_Time,GB_Entire_MAE,GB_Entire_RMSE,GB_Entire_MAD,GB_Cluster_Time_Avg,GB_Cluster_MAE_Avg,GB_Cluster_RMSE_Avg,GB_Cluster_MAD_Avg,GB_Euc_Time_Avg,GB_Euc_MAE_Avg,GB_Euc_RMSE_Avg,GB_Euc_MAD_Avg
500,2,0.9,1.0,3,0.0002930164337158203,0.04554139396076337,0.06322217389655631,0.03166617154606036,0.00033410390218098957,0.1074894934028268,0.34712811407786576,0.043495797090600245,0.00030167897542317707,0.27618815225710247,1.0147403203107357,0.05580047882265921,0.0836338996887207,0.03468802527870038,0.05497766437883437,0.022800327830484857,0.05166363716125488,0.10565410829606507,0.2251481932861971,0.05494799091446181,0.0496063232421875,0.2813214821693261,1.0117363119534284,0.053111078045428466,0.04854106903076172,0.05472412658566949,0.0850737763680947,0.03320001666840336,0.025820096333821613,0.14100619413744095,0.367994705518623,0.06698634310803353,0.022118012110392254,0.31475340410516967,1.037395957440794,0.09425333249246497,0.0886850357055664,0.07147561,0.10188179,0.046482205,0.04937609036763509,0.15433902,0.3164414,0.07122023,0.0423126220703125,0.28728575,1.0126005,0.061822545,0.03573465347290039,0.032976242569780274,0.05423247270344134,0.020239565209988486,0.017978350321451824,0.08667670929242123,0.15629732466725155,0.045187749565044816,0.017822424570719402,0.28157991222485873,1.0127363481157794,0.05447501543822967
