N,Norm,Lambda,Gamma,K,LR_Entire_Time,LR_Entire_MAE,LR_Entire_RMSE,LR_Entire_MAD,LR_Cluster_Time_Avg,LR_Cluster_MAE_Avg,LR_Cluster_RMSE_Avg,LR_Cluster_MAD_Avg,LR_Euc_Time_Avg,LR_Euc_MAE_Avg,LR_Euc_RMSE_Avg,LR_Euc_MAD_Avg,RF_Entire_Time,RF_Entire_MAE,RF_Entire_RMSE,RF_Entire_MAD,RF_Cluster_Time_Avg,RF_Cluster_MAE_Avg,RF_Cluster_RMSE_Avg,RF_Cluster_MAD_Avg,RF_Euc_Time_Avg,RF_Euc_MAE_Avg,RF_Euc_RMSE_Avg,RF_Euc_MAD_Avg,NN_Entire_Time,NN_Entire_MAE,NN_Entire_RMSE,NN_Entire_MAD,NN_Cluster_Time_Avg,NN_Cluster_MAE_Avg,NN_Cluster_RMSE_Avg,NN_Cluster_MAD_Avg,NN_Euc_Time_Avg,NN_Euc_MAE_Avg,NN_Euc_RMSE_Avg,NN_Euc_MAD_Avg,GB_Entire_Time,GB_Entire_MAE,GB_Entire_RMSE,GB_Entire_MAD,GB_Cluster_Time_Avg,GB_Cluster_MAE_Avg,GB_Cluster_RMSE_Avg,GB_Cluster_MAD_Avg,GB_Euc_Time_Avg,GB_Euc_MAE_Avg,GB_Euc_RMSE_Avg,GB_Euc_MAD_Avg
100000,1,0.1,2.0,7,0.0059680938720703125,0.0643103041422581,0.30043950634238437,0.03601264487927863,0.0017495836530412947,0.1953525029676332,0.48657493168695837,0.13856925791525385,0.0022856167384556363,0.21916092885132782,0.5380078145111772,0.14733366206872503,25.588721752166748,0.039407791908660866,0.18951700206208583,0.01500276660264993,3.0913822650909424,0.15813818389862913,0.45879016237204345,0.0852937439173673,3.051889283316476,0.16652431377960994,0.539151519062243,0.0739561623475018,15.316477298736572,0.04210506173877545,0.19478965851796148,0.01621574347012976,1.1885593959263392,0.1327187514904681,0.42402026444833874,0.07252684504750039,0.9192975248609271,0.14134375957431622,0.4799130736175575,0.067602048171153,6.59012770652771,0.043888967074939056,0.1904490118385084,0.02157488316435794,0.9177021299089704,0.1551166204882109,0.44450250493470017,0.09709799974715226,0.9146133831569127,0.16278781557115868,0.5341141332152612,0.08491075579748572
