N,Norm,Lambda,Gamma,K,LR_Entire_Time,LR_Entire_MAE,LR_Entire_RMSE,LR_Entire_MAD,LR_Cluster_Time_Avg,LR_Cluster_MAE_Avg,LR_Cluster_RMSE_Avg,LR_Cluster_MAD_Avg,LR_Euc_Time_Avg,LR_Euc_MAE_Avg,LR_Euc_RMSE_Avg,LR_Euc_MAD_Avg,RF_Entire_Time,RF_Entire_MAE,RF_Entire_RMSE,RF_Entire_MAD,RF_Cluster_Time_Avg,RF_Cluster_MAE_Avg,RF_Cluster_RMSE_Avg,RF_Cluster_MAD_Avg,RF_Euc_Time_Avg,RF_Euc_MAE_Avg,RF_Euc_RMSE_Avg,RF_Euc_MAD_Avg,NN_Entire_Time,NN_Entire_MAE,NN_Entire_RMSE,NN_Entire_MAD,NN_Cluster_Time_Avg,NN_Cluster_MAE_Avg,NN_Cluster_RMSE_Avg,NN_Cluster_MAD_Avg,NN_Euc_Time_Avg,NN_Euc_MAE_Avg,NN_Euc_RMSE_Avg,NN_Euc_MAD_Avg,GP_Entire_Time,GP_Entire_MAE,GP_Entire_RMSE,GP_Entire_MAD,GP_Cluster_Time_Avg,GP_Cluster_MAE_Avg,GP_Cluster_RMSE_Avg,GP_Cluster_MAD_Avg,GP_Euc_Time_Avg,GP_Euc_MAE_Avg,GP_Euc_RMSE_Avg,GP_Euc_MAD_Avg,GB_Entire_Time,GB_Entire_MAE,GB_Entire_RMSE,GB_Entire_MAD,GB_Cluster_Time_Avg,GB_Cluster_MAE_Avg,GB_Cluster_RMSE_Avg,GB_Cluster_MAD_Avg,GB_Euc_Time_Avg,GB_Euc_MAE_Avg,GB_Euc_RMSE_Avg,GB_Euc_MAD_Avg
10000,2,0.5,1.0,7,0.0008101463317871094,0.06792803101151079,0.3219772320780228,0.0359716131146422,0.0003707068307059152,0.16418508739321033,0.28143378403253466,0.12680641412717084,0.0003120218004499163,0.2171414784446725,0.402775286262579,0.15111334666271622,1.7205302715301514,0.046466465848950665,0.2286405533271382,0.017883110166519223,0.22707901682172502,0.15547481929277704,0.288606900780808,0.09577658421312751,0.2245908805302211,0.18208191056596243,0.4019066844969878,0.09179467302407526,1.8216161727905273,0.07732926591654225,0.28169102229679616,0.03398715819928502,0.19422694614955358,0.13662431581759785,0.2533781841720981,0.08515178757894137,0.17179359708513534,0.16734568809056,0.3636049957817816,0.08365292894026573,9.27667498588562,0.07092955,0.2593996,0.024552047,0.3158924239022391,0.135429,0.24988283,0.08846839,0.33055046626499723,0.16220734,0.365423,0.080492094,0.6282320022583008,0.04871001296729761,0.2367586172407401,0.023290466776537067,0.09185113225664411,0.1417128504119416,0.2735313391738407,0.09180965898114911,0.09209077698843819,0.17628272811021656,0.42031055844601056,0.09106088031447197
