N,Norm,Lambda,Gamma,K,LR_Entire_Time,LR_Entire_MAE,LR_Entire_RMSE,LR_Entire_MAD,LR_Cluster_Time_Avg,LR_Cluster_MAE_Avg,LR_Cluster_RMSE_Avg,LR_Cluster_MAD_Avg,LR_Euc_Time_Avg,LR_Euc_MAE_Avg,LR_Euc_RMSE_Avg,LR_Euc_MAD_Avg,RF_Entire_Time,RF_Entire_MAE,RF_Entire_RMSE,RF_Entire_MAD,RF_Cluster_Time_Avg,RF_Cluster_MAE_Avg,RF_Cluster_RMSE_Avg,RF_Cluster_MAD_Avg,RF_Euc_Time_Avg,RF_Euc_MAE_Avg,RF_Euc_RMSE_Avg,RF_Euc_MAD_Avg,NN_Entire_Time,NN_Entire_MAE,NN_Entire_RMSE,NN_Entire_MAD,NN_Cluster_Time_Avg,NN_Cluster_MAE_Avg,NN_Cluster_RMSE_Avg,NN_Cluster_MAD_Avg,NN_Euc_Time_Avg,NN_Euc_MAE_Avg,NN_Euc_RMSE_Avg,NN_Euc_MAD_Avg,GB_Entire_Time,GB_Entire_MAE,GB_Entire_RMSE,GB_Entire_MAD,GB_Cluster_Time_Avg,GB_Cluster_MAE_Avg,GB_Cluster_RMSE_Avg,GB_Cluster_MAD_Avg,GB_Euc_Time_Avg,GB_Euc_MAE_Avg,GB_Euc_RMSE_Avg,GB_Euc_MAD_Avg
100000,2,0.1,2.0,7,0.005822420120239258,0.0643103041422581,0.30043950634238437,0.03601264487927863,0.0016649791172572545,0.1953525029676332,0.48657493168695837,0.13856925791525385,0.0014277185712541854,0.21916092885132782,0.5380078145111772,0.14733366206872503,25.409810066223145,0.039941613016900974,0.19465651389306088,0.015064375773617023,3.065608024597168,0.15858634647129716,0.46217178545962184,0.08604194085785391,3.0236473083496094,0.166313624683899,0.5379777273731463,0.07359289350145422,15.120669841766357,0.04321843087701004,0.19370854496319176,0.02052903020773489,1.1996619020189558,0.12970596987025942,0.4246167184575505,0.06722587235392419,0.9403406211308071,0.1418901103113454,0.48014563709292774,0.0672578673576734,6.623813152313232,0.04389754548774819,0.1912870682000912,0.02157238360005631,0.909257071358817,0.15511931040615431,0.44558775881634693,0.09711929375766605,0.9082831314631871,0.1627166552419446,0.5339485804571533,0.08490602892840955
