N,Norm,Lambda,Gamma,K,LR_Entire_Time,LR_Entire_MAE,LR_Entire_RMSE,LR_Entire_MAD,LR_Cluster_Time_Avg,LR_Cluster_MAE_Avg,LR_Cluster_RMSE_Avg,LR_Cluster_MAD_Avg,LR_Euc_Time_Avg,LR_Euc_MAE_Avg,LR_Euc_RMSE_Avg,LR_Euc_MAD_Avg,RF_Entire_Time,RF_Entire_MAE,RF_Entire_RMSE,RF_Entire_MAD,RF_Cluster_Time_Avg,RF_Cluster_MAE_Avg,RF_Cluster_RMSE_Avg,RF_Cluster_MAD_Avg,RF_Euc_Time_Avg,RF_Euc_MAE_Avg,RF_Euc_RMSE_Avg,RF_Euc_MAD_Avg,NN_Entire_Time,NN_Entire_MAE,NN_Entire_RMSE,NN_Entire_MAD,NN_Cluster_Time_Avg,NN_Cluster_MAE_Avg,NN_Cluster_RMSE_Avg,NN_Cluster_MAD_Avg,NN_Euc_Time_Avg,NN_Euc_MAE_Avg,NN_Euc_RMSE_Avg,NN_Euc_MAD_Avg,GP_Entire_Time,GP_Entire_MAE,GP_Entire_RMSE,GP_Entire_MAD,GP_Cluster_Time_Avg,GP_Cluster_MAE_Avg,GP_Cluster_RMSE_Avg,GP_Cluster_MAD_Avg,GP_Euc_Time_Avg,GP_Euc_MAE_Avg,GP_Euc_RMSE_Avg,GP_Euc_MAD_Avg,GB_Entire_Time,GB_Entire_MAE,GB_Entire_RMSE,GB_Entire_MAD,GB_Cluster_Time_Avg,GB_Cluster_MAE_Avg,GB_Cluster_RMSE_Avg,GB_Cluster_MAD_Avg,GB_Euc_Time_Avg,GB_Euc_MAE_Avg,GB_Euc_RMSE_Avg,GB_Euc_MAD_Avg
100,2,0.1,0.5,3,0.00037384033203125,0.19598571368711998,0.2658167496676893,0.12690348231686688,0.000295718510945638,0.13833994956657233,0.15878494071142032,0.1329869330474561,0.0002529621124267578,0.21199546172254302,0.2537019055645321,0.16563578698744988,0.044380903244018555,0.03928676729105063,0.04693325691421647,0.037921427514343076,0.042106072107950844,0.10771263341609046,0.12866493437902737,0.0903573411212374,0.03937649726867676,0.3290967098410132,0.6176680440537853,0.10269514043560357,0.024131059646606445,0.22612739063639778,0.3366252694957252,0.09550305918259173,0.01199650764465332,0.13296336843288634,0.1575398623604863,0.1309062402646835,0.011748870213826498,0.16156675922724115,0.19310156843027337,0.14405110109418737,0.03675413131713867,0.14043128,0.21644284,0.062149398,0.03013769785563151,0.1008965,0.11475891,0.100225784,0.03073883056640625,0.1699987,0.20305915,0.1855737,0.014700174331665039,0.03811584039888779,0.05472005665715697,0.02478653104528547,0.011430025100708008,0.11150738596324412,0.1293000077128062,0.10331303225415767,0.011069933573404947,0.43143213665181857,0.9560563948269273,0.07868351582622456
