N,Norm,Lambda,Gamma,K,LR_Entire_Time,LR_Entire_MAE,LR_Entire_RMSE,LR_Entire_MAD,LR_Cluster_Time_Avg,LR_Cluster_MAE_Avg,LR_Cluster_RMSE_Avg,LR_Cluster_MAD_Avg,LR_Euc_Time_Avg,LR_Euc_MAE_Avg,LR_Euc_RMSE_Avg,LR_Euc_MAD_Avg,RF_Entire_Time,RF_Entire_MAE,RF_Entire_RMSE,RF_Entire_MAD,RF_Cluster_Time_Avg,RF_Cluster_MAE_Avg,RF_Cluster_RMSE_Avg,RF_Cluster_MAD_Avg,RF_Euc_Time_Avg,RF_Euc_MAE_Avg,RF_Euc_RMSE_Avg,RF_Euc_MAD_Avg,NN_Entire_Time,NN_Entire_MAE,NN_Entire_RMSE,NN_Entire_MAD,NN_Cluster_Time_Avg,NN_Cluster_MAE_Avg,NN_Cluster_RMSE_Avg,NN_Cluster_MAD_Avg,NN_Euc_Time_Avg,NN_Euc_MAE_Avg,NN_Euc_RMSE_Avg,NN_Euc_MAD_Avg,GP_Entire_Time,GP_Entire_MAE,GP_Entire_RMSE,GP_Entire_MAD,GP_Cluster_Time_Avg,GP_Cluster_MAE_Avg,GP_Cluster_RMSE_Avg,GP_Cluster_MAD_Avg,GP_Euc_Time_Avg,GP_Euc_MAE_Avg,GP_Euc_RMSE_Avg,GP_Euc_MAD_Avg,GB_Entire_Time,GB_Entire_MAE,GB_Entire_RMSE,GB_Entire_MAD,GB_Cluster_Time_Avg,GB_Cluster_MAE_Avg,GB_Cluster_RMSE_Avg,GB_Cluster_MAD_Avg,GB_Euc_Time_Avg,GB_Euc_MAE_Avg,GB_Euc_RMSE_Avg,GB_Euc_MAD_Avg
10000,1,0.9,2.0,6,0.0010349750518798828,0.06792803101151079,0.3219772320780228,0.0359716131146422,0.0006026824315388998,0.15259791489141525,0.3365610805372525,0.10496233119876379,0.0004795392354329427,0.18291379200091848,0.33942034202576615,0.13675693104402126,2.4770607948303223,0.04686167156779013,0.2368670912142104,0.018074178965050536,0.38346461455027264,0.15032690595157275,0.3732640682056425,0.07757193744970357,0.382427453994751,0.13061186822342127,0.30476546245865077,0.0730693745233027,2.28709077835083,0.07477230630686449,0.2888784076713928,0.029170266359674027,0.2764158248901367,0.13587723421637207,0.3074912642905486,0.07366372616329737,0.2356663147608439,0.1444141323434077,0.3115427619280304,0.07738441792338771,12.026862144470215,0.07012942,0.2599688,0.021616772,0.5376379092534384,0.123165816,0.2784548,0.06835011,0.5813113451004028,0.12951477,0.30326277,0.07037957,0.8779919147491455,0.04869591130240579,0.2367236282687818,0.023290466776537122,0.1583829720815023,0.1449189280671844,0.3795191962592896,0.07616729786871666,0.15214717388153076,0.1300540290109591,0.31784392102362125,0.07265200809052674
