N,Norm,Lambda,Gamma,K,LR_Entire_Time,LR_Entire_MAE,LR_Entire_RMSE,LR_Entire_MAD,LR_Cluster_Time_Avg,LR_Cluster_MAE_Avg,LR_Cluster_RMSE_Avg,LR_Cluster_MAD_Avg,LR_Euc_Time_Avg,LR_Euc_MAE_Avg,LR_Euc_RMSE_Avg,LR_Euc_MAD_Avg,RF_Entire_Time,RF_Entire_MAE,RF_Entire_RMSE,RF_Entire_MAD,RF_Cluster_Time_Avg,RF_Cluster_MAE_Avg,RF_Cluster_RMSE_Avg,RF_Cluster_MAD_Avg,RF_Euc_Time_Avg,RF_Euc_MAE_Avg,RF_Euc_RMSE_Avg,RF_Euc_MAD_Avg,NN_Entire_Time,NN_Entire_MAE,NN_Entire_RMSE,NN_Entire_MAD,NN_Cluster_Time_Avg,NN_Cluster_MAE_Avg,NN_Cluster_RMSE_Avg,NN_Cluster_MAD_Avg,NN_Euc_Time_Avg,NN_Euc_MAE_Avg,NN_Euc_RMSE_Avg,NN_Euc_MAD_Avg,GP_Entire_Time,GP_Entire_MAE,GP_Entire_RMSE,GP_Entire_MAD,GP_Cluster_Time_Avg,GP_Cluster_MAE_Avg,GP_Cluster_RMSE_Avg,GP_Cluster_MAD_Avg,GP_Euc_Time_Avg,GP_Euc_MAE_Avg,GP_Euc_RMSE_Avg,GP_Euc_MAD_Avg,GB_Entire_Time,GB_Entire_MAE,GB_Entire_RMSE,GB_Entire_MAD,GB_Cluster_Time_Avg,GB_Cluster_MAE_Avg,GB_Cluster_RMSE_Avg,GB_Cluster_MAD_Avg,GB_Euc_Time_Avg,GB_Euc_MAE_Avg,GB_Euc_RMSE_Avg,GB_Euc_MAD_Avg
500,1,0.9,2.0,7,0.0003910064697265625,0.04554139396076337,0.06322217389655631,0.03166617154606036,0.0002721377781459263,0.20435520913626318,0.2747157369115812,0.15247922615453655,0.0002479893820626395,0.20348369378037243,0.2748482688447117,0.15414652866212655,0.08454108238220215,0.03480675442063309,0.054799485309748514,0.023718042247737,0.043311936514718194,0.18975345932589485,0.24992697248626322,0.15331848749000823,0.042597600391932895,0.21519062311839163,0.29305943090530884,0.1459572157990887,0.05964803695678711,0.07067466259927561,0.1008592704449701,0.04848500056984474,0.016582999910627092,0.19047935566581134,0.2723059917678105,0.15611598165418425,0.016397714614868164,0.2537924057071432,0.39888707055611217,0.1566191703645121,0.0865929126739502,0.07147561,0.10188179,0.046482205,0.03750215257917132,0.22329982,0.32585615,0.15931603,0.033718381609235494,0.2248474,0.3449585,0.15436625,0.03612995147705078,0.0329754602789647,0.054245190893428503,0.020239565209988458,0.013161999838692802,0.17677960029620068,0.2493897149430183,0.1236892043805797,0.013121434620448522,0.1837954837186236,0.27386047181794204,0.12588647603984562
