N,Norm,Lambda,Gamma,K,LR_Entire_Time,LR_Entire_MAE,LR_Entire_RMSE,LR_Entire_MAD,LR_Cluster_Time_Avg,LR_Cluster_MAE_Avg,LR_Cluster_RMSE_Avg,LR_Cluster_MAD_Avg,LR_Euc_Time_Avg,LR_Euc_MAE_Avg,LR_Euc_RMSE_Avg,LR_Euc_MAD_Avg,RF_Entire_Time,RF_Entire_MAE,RF_Entire_RMSE,RF_Entire_MAD,RF_Cluster_Time_Avg,RF_Cluster_MAE_Avg,RF_Cluster_RMSE_Avg,RF_Cluster_MAD_Avg,RF_Euc_Time_Avg,RF_Euc_MAE_Avg,RF_Euc_RMSE_Avg,RF_Euc_MAD_Avg,NN_Entire_Time,NN_Entire_MAE,NN_Entire_RMSE,NN_Entire_MAD,NN_Cluster_Time_Avg,NN_Cluster_MAE_Avg,NN_Cluster_RMSE_Avg,NN_Cluster_MAD_Avg,NN_Euc_Time_Avg,NN_Euc_MAE_Avg,NN_Euc_RMSE_Avg,NN_Euc_MAD_Avg,GP_Entire_Time,GP_Entire_MAE,GP_Entire_RMSE,GP_Entire_MAD,GP_Cluster_Time_Avg,GP_Cluster_MAE_Avg,GP_Cluster_RMSE_Avg,GP_Cluster_MAD_Avg,GP_Euc_Time_Avg,GP_Euc_MAE_Avg,GP_Euc_RMSE_Avg,GP_Euc_MAD_Avg,GB_Entire_Time,GB_Entire_MAE,GB_Entire_RMSE,GB_Entire_MAD,GB_Cluster_Time_Avg,GB_Cluster_MAE_Avg,GB_Cluster_RMSE_Avg,GB_Cluster_MAD_Avg,GB_Euc_Time_Avg,GB_Euc_MAE_Avg,GB_Euc_RMSE_Avg,GB_Euc_MAD_Avg
5000,1,0.5,0.5,7,0.000637054443359375,0.06606716257040125,0.2627241057286416,0.044473382092633296,0.00030916077750069756,0.1688677182814112,0.26906878813223417,0.1397882007344117,0.00030926295689174106,0.2309213956600825,0.4281767200218489,0.16803380215287375,0.7755851745605469,0.04298626909932279,0.19832043187502527,0.019588587174592442,0.12097229276384626,0.1513752027811231,0.2835782669466341,0.10326590899259526,0.11952883856637138,0.19166886694295338,0.43444156836276226,0.10173029756708808,1.0313549041748047,0.07018611603132253,0.24740207736792882,0.029863720441878988,0.13852470261710031,0.15151147938561907,0.26906208588521074,0.09898137527862765,0.1120619433266776,0.18175478326446864,0.4015482203793338,0.09860430427961957,2.8277719020843506,0.073678695,0.24540956,0.027249282,0.14081430435180664,0.1444885,0.2666355,0.09647175,0.13080038343157088,0.18625943,0.42731166,0.098997764,0.3089900016784668,0.04393941395166818,0.19045044064487868,0.02446869807213968,0.0509162289755685,0.1387732628001796,0.2555971432103317,0.09334171690519935,0.049803972244262695,0.17587222068191727,0.4259240982627424,0.0976383738219627
