N,Norm,Lambda,Gamma,K,LR_Entire_Time,LR_Entire_MAE,LR_Entire_RMSE,LR_Entire_MAD,LR_Cluster_Time_Avg,LR_Cluster_MAE_Avg,LR_Cluster_RMSE_Avg,LR_Cluster_MAD_Avg,LR_Euc_Time_Avg,LR_Euc_MAE_Avg,LR_Euc_RMSE_Avg,LR_Euc_MAD_Avg,RF_Entire_Time,RF_Entire_MAE,RF_Entire_RMSE,RF_Entire_MAD,RF_Cluster_Time_Avg,RF_Cluster_MAE_Avg,RF_Cluster_RMSE_Avg,RF_Cluster_MAD_Avg,RF_Euc_Time_Avg,RF_Euc_MAE_Avg,RF_Euc_RMSE_Avg,RF_Euc_MAD_Avg,NN_Entire_Time,NN_Entire_MAE,NN_Entire_RMSE,NN_Entire_MAD,NN_Cluster_Time_Avg,NN_Cluster_MAE_Avg,NN_Cluster_RMSE_Avg,NN_Cluster_MAD_Avg,NN_Euc_Time_Avg,NN_Euc_MAE_Avg,NN_Euc_RMSE_Avg,NN_Euc_MAD_Avg,GP_Entire_Time,GP_Entire_MAE,GP_Entire_RMSE,GP_Entire_MAD,GP_Cluster_Time_Avg,GP_Cluster_MAE_Avg,GP_Cluster_RMSE_Avg,GP_Cluster_MAD_Avg,GP_Euc_Time_Avg,GP_Euc_MAE_Avg,GP_Euc_RMSE_Avg,GP_Euc_MAD_Avg,GB_Entire_Time,GB_Entire_MAE,GB_Entire_RMSE,GB_Entire_MAD,GB_Cluster_Time_Avg,GB_Cluster_MAE_Avg,GB_Cluster_RMSE_Avg,GB_Cluster_MAD_Avg,GB_Euc_Time_Avg,GB_Euc_MAE_Avg,GB_Euc_RMSE_Avg,GB_Euc_MAD_Avg
5000,2,0.5,0.5,5,0.00061798095703125,0.06606716257040125,0.2627241057286416,0.044473382092633296,0.00035557746887207033,0.14786289221511087,0.3936392437924352,0.09966693524386079,0.00029044151306152345,0.18805691562304158,0.4693379241917447,0.1169846877214776,0.7717001438140869,0.041545512254818624,0.1871835290097749,0.01988216948385879,0.16383137702941894,0.13863077583808073,0.3871662985367505,0.06914283625388272,0.16157474517822265,0.18424204871051236,0.5942485935752911,0.0693976659260805,0.989793062210083,0.07915967028862693,0.24479648096656265,0.037750197605327995,0.14377756118774415,0.15430841099470158,0.3989528197443056,0.07471900127850765,0.10422124862670898,0.17002564581412516,0.46330854827184637,0.07845184194724933,2.683375835418701,0.0737572,0.24508594,0.028399706,0.19438858032226564,0.13718048,0.3635597,0.06286235,0.1878345489501953,0.17037687,0.5020503,0.06755451,0.31117701530456543,0.0438619882649114,0.18874877513938237,0.02448690356161355,0.06886568069458007,0.1288649833540314,0.3847146829650731,0.06429520300803823,0.06696939468383789,0.17869825398521139,0.5969469904070778,0.0665265595206614
