N,Norm,Lambda,Gamma,K,LR_Entire_Time,LR_Entire_MAE,LR_Entire_RMSE,LR_Entire_MAD,LR_Cluster_Time_Avg,LR_Cluster_MAE_Avg,LR_Cluster_RMSE_Avg,LR_Cluster_MAD_Avg,LR_Euc_Time_Avg,LR_Euc_MAE_Avg,LR_Euc_RMSE_Avg,LR_Euc_MAD_Avg,RF_Entire_Time,RF_Entire_MAE,RF_Entire_RMSE,RF_Entire_MAD,RF_Cluster_Time_Avg,RF_Cluster_MAE_Avg,RF_Cluster_RMSE_Avg,RF_Cluster_MAD_Avg,RF_Euc_Time_Avg,RF_Euc_MAE_Avg,RF_Euc_RMSE_Avg,RF_Euc_MAD_Avg,NN_Entire_Time,NN_Entire_MAE,NN_Entire_RMSE,NN_Entire_MAD,NN_Cluster_Time_Avg,NN_Cluster_MAE_Avg,NN_Cluster_RMSE_Avg,NN_Cluster_MAD_Avg,NN_Euc_Time_Avg,NN_Euc_MAE_Avg,NN_Euc_RMSE_Avg,NN_Euc_MAD_Avg,GP_Entire_Time,GP_Entire_MAE,GP_Entire_RMSE,GP_Entire_MAD,GP_Cluster_Time_Avg,GP_Cluster_MAE_Avg,GP_Cluster_RMSE_Avg,GP_Cluster_MAD_Avg,GP_Euc_Time_Avg,GP_Euc_MAE_Avg,GP_Euc_RMSE_Avg,GP_Euc_MAD_Avg,GB_Entire_Time,GB_Entire_MAE,GB_Entire_RMSE,GB_Entire_MAD,GB_Cluster_Time_Avg,GB_Cluster_MAE_Avg,GB_Cluster_RMSE_Avg,GB_Cluster_MAD_Avg,GB_Euc_Time_Avg,GB_Euc_MAE_Avg,GB_Euc_RMSE_Avg,GB_Euc_MAD_Avg
5000,2,0.9,1.0,4,0.0008211135864257812,0.06606716257040125,0.2627241057286416,0.044473382092633296,0.0003587007522583008,0.13728450227754072,0.39597207502523857,0.0790933592123008,0.00032526254653930664,0.18254281304083378,0.5535900442820251,0.10327444653981978,0.7668941020965576,0.042869898057290176,0.19734196457705305,0.01990100306596221,0.1962592601776123,0.13863491515009796,0.41469583581238806,0.06193378544446479,0.19047248363494873,0.14170740646484675,0.5242387800212389,0.05161379639183029,0.8896570205688477,0.0763183876315359,0.24615671059757535,0.030791111630993684,0.1652134656906128,0.13241656455310236,0.38180124045115826,0.060598329631174314,0.11716240644454956,0.15977171397410272,0.5224761039135023,0.06425138857850665,2.675426959991455,0.07403043,0.24469393,0.028206453,0.2684447765350342,0.13007969,0.3706061,0.05436574,0.2888747453689575,0.15049246,0.5659698,0.047467794,0.3047761917114258,0.04362998866205385,0.18479684225876114,0.024486903561613538,0.07942754030227661,0.12884767307177622,0.4180162111332792,0.05656958304845002,0.07990646362304688,0.13049408780690513,0.5142284061066617,0.04814177261346296
