N,Norm,Lambda,Gamma,K,LR_Entire_Time,LR_Entire_MAE,LR_Entire_RMSE,LR_Entire_MAD,LR_Cluster_Time_Avg,LR_Cluster_MAE_Avg,LR_Cluster_RMSE_Avg,LR_Cluster_MAD_Avg,LR_Euc_Time_Avg,LR_Euc_MAE_Avg,LR_Euc_RMSE_Avg,LR_Euc_MAD_Avg,RF_Entire_Time,RF_Entire_MAE,RF_Entire_RMSE,RF_Entire_MAD,RF_Cluster_Time_Avg,RF_Cluster_MAE_Avg,RF_Cluster_RMSE_Avg,RF_Cluster_MAD_Avg,RF_Euc_Time_Avg,RF_Euc_MAE_Avg,RF_Euc_RMSE_Avg,RF_Euc_MAD_Avg,NN_Entire_Time,NN_Entire_MAE,NN_Entire_RMSE,NN_Entire_MAD,NN_Cluster_Time_Avg,NN_Cluster_MAE_Avg,NN_Cluster_RMSE_Avg,NN_Cluster_MAD_Avg,NN_Euc_Time_Avg,NN_Euc_MAE_Avg,NN_Euc_RMSE_Avg,NN_Euc_MAD_Avg,GP_Entire_Time,GP_Entire_MAE,GP_Entire_RMSE,GP_Entire_MAD,GP_Cluster_Time_Avg,GP_Cluster_MAE_Avg,GP_Cluster_RMSE_Avg,GP_Cluster_MAD_Avg,GP_Euc_Time_Avg,GP_Euc_MAE_Avg,GP_Euc_RMSE_Avg,GP_Euc_MAD_Avg,GB_Entire_Time,GB_Entire_MAE,GB_Entire_RMSE,GB_Entire_MAD,GB_Cluster_Time_Avg,GB_Cluster_MAE_Avg,GB_Cluster_RMSE_Avg,GB_Cluster_MAD_Avg,GB_Euc_Time_Avg,GB_Euc_MAE_Avg,GB_Euc_RMSE_Avg,GB_Euc_MAD_Avg
500,1,0.5,0.5,6,0.00047206878662109375,0.04554139396076337,0.06322217389655631,0.03166617154606036,0.00032969315846761066,0.1760974524289212,0.31830583599309886,0.1233304401198712,0.0003374814987182617,0.19921843298696848,0.25486940794286467,0.17387360374618732,0.08551406860351562,0.03504665685559558,0.05429120035911458,0.02334112842063496,0.0438152551651001,0.1742662620780554,0.27406057594659705,0.11444078944552745,0.04348250230153402,0.1596392644732253,0.22584117681179613,0.13379543093266252,0.06101369857788086,0.07088173304998595,0.10837531507979373,0.044750209943941445,0.015891313552856445,0.20345804431080763,0.36340970222789815,0.12973549110707802,0.01848284403483073,0.17781923455990664,0.24562765554226962,0.14628648618591636,0.08832287788391113,0.07147561,0.10188179,0.046482205,0.03767112890879313,0.21956277,0.3699956,0.14871815,0.03396956125895182,0.13239518,0.21830045,0.07401103,0.03786325454711914,0.03292495896447982,0.0542729755866337,0.020239565209988514,0.01359097162882487,0.1633823838704959,0.24079051081122213,0.10817157025351504,0.013887723286946615,0.13888329389928453,0.21639155454745573,0.09050949805827872
