N,Norm,Lambda,Gamma,K,LR_Entire_Time,LR_Entire_MAE,LR_Entire_RMSE,LR_Entire_MAD,LR_Cluster_Time_Avg,LR_Cluster_MAE_Avg,LR_Cluster_RMSE_Avg,LR_Cluster_MAD_Avg,LR_Euc_Time_Avg,LR_Euc_MAE_Avg,LR_Euc_RMSE_Avg,LR_Euc_MAD_Avg,RF_Entire_Time,RF_Entire_MAE,RF_Entire_RMSE,RF_Entire_MAD,RF_Cluster_Time_Avg,RF_Cluster_MAE_Avg,RF_Cluster_RMSE_Avg,RF_Cluster_MAD_Avg,RF_Euc_Time_Avg,RF_Euc_MAE_Avg,RF_Euc_RMSE_Avg,RF_Euc_MAD_Avg,NN_Entire_Time,NN_Entire_MAE,NN_Entire_RMSE,NN_Entire_MAD,NN_Cluster_Time_Avg,NN_Cluster_MAE_Avg,NN_Cluster_RMSE_Avg,NN_Cluster_MAD_Avg,NN_Euc_Time_Avg,NN_Euc_MAE_Avg,NN_Euc_RMSE_Avg,NN_Euc_MAD_Avg,GP_Entire_Time,GP_Entire_MAE,GP_Entire_RMSE,GP_Entire_MAD,GP_Cluster_Time_Avg,GP_Cluster_MAE_Avg,GP_Cluster_RMSE_Avg,GP_Cluster_MAD_Avg,GP_Euc_Time_Avg,GP_Euc_MAE_Avg,GP_Euc_RMSE_Avg,GP_Euc_MAD_Avg,GB_Entire_Time,GB_Entire_MAE,GB_Entire_RMSE,GB_Entire_MAD,GB_Cluster_Time_Avg,GB_Cluster_MAE_Avg,GB_Cluster_RMSE_Avg,GB_Cluster_MAD_Avg,GB_Euc_Time_Avg,GB_Euc_MAE_Avg,GB_Euc_RMSE_Avg,GB_Euc_MAD_Avg
10000,2,0.9,0.5,6,0.0007538795471191406,0.06792803101151079,0.3219772320780228,0.0359716131146422,0.0003336668014526367,0.15259791489141525,0.3365610805372525,0.10496233119876379,0.0003600120544433594,0.18291379200091848,0.33942034202576615,0.13675693104402126,1.7030253410339355,0.04700724221117685,0.23586174347045033,0.018334404281507122,0.2653767665227254,0.1526570123568388,0.37933131696872985,0.07948304018341,0.26080481211344403,0.13288642591794772,0.3077460932563513,0.0741807462278411,1.8676848411560059,0.07755445505881829,0.2817986871930445,0.029583756584566655,0.20830663045247397,0.13532308135449525,0.3055258498021487,0.07395375912098041,0.21728336811065674,0.14297712182902472,0.3146807858021102,0.0783857437865998,9.20914101600647,0.06979063,0.25937122,0.021975704,0.4235492944717407,0.12365662,0.27893373,0.06894426,0.46509536107381183,0.12966333,0.30261895,0.07032502,0.6232268810272217,0.048570718380281944,0.2362918646429272,0.02329046677653704,0.10947918891906738,0.14432428093149063,0.37637568069305255,0.07616042708537822,0.10748811562856038,0.12959415464311988,0.31612662941376984,0.07257279901999666
