N,Norm,Lambda,Gamma,K,LR_Entire_Time,LR_Entire_MAE,LR_Entire_RMSE,LR_Entire_MAD,LR_Cluster_Time_Avg,LR_Cluster_MAE_Avg,LR_Cluster_RMSE_Avg,LR_Cluster_MAD_Avg,LR_Euc_Time_Avg,LR_Euc_MAE_Avg,LR_Euc_RMSE_Avg,LR_Euc_MAD_Avg,RF_Entire_Time,RF_Entire_MAE,RF_Entire_RMSE,RF_Entire_MAD,RF_Cluster_Time_Avg,RF_Cluster_MAE_Avg,RF_Cluster_RMSE_Avg,RF_Cluster_MAD_Avg,RF_Euc_Time_Avg,RF_Euc_MAE_Avg,RF_Euc_RMSE_Avg,RF_Euc_MAD_Avg,NN_Entire_Time,NN_Entire_MAE,NN_Entire_RMSE,NN_Entire_MAD,NN_Cluster_Time_Avg,NN_Cluster_MAE_Avg,NN_Cluster_RMSE_Avg,NN_Cluster_MAD_Avg,NN_Euc_Time_Avg,NN_Euc_MAE_Avg,NN_Euc_RMSE_Avg,NN_Euc_MAD_Avg,GP_Entire_Time,GP_Entire_MAE,GP_Entire_RMSE,GP_Entire_MAD,GP_Cluster_Time_Avg,GP_Cluster_MAE_Avg,GP_Cluster_RMSE_Avg,GP_Cluster_MAD_Avg,GP_Euc_Time_Avg,GP_Euc_MAE_Avg,GP_Euc_RMSE_Avg,GP_Euc_MAD_Avg,GB_Entire_Time,GB_Entire_MAE,GB_Entire_RMSE,GB_Entire_MAD,GB_Cluster_Time_Avg,GB_Cluster_MAE_Avg,GB_Cluster_RMSE_Avg,GB_Cluster_MAD_Avg,GB_Euc_Time_Avg,GB_Euc_MAE_Avg,GB_Euc_RMSE_Avg,GB_Euc_MAD_Avg
10000,2,0.9,0.5,4,0.0007784366607666016,0.06792803101151079,0.3219772320780228,0.0359716131146422,0.0008487701416015625,0.11715966440717737,0.28872499929154555,0.08006792390960274,0.0004220008850097656,0.1527846860515306,0.3747429160175923,0.0943320350517892,1.7081398963928223,0.04726558936781246,0.2327491703100064,0.018364745678700112,0.40507495403289795,0.10486147316515315,0.27302299450642953,0.05833430591024663,0.39017659425735474,0.11022835261693152,0.34744653193263747,0.0522311777933362,1.8867559432983398,0.07861710756369945,0.27991609278257723,0.028367690176722957,0.32979440689086914,0.10271461471744756,0.26748787837564775,0.05492750778151261,0.226188063621521,0.12935051376367865,0.35494015176297594,0.056511667201867344,9.569880247116089,0.07046032,0.25864688,0.023729682,0.8799435496330261,0.09463455,0.2643531,0.050290987,1.0840471982955933,0.10195242,0.3329224,0.043094754,0.6299080848693848,0.048708506491446375,0.23677501285145702,0.02329046677653704,0.15879666805267334,0.09728301994157695,0.26161789980359146,0.060629073441883764,0.15949630737304688,0.10553724408924657,0.3580730688593926,0.0492400770188751
