N,Norm,Lambda,Gamma,K,LR_Entire_Time,LR_Entire_MAE,LR_Entire_RMSE,LR_Entire_MAD,LR_Cluster_Time_Avg,LR_Cluster_MAE_Avg,LR_Cluster_RMSE_Avg,LR_Cluster_MAD_Avg,LR_Euc_Time_Avg,LR_Euc_MAE_Avg,LR_Euc_RMSE_Avg,LR_Euc_MAD_Avg,RF_Entire_Time,RF_Entire_MAE,RF_Entire_RMSE,RF_Entire_MAD,RF_Cluster_Time_Avg,RF_Cluster_MAE_Avg,RF_Cluster_RMSE_Avg,RF_Cluster_MAD_Avg,RF_Euc_Time_Avg,RF_Euc_MAE_Avg,RF_Euc_RMSE_Avg,RF_Euc_MAD_Avg,NN_Entire_Time,NN_Entire_MAE,NN_Entire_RMSE,NN_Entire_MAD,NN_Cluster_Time_Avg,NN_Cluster_MAE_Avg,NN_Cluster_RMSE_Avg,NN_Cluster_MAD_Avg,NN_Euc_Time_Avg,NN_Euc_MAE_Avg,NN_Euc_RMSE_Avg,NN_Euc_MAD_Avg,GP_Entire_Time,GP_Entire_MAE,GP_Entire_RMSE,GP_Entire_MAD,GP_Cluster_Time_Avg,GP_Cluster_MAE_Avg,GP_Cluster_RMSE_Avg,GP_Cluster_MAD_Avg,GP_Euc_Time_Avg,GP_Euc_MAE_Avg,GP_Euc_RMSE_Avg,GP_Euc_MAD_Avg,GB_Entire_Time,GB_Entire_MAE,GB_Entire_RMSE,GB_Entire_MAD,GB_Cluster_Time_Avg,GB_Cluster_MAE_Avg,GB_Cluster_RMSE_Avg,GB_Cluster_MAD_Avg,GB_Euc_Time_Avg,GB_Euc_MAE_Avg,GB_Euc_RMSE_Avg,GB_Euc_MAD_Avg
100,1,0.1,1.0,4,0.0003459453582763672,0.19598571368711998,0.2658167496676893,0.12690348231686688,0.0003024935722351074,0.20608208184274573,0.28054223856080396,0.15403454944364975,0.00029671192169189453,0.2636792202538578,0.27544820109858575,0.2646526185300492,0.044454336166381836,0.038346022876554586,0.04573516987391582,0.032904376045502115,0.04004168510437012,0.31389458757954675,0.3899292121871456,0.27727974354924395,0.039010822772979736,0.40243327500945547,0.5730967988021115,0.17685474371874482,0.024641036987304688,0.26902351183742745,0.40526971362834535,0.1441934834129166,0.010825514793395996,0.28203546527523016,0.3437362574302845,0.2036698390363957,0.010082662105560303,0.16097498624446907,0.2210270959312533,0.10463306910577144,0.037130117416381836,0.14043128,0.21644284,0.062149398,0.03202885389328003,0.48863697,0.55369157,0.4811833,0.028771698474884033,0.54975957,0.67998046,0.4185274,0.014770030975341797,0.041112425810435005,0.0630389626720846,0.02389865190063807,0.010938763618469238,0.2049423535052913,0.2562116936294573,0.18364200186439453,0.011371254920959473,0.41580124648979194,0.6682549348815695,0.09781579820165015
