N,Norm,Lambda,Gamma,K,LR_Entire_Time,LR_Entire_MAE,LR_Entire_RMSE,LR_Entire_MAD,LR_Cluster_Time_Avg,LR_Cluster_MAE_Avg,LR_Cluster_RMSE_Avg,LR_Cluster_MAD_Avg,LR_Euc_Time_Avg,LR_Euc_MAE_Avg,LR_Euc_RMSE_Avg,LR_Euc_MAD_Avg,RF_Entire_Time,RF_Entire_MAE,RF_Entire_RMSE,RF_Entire_MAD,RF_Cluster_Time_Avg,RF_Cluster_MAE_Avg,RF_Cluster_RMSE_Avg,RF_Cluster_MAD_Avg,RF_Euc_Time_Avg,RF_Euc_MAE_Avg,RF_Euc_RMSE_Avg,RF_Euc_MAD_Avg,NN_Entire_Time,NN_Entire_MAE,NN_Entire_RMSE,NN_Entire_MAD,NN_Cluster_Time_Avg,NN_Cluster_MAE_Avg,NN_Cluster_RMSE_Avg,NN_Cluster_MAD_Avg,NN_Euc_Time_Avg,NN_Euc_MAE_Avg,NN_Euc_RMSE_Avg,NN_Euc_MAD_Avg,GP_Entire_Time,GP_Entire_MAE,GP_Entire_RMSE,GP_Entire_MAD,GP_Cluster_Time_Avg,GP_Cluster_MAE_Avg,GP_Cluster_RMSE_Avg,GP_Cluster_MAD_Avg,GP_Euc_Time_Avg,GP_Euc_MAE_Avg,GP_Euc_RMSE_Avg,GP_Euc_MAD_Avg,GB_Entire_Time,GB_Entire_MAE,GB_Entire_RMSE,GB_Entire_MAD,GB_Cluster_Time_Avg,GB_Cluster_MAE_Avg,GB_Cluster_RMSE_Avg,GB_Cluster_MAD_Avg,GB_Euc_Time_Avg,GB_Euc_MAE_Avg,GB_Euc_RMSE_Avg,GB_Euc_MAD_Avg
500,1,0.9,1.0,7,0.00028586387634277344,0.04554139396076337,0.06322217389655631,0.03166617154606036,0.0002696854727608817,0.20435520913626318,0.2747157369115812,0.15247922615453655,0.0002551078796386719,0.20348369378037243,0.2748482688447117,0.15414652866212655,0.08527588844299316,0.03506712083225617,0.05464405985022495,0.02326214374833388,0.043640238898141046,0.18974874979464326,0.25358505153034105,0.14835249920557975,0.04332624162946429,0.20349738169763198,0.278238361689815,0.15623124183256684,0.06424283981323242,0.061139141087837315,0.09158254785561179,0.035805419492004054,0.016120808465140208,0.20672421457159404,0.2974042257715549,0.1480787219783819,0.015789338520595005,0.24827275150657396,0.37631739598296715,0.16631420961669524,0.08835005760192871,0.07147561,0.10188179,0.046482205,0.037643262318202426,0.22329982,0.32585615,0.15931603,0.03388411658150809,0.2248474,0.3449585,0.15436625,0.036334991455078125,0.032912728887001065,0.05422980957038457,0.020239565209988403,0.013225453240530831,0.1806178177161862,0.25780446506982846,0.1265156238786004,0.01313366208757673,0.1852251378736093,0.2761651451550355,0.13145838773500237
