N,Norm,Lambda,Gamma,K,LR_Entire_Time,LR_Entire_MAE,LR_Entire_RMSE,LR_Entire_MAD,LR_Cluster_Time_Avg,LR_Cluster_MAE_Avg,LR_Cluster_RMSE_Avg,LR_Cluster_MAD_Avg,LR_Euc_Time_Avg,LR_Euc_MAE_Avg,LR_Euc_RMSE_Avg,LR_Euc_MAD_Avg,RF_Entire_Time,RF_Entire_MAE,RF_Entire_RMSE,RF_Entire_MAD,RF_Cluster_Time_Avg,RF_Cluster_MAE_Avg,RF_Cluster_RMSE_Avg,RF_Cluster_MAD_Avg,RF_Euc_Time_Avg,RF_Euc_MAE_Avg,RF_Euc_RMSE_Avg,RF_Euc_MAD_Avg,NN_Entire_Time,NN_Entire_MAE,NN_Entire_RMSE,NN_Entire_MAD,NN_Cluster_Time_Avg,NN_Cluster_MAE_Avg,NN_Cluster_RMSE_Avg,NN_Cluster_MAD_Avg,NN_Euc_Time_Avg,NN_Euc_MAE_Avg,NN_Euc_RMSE_Avg,NN_Euc_MAD_Avg,GP_Entire_Time,GP_Entire_MAE,GP_Entire_RMSE,GP_Entire_MAD,GP_Cluster_Time_Avg,GP_Cluster_MAE_Avg,GP_Cluster_RMSE_Avg,GP_Cluster_MAD_Avg,GP_Euc_Time_Avg,GP_Euc_MAE_Avg,GP_Euc_RMSE_Avg,GP_Euc_MAD_Avg,GB_Entire_Time,GB_Entire_MAE,GB_Entire_RMSE,GB_Entire_MAD,GB_Cluster_Time_Avg,GB_Cluster_MAE_Avg,GB_Cluster_RMSE_Avg,GB_Cluster_MAD_Avg,GB_Euc_Time_Avg,GB_Euc_MAE_Avg,GB_Euc_RMSE_Avg,GB_Euc_MAD_Avg
5000,1,0.9,0.5,5,0.0006330013275146484,0.06606716257040125,0.2627241057286416,0.044473382092633296,0.00032138824462890625,0.14892705451847657,0.399186523376894,0.09814376816453359,0.00028676986694335936,0.18805691562304158,0.4693379241917447,0.1169846877214776,0.8272578716278076,0.042118148426542025,0.19149793362885237,0.01995141059453398,0.164874267578125,0.13012693893150598,0.4002740119786498,0.0691718145404789,0.16071739196777343,0.18367633763335198,0.5921653039917527,0.06707238241641794,0.5041399002075195,0.07387121104168785,0.2536063317652004,0.03133567261754322,0.13152580261230468,0.13814582785022397,0.38974660953324314,0.06638812411388015,0.10294919013977051,0.16271508366534515,0.4572433317482134,0.06845034847541095,2.8214409351348877,0.073546186,0.2454402,0.028132051,0.20677762031555175,0.12446425,0.37530196,0.061268937,0.21695446968078613,0.17017059,0.5019298,0.067703865,0.31458616256713867,0.04392975265324128,0.1888628101717913,0.024468698072139552,0.0726285457611084,0.12300711681783247,0.4038915221402998,0.06311176923140108,0.06859207153320312,0.17959331758677505,0.5976113720521744,0.06698834387248186
