N,Norm,Lambda,Gamma,K,LR_Entire_Time,LR_Entire_MAE,LR_Entire_RMSE,LR_Entire_MAD,LR_Cluster_Time_Avg,LR_Cluster_MAE_Avg,LR_Cluster_RMSE_Avg,LR_Cluster_MAD_Avg,LR_Euc_Time_Avg,LR_Euc_MAE_Avg,LR_Euc_RMSE_Avg,LR_Euc_MAD_Avg,RF_Entire_Time,RF_Entire_MAE,RF_Entire_RMSE,RF_Entire_MAD,RF_Cluster_Time_Avg,RF_Cluster_MAE_Avg,RF_Cluster_RMSE_Avg,RF_Cluster_MAD_Avg,RF_Euc_Time_Avg,RF_Euc_MAE_Avg,RF_Euc_RMSE_Avg,RF_Euc_MAD_Avg,NN_Entire_Time,NN_Entire_MAE,NN_Entire_RMSE,NN_Entire_MAD,NN_Cluster_Time_Avg,NN_Cluster_MAE_Avg,NN_Cluster_RMSE_Avg,NN_Cluster_MAD_Avg,NN_Euc_Time_Avg,NN_Euc_MAE_Avg,NN_Euc_RMSE_Avg,NN_Euc_MAD_Avg,GB_Entire_Time,GB_Entire_MAE,GB_Entire_RMSE,GB_Entire_MAD,GB_Cluster_Time_Avg,GB_Cluster_MAE_Avg,GB_Cluster_RMSE_Avg,GB_Cluster_MAD_Avg,GB_Euc_Time_Avg,GB_Euc_MAE_Avg,GB_Euc_RMSE_Avg,GB_Euc_MAD_Avg
100000,2,0.9,0.5,3,0.005815029144287109,0.0643103041422581,0.30043950634238437,0.03601264487927863,0.0033430258433024087,0.09465387088189753,0.30150522372655003,0.060083243941045715,0.002281030019124349,0.13700685445944463,0.42404110391471833,0.08132741789522079,25.36815094947815,0.03981763927833114,0.1929218542966593,0.015085978989409918,7.834975163141887,0.07257732865382356,0.25167084500730336,0.03448834322101702,7.591932376225789,0.08355037147713906,0.33597481364877413,0.03307617003793759,15.3458731174469,0.041865722968835395,0.19481204349757358,0.016651815203906378,3.600085417429606,0.06533595307017663,0.23025425071336544,0.030287028630841328,3.071644385655721,0.08267611355573223,0.32333415351817124,0.03673224790315404,6.570111036300659,0.04384671772194338,0.19015454870696158,0.02157238360005604,2.1450676123301187,0.07336824699547223,0.24424505678088057,0.04187282649631765,2.1382633050282798,0.08417758661442609,0.3296218313858718,0.04067719294935009
