N,Norm,Lambda,Gamma,K,LR_Entire_Time,LR_Entire_MAE,LR_Entire_RMSE,LR_Entire_MAD,LR_Cluster_Time_Avg,LR_Cluster_MAE_Avg,LR_Cluster_RMSE_Avg,LR_Cluster_MAD_Avg,LR_Euc_Time_Avg,LR_Euc_MAE_Avg,LR_Euc_RMSE_Avg,LR_Euc_MAD_Avg,RF_Entire_Time,RF_Entire_MAE,RF_Entire_RMSE,RF_Entire_MAD,RF_Cluster_Time_Avg,RF_Cluster_MAE_Avg,RF_Cluster_RMSE_Avg,RF_Cluster_MAD_Avg,RF_Euc_Time_Avg,RF_Euc_MAE_Avg,RF_Euc_RMSE_Avg,RF_Euc_MAD_Avg,NN_Entire_Time,NN_Entire_MAE,NN_Entire_RMSE,NN_Entire_MAD,NN_Cluster_Time_Avg,NN_Cluster_MAE_Avg,NN_Cluster_RMSE_Avg,NN_Cluster_MAD_Avg,NN_Euc_Time_Avg,NN_Euc_MAE_Avg,NN_Euc_RMSE_Avg,NN_Euc_MAD_Avg,GP_Entire_Time,GP_Entire_MAE,GP_Entire_RMSE,GP_Entire_MAD,GP_Cluster_Time_Avg,GP_Cluster_MAE_Avg,GP_Cluster_RMSE_Avg,GP_Cluster_MAD_Avg,GP_Euc_Time_Avg,GP_Euc_MAE_Avg,GP_Euc_RMSE_Avg,GP_Euc_MAD_Avg,GB_Entire_Time,GB_Entire_MAE,GB_Entire_RMSE,GB_Entire_MAD,GB_Cluster_Time_Avg,GB_Cluster_MAE_Avg,GB_Cluster_RMSE_Avg,GB_Cluster_MAD_Avg,GB_Euc_Time_Avg,GB_Euc_MAE_Avg,GB_Euc_RMSE_Avg,GB_Euc_MAD_Avg
1000,2,0.1,2.0,4,0.0003199577331542969,0.03174555839505721,0.043465480669550194,0.023354845822268516,0.0003094673156738281,0.09382534242809296,0.13102556231420276,0.07650186720028314,0.00030422210693359375,0.11933357968464367,0.15914693815912323,0.09691046142812622,0.14122605323791504,0.026768614043647943,0.03562129985424706,0.020483474592539408,0.05987870693206787,0.0985118911671666,0.14888298954968673,0.06894740577537853,0.0587497353553772,0.07492007858728449,0.10923726837538256,0.053657848352045165,0.05810713768005371,0.06379969099654154,0.08537706755369512,0.04817625941257295,0.04428225755691528,0.11605488130146488,0.17544040443037287,0.07550211906428823,0.02924245595932007,0.12421969068096823,0.1900811658298234,0.08019082430328864,0.18083596229553223,0.047523502,0.08538143,0.030398354,0.05601465702056885,0.103373095,0.17265856,0.06926249,0.04723250865936279,0.10506934,0.17928883,0.0619057,0.06337904930114746,0.023034809074268022,0.029938138800603763,0.01989618115551467,0.022891998291015625,0.09120466864438379,0.1334769470381828,0.06306163766529525,0.022324800491333008,0.0741509474711935,0.11111093874613844,0.052093323957532744
