N,Norm,Lambda,Gamma,K,LR_Entire_Time,LR_Entire_MAE,LR_Entire_RMSE,LR_Entire_MAD,LR_Cluster_Time_Avg,LR_Cluster_MAE_Avg,LR_Cluster_RMSE_Avg,LR_Cluster_MAD_Avg,LR_Cluster_MAE_Median,LR_Cluster_RMSE_Median,LR_Cluster_MAD_Median,RF_Entire_Time,RF_Entire_MAE,RF_Entire_RMSE,RF_Entire_MAD,RF_Cluster_Time_Avg,RF_Cluster_MAE_Avg,RF_Cluster_RMSE_Avg,RF_Cluster_MAD_Avg,RF_Cluster_MAE_Median,RF_Cluster_RMSE_Median,RF_Cluster_MAD_Median,NN_Entire_Time,NN_Entire_MAE,NN_Entire_RMSE,NN_Entire_MAD,NN_Cluster_Time_Avg,NN_Cluster_MAE_Avg,NN_Cluster_RMSE_Avg,NN_Cluster_MAD_Avg,NN_Cluster_MAE_Median,NN_Cluster_RMSE_Median,NN_Cluster_MAD_Median,GP_Entire_Time,GP_Entire_MAE,GP_Entire_RMSE,GP_Entire_MAD,GP_Cluster_Time_Avg,GP_Cluster_MAE_Avg,GP_Cluster_RMSE_Avg,GP_Cluster_MAD_Avg,GP_Cluster_MAE_Median,GP_Cluster_RMSE_Median,GP_Cluster_MAD_Median,GB_Entire_Time,GB_Entire_MAE,GB_Entire_RMSE,GB_Entire_MAD,GB_Cluster_Time_Avg,GB_Cluster_MAE_Avg,GB_Cluster_RMSE_Avg,GB_Cluster_MAD_Avg,GB_Cluster_MAE_Median,GB_Cluster_RMSE_Median,GB_Cluster_MAD_Median
10000,2,0.1,1.0,6,0.001110076904296875,0.0711493164406142,0.34865177023578486,0.037222118158097006,0.0007168054580688477,0.07259458744829607,0.2630961822816253,0.046181757670071655,0.07332949287752615,0.30854485094577166,0.04112995675340024,1.6025490760803223,0.04319941674607547,0.2097326027410899,0.016948486661186993,0.2175601323445638,0.050913221739468245,0.22078210402915474,0.017311608199019543,0.049685315040601113,0.2153220907280195,0.016175663051782786,1.8040821552276611,0.07715241037953231,0.29147754956444605,0.034135475557856204,0.26706679662068683,0.07601597032841136,0.2768023152741614,0.029807150838562165,0.0754946640826695,0.29101427625218856,0.03015452750242928,9.244745969772339,0.0612313,0.25394267,0.01991111,0.5689942439397176,0.07411752,0.2502263,0.02540722,0.07486778497695923,0.28509509563446045,0.02568649686872959,0.5878031253814697,0.04602861604764924,0.19526367418726892,0.022916511687970098,0.09062798817952473,0.052151191276720604,0.24514680904383165,0.020131107393113183,0.051347384141898766,0.2426025704367707,0.019734716252332536
