N,Norm,Lambda,Gamma,K,LR_Entire_Time,LR_Entire_MAE,LR_Entire_RMSE,LR_Entire_MAD,LR_Cluster_Time_Avg,LR_Cluster_MAE_Avg,LR_Cluster_RMSE_Avg,LR_Cluster_MAD_Avg,LR_Euc_Time_Avg,LR_Euc_MAE_Avg,LR_Euc_RMSE_Avg,LR_Euc_MAD_Avg,RF_Entire_Time,RF_Entire_MAE,RF_Entire_RMSE,RF_Entire_MAD,RF_Cluster_Time_Avg,RF_Cluster_MAE_Avg,RF_Cluster_RMSE_Avg,RF_Cluster_MAD_Avg,RF_Euc_Time_Avg,RF_Euc_MAE_Avg,RF_Euc_RMSE_Avg,RF_Euc_MAD_Avg,NN_Entire_Time,NN_Entire_MAE,NN_Entire_RMSE,NN_Entire_MAD,NN_Cluster_Time_Avg,NN_Cluster_MAE_Avg,NN_Cluster_RMSE_Avg,NN_Cluster_MAD_Avg,NN_Euc_Time_Avg,NN_Euc_MAE_Avg,NN_Euc_RMSE_Avg,NN_Euc_MAD_Avg,GP_Entire_Time,GP_Entire_MAE,GP_Entire_RMSE,GP_Entire_MAD,GP_Cluster_Time_Avg,GP_Cluster_MAE_Avg,GP_Cluster_RMSE_Avg,GP_Cluster_MAD_Avg,GP_Euc_Time_Avg,GP_Euc_MAE_Avg,GP_Euc_RMSE_Avg,GP_Euc_MAD_Avg,GB_Entire_Time,GB_Entire_MAE,GB_Entire_RMSE,GB_Entire_MAD,GB_Cluster_Time_Avg,GB_Cluster_MAE_Avg,GB_Cluster_RMSE_Avg,GB_Cluster_MAD_Avg,GB_Euc_Time_Avg,GB_Euc_MAE_Avg,GB_Euc_RMSE_Avg,GB_Euc_MAD_Avg
500,2,0.5,1.0,7,0.0005600452423095703,0.04554139396076337,0.06322217389655631,0.03166617154606036,0.0003720011029924665,0.21181512073259362,0.2826420016846275,0.14629212425566587,0.000299419675554548,0.20348369378037243,0.2748482688447117,0.15414652866212655,0.08412790298461914,0.03472944206224104,0.05475228140819485,0.021829356647218467,0.042762586048671176,0.20310553089183922,0.27543669899117995,0.14537474720043522,0.04324844905308315,0.2040865388041157,0.2821624599339415,0.14715494616780544,0.05518698692321777,0.07917873354565055,0.11257683162523165,0.056813834807796275,0.01628436361040388,0.20095718719995934,0.2748836316367545,0.1530555911066324,0.016202688217163086,0.24867778351075034,0.37439935515395717,0.1618933573133652,0.09688115119934082,0.07147561,0.10188179,0.046482205,0.03719735145568848,0.23640688,0.3277206,0.17642438,0.03363258498055594,0.2248474,0.3449585,0.15436625,0.03625607490539551,0.03307621087705257,0.05438706068444011,0.020239565209988514,0.013250691550118583,0.19849755274501715,0.28281745805809144,0.13338454430724808,0.01346761839730399,0.18602785464684585,0.27640040970463015,0.12346360907542632
