N,Norm,Lambda,Gamma,K,LR_Entire_Time,LR_Entire_MAE,LR_Entire_RMSE,LR_Entire_MAD,LR_Cluster_Time_Avg,LR_Cluster_MAE_Avg,LR_Cluster_RMSE_Avg,LR_Cluster_MAD_Avg,LR_Euc_Time_Avg,LR_Euc_MAE_Avg,LR_Euc_RMSE_Avg,LR_Euc_MAD_Avg,RF_Entire_Time,RF_Entire_MAE,RF_Entire_RMSE,RF_Entire_MAD,RF_Cluster_Time_Avg,RF_Cluster_MAE_Avg,RF_Cluster_RMSE_Avg,RF_Cluster_MAD_Avg,RF_Euc_Time_Avg,RF_Euc_MAE_Avg,RF_Euc_RMSE_Avg,RF_Euc_MAD_Avg,NN_Entire_Time,NN_Entire_MAE,NN_Entire_RMSE,NN_Entire_MAD,NN_Cluster_Time_Avg,NN_Cluster_MAE_Avg,NN_Cluster_RMSE_Avg,NN_Cluster_MAD_Avg,NN_Euc_Time_Avg,NN_Euc_MAE_Avg,NN_Euc_RMSE_Avg,NN_Euc_MAD_Avg,GP_Entire_Time,GP_Entire_MAE,GP_Entire_RMSE,GP_Entire_MAD,GP_Cluster_Time_Avg,GP_Cluster_MAE_Avg,GP_Cluster_RMSE_Avg,GP_Cluster_MAD_Avg,GP_Euc_Time_Avg,GP_Euc_MAE_Avg,GP_Euc_RMSE_Avg,GP_Euc_MAD_Avg,GB_Entire_Time,GB_Entire_MAE,GB_Entire_RMSE,GB_Entire_MAD,GB_Cluster_Time_Avg,GB_Cluster_MAE_Avg,GB_Cluster_RMSE_Avg,GB_Cluster_MAD_Avg,GB_Euc_Time_Avg,GB_Euc_MAE_Avg,GB_Euc_RMSE_Avg,GB_Euc_MAD_Avg
10000,2,0.9,2.0,6,0.0007517337799072266,0.06792803101151079,0.3219772320780228,0.0359716131146422,0.0003407796223958333,0.15259791489141525,0.3365610805372525,0.10496233119876379,0.0003708203633626302,0.18291379200091848,0.33942034202576615,0.13675693104402126,1.7124040126800537,0.04631292689863114,0.23093178556870225,0.018480917694975313,0.267109751701355,0.15099825048114449,0.3695395591863444,0.08091769189422414,0.2621864875157674,0.13255239793755733,0.3054722374821628,0.07346968274373913,1.94309401512146,0.07738197689186763,0.280581962966025,0.03319031735390605,0.23177647590637207,0.13167192851749587,0.30388291970326364,0.07182444925843184,0.19980351130167642,0.14398478362309913,0.3140522143501782,0.07568323838882747,9.164832830429077,0.07102939,0.2584924,0.024205865,0.4469623565673828,0.12363738,0.27899176,0.06958886,0.47310101985931396,0.12880068,0.30314192,0.06900627,0.6256120204925537,0.04858322568687255,0.23655005954447156,0.023290466776537122,0.10649903615315755,0.144049717846673,0.3755819374690567,0.07616398403511397,0.10690438747406006,0.12961042454293253,0.31668636526353094,0.07232169006415913
