N,Norm,Lambda,Gamma,K,LR_Entire_Time,LR_Entire_MAE,LR_Entire_RMSE,LR_Entire_MAD,LR_Cluster_Time_Avg,LR_Cluster_MAE_Avg,LR_Cluster_RMSE_Avg,LR_Cluster_MAD_Avg,LR_Euc_Time_Avg,LR_Euc_MAE_Avg,LR_Euc_RMSE_Avg,LR_Euc_MAD_Avg,RF_Entire_Time,RF_Entire_MAE,RF_Entire_RMSE,RF_Entire_MAD,RF_Cluster_Time_Avg,RF_Cluster_MAE_Avg,RF_Cluster_RMSE_Avg,RF_Cluster_MAD_Avg,RF_Euc_Time_Avg,RF_Euc_MAE_Avg,RF_Euc_RMSE_Avg,RF_Euc_MAD_Avg,NN_Entire_Time,NN_Entire_MAE,NN_Entire_RMSE,NN_Entire_MAD,NN_Cluster_Time_Avg,NN_Cluster_MAE_Avg,NN_Cluster_RMSE_Avg,NN_Cluster_MAD_Avg,NN_Euc_Time_Avg,NN_Euc_MAE_Avg,NN_Euc_RMSE_Avg,NN_Euc_MAD_Avg,GB_Entire_Time,GB_Entire_MAE,GB_Entire_RMSE,GB_Entire_MAD,GB_Cluster_Time_Avg,GB_Cluster_MAE_Avg,GB_Cluster_RMSE_Avg,GB_Cluster_MAD_Avg,GB_Euc_Time_Avg,GB_Euc_MAE_Avg,GB_Euc_RMSE_Avg,GB_Euc_MAD_Avg
100000,1,0.1,1.0,5,0.005921125411987305,0.0643103041422581,0.30043950634238437,0.03601264487927863,0.0020189285278320312,0.14083062096759366,0.359072582104655,0.09958851062355584,0.0015054702758789062,0.1810003097263652,0.43049108119569157,0.11850972218814104,26.997335195541382,0.03944715809171041,0.19063764559698357,0.014946758265407756,4.791384935379028,0.11401112396992545,0.3281066262717773,0.06182552540135994,4.641239786148072,0.11606655803850452,0.37240539101267583,0.050699317799366025,15.787994861602783,0.04828767442764006,0.19571356947972648,0.023227292465475585,1.7444045066833496,0.0985912192447763,0.30144667790712576,0.05457273281897197,1.2440124034881592,0.10472216257037403,0.35100829710650194,0.0452959690812297,6.6276631355285645,0.04387666230938738,0.19060987452742806,0.02157238360005614,1.2821452140808105,0.11206607716092971,0.3133572654602629,0.07076709640392655,1.292469596862793,0.11633747407327488,0.36512400840082304,0.05879076653138773
