N,Norm,Lambda,Gamma,K,LR_Entire_Time,LR_Entire_MAE,LR_Entire_RMSE,LR_Entire_MAD,LR_Cluster_Time_Avg,LR_Cluster_MAE_Avg,LR_Cluster_RMSE_Avg,LR_Cluster_MAD_Avg,LR_Euc_Time_Avg,LR_Euc_MAE_Avg,LR_Euc_RMSE_Avg,LR_Euc_MAD_Avg,RF_Entire_Time,RF_Entire_MAE,RF_Entire_RMSE,RF_Entire_MAD,RF_Cluster_Time_Avg,RF_Cluster_MAE_Avg,RF_Cluster_RMSE_Avg,RF_Cluster_MAD_Avg,RF_Euc_Time_Avg,RF_Euc_MAE_Avg,RF_Euc_RMSE_Avg,RF_Euc_MAD_Avg,NN_Entire_Time,NN_Entire_MAE,NN_Entire_RMSE,NN_Entire_MAD,NN_Cluster_Time_Avg,NN_Cluster_MAE_Avg,NN_Cluster_RMSE_Avg,NN_Cluster_MAD_Avg,NN_Euc_Time_Avg,NN_Euc_MAE_Avg,NN_Euc_RMSE_Avg,NN_Euc_MAD_Avg,GB_Entire_Time,GB_Entire_MAE,GB_Entire_RMSE,GB_Entire_MAD,GB_Cluster_Time_Avg,GB_Cluster_MAE_Avg,GB_Cluster_RMSE_Avg,GB_Cluster_MAD_Avg,GB_Euc_Time_Avg,GB_Euc_MAE_Avg,GB_Euc_RMSE_Avg,GB_Euc_MAD_Avg
50000,2,0.9,1.0,6,0.004385948181152344,0.06625561675942009,0.3233405659660932,0.03390383380555034,0.0009455283482869467,0.17067027062082687,0.3929667284530078,0.1220691580206113,0.0011802911758422852,0.20122471643992257,0.43971392570599005,0.13565499272950057,11.360905885696411,0.042994511401692116,0.2171631217904894,0.01580802344505705,1.6456660032272339,0.14192305206439756,0.3646270680744148,0.07908871399291749,1.6187851031621296,0.14107415094513273,0.4011903004505178,0.06488988257869845,8.93084192276001,0.06482235329132226,0.2404037257695572,0.031512951547415624,0.9566781918207804,0.12250320869988875,0.341295861576433,0.0664462783479849,0.5471728642781576,0.12571087713039017,0.3726307229083175,0.05935912276160522,3.298330783843994,0.04810734708056787,0.22066674401479164,0.022824623588756393,0.5391633113225301,0.1402688525207264,0.3589836468230378,0.08831360166256312,0.5379390319188436,0.1418129461814578,0.39778080329299864,0.07460659703051906
