N,Norm,Lambda,Gamma,K,LR_Entire_Time,LR_Entire_MAE,LR_Entire_RMSE,LR_Entire_MAD,LR_Cluster_Time_Avg,LR_Cluster_MAE_Avg,LR_Cluster_RMSE_Avg,LR_Cluster_MAD_Avg,LR_Euc_Time_Avg,LR_Euc_MAE_Avg,LR_Euc_RMSE_Avg,LR_Euc_MAD_Avg,RF_Entire_Time,RF_Entire_MAE,RF_Entire_RMSE,RF_Entire_MAD,RF_Cluster_Time_Avg,RF_Cluster_MAE_Avg,RF_Cluster_RMSE_Avg,RF_Cluster_MAD_Avg,RF_Euc_Time_Avg,RF_Euc_MAE_Avg,RF_Euc_RMSE_Avg,RF_Euc_MAD_Avg,NN_Entire_Time,NN_Entire_MAE,NN_Entire_RMSE,NN_Entire_MAD,NN_Cluster_Time_Avg,NN_Cluster_MAE_Avg,NN_Cluster_RMSE_Avg,NN_Cluster_MAD_Avg,NN_Euc_Time_Avg,NN_Euc_MAE_Avg,NN_Euc_RMSE_Avg,NN_Euc_MAD_Avg,GP_Entire_Time,GP_Entire_MAE,GP_Entire_RMSE,GP_Entire_MAD,GP_Cluster_Time_Avg,GP_Cluster_MAE_Avg,GP_Cluster_RMSE_Avg,GP_Cluster_MAD_Avg,GP_Euc_Time_Avg,GP_Euc_MAE_Avg,GP_Euc_RMSE_Avg,GP_Euc_MAD_Avg,GB_Entire_Time,GB_Entire_MAE,GB_Entire_RMSE,GB_Entire_MAD,GB_Cluster_Time_Avg,GB_Cluster_MAE_Avg,GB_Cluster_RMSE_Avg,GB_Cluster_MAD_Avg,GB_Euc_Time_Avg,GB_Euc_MAE_Avg,GB_Euc_RMSE_Avg,GB_Euc_MAD_Avg
10000,1,0.5,2.0,3,0.001094818115234375,0.06792803101151079,0.3219772320780228,0.0359716131146422,0.0007548332214355469,0.10459181098954956,0.31005149304748375,0.06034384991628314,0.0006738503774007162,0.1339008915097624,0.3611311607589738,0.0870481855744885,2.4377689361572266,0.047105644829188505,0.23153080813239227,0.018340144545841652,0.7686537901560465,0.08990153011673126,0.26753845245605434,0.04295737474698511,0.763639767964681,0.09021859171145663,0.3356297625565133,0.03940391145507725,2.714891195297241,0.0736529308703066,0.2764027483288285,0.028186025001032587,0.5647219816843668,0.10178990968715862,0.27481897023121543,0.05045212042179489,0.5234982967376709,0.12143597345153977,0.34207240890605467,0.05657126857282687,12.795983791351318,0.07154077,0.259266,0.02538693,2.058960755666097,0.081966035,0.22772126,0.038146734,1.8696620464324951,0.0909367,0.33336708,0.034757853,0.8863182067871094,0.04869517998452932,0.23671588517407902,0.023290466776537094,0.2962796688079834,0.0866665773976178,0.2872134853259922,0.044871907467953887,0.29475943247477215,0.08561899663313227,0.32684727821202125,0.042101294056144704
