N,Norm,Lambda,Gamma,K,LR_Entire_Time,LR_Entire_MAE,LR_Entire_RMSE,LR_Entire_MAD,LR_Cluster_Time_Avg,LR_Cluster_MAE_Avg,LR_Cluster_RMSE_Avg,LR_Cluster_MAD_Avg,LR_Euc_Time_Avg,LR_Euc_MAE_Avg,LR_Euc_RMSE_Avg,LR_Euc_MAD_Avg,RF_Entire_Time,RF_Entire_MAE,RF_Entire_RMSE,RF_Entire_MAD,RF_Cluster_Time_Avg,RF_Cluster_MAE_Avg,RF_Cluster_RMSE_Avg,RF_Cluster_MAD_Avg,RF_Euc_Time_Avg,RF_Euc_MAE_Avg,RF_Euc_RMSE_Avg,RF_Euc_MAD_Avg,NN_Entire_Time,NN_Entire_MAE,NN_Entire_RMSE,NN_Entire_MAD,NN_Cluster_Time_Avg,NN_Cluster_MAE_Avg,NN_Cluster_RMSE_Avg,NN_Cluster_MAD_Avg,NN_Euc_Time_Avg,NN_Euc_MAE_Avg,NN_Euc_RMSE_Avg,NN_Euc_MAD_Avg,GP_Entire_Time,GP_Entire_MAE,GP_Entire_RMSE,GP_Entire_MAD,GP_Cluster_Time_Avg,GP_Cluster_MAE_Avg,GP_Cluster_RMSE_Avg,GP_Cluster_MAD_Avg,GP_Euc_Time_Avg,GP_Euc_MAE_Avg,GP_Euc_RMSE_Avg,GP_Euc_MAD_Avg,GB_Entire_Time,GB_Entire_MAE,GB_Entire_RMSE,GB_Entire_MAD,GB_Cluster_Time_Avg,GB_Cluster_MAE_Avg,GB_Cluster_RMSE_Avg,GB_Cluster_MAD_Avg,GB_Euc_Time_Avg,GB_Euc_MAE_Avg,GB_Euc_RMSE_Avg,GB_Euc_MAD_Avg
500,1,0.9,1.0,6,0.0004379749298095703,0.04554139396076337,0.06322217389655631,0.03166617154606036,0.0002766847610473633,0.1760974524289212,0.31830583599309886,0.1233304401198712,0.0002461671829223633,0.19921843298696848,0.25486940794286467,0.17387360374618732,0.08545088768005371,0.0355222166209833,0.05501713522400121,0.024657882664395614,0.043661157290140785,0.18533160951381875,0.28829242765355384,0.1269751603548837,0.04381453990936279,0.1635233872432257,0.22689614268776848,0.12901092349465196,0.05240297317504883,0.07371655472790076,0.09966675000076916,0.053488499821598146,0.014749765396118164,0.20612976119141216,0.38326156609348394,0.1262305563621522,0.01749710241953532,0.16913137138350723,0.23900015440077296,0.13029627989714976,0.08944988250732422,0.07147561,0.10188179,0.046482205,0.03860719998677572,0.21956277,0.3699956,0.14871815,0.035172462463378906,0.13239518,0.21830045,0.07401103,0.0358428955078125,0.032974621348621724,0.054291424419361106,0.020239565209988458,0.013914386431376139,0.1626304560041505,0.23978273668207475,0.106321911798704,0.01369492212931315,0.1409029922236246,0.22007009508058606,0.08839000054065171
