N,Norm,Lambda,Gamma,K,LR_Entire_Time,LR_Entire_MAE,LR_Entire_RMSE,LR_Entire_MAD,LR_Cluster_Time_Avg,LR_Cluster_MAE_Avg,LR_Cluster_RMSE_Avg,LR_Cluster_MAD_Avg,LR_Euc_Time_Avg,LR_Euc_MAE_Avg,LR_Euc_RMSE_Avg,LR_Euc_MAD_Avg,RF_Entire_Time,RF_Entire_MAE,RF_Entire_RMSE,RF_Entire_MAD,RF_Cluster_Time_Avg,RF_Cluster_MAE_Avg,RF_Cluster_RMSE_Avg,RF_Cluster_MAD_Avg,RF_Euc_Time_Avg,RF_Euc_MAE_Avg,RF_Euc_RMSE_Avg,RF_Euc_MAD_Avg,NN_Entire_Time,NN_Entire_MAE,NN_Entire_RMSE,NN_Entire_MAD,NN_Cluster_Time_Avg,NN_Cluster_MAE_Avg,NN_Cluster_RMSE_Avg,NN_Cluster_MAD_Avg,NN_Euc_Time_Avg,NN_Euc_MAE_Avg,NN_Euc_RMSE_Avg,NN_Euc_MAD_Avg,GB_Entire_Time,GB_Entire_MAE,GB_Entire_RMSE,GB_Entire_MAD,GB_Cluster_Time_Avg,GB_Cluster_MAE_Avg,GB_Cluster_RMSE_Avg,GB_Cluster_MAD_Avg,GB_Euc_Time_Avg,GB_Euc_MAE_Avg,GB_Euc_RMSE_Avg,GB_Euc_MAD_Avg
100000,2,0.9,1.0,3,0.006346940994262695,0.0643103041422581,0.30043950634238437,0.03601264487927863,0.0023229122161865234,0.09465387088189753,0.30150522372655003,0.060083243941045715,0.002863645553588867,0.13700685445944463,0.42404110391471833,0.08132741789522079,25.379148960113525,0.03983657115571484,0.19263548143927767,0.0149216878668319,7.846814314524333,0.07271294410521868,0.2504561447520676,0.0347565441890143,7.599273602167766,0.08412239000775051,0.33822892872752286,0.03285963680859319,13.664878845214844,0.044909004428277305,0.19399620028223327,0.018859409103952948,2.4259024461110434,0.06605225945964305,0.23364475096817397,0.031792945896336994,2.717282772064209,0.08263383062808613,0.32823351164563846,0.03523770972363297,6.68035101890564,0.043871022778308955,0.1907168196970799,0.02157238360005602,2.148808002471924,0.07332200981336867,0.24423932933845607,0.041872826496317704,2.162959655125936,0.0842165136109419,0.3296338254323711,0.04067719294935006
