N,Norm,Lambda,Gamma,K,LR_Entire_Time,LR_Entire_MAE,LR_Entire_RMSE,LR_Entire_MAD,LR_Cluster_Time_Avg,LR_Cluster_MAE_Avg,LR_Cluster_RMSE_Avg,LR_Cluster_MAD_Avg,LR_Euc_Time_Avg,LR_Euc_MAE_Avg,LR_Euc_RMSE_Avg,LR_Euc_MAD_Avg,RF_Entire_Time,RF_Entire_MAE,RF_Entire_RMSE,RF_Entire_MAD,RF_Cluster_Time_Avg,RF_Cluster_MAE_Avg,RF_Cluster_RMSE_Avg,RF_Cluster_MAD_Avg,RF_Euc_Time_Avg,RF_Euc_MAE_Avg,RF_Euc_RMSE_Avg,RF_Euc_MAD_Avg,NN_Entire_Time,NN_Entire_MAE,NN_Entire_RMSE,NN_Entire_MAD,NN_Cluster_Time_Avg,NN_Cluster_MAE_Avg,NN_Cluster_RMSE_Avg,NN_Cluster_MAD_Avg,NN_Euc_Time_Avg,NN_Euc_MAE_Avg,NN_Euc_RMSE_Avg,NN_Euc_MAD_Avg,GP_Entire_Time,GP_Entire_MAE,GP_Entire_RMSE,GP_Entire_MAD,GP_Cluster_Time_Avg,GP_Cluster_MAE_Avg,GP_Cluster_RMSE_Avg,GP_Cluster_MAD_Avg,GP_Euc_Time_Avg,GP_Euc_MAE_Avg,GP_Euc_RMSE_Avg,GP_Euc_MAD_Avg,GB_Entire_Time,GB_Entire_MAE,GB_Entire_RMSE,GB_Entire_MAD,GB_Cluster_Time_Avg,GB_Cluster_MAE_Avg,GB_Cluster_RMSE_Avg,GB_Cluster_MAD_Avg,GB_Euc_Time_Avg,GB_Euc_MAE_Avg,GB_Euc_RMSE_Avg,GB_Euc_MAD_Avg
10000,2,0.5,1.0,4,0.000946044921875,0.06792803101151079,0.3219772320780228,0.0359716131146422,0.0004407167434692383,0.11715966440717737,0.28872499929154555,0.08006792390960274,0.0003712773323059082,0.1527846860515306,0.3747429160175923,0.0943320350517892,1.7019989490509033,0.04702368369495788,0.2362342169224082,0.018150169130991323,0.4079764485359192,0.10582300078707423,0.27620396403057046,0.059200148242774295,0.3878885507583618,0.10997626907729266,0.34827204814511253,0.051317064887217136,1.34672212600708,0.0764392970893439,0.28938923209887357,0.03417547271021337,0.31375521421432495,0.10675815581441339,0.27235746990054865,0.05965359718982636,0.22319281101226807,0.12745232994099492,0.34855462674148135,0.055464050089477815,9.658963918685913,0.06941251,0.26000348,0.021280706,0.9030857086181641,0.09489362,0.2642704,0.050468665,1.0695669651031494,0.10137526,0.3347565,0.041551765,0.6346609592437744,0.04870769391602807,0.23676641098556767,0.023290466776537067,0.16291779279708862,0.0977157811295152,0.26197368242327723,0.06093382746911417,0.16770178079605103,0.10538946967016599,0.35834763715135465,0.04929462430843733
