N,Norm,Lambda,Gamma,K,LR_Entire_Time,LR_Entire_MAE,LR_Entire_RMSE,LR_Entire_MAD,LR_Cluster_Time_Avg,LR_Cluster_MAE_Avg,LR_Cluster_RMSE_Avg,LR_Cluster_MAD_Avg,LR_Euc_Time_Avg,LR_Euc_MAE_Avg,LR_Euc_RMSE_Avg,LR_Euc_MAD_Avg,RF_Entire_Time,RF_Entire_MAE,RF_Entire_RMSE,RF_Entire_MAD,RF_Cluster_Time_Avg,RF_Cluster_MAE_Avg,RF_Cluster_RMSE_Avg,RF_Cluster_MAD_Avg,RF_Euc_Time_Avg,RF_Euc_MAE_Avg,RF_Euc_RMSE_Avg,RF_Euc_MAD_Avg,NN_Entire_Time,NN_Entire_MAE,NN_Entire_RMSE,NN_Entire_MAD,NN_Cluster_Time_Avg,NN_Cluster_MAE_Avg,NN_Cluster_RMSE_Avg,NN_Cluster_MAD_Avg,NN_Euc_Time_Avg,NN_Euc_MAE_Avg,NN_Euc_RMSE_Avg,NN_Euc_MAD_Avg,GP_Entire_Time,GP_Entire_MAE,GP_Entire_RMSE,GP_Entire_MAD,GP_Cluster_Time_Avg,GP_Cluster_MAE_Avg,GP_Cluster_RMSE_Avg,GP_Cluster_MAD_Avg,GP_Euc_Time_Avg,GP_Euc_MAE_Avg,GP_Euc_RMSE_Avg,GP_Euc_MAD_Avg,GB_Entire_Time,GB_Entire_MAE,GB_Entire_RMSE,GB_Entire_MAD,GB_Cluster_Time_Avg,GB_Cluster_MAE_Avg,GB_Cluster_RMSE_Avg,GB_Cluster_MAD_Avg,GB_Euc_Time_Avg,GB_Euc_MAE_Avg,GB_Euc_RMSE_Avg,GB_Euc_MAD_Avg
10000,1,0.5,2.0,7,0.0014679431915283203,0.06792803101151079,0.3219772320780228,0.0359716131146422,0.0004551410675048828,0.16418508739321033,0.28143378403253466,0.12680641412717084,0.0004852839878627232,0.2171414784446725,0.402775286262579,0.15111334666271622,2.5331900119781494,0.04626113440697054,0.2323051081659013,0.01794324626906177,0.3236806392669678,0.15416908553394001,0.2843823955841799,0.09637657784037341,0.31860852241516113,0.18353771037714436,0.4136305931994432,0.09144119691082227,1.7787349224090576,0.07548522501556966,0.2913361199822745,0.02909832843217014,0.25570859227861675,0.14040798735697346,0.2550846619505301,0.09189762350271383,0.22746242795671737,0.17118044375900773,0.36667741402649884,0.08654596486510592,12.578418254852295,0.06994591,0.25840187,0.022524,0.43784332275390625,0.13488178,0.24887332,0.087762766,0.4439351558685303,0.16156642,0.36553827,0.07918893,0.8964049816131592,0.048708590152695845,0.23712899858619335,0.02329046677653715,0.13385156222752162,0.14190425598290038,0.27449664533950274,0.09156460600367552,0.13222340175083705,0.1749509583386735,0.41129660583568806,0.09135453603448815
