N,Norm,Lambda,Gamma,K,LR_Entire_Time,LR_Entire_MAE,LR_Entire_RMSE,LR_Entire_MAD,LR_Cluster_Time_Avg,LR_Cluster_MAE_Avg,LR_Cluster_RMSE_Avg,LR_Cluster_MAD_Avg,LR_Euc_Time_Avg,LR_Euc_MAE_Avg,LR_Euc_RMSE_Avg,LR_Euc_MAD_Avg,RF_Entire_Time,RF_Entire_MAE,RF_Entire_RMSE,RF_Entire_MAD,RF_Cluster_Time_Avg,RF_Cluster_MAE_Avg,RF_Cluster_RMSE_Avg,RF_Cluster_MAD_Avg,RF_Euc_Time_Avg,RF_Euc_MAE_Avg,RF_Euc_RMSE_Avg,RF_Euc_MAD_Avg,NN_Entire_Time,NN_Entire_MAE,NN_Entire_RMSE,NN_Entire_MAD,NN_Cluster_Time_Avg,NN_Cluster_MAE_Avg,NN_Cluster_RMSE_Avg,NN_Cluster_MAD_Avg,NN_Euc_Time_Avg,NN_Euc_MAE_Avg,NN_Euc_RMSE_Avg,NN_Euc_MAD_Avg,GP_Entire_Time,GP_Entire_MAE,GP_Entire_RMSE,GP_Entire_MAD,GP_Cluster_Time_Avg,GP_Cluster_MAE_Avg,GP_Cluster_RMSE_Avg,GP_Cluster_MAD_Avg,GP_Euc_Time_Avg,GP_Euc_MAE_Avg,GP_Euc_RMSE_Avg,GP_Euc_MAD_Avg,GB_Entire_Time,GB_Entire_MAE,GB_Entire_RMSE,GB_Entire_MAD,GB_Cluster_Time_Avg,GB_Cluster_MAE_Avg,GB_Cluster_RMSE_Avg,GB_Cluster_MAD_Avg,GB_Euc_Time_Avg,GB_Euc_MAE_Avg,GB_Euc_RMSE_Avg,GB_Euc_MAD_Avg
500,1,0.5,2.0,5,0.0003781318664550781,0.04554139396076337,0.06322217389655631,0.03166617154606036,0.0003806114196777344,0.2836211971336922,0.39273535441209645,0.2678250448213969,0.00032520294189453125,0.19080010923943722,0.2665041350634091,0.15492469542293597,0.08389902114868164,0.0358016062465149,0.05675079314779634,0.022738838134458594,0.044752979278564455,0.2338251963703263,0.3288232089932715,0.18338349069057575,0.04479260444641113,0.1222063901064647,0.20051277740877965,0.07160443818020197,0.05238509178161621,0.08564498289515587,0.1158341678270181,0.06736729368285789,0.015525436401367188,0.17914321495251812,0.2706302112308117,0.11733758216921789,0.019932365417480467,0.17373966307289618,0.2623636268690814,0.11803821042676729,0.08415102958679199,0.07147561,0.10188179,0.046482205,0.03880400657653808,0.13953441,0.20892927,0.09499812,0.03584198951721192,0.14958923,0.27006802,0.09142039,0.03745722770690918,0.033099420607307646,0.05437827061404988,0.020239565209988486,0.014563989639282227,0.1383117594747557,0.215277791466218,0.08521253682472364,0.014536380767822266,0.11456032951206599,0.17857611576317262,0.06369521000739897
