N,Norm,Lambda,Gamma,K,LR_Entire_Time,LR_Entire_MAE,LR_Entire_RMSE,LR_Entire_MAD,LR_Cluster_Time_Avg,LR_Cluster_MAE_Avg,LR_Cluster_RMSE_Avg,LR_Cluster_MAD_Avg,LR_Euc_Time_Avg,LR_Euc_MAE_Avg,LR_Euc_RMSE_Avg,LR_Euc_MAD_Avg,RF_Entire_Time,RF_Entire_MAE,RF_Entire_RMSE,RF_Entire_MAD,RF_Cluster_Time_Avg,RF_Cluster_MAE_Avg,RF_Cluster_RMSE_Avg,RF_Cluster_MAD_Avg,RF_Euc_Time_Avg,RF_Euc_MAE_Avg,RF_Euc_RMSE_Avg,RF_Euc_MAD_Avg,NN_Entire_Time,NN_Entire_MAE,NN_Entire_RMSE,NN_Entire_MAD,NN_Cluster_Time_Avg,NN_Cluster_MAE_Avg,NN_Cluster_RMSE_Avg,NN_Cluster_MAD_Avg,NN_Euc_Time_Avg,NN_Euc_MAE_Avg,NN_Euc_RMSE_Avg,NN_Euc_MAD_Avg,GP_Entire_Time,GP_Entire_MAE,GP_Entire_RMSE,GP_Entire_MAD,GP_Cluster_Time_Avg,GP_Cluster_MAE_Avg,GP_Cluster_RMSE_Avg,GP_Cluster_MAD_Avg,GP_Euc_Time_Avg,GP_Euc_MAE_Avg,GP_Euc_RMSE_Avg,GP_Euc_MAD_Avg,GB_Entire_Time,GB_Entire_MAE,GB_Entire_RMSE,GB_Entire_MAD,GB_Cluster_Time_Avg,GB_Cluster_MAE_Avg,GB_Cluster_RMSE_Avg,GB_Cluster_MAD_Avg,GB_Euc_Time_Avg,GB_Euc_MAE_Avg,GB_Euc_RMSE_Avg,GB_Euc_MAD_Avg
1000,2,0.9,2.0,5,0.0003681182861328125,0.03174555839505721,0.043465480669550194,0.023354845822268516,0.0002846240997314453,0.39587051380361865,0.4828784659690985,0.38667956454285063,0.0002480983734130859,0.20597234765336023,0.4975401491650316,0.11041285893666823,0.15047192573547363,0.02693685828722268,0.03610100258030143,0.02156530211279973,0.05367593765258789,0.21086659040993044,0.29080333765430977,0.1559096007334814,0.05326733589172363,0.13783222706751969,0.24748232646180873,0.09264902921718701,0.060878753662109375,0.05329768178118927,0.07485851273510923,0.038404030191085764,0.02659153938293457,0.2111637269844088,0.28712152991724993,0.15070881901144878,0.025830841064453124,0.22594228309200504,0.47914372272794836,0.115218026723799,0.19664931297302246,0.047523502,0.08538143,0.030398354,0.052636241912841795,0.18008465,0.25275615,0.11172855,0.04656667709350586,0.22937259,0.5676478,0.12303834,0.06324410438537598,0.02300166226358054,0.029844359235743287,0.01989618115551464,0.019853639602661132,0.14961044618079622,0.22300707613980336,0.11201932021596965,0.020270729064941408,0.1080986610755843,0.15268185463204947,0.07184002790972503
