N,Norm,Lambda,Gamma,K,LR_Entire_Time,LR_Entire_MAE,LR_Entire_RMSE,LR_Entire_MAD,LR_Cluster_Time_Avg,LR_Cluster_MAE_Avg,LR_Cluster_RMSE_Avg,LR_Cluster_MAD_Avg,LR_Cluster_MAE_Median,LR_Cluster_RMSE_Median,LR_Cluster_MAD_Median,RF_Entire_Time,RF_Entire_MAE,RF_Entire_RMSE,RF_Entire_MAD,RF_Cluster_Time_Avg,RF_Cluster_MAE_Avg,RF_Cluster_RMSE_Avg,RF_Cluster_MAD_Avg,RF_Cluster_MAE_Median,RF_Cluster_RMSE_Median,RF_Cluster_MAD_Median,NN_Entire_Time,NN_Entire_MAE,NN_Entire_RMSE,NN_Entire_MAD,NN_Cluster_Time_Avg,NN_Cluster_MAE_Avg,NN_Cluster_RMSE_Avg,NN_Cluster_MAD_Avg,NN_Cluster_MAE_Median,NN_Cluster_RMSE_Median,NN_Cluster_MAD_Median,GP_Entire_Time,GP_Entire_MAE,GP_Entire_RMSE,GP_Entire_MAD,GP_Cluster_Time_Avg,GP_Cluster_MAE_Avg,GP_Cluster_RMSE_Avg,GP_Cluster_MAD_Avg,GP_Cluster_MAE_Median,GP_Cluster_RMSE_Median,GP_Cluster_MAD_Median,GB_Entire_Time,GB_Entire_MAE,GB_Entire_RMSE,GB_Entire_MAD,GB_Cluster_Time_Avg,GB_Cluster_MAE_Avg,GB_Cluster_RMSE_Avg,GB_Cluster_MAD_Avg,GB_Cluster_MAE_Median,GB_Cluster_RMSE_Median,GB_Cluster_MAD_Median
10000,2,0.1,0.5,6,0.0010840892791748047,0.0711493164406142,0.34865177023578486,0.037222118158097006,0.0007989803949991862,0.07178530826544921,0.24449379395469328,0.04584471783731625,0.07210657745978806,0.20267550696254216,0.038125615105081265,1.5961830615997314,0.04298055256086983,0.21351398001366395,0.01711208001111153,0.216920534769694,0.05105452451477511,0.2327469738062344,0.017595718011834603,0.04509152081258037,0.21452254622969202,0.017398974773869702,2.0518031120300293,0.07289142188034008,0.28675136138455826,0.029402384681446972,0.23589209715525308,0.07458486975420002,0.26616721139160987,0.027299277279522267,0.0754521264365378,0.2525487779004435,0.027471420995431955,9.754438161849976,0.06289216,0.25462773,0.02356432,0.651131272315979,0.07828333,0.2750099,0.0229898,0.07924354076385498,0.2744494080543518,0.020879872143268585,0.5897448062896729,0.04603439994204962,0.19536686195070627,0.02291651168796982,0.09113935629526775,0.0524692860020143,0.2618268573876808,0.019406599608041843,0.04521857047537993,0.21823867395060892,0.019556214746210825
