N,Norm,Lambda,Gamma,K,LR_Entire_Time,LR_Entire_MAE,LR_Entire_RMSE,LR_Entire_MAD,LR_Cluster_Time_Avg,LR_Cluster_MAE_Avg,LR_Cluster_RMSE_Avg,LR_Cluster_MAD_Avg,LR_Euc_Time_Avg,LR_Euc_MAE_Avg,LR_Euc_RMSE_Avg,LR_Euc_MAD_Avg,RF_Entire_Time,RF_Entire_MAE,RF_Entire_RMSE,RF_Entire_MAD,RF_Cluster_Time_Avg,RF_Cluster_MAE_Avg,RF_Cluster_RMSE_Avg,RF_Cluster_MAD_Avg,RF_Euc_Time_Avg,RF_Euc_MAE_Avg,RF_Euc_RMSE_Avg,RF_Euc_MAD_Avg,NN_Entire_Time,NN_Entire_MAE,NN_Entire_RMSE,NN_Entire_MAD,NN_Cluster_Time_Avg,NN_Cluster_MAE_Avg,NN_Cluster_RMSE_Avg,NN_Cluster_MAD_Avg,NN_Euc_Time_Avg,NN_Euc_MAE_Avg,NN_Euc_RMSE_Avg,NN_Euc_MAD_Avg,GB_Entire_Time,GB_Entire_MAE,GB_Entire_RMSE,GB_Entire_MAD,GB_Cluster_Time_Avg,GB_Cluster_MAE_Avg,GB_Cluster_RMSE_Avg,GB_Cluster_MAD_Avg,GB_Euc_Time_Avg,GB_Euc_MAE_Avg,GB_Euc_RMSE_Avg,GB_Euc_MAD_Avg
100000,2,0.5,0.5,4,0.006112098693847656,0.0643103041422581,0.30043950634238437,0.03601264487927863,0.0021022558212280273,0.11681389060247616,0.3342141712658276,0.07846007740743446,0.0018730759620666504,0.1551439489605722,0.4137185066125712,0.09434256602327316,25.382889986038208,0.039696475785197576,0.19057448003030913,0.015096647244122574,5.760417461395264,0.0932612337837375,0.2915767531351162,0.04743123308004221,5.599401831626892,0.09656330223291859,0.3360434447553209,0.03882269062323762,12.498015403747559,0.04179204857297231,0.19828908847462315,0.014963384308091965,2.019246220588684,0.08159285641190639,0.2698305675460781,0.04297674058970508,1.4017805457115173,0.10425776934472641,0.32476582433165585,0.050942474120349315,6.6087751388549805,0.04389044845779057,0.19126738926655254,0.021572383600056005,1.599128007888794,0.09165009567808428,0.28005672819278765,0.054864423006837165,1.601296842098236,0.09736972645264277,0.33280189167450264,0.046588976904552715
