N,Norm,Lambda,Gamma,K,LR_Entire_Time,LR_Entire_MAE,LR_Entire_RMSE,LR_Entire_MAD,LR_Cluster_Time_Avg,LR_Cluster_MAE_Avg,LR_Cluster_RMSE_Avg,LR_Cluster_MAD_Avg,LR_Euc_Time_Avg,LR_Euc_MAE_Avg,LR_Euc_RMSE_Avg,LR_Euc_MAD_Avg,RF_Entire_Time,RF_Entire_MAE,RF_Entire_RMSE,RF_Entire_MAD,RF_Cluster_Time_Avg,RF_Cluster_MAE_Avg,RF_Cluster_RMSE_Avg,RF_Cluster_MAD_Avg,RF_Euc_Time_Avg,RF_Euc_MAE_Avg,RF_Euc_RMSE_Avg,RF_Euc_MAD_Avg,NN_Entire_Time,NN_Entire_MAE,NN_Entire_RMSE,NN_Entire_MAD,NN_Cluster_Time_Avg,NN_Cluster_MAE_Avg,NN_Cluster_RMSE_Avg,NN_Cluster_MAD_Avg,NN_Euc_Time_Avg,NN_Euc_MAE_Avg,NN_Euc_RMSE_Avg,NN_Euc_MAD_Avg,GP_Entire_Time,GP_Entire_MAE,GP_Entire_RMSE,GP_Entire_MAD,GP_Cluster_Time_Avg,GP_Cluster_MAE_Avg,GP_Cluster_RMSE_Avg,GP_Cluster_MAD_Avg,GP_Euc_Time_Avg,GP_Euc_MAE_Avg,GP_Euc_RMSE_Avg,GP_Euc_MAD_Avg,GB_Entire_Time,GB_Entire_MAE,GB_Entire_RMSE,GB_Entire_MAD,GB_Cluster_Time_Avg,GB_Cluster_MAE_Avg,GB_Cluster_RMSE_Avg,GB_Cluster_MAD_Avg,GB_Euc_Time_Avg,GB_Euc_MAE_Avg,GB_Euc_RMSE_Avg,GB_Euc_MAD_Avg
100,1,0.5,1.0,6,0.0002837181091308594,0.19598571368711998,0.2658167496676893,0.12690348231686688,0.0002758502960205078,0.4626228328241404,0.5355071554047552,0.41513809234109195,0.0003122886021931966,0.4626228328241404,0.5355071554047552,0.41513809234109195,0.044816017150878906,0.03705859952495897,0.04424710636789535,0.036093630689714606,0.03969113032023112,0.35051872043595744,0.40023882526003546,0.327874571681301,0.03903536001841227,0.34066994505657644,0.37694954365605343,0.32302078779896837,0.02452397346496582,0.28657742756613563,0.45957220815374933,0.10505211157905418,0.008902668952941895,0.4249290089661488,0.4929632971472157,0.42680088361760876,0.008423725763956705,0.5651280944132205,0.6323879408234966,0.5761457680831623,0.0362701416015625,0.14043128,0.21644284,0.062149398,0.030498822530110676,0.34983072,0.41411725,0.3093361,0.02854319413503011,0.34983072,0.41411725,0.3093361,0.014868974685668945,0.0350901773568683,0.04750040454784625,0.02389865190063803,0.010707497596740723,0.33933748998780056,0.39741379187794207,0.32189507579237725,0.010152657826741537,0.3159789823031785,0.36000632958760675,0.33312528478077114
