N,Norm,Lambda,Gamma,K,LR_Entire_Time,LR_Entire_MAE,LR_Entire_RMSE,LR_Entire_MAD,LR_Cluster_Time_Avg,LR_Cluster_MAE_Avg,LR_Cluster_RMSE_Avg,LR_Cluster_MAD_Avg,LR_Euc_Time_Avg,LR_Euc_MAE_Avg,LR_Euc_RMSE_Avg,LR_Euc_MAD_Avg,RF_Entire_Time,RF_Entire_MAE,RF_Entire_RMSE,RF_Entire_MAD,RF_Cluster_Time_Avg,RF_Cluster_MAE_Avg,RF_Cluster_RMSE_Avg,RF_Cluster_MAD_Avg,RF_Euc_Time_Avg,RF_Euc_MAE_Avg,RF_Euc_RMSE_Avg,RF_Euc_MAD_Avg,NN_Entire_Time,NN_Entire_MAE,NN_Entire_RMSE,NN_Entire_MAD,NN_Cluster_Time_Avg,NN_Cluster_MAE_Avg,NN_Cluster_RMSE_Avg,NN_Cluster_MAD_Avg,NN_Euc_Time_Avg,NN_Euc_MAE_Avg,NN_Euc_RMSE_Avg,NN_Euc_MAD_Avg,GP_Entire_Time,GP_Entire_MAE,GP_Entire_RMSE,GP_Entire_MAD,GP_Cluster_Time_Avg,GP_Cluster_MAE_Avg,GP_Cluster_RMSE_Avg,GP_Cluster_MAD_Avg,GP_Euc_Time_Avg,GP_Euc_MAE_Avg,GP_Euc_RMSE_Avg,GP_Euc_MAD_Avg,GB_Entire_Time,GB_Entire_MAE,GB_Entire_RMSE,GB_Entire_MAD,GB_Cluster_Time_Avg,GB_Cluster_MAE_Avg,GB_Cluster_RMSE_Avg,GB_Cluster_MAD_Avg,GB_Euc_Time_Avg,GB_Euc_MAE_Avg,GB_Euc_RMSE_Avg,GB_Euc_MAD_Avg
5000,2,0.5,2.0,4,0.0007860660552978516,0.06606716257040125,0.2627241057286416,0.044473382092633296,0.00034749507904052734,0.1315942780558317,0.37017842407047036,0.07823408172238662,0.0004050135612487793,0.18254281304083378,0.5535900442820251,0.10327444653981978,0.7799749374389648,0.04264083904638393,0.19618487781479216,0.020288199356860874,0.19731825590133667,0.13430402465479654,0.4001536208267576,0.0647533587651229,0.19041681289672852,0.14135355571652986,0.5273882836655769,0.05116544868518492,0.6555662155151367,0.07915855741711553,0.2498178369313495,0.04638854500480513,0.21804451942443848,0.12773074902190332,0.3552463157409788,0.06418269144387995,0.15112143754959106,0.16127167506471132,0.5261883792170688,0.06673208044975543,2.7423861026763916,0.07334316,0.2450436,0.027166963,0.280106782913208,0.12396698,0.339946,0.059893526,0.2722572088241577,0.1515058,0.56822884,0.047083057,0.3064091205596924,0.043927669019866146,0.19043302331029313,0.024468698072139722,0.08041417598724365,0.12612372722385615,0.409660551930327,0.06257584715519046,0.08010578155517578,0.1298496536875437,0.5141382921807318,0.04814177261346285
