N,Norm,Lambda,Gamma,K,LR_Entire_Time,LR_Entire_MAE,LR_Entire_RMSE,LR_Entire_MAD,LR_Cluster_Time_Avg,LR_Cluster_MAE_Avg,LR_Cluster_RMSE_Avg,LR_Cluster_MAD_Avg,LR_Euc_Time_Avg,LR_Euc_MAE_Avg,LR_Euc_RMSE_Avg,LR_Euc_MAD_Avg,RF_Entire_Time,RF_Entire_MAE,RF_Entire_RMSE,RF_Entire_MAD,RF_Cluster_Time_Avg,RF_Cluster_MAE_Avg,RF_Cluster_RMSE_Avg,RF_Cluster_MAD_Avg,RF_Euc_Time_Avg,RF_Euc_MAE_Avg,RF_Euc_RMSE_Avg,RF_Euc_MAD_Avg,NN_Entire_Time,NN_Entire_MAE,NN_Entire_RMSE,NN_Entire_MAD,NN_Cluster_Time_Avg,NN_Cluster_MAE_Avg,NN_Cluster_RMSE_Avg,NN_Cluster_MAD_Avg,NN_Euc_Time_Avg,NN_Euc_MAE_Avg,NN_Euc_RMSE_Avg,NN_Euc_MAD_Avg,GB_Entire_Time,GB_Entire_MAE,GB_Entire_RMSE,GB_Entire_MAD,GB_Cluster_Time_Avg,GB_Cluster_MAE_Avg,GB_Cluster_RMSE_Avg,GB_Cluster_MAD_Avg,GB_Euc_Time_Avg,GB_Euc_MAE_Avg,GB_Euc_RMSE_Avg,GB_Euc_MAD_Avg
50000,1,0.5,2.0,4,0.0034279823303222656,0.06625561675942009,0.3233405659660932,0.03390383380555034,0.0011362433433532715,0.11808091399843576,0.3161499872057069,0.0797465410162005,0.0012059807777404785,0.15681437021266262,0.40509421674927343,0.09586607981260689,11.294831037521362,0.042695000296078096,0.21543082960566337,0.015847067569259465,2.5305896997451782,0.09710857315153584,0.28298283307709177,0.049187766204017984,2.509917199611664,0.09894861050513817,0.3396481843565857,0.040074470116920835,8.261868000030518,0.053431092897500684,0.23184692488949635,0.02180000016815123,1.4631196856498718,0.0925971256270913,0.26536149947976423,0.046414471131371204,0.9810839295387268,0.09635655204971247,0.31463971251443645,0.04219885894480085,3.2270162105560303,0.048108890112262215,0.220429675466266,0.022824623588756338,0.8147009611129761,0.09528595864857783,0.2732260560870191,0.05620580403258003,0.7936406135559082,0.0990259788002275,0.33339573310575876,0.04656650408528118
