N,Norm,Lambda,Gamma,K,LR_Entire_Time,LR_Entire_MAE,LR_Entire_RMSE,LR_Entire_MAD,LR_Cluster_Time_Avg,LR_Cluster_MAE_Avg,LR_Cluster_RMSE_Avg,LR_Cluster_MAD_Avg,LR_Euc_Time_Avg,LR_Euc_MAE_Avg,LR_Euc_RMSE_Avg,LR_Euc_MAD_Avg,RF_Entire_Time,RF_Entire_MAE,RF_Entire_RMSE,RF_Entire_MAD,RF_Cluster_Time_Avg,RF_Cluster_MAE_Avg,RF_Cluster_RMSE_Avg,RF_Cluster_MAD_Avg,RF_Euc_Time_Avg,RF_Euc_MAE_Avg,RF_Euc_RMSE_Avg,RF_Euc_MAD_Avg,NN_Entire_Time,NN_Entire_MAE,NN_Entire_RMSE,NN_Entire_MAD,NN_Cluster_Time_Avg,NN_Cluster_MAE_Avg,NN_Cluster_RMSE_Avg,NN_Cluster_MAD_Avg,NN_Euc_Time_Avg,NN_Euc_MAE_Avg,NN_Euc_RMSE_Avg,NN_Euc_MAD_Avg,GP_Entire_Time,GP_Entire_MAE,GP_Entire_RMSE,GP_Entire_MAD,GP_Cluster_Time_Avg,GP_Cluster_MAE_Avg,GP_Cluster_RMSE_Avg,GP_Cluster_MAD_Avg,GP_Euc_Time_Avg,GP_Euc_MAE_Avg,GP_Euc_RMSE_Avg,GP_Euc_MAD_Avg,GB_Entire_Time,GB_Entire_MAE,GB_Entire_RMSE,GB_Entire_MAD,GB_Cluster_Time_Avg,GB_Cluster_MAE_Avg,GB_Cluster_RMSE_Avg,GB_Cluster_MAD_Avg,GB_Euc_Time_Avg,GB_Euc_MAE_Avg,GB_Euc_RMSE_Avg,GB_Euc_MAD_Avg
100,2,0.5,0.5,7,0.00026702880859375,0.19598571368711998,0.2658167496676893,0.12690348231686688,0.00028835024152483257,0.8051280140671405,0.8813763482494312,0.782391666866949,0.00026927675519670757,3.464056694251362,4.825607233579463,3.458347885607932,0.04674100875854492,0.03466373447020014,0.042459149046347205,0.02800353121521537,0.03886689458574567,0.37550433167220637,0.43559417942265116,0.3476331823974898,0.03849628993443081,3.4426990238127937,4.706348858544925,3.455352586851274,0.025264978408813477,0.21578936706697935,0.2968206551031109,0.13494266592525048,0.011029311588832311,0.43238905910166153,0.5426105726768641,0.33216365165963196,0.009482315608433314,3.6504038194762285,4.96922795647245,3.6313902072890882,0.037255048751831055,0.14043128,0.21644284,0.062149398,0.02986444745744978,0.47487572,0.59043974,0.37599114,0.028429746627807617,3.3999727,4.7306705,3.366795,0.01477503776550293,0.03519544365051697,0.04785339475550626,0.023898651900638,0.0103628294808524,0.3693185139031812,0.4329868000063987,0.39598722968487815,0.010404416493007116,3.355998340149135,4.613196862975966,3.391423041750327
