N,Norm,Lambda,Gamma,K,LR_Entire_Time,LR_Entire_MAE,LR_Entire_RMSE,LR_Entire_MAD,LR_Cluster_Time_Avg,LR_Cluster_MAE_Avg,LR_Cluster_RMSE_Avg,LR_Cluster_MAD_Avg,LR_Euc_Time_Avg,LR_Euc_MAE_Avg,LR_Euc_RMSE_Avg,LR_Euc_MAD_Avg,RF_Entire_Time,RF_Entire_MAE,RF_Entire_RMSE,RF_Entire_MAD,RF_Cluster_Time_Avg,RF_Cluster_MAE_Avg,RF_Cluster_RMSE_Avg,RF_Cluster_MAD_Avg,RF_Euc_Time_Avg,RF_Euc_MAE_Avg,RF_Euc_RMSE_Avg,RF_Euc_MAD_Avg,NN_Entire_Time,NN_Entire_MAE,NN_Entire_RMSE,NN_Entire_MAD,NN_Cluster_Time_Avg,NN_Cluster_MAE_Avg,NN_Cluster_RMSE_Avg,NN_Cluster_MAD_Avg,NN_Euc_Time_Avg,NN_Euc_MAE_Avg,NN_Euc_RMSE_Avg,NN_Euc_MAD_Avg,GB_Entire_Time,GB_Entire_MAE,GB_Entire_RMSE,GB_Entire_MAD,GB_Cluster_Time_Avg,GB_Cluster_MAE_Avg,GB_Cluster_RMSE_Avg,GB_Cluster_MAD_Avg,GB_Euc_Time_Avg,GB_Euc_MAE_Avg,GB_Euc_RMSE_Avg,GB_Euc_MAD_Avg
100000,1,0.1,0.5,6,0.006020069122314453,0.0643103041422581,0.30043950634238437,0.03601264487927863,0.001737674077351888,0.16887708235126483,0.42559922455295857,0.12460772115286735,0.001605669657389323,0.19833764315984814,0.4302280975120915,0.13404918249230613,25.62935709953308,0.03962812034282555,0.1889561323148812,0.015095847125019435,3.6969902515411377,0.13833176688578297,0.4012815878378823,0.07601629813253166,3.6516747872034707,0.1419916390071984,0.4109890133025369,0.06242011016651105,11.487493991851807,0.04491127403989614,0.20234139532181183,0.017607605986864616,1.4458120266596477,0.11711571738279541,0.37929106234599946,0.06567002972059978,0.9019758303960165,0.12185170127132565,0.3627864769893532,0.05894433961589863,6.667362928390503,0.04387348115540508,0.19061472526943224,0.021574883164358055,1.0738808314005535,0.13710794153477998,0.3949289518231573,0.08864378895657839,1.0711143016815186,0.13849334931452315,0.39224816162679904,0.0707701105065603
