N,Norm,Lambda,Gamma,K,LR_Entire_Time,LR_Entire_MAE,LR_Entire_RMSE,LR_Entire_MAD,LR_Cluster_Time_Avg,LR_Cluster_MAE_Avg,LR_Cluster_RMSE_Avg,LR_Cluster_MAD_Avg,LR_Euc_Time_Avg,LR_Euc_MAE_Avg,LR_Euc_RMSE_Avg,LR_Euc_MAD_Avg,RF_Entire_Time,RF_Entire_MAE,RF_Entire_RMSE,RF_Entire_MAD,RF_Cluster_Time_Avg,RF_Cluster_MAE_Avg,RF_Cluster_RMSE_Avg,RF_Cluster_MAD_Avg,RF_Euc_Time_Avg,RF_Euc_MAE_Avg,RF_Euc_RMSE_Avg,RF_Euc_MAD_Avg,NN_Entire_Time,NN_Entire_MAE,NN_Entire_RMSE,NN_Entire_MAD,NN_Cluster_Time_Avg,NN_Cluster_MAE_Avg,NN_Cluster_RMSE_Avg,NN_Cluster_MAD_Avg,NN_Euc_Time_Avg,NN_Euc_MAE_Avg,NN_Euc_RMSE_Avg,NN_Euc_MAD_Avg,GP_Entire_Time,GP_Entire_MAE,GP_Entire_RMSE,GP_Entire_MAD,GP_Cluster_Time_Avg,GP_Cluster_MAE_Avg,GP_Cluster_RMSE_Avg,GP_Cluster_MAD_Avg,GP_Euc_Time_Avg,GP_Euc_MAE_Avg,GP_Euc_RMSE_Avg,GP_Euc_MAD_Avg,GB_Entire_Time,GB_Entire_MAE,GB_Entire_RMSE,GB_Entire_MAD,GB_Cluster_Time_Avg,GB_Cluster_MAE_Avg,GB_Cluster_RMSE_Avg,GB_Cluster_MAD_Avg,GB_Euc_Time_Avg,GB_Euc_MAE_Avg,GB_Euc_RMSE_Avg,GB_Euc_MAD_Avg
1000,1,0.1,0.5,4,0.000324249267578125,0.03174555839505721,0.043465480669550194,0.023354845822268516,0.00043338537216186523,0.09382534242809296,0.13102556231420276,0.07650186720028314,0.0002917051315307617,0.11933357968464367,0.15914693815912323,0.09691046142812622,0.14159893989562988,0.02739571639902699,0.03643990198721839,0.02209188431986092,0.06025850772857666,0.09853245633833954,0.14775286586218367,0.06630483020789973,0.058327674865722656,0.0768090023537407,0.1106155611719791,0.05536170215788075,0.08112001419067383,0.049044224056977864,0.07094914261476112,0.03517406214542734,0.05153203010559082,0.11405434770232781,0.17100279246895414,0.07827904203733624,0.03534060716629028,0.13481789023142518,0.1929771078033559,0.09307722572192426,0.23529386520385742,0.047523502,0.08538143,0.030398354,0.05733746290206909,0.103373095,0.17265856,0.06926249,0.051437556743621826,0.10506934,0.17928883,0.0619057,0.06412291526794434,0.022981987868128096,0.029908180121699955,0.01989618115551467,0.02233147621154785,0.09111547579096815,0.13381696335441773,0.06297142944371356,0.022092342376708984,0.07424424909104968,0.11138418151227902,0.05213325456411302
