N,Norm,Lambda,Gamma,K,LR_Entire_Time,LR_Entire_MAE,LR_Entire_RMSE,LR_Entire_MAD,LR_Cluster_Time_Avg,LR_Cluster_MAE_Avg,LR_Cluster_RMSE_Avg,LR_Cluster_MAD_Avg,LR_Euc_Time_Avg,LR_Euc_MAE_Avg,LR_Euc_RMSE_Avg,LR_Euc_MAD_Avg,RF_Entire_Time,RF_Entire_MAE,RF_Entire_RMSE,RF_Entire_MAD,RF_Cluster_Time_Avg,RF_Cluster_MAE_Avg,RF_Cluster_RMSE_Avg,RF_Cluster_MAD_Avg,RF_Euc_Time_Avg,RF_Euc_MAE_Avg,RF_Euc_RMSE_Avg,RF_Euc_MAD_Avg,NN_Entire_Time,NN_Entire_MAE,NN_Entire_RMSE,NN_Entire_MAD,NN_Cluster_Time_Avg,NN_Cluster_MAE_Avg,NN_Cluster_RMSE_Avg,NN_Cluster_MAD_Avg,NN_Euc_Time_Avg,NN_Euc_MAE_Avg,NN_Euc_RMSE_Avg,NN_Euc_MAD_Avg,GP_Entire_Time,GP_Entire_MAE,GP_Entire_RMSE,GP_Entire_MAD,GP_Cluster_Time_Avg,GP_Cluster_MAE_Avg,GP_Cluster_RMSE_Avg,GP_Cluster_MAD_Avg,GP_Euc_Time_Avg,GP_Euc_MAE_Avg,GP_Euc_RMSE_Avg,GP_Euc_MAD_Avg,GB_Entire_Time,GB_Entire_MAE,GB_Entire_RMSE,GB_Entire_MAD,GB_Cluster_Time_Avg,GB_Cluster_MAE_Avg,GB_Cluster_RMSE_Avg,GB_Cluster_MAD_Avg,GB_Euc_Time_Avg,GB_Euc_MAE_Avg,GB_Euc_RMSE_Avg,GB_Euc_MAD_Avg
1000,1,0.9,1.0,3,0.0005750656127929688,0.03174555839505721,0.043465480669550194,0.023354845822268516,0.00044608116149902344,0.07452498042771533,0.10859604046442277,0.05252846897306126,0.0004570484161376953,0.1329384955209603,0.48559749515247447,0.06925113678467147,0.13990211486816406,0.027188165482567434,0.03550566680911839,0.022541758595254535,0.06898268063863118,0.069274030281323,0.10397218617671733,0.044819089408208335,0.06691400210062663,0.09656216923371723,0.24134463487140756,0.055311514654469186,0.05181384086608887,0.05349134146056987,0.07179233656775949,0.044431212871923295,0.0492552916208903,0.09150850229833007,0.12561286532140573,0.07186717385864402,0.06414635976155598,0.14600134120875297,0.5003310010392641,0.0690565584246683,0.18272781372070312,0.047523502,0.08538143,0.030398354,0.07062625885009766,0.09565455,0.1672859,0.052626017,0.0620886484781901,0.1241591,0.38527405,0.052032042,0.06363701820373535,0.022973775755959176,0.029856877607600068,0.01989618115551442,0.027143319447835285,0.06913886038498955,0.09994026492483603,0.05049329014330644,0.0266570250193278,0.07287553476650373,0.10827917657991121,0.05131419617904981
