N,Norm,Lambda,Gamma,K,LR_Entire_Time,LR_Entire_MAE,LR_Entire_RMSE,LR_Entire_MAD,LR_Cluster_Time_Avg,LR_Cluster_MAE_Avg,LR_Cluster_RMSE_Avg,LR_Cluster_MAD_Avg,LR_Euc_Time_Avg,LR_Euc_MAE_Avg,LR_Euc_RMSE_Avg,LR_Euc_MAD_Avg,RF_Entire_Time,RF_Entire_MAE,RF_Entire_RMSE,RF_Entire_MAD,RF_Cluster_Time_Avg,RF_Cluster_MAE_Avg,RF_Cluster_RMSE_Avg,RF_Cluster_MAD_Avg,RF_Euc_Time_Avg,RF_Euc_MAE_Avg,RF_Euc_RMSE_Avg,RF_Euc_MAD_Avg,NN_Entire_Time,NN_Entire_MAE,NN_Entire_RMSE,NN_Entire_MAD,NN_Cluster_Time_Avg,NN_Cluster_MAE_Avg,NN_Cluster_RMSE_Avg,NN_Cluster_MAD_Avg,NN_Euc_Time_Avg,NN_Euc_MAE_Avg,NN_Euc_RMSE_Avg,NN_Euc_MAD_Avg,GB_Entire_Time,GB_Entire_MAE,GB_Entire_RMSE,GB_Entire_MAD,GB_Cluster_Time_Avg,GB_Cluster_MAE_Avg,GB_Cluster_RMSE_Avg,GB_Cluster_MAD_Avg,GB_Euc_Time_Avg,GB_Euc_MAE_Avg,GB_Euc_RMSE_Avg,GB_Euc_MAD_Avg
50000,1,0.5,2.0,6,0.0033960342407226562,0.06625561675942009,0.3233405659660932,0.03390383380555034,0.0015241305033365886,0.17236435795491467,0.4065927267347338,0.12146521132573085,0.0006574392318725586,0.20122471643992257,0.43971392570599005,0.13565499272950057,11.21860384941101,0.042813383735514285,0.21459811171155027,0.015774633987117925,1.6033427317937214,0.1450463242875708,0.3731490777192938,0.08015735054730791,1.5855755011240642,0.1410753577211136,0.3983319724429108,0.06565522794350227,8.073798894882202,0.05789129181930064,0.23128545393614128,0.0265131292993446,0.8209869861602783,0.12589495224413802,0.35420283100578603,0.06704162723929961,0.6440316836039225,0.12413818173704431,0.37231419758278655,0.058792459095490135,3.249260902404785,0.04819057499772422,0.22134921318617928,0.022824623588756365,0.5259588956832886,0.14223270284916775,0.3685310911154996,0.08862306241345137,0.526173988978068,0.14181464535760996,0.39765202352604434,0.07460659703051915
