N,Norm,Lambda,Gamma,K,LR_Entire_Time,LR_Entire_MAE,LR_Entire_RMSE,LR_Entire_MAD,LR_Cluster_Time_Avg,LR_Cluster_MAE_Avg,LR_Cluster_RMSE_Avg,LR_Cluster_MAD_Avg,LR_Euc_Time_Avg,LR_Euc_MAE_Avg,LR_Euc_RMSE_Avg,LR_Euc_MAD_Avg,RF_Entire_Time,RF_Entire_MAE,RF_Entire_RMSE,RF_Entire_MAD,RF_Cluster_Time_Avg,RF_Cluster_MAE_Avg,RF_Cluster_RMSE_Avg,RF_Cluster_MAD_Avg,RF_Euc_Time_Avg,RF_Euc_MAE_Avg,RF_Euc_RMSE_Avg,RF_Euc_MAD_Avg,NN_Entire_Time,NN_Entire_MAE,NN_Entire_RMSE,NN_Entire_MAD,NN_Cluster_Time_Avg,NN_Cluster_MAE_Avg,NN_Cluster_RMSE_Avg,NN_Cluster_MAD_Avg,NN_Euc_Time_Avg,NN_Euc_MAE_Avg,NN_Euc_RMSE_Avg,NN_Euc_MAD_Avg,GP_Entire_Time,GP_Entire_MAE,GP_Entire_RMSE,GP_Entire_MAD,GP_Cluster_Time_Avg,GP_Cluster_MAE_Avg,GP_Cluster_RMSE_Avg,GP_Cluster_MAD_Avg,GP_Euc_Time_Avg,GP_Euc_MAE_Avg,GP_Euc_RMSE_Avg,GP_Euc_MAD_Avg,GB_Entire_Time,GB_Entire_MAE,GB_Entire_RMSE,GB_Entire_MAD,GB_Cluster_Time_Avg,GB_Cluster_MAE_Avg,GB_Cluster_RMSE_Avg,GB_Cluster_MAD_Avg,GB_Euc_Time_Avg,GB_Euc_MAE_Avg,GB_Euc_RMSE_Avg,GB_Euc_MAD_Avg
500,2,0.9,2.0,5,0.0005280971527099609,0.04554139396076337,0.06322217389655631,0.03166617154606036,0.0003710746765136719,0.2836211971336922,0.39273535441209645,0.2678250448213969,0.00032243728637695315,0.19080010923943722,0.2665041350634091,0.15492469542293597,0.0837249755859375,0.0353853956153497,0.055847896242172755,0.02431930341766199,0.046560811996459964,0.21850898197246557,0.31952317531877655,0.15456279746428866,0.04397659301757813,0.11324909904623734,0.18011305052526724,0.06539373931856973,0.04043412208557129,0.07399484699861336,0.10750562232598498,0.04947842537809514,0.016304492950439453,0.18840962184141527,0.2613698577767721,0.15578999204757735,0.020990800857543946,0.19498558278563688,0.28329561729545205,0.1407280321193019,0.08581924438476562,0.07147561,0.10188179,0.046482205,0.041230201721191406,0.13953441,0.20892927,0.09499812,0.03505749702453613,0.14958923,0.27006802,0.09142039,0.035768985748291016,0.033079022344938445,0.05434311334802642,0.020239565209988486,0.014431381225585937,0.13391214542059957,0.2051426956800285,0.08483388440864119,0.014464664459228515,0.11425899203012099,0.17833016318762818,0.06367046053690548
