N,Norm,Lambda,Gamma,K,LR_Entire_Time,LR_Entire_MAE,LR_Entire_RMSE,LR_Entire_MAD,LR_Cluster_Time_Avg,LR_Cluster_MAE_Avg,LR_Cluster_RMSE_Avg,LR_Cluster_MAD_Avg,LR_Euc_Time_Avg,LR_Euc_MAE_Avg,LR_Euc_RMSE_Avg,LR_Euc_MAD_Avg,RF_Entire_Time,RF_Entire_MAE,RF_Entire_RMSE,RF_Entire_MAD,RF_Cluster_Time_Avg,RF_Cluster_MAE_Avg,RF_Cluster_RMSE_Avg,RF_Cluster_MAD_Avg,RF_Euc_Time_Avg,RF_Euc_MAE_Avg,RF_Euc_RMSE_Avg,RF_Euc_MAD_Avg,NN_Entire_Time,NN_Entire_MAE,NN_Entire_RMSE,NN_Entire_MAD,NN_Cluster_Time_Avg,NN_Cluster_MAE_Avg,NN_Cluster_RMSE_Avg,NN_Cluster_MAD_Avg,NN_Euc_Time_Avg,NN_Euc_MAE_Avg,NN_Euc_RMSE_Avg,NN_Euc_MAD_Avg,GP_Entire_Time,GP_Entire_MAE,GP_Entire_RMSE,GP_Entire_MAD,GP_Cluster_Time_Avg,GP_Cluster_MAE_Avg,GP_Cluster_RMSE_Avg,GP_Cluster_MAD_Avg,GP_Euc_Time_Avg,GP_Euc_MAE_Avg,GP_Euc_RMSE_Avg,GP_Euc_MAD_Avg,GB_Entire_Time,GB_Entire_MAE,GB_Entire_RMSE,GB_Entire_MAD,GB_Cluster_Time_Avg,GB_Cluster_MAE_Avg,GB_Cluster_RMSE_Avg,GB_Cluster_MAD_Avg,GB_Euc_Time_Avg,GB_Euc_MAE_Avg,GB_Euc_RMSE_Avg,GB_Euc_MAD_Avg
100,2,0.5,1.0,4,0.00039696693420410156,0.19598571368711998,0.2658167496676893,0.12690348231686688,0.0002804994583129883,0.20608208184274573,0.28054223856080396,0.15403454944364975,0.00025206804275512695,0.2636792202538578,0.27544820109858575,0.2646526185300492,0.04449200630187988,0.036310440515788536,0.042985358787398724,0.03168937388101334,0.03950411081314087,0.3127138760545879,0.3939849741108039,0.27207226523295924,0.04140502214431763,0.4134074962586124,0.5835828035527075,0.18597797082378953,0.024859905242919922,0.2634364334596619,0.38076367430899694,0.10968154867742123,0.011282265186309814,0.3044684938756611,0.35247233297885766,0.27622243314654255,0.009336113929748535,0.2340847920602782,0.3088266229947054,0.15076991920400873,0.03654599189758301,0.14043128,0.21644284,0.062149398,0.03123718500137329,0.48863697,0.55369157,0.4811833,0.029622972011566162,0.54975957,0.67998046,0.4185274,0.014250993728637695,0.03505210070961232,0.047776758691418605,0.023898651900638,0.010982036590576172,0.23073110284744996,0.2770362213523284,0.21287845887488474,0.010760784149169922,0.437113492898852,0.6986742967721739,0.09780214423886181
