N,Norm,Lambda,Gamma,K,LR_Entire_Time,LR_Entire_MAE,LR_Entire_RMSE,LR_Entire_MAD,LR_Cluster_Time_Avg,LR_Cluster_MAE_Avg,LR_Cluster_RMSE_Avg,LR_Cluster_MAD_Avg,LR_Euc_Time_Avg,LR_Euc_MAE_Avg,LR_Euc_RMSE_Avg,LR_Euc_MAD_Avg,RF_Entire_Time,RF_Entire_MAE,RF_Entire_RMSE,RF_Entire_MAD,RF_Cluster_Time_Avg,RF_Cluster_MAE_Avg,RF_Cluster_RMSE_Avg,RF_Cluster_MAD_Avg,RF_Euc_Time_Avg,RF_Euc_MAE_Avg,RF_Euc_RMSE_Avg,RF_Euc_MAD_Avg,NN_Entire_Time,NN_Entire_MAE,NN_Entire_RMSE,NN_Entire_MAD,NN_Cluster_Time_Avg,NN_Cluster_MAE_Avg,NN_Cluster_RMSE_Avg,NN_Cluster_MAD_Avg,NN_Euc_Time_Avg,NN_Euc_MAE_Avg,NN_Euc_RMSE_Avg,NN_Euc_MAD_Avg,GP_Entire_Time,GP_Entire_MAE,GP_Entire_RMSE,GP_Entire_MAD,GP_Cluster_Time_Avg,GP_Cluster_MAE_Avg,GP_Cluster_RMSE_Avg,GP_Cluster_MAD_Avg,GP_Euc_Time_Avg,GP_Euc_MAE_Avg,GP_Euc_RMSE_Avg,GP_Euc_MAD_Avg,GB_Entire_Time,GB_Entire_MAE,GB_Entire_RMSE,GB_Entire_MAD,GB_Cluster_Time_Avg,GB_Cluster_MAE_Avg,GB_Cluster_RMSE_Avg,GB_Cluster_MAD_Avg,GB_Euc_Time_Avg,GB_Euc_MAE_Avg,GB_Euc_RMSE_Avg,GB_Euc_MAD_Avg
5000,1,0.1,2.0,5,0.0007579326629638672,0.06606716257040125,0.2627241057286416,0.044473382092633296,0.00031714439392089845,0.15036185846475641,0.38415746101712145,0.09758007468593236,0.0002838134765625,0.18805691562304158,0.4693379241917447,0.1169846877214776,0.77569580078125,0.04317050307696424,0.20122970503914722,0.02040036995615538,0.16156296730041503,0.12393889861125615,0.363952846543056,0.06360972569800766,0.15765891075134278,0.18326225030275012,0.5888693032187334,0.06944266613179569,0.9798572063446045,0.07557854265197131,0.24631031081259439,0.03194430483698807,0.12248940467834472,0.14091029423300044,0.37409817857505867,0.06701731972133981,0.10447754859924316,0.1615490330385025,0.45679070491502716,0.07092648436406838,2.707379102706909,0.07367374,0.24492933,0.02726996,0.18707852363586425,0.123393916,0.35746992,0.062388264,0.195416259765625,0.17028597,0.5019581,0.06692084,0.30619168281555176,0.04370481268918663,0.18643980044498246,0.02448690356161355,0.06683917045593261,0.11585261065803154,0.3654358505318119,0.05896266399878719,0.06733942031860352,0.17756683190751804,0.5924798547353819,0.06670389127161684
