N,Norm,Lambda,Gamma,K,LR_Entire_Time,LR_Entire_MAE,LR_Entire_RMSE,LR_Entire_MAD,LR_Cluster_Time_Avg,LR_Cluster_MAE_Avg,LR_Cluster_RMSE_Avg,LR_Cluster_MAD_Avg,LR_Euc_Time_Avg,LR_Euc_MAE_Avg,LR_Euc_RMSE_Avg,LR_Euc_MAD_Avg,RF_Entire_Time,RF_Entire_MAE,RF_Entire_RMSE,RF_Entire_MAD,RF_Cluster_Time_Avg,RF_Cluster_MAE_Avg,RF_Cluster_RMSE_Avg,RF_Cluster_MAD_Avg,RF_Euc_Time_Avg,RF_Euc_MAE_Avg,RF_Euc_RMSE_Avg,RF_Euc_MAD_Avg,NN_Entire_Time,NN_Entire_MAE,NN_Entire_RMSE,NN_Entire_MAD,NN_Cluster_Time_Avg,NN_Cluster_MAE_Avg,NN_Cluster_RMSE_Avg,NN_Cluster_MAD_Avg,NN_Euc_Time_Avg,NN_Euc_MAE_Avg,NN_Euc_RMSE_Avg,NN_Euc_MAD_Avg,GP_Entire_Time,GP_Entire_MAE,GP_Entire_RMSE,GP_Entire_MAD,GP_Cluster_Time_Avg,GP_Cluster_MAE_Avg,GP_Cluster_RMSE_Avg,GP_Cluster_MAD_Avg,GP_Euc_Time_Avg,GP_Euc_MAE_Avg,GP_Euc_RMSE_Avg,GP_Euc_MAD_Avg,GB_Entire_Time,GB_Entire_MAE,GB_Entire_RMSE,GB_Entire_MAD,GB_Cluster_Time_Avg,GB_Cluster_MAE_Avg,GB_Cluster_RMSE_Avg,GB_Cluster_MAD_Avg,GB_Euc_Time_Avg,GB_Euc_MAE_Avg,GB_Euc_RMSE_Avg,GB_Euc_MAD_Avg
5000,2,0.9,2.0,4,0.0006237030029296875,0.06606716257040125,0.2627241057286416,0.044473382092633296,0.0003471970558166504,0.13728450227754072,0.39597207502523857,0.0790933592123008,0.0002962350845336914,0.18254281304083378,0.5535900442820251,0.10327444653981978,0.7760581970214844,0.04279920066757475,0.1987120874063344,0.02059479899493276,0.20669245719909668,0.13953482396411715,0.423733921776096,0.06218291312105793,0.19193023443222046,0.14120527510079536,0.5276713469467328,0.05097342944840459,0.9796249866485596,0.07256012956310015,0.24595357398654905,0.03415356162997196,0.15806418657302856,0.13442178266617139,0.3857623284814833,0.06324203336544093,0.11776524782180786,0.1626810964400929,0.5271859398095826,0.06824618851225718,2.6908369064331055,0.07466902,0.24544661,0.029673833,0.28700798749923706,0.12944011,0.36819282,0.054501243,0.25285130739212036,0.15202802,0.56987023,0.0471984,0.3051724433898926,0.043753678458068074,0.1863927541980781,0.024486903561613527,0.07934004068374634,0.1288835396799472,0.41818882921200706,0.056640559818122646,0.08000397682189941,0.12980342531919636,0.5129697955683223,0.04819978476734812
