N,Norm,Lambda,Gamma,K,LR_Entire_Time,LR_Entire_MAE,LR_Entire_RMSE,LR_Entire_MAD,LR_Cluster_Time_Avg,LR_Cluster_MAE_Avg,LR_Cluster_RMSE_Avg,LR_Cluster_MAD_Avg,LR_Euc_Time_Avg,LR_Euc_MAE_Avg,LR_Euc_RMSE_Avg,LR_Euc_MAD_Avg,RF_Entire_Time,RF_Entire_MAE,RF_Entire_RMSE,RF_Entire_MAD,RF_Cluster_Time_Avg,RF_Cluster_MAE_Avg,RF_Cluster_RMSE_Avg,RF_Cluster_MAD_Avg,RF_Euc_Time_Avg,RF_Euc_MAE_Avg,RF_Euc_RMSE_Avg,RF_Euc_MAD_Avg,NN_Entire_Time,NN_Entire_MAE,NN_Entire_RMSE,NN_Entire_MAD,NN_Cluster_Time_Avg,NN_Cluster_MAE_Avg,NN_Cluster_RMSE_Avg,NN_Cluster_MAD_Avg,NN_Euc_Time_Avg,NN_Euc_MAE_Avg,NN_Euc_RMSE_Avg,NN_Euc_MAD_Avg,GP_Entire_Time,GP_Entire_MAE,GP_Entire_RMSE,GP_Entire_MAD,GP_Cluster_Time_Avg,GP_Cluster_MAE_Avg,GP_Cluster_RMSE_Avg,GP_Cluster_MAD_Avg,GP_Euc_Time_Avg,GP_Euc_MAE_Avg,GP_Euc_RMSE_Avg,GP_Euc_MAD_Avg,GB_Entire_Time,GB_Entire_MAE,GB_Entire_RMSE,GB_Entire_MAD,GB_Cluster_Time_Avg,GB_Cluster_MAE_Avg,GB_Cluster_RMSE_Avg,GB_Cluster_MAD_Avg,GB_Euc_Time_Avg,GB_Euc_MAE_Avg,GB_Euc_RMSE_Avg,GB_Euc_MAD_Avg
500,1,0.9,2.0,4,0.00032210350036621094,0.04554139396076337,0.06322217389655631,0.03166617154606036,0.0003237724304199219,0.14766683900483232,0.40729910785468043,0.07245678959517823,0.00030046701431274414,0.1579505206000498,0.20729605280178617,0.11993514337159093,0.08564209938049316,0.034489169145427954,0.053943748520575804,0.02165363504727924,0.04688185453414917,0.12554945392536757,0.2498455761592756,0.08563121619718968,0.04669654369354248,0.0786460598405532,0.1032112064906811,0.06084717226957764,0.054361820220947266,0.0672825724852838,0.09876616712774096,0.047146781414510036,0.03334319591522217,0.1959932449992304,0.45001672109509794,0.10232075703198021,0.02363377809524536,0.2005920230039094,0.31694934369897254,0.0989619814306194,0.08622407913208008,0.07147561,0.10188179,0.046482205,0.04202127456665039,0.14361505,0.29546657,0.070677884,0.03756219148635864,0.14690587,0.24036019,0.07968679,0.035240888595581055,0.03298284158079722,0.05435172463070596,0.02023956520998843,0.01609712839126587,0.0935577361302079,0.13235510338389128,0.0658326509299505,0.016002237796783447,0.08241069636015848,0.11073155936652562,0.05547097488182256
