N,Norm,Lambda,Gamma,K,LR_Entire_Time,LR_Entire_MAE,LR_Entire_RMSE,LR_Entire_MAD,LR_Cluster_Time_Avg,LR_Cluster_MAE_Avg,LR_Cluster_RMSE_Avg,LR_Cluster_MAD_Avg,LR_Euc_Time_Avg,LR_Euc_MAE_Avg,LR_Euc_RMSE_Avg,LR_Euc_MAD_Avg,RF_Entire_Time,RF_Entire_MAE,RF_Entire_RMSE,RF_Entire_MAD,RF_Cluster_Time_Avg,RF_Cluster_MAE_Avg,RF_Cluster_RMSE_Avg,RF_Cluster_MAD_Avg,RF_Euc_Time_Avg,RF_Euc_MAE_Avg,RF_Euc_RMSE_Avg,RF_Euc_MAD_Avg,NN_Entire_Time,NN_Entire_MAE,NN_Entire_RMSE,NN_Entire_MAD,NN_Cluster_Time_Avg,NN_Cluster_MAE_Avg,NN_Cluster_RMSE_Avg,NN_Cluster_MAD_Avg,NN_Euc_Time_Avg,NN_Euc_MAE_Avg,NN_Euc_RMSE_Avg,NN_Euc_MAD_Avg,GP_Entire_Time,GP_Entire_MAE,GP_Entire_RMSE,GP_Entire_MAD,GP_Cluster_Time_Avg,GP_Cluster_MAE_Avg,GP_Cluster_RMSE_Avg,GP_Cluster_MAD_Avg,GP_Euc_Time_Avg,GP_Euc_MAE_Avg,GP_Euc_RMSE_Avg,GP_Euc_MAD_Avg,GB_Entire_Time,GB_Entire_MAE,GB_Entire_RMSE,GB_Entire_MAD,GB_Cluster_Time_Avg,GB_Cluster_MAE_Avg,GB_Cluster_RMSE_Avg,GB_Cluster_MAD_Avg,GB_Euc_Time_Avg,GB_Euc_MAE_Avg,GB_Euc_RMSE_Avg,GB_Euc_MAD_Avg
1000,2,0.9,2.0,4,0.00030422210693359375,0.03174555839505721,0.043465480669550194,0.023354845822268516,0.00030601024627685547,0.09382534242809296,0.13102556231420276,0.07650186720028314,0.00025647878646850586,0.11933357968464367,0.15914693815912323,0.09691046142812622,0.1407299041748047,0.026779099280855433,0.03554161788333586,0.02039803123805023,0.05999481678009033,0.09803001876397378,0.14729324539487243,0.06901501227373573,0.058528006076812744,0.07463187790283698,0.10883006245437876,0.052442786865039226,0.06453704833984375,0.050136307764921104,0.0761527966742195,0.03779099204053524,0.03971600532531738,0.1078175256510694,0.16242052926613376,0.08135378162509754,0.03471231460571289,0.1305222277560495,0.17812682414068676,0.10180918582149162,0.19636821746826172,0.047523502,0.08538143,0.030398354,0.05806094408035278,0.103373095,0.17265856,0.06926249,0.04720723628997803,0.10506934,0.17928883,0.0619057,0.06390810012817383,0.0230136467804098,0.02993097195062419,0.01989618115551464,0.02284371852874756,0.09182498161280708,0.13534605550233947,0.06281743509597787,0.022539973258972168,0.07390100240268621,0.11099986703067814,0.052093323957532744
