N,Norm,Lambda,Gamma,K,LR_Entire_Time,LR_Entire_MAE,LR_Entire_RMSE,LR_Entire_MAD,LR_Cluster_Time_Avg,LR_Cluster_MAE_Avg,LR_Cluster_RMSE_Avg,LR_Cluster_MAD_Avg,LR_Euc_Time_Avg,LR_Euc_MAE_Avg,LR_Euc_RMSE_Avg,LR_Euc_MAD_Avg,RF_Entire_Time,RF_Entire_MAE,RF_Entire_RMSE,RF_Entire_MAD,RF_Cluster_Time_Avg,RF_Cluster_MAE_Avg,RF_Cluster_RMSE_Avg,RF_Cluster_MAD_Avg,RF_Euc_Time_Avg,RF_Euc_MAE_Avg,RF_Euc_RMSE_Avg,RF_Euc_MAD_Avg,NN_Entire_Time,NN_Entire_MAE,NN_Entire_RMSE,NN_Entire_MAD,NN_Cluster_Time_Avg,NN_Cluster_MAE_Avg,NN_Cluster_RMSE_Avg,NN_Cluster_MAD_Avg,NN_Euc_Time_Avg,NN_Euc_MAE_Avg,NN_Euc_RMSE_Avg,NN_Euc_MAD_Avg,GP_Entire_Time,GP_Entire_MAE,GP_Entire_RMSE,GP_Entire_MAD,GP_Cluster_Time_Avg,GP_Cluster_MAE_Avg,GP_Cluster_RMSE_Avg,GP_Cluster_MAD_Avg,GP_Euc_Time_Avg,GP_Euc_MAE_Avg,GP_Euc_RMSE_Avg,GP_Euc_MAD_Avg,GB_Entire_Time,GB_Entire_MAE,GB_Entire_RMSE,GB_Entire_MAD,GB_Cluster_Time_Avg,GB_Cluster_MAE_Avg,GB_Cluster_RMSE_Avg,GB_Cluster_MAD_Avg,GB_Euc_Time_Avg,GB_Euc_MAE_Avg,GB_Euc_RMSE_Avg,GB_Euc_MAD_Avg
1000,1,0.9,2.0,6,0.000591278076171875,0.03174555839505721,0.043465480669550194,0.023354845822268516,0.0004153251647949219,0.20440568628650116,0.30931982457903884,0.13519568948525645,0.00039835770924886066,0.14349864537881704,0.17935176655810428,0.12963595028592503,0.1419060230255127,0.027516035929137903,0.03654675400396235,0.021568850878320944,0.05165330568949381,0.16304112012816366,0.2599719014714713,0.1020856992113603,0.05151184399922689,0.11210523960684672,0.16267737901310605,0.07412204980760691,0.06691098213195801,0.06284350927653516,0.07886420917716983,0.049297766283048106,0.04683204491933187,0.1732734701995512,0.24315826177439104,0.11701138877771594,0.03599834442138672,0.14614972428829873,0.2021387213388741,0.11094175679867786,0.18586111068725586,0.047523502,0.08538143,0.030398354,0.04433802763621012,0.1482334,0.23683254,0.10153431,0.039673288663228355,0.11792902,0.17825367,0.08120518,0.06617021560668945,0.022985115419166247,0.02983920689194368,0.019598714559076302,0.018372654914855957,0.13721064211806908,0.19883653565083595,0.09335477418896894,0.018279870351155598,0.10927232291520521,0.14972028397089207,0.08097469820697346
