N,Norm,Lambda,Gamma,K,LR_Entire_Time,LR_Entire_MAE,LR_Entire_RMSE,LR_Entire_MAD,LR_Cluster_Time_Avg,LR_Cluster_MAE_Avg,LR_Cluster_RMSE_Avg,LR_Cluster_MAD_Avg,LR_Euc_Time_Avg,LR_Euc_MAE_Avg,LR_Euc_RMSE_Avg,LR_Euc_MAD_Avg,RF_Entire_Time,RF_Entire_MAE,RF_Entire_RMSE,RF_Entire_MAD,RF_Cluster_Time_Avg,RF_Cluster_MAE_Avg,RF_Cluster_RMSE_Avg,RF_Cluster_MAD_Avg,RF_Euc_Time_Avg,RF_Euc_MAE_Avg,RF_Euc_RMSE_Avg,RF_Euc_MAD_Avg,NN_Entire_Time,NN_Entire_MAE,NN_Entire_RMSE,NN_Entire_MAD,NN_Cluster_Time_Avg,NN_Cluster_MAE_Avg,NN_Cluster_RMSE_Avg,NN_Cluster_MAD_Avg,NN_Euc_Time_Avg,NN_Euc_MAE_Avg,NN_Euc_RMSE_Avg,NN_Euc_MAD_Avg,GP_Entire_Time,GP_Entire_MAE,GP_Entire_RMSE,GP_Entire_MAD,GP_Cluster_Time_Avg,GP_Cluster_MAE_Avg,GP_Cluster_RMSE_Avg,GP_Cluster_MAD_Avg,GP_Euc_Time_Avg,GP_Euc_MAE_Avg,GP_Euc_RMSE_Avg,GP_Euc_MAD_Avg,GB_Entire_Time,GB_Entire_MAE,GB_Entire_RMSE,GB_Entire_MAD,GB_Cluster_Time_Avg,GB_Cluster_MAE_Avg,GB_Cluster_RMSE_Avg,GB_Cluster_MAD_Avg,GB_Euc_Time_Avg,GB_Euc_MAE_Avg,GB_Euc_RMSE_Avg,GB_Euc_MAD_Avg
5000,1,0.5,1.0,4,0.003072023391723633,0.06606716257040125,0.2627241057286416,0.044473382092633296,0.00047141313552856445,0.1315942780558317,0.37017842407047036,0.07823408172238662,0.0003388524055480957,0.18254281304083378,0.5535900442820251,0.10327444653981978,0.7915530204772949,0.04331755402424394,0.1990119730211365,0.02020067859296698,0.22068774700164795,0.13637069789986092,0.4156768321401161,0.06593461038129683,0.20154327154159546,0.13769365426238156,0.5107448434328545,0.05139288221281761,1.3291020393371582,0.07460559631589649,0.24508020030025457,0.03494472971777016,0.2041592001914978,0.13171631160378075,0.35674210297074893,0.06692151398035087,0.19442683458328247,0.16145636201462027,0.5205135140989051,0.06846816037154962,2.9132919311523438,0.07428702,0.24522804,0.029102057,0.3009909391403198,0.12407254,0.33842075,0.060229413,0.2830319404602051,0.15034671,0.56284153,0.048042968,0.30734896659851074,0.04377257707751646,0.18655948139762368,0.024468698072139552,0.08046668767929077,0.12597456352725944,0.4099983008058826,0.062885534055362,0.08081924915313721,0.1302276696763504,0.5134911164452387,0.048141772613462905
