N,Norm,Lambda,Gamma,K,LR_Entire_Time,LR_Entire_MAE,LR_Entire_RMSE,LR_Entire_MAD,LR_Cluster_Time_Avg,LR_Cluster_MAE_Avg,LR_Cluster_RMSE_Avg,LR_Cluster_MAD_Avg,LR_Euc_Time_Avg,LR_Euc_MAE_Avg,LR_Euc_RMSE_Avg,LR_Euc_MAD_Avg,RF_Entire_Time,RF_Entire_MAE,RF_Entire_RMSE,RF_Entire_MAD,RF_Cluster_Time_Avg,RF_Cluster_MAE_Avg,RF_Cluster_RMSE_Avg,RF_Cluster_MAD_Avg,RF_Euc_Time_Avg,RF_Euc_MAE_Avg,RF_Euc_RMSE_Avg,RF_Euc_MAD_Avg,NN_Entire_Time,NN_Entire_MAE,NN_Entire_RMSE,NN_Entire_MAD,NN_Cluster_Time_Avg,NN_Cluster_MAE_Avg,NN_Cluster_RMSE_Avg,NN_Cluster_MAD_Avg,NN_Euc_Time_Avg,NN_Euc_MAE_Avg,NN_Euc_RMSE_Avg,NN_Euc_MAD_Avg,GP_Entire_Time,GP_Entire_MAE,GP_Entire_RMSE,GP_Entire_MAD,GP_Cluster_Time_Avg,GP_Cluster_MAE_Avg,GP_Cluster_RMSE_Avg,GP_Cluster_MAD_Avg,GP_Euc_Time_Avg,GP_Euc_MAE_Avg,GP_Euc_RMSE_Avg,GP_Euc_MAD_Avg,GB_Entire_Time,GB_Entire_MAE,GB_Entire_RMSE,GB_Entire_MAD,GB_Cluster_Time_Avg,GB_Cluster_MAE_Avg,GB_Cluster_RMSE_Avg,GB_Cluster_MAD_Avg,GB_Euc_Time_Avg,GB_Euc_MAE_Avg,GB_Euc_RMSE_Avg,GB_Euc_MAD_Avg
10000,2,0.1,1.0,5,0.0008661746978759766,0.06792803101151079,0.3219772320780228,0.0359716131146422,0.0005399703979492188,0.19999987528310006,0.5120071337322039,0.12246561804766402,0.0003861427307128906,0.1897523611746837,0.46220891377119566,0.11917088401090466,1.7294950485229492,0.04623418167915692,0.23452515266135443,0.01800310902568375,0.3122375965118408,0.1675142913065221,0.524267305698865,0.06397129453837927,0.3170163154602051,0.17993310750725872,0.5347193319936379,0.0634070476785034,1.8312020301818848,0.07588036598532119,0.28392730767795515,0.030726410054231372,0.20435652732849122,0.17479719675977684,0.5235594070868811,0.06743568856971331,0.17009353637695312,0.15500707248774645,0.4297805668815505,0.07279819387373641,9.197697877883911,0.07042885,0.2595968,0.023009762,0.6526177406311036,0.16334757,0.5119002,0.0550956,0.7420680046081543,0.15169062,0.47559157,0.059603095,0.632159948348999,0.04865313719929148,0.23656274243826028,0.023290466776537178,0.12952046394348143,0.1622995244861541,0.5549671620888041,0.06158118088775684,0.12803421020507813,0.16778834172345322,0.5409090265198184,0.0632757523598372
