N,Norm,Lambda,Gamma,K,LR_Entire_Time,LR_Entire_MAE,LR_Entire_RMSE,LR_Entire_MAD,LR_Cluster_Time_Avg,LR_Cluster_MAE_Avg,LR_Cluster_RMSE_Avg,LR_Cluster_MAD_Avg,LR_Euc_Time_Avg,LR_Euc_MAE_Avg,LR_Euc_RMSE_Avg,LR_Euc_MAD_Avg,RF_Entire_Time,RF_Entire_MAE,RF_Entire_RMSE,RF_Entire_MAD,RF_Cluster_Time_Avg,RF_Cluster_MAE_Avg,RF_Cluster_RMSE_Avg,RF_Cluster_MAD_Avg,RF_Euc_Time_Avg,RF_Euc_MAE_Avg,RF_Euc_RMSE_Avg,RF_Euc_MAD_Avg,NN_Entire_Time,NN_Entire_MAE,NN_Entire_RMSE,NN_Entire_MAD,NN_Cluster_Time_Avg,NN_Cluster_MAE_Avg,NN_Cluster_RMSE_Avg,NN_Cluster_MAD_Avg,NN_Euc_Time_Avg,NN_Euc_MAE_Avg,NN_Euc_RMSE_Avg,NN_Euc_MAD_Avg,GB_Entire_Time,GB_Entire_MAE,GB_Entire_RMSE,GB_Entire_MAD,GB_Cluster_Time_Avg,GB_Cluster_MAE_Avg,GB_Cluster_RMSE_Avg,GB_Cluster_MAD_Avg,GB_Euc_Time_Avg,GB_Euc_MAE_Avg,GB_Euc_RMSE_Avg,GB_Euc_MAD_Avg
100000,2,0.9,0.5,5,0.00598597526550293,0.0643103041422581,0.30043950634238437,0.03601264487927863,0.0019793033599853514,0.14170812844699518,0.35608050154026805,0.10125110996282316,0.0014954090118408203,0.1810003097263652,0.43049108119569157,0.11850972218814104,25.3668270111084,0.03951800445414359,0.18987821284824571,0.014898484412831703,4.472679138183594,0.11520336682726935,0.33570521601597036,0.06153579940741365,4.398507213592529,0.11618356022288631,0.37301187655256174,0.050480529538521,12.601948022842407,0.046150276931651274,0.20385922385301675,0.018590664285893704,1.5879878520965576,0.09707643020555698,0.298358317600761,0.053193166025648456,0.9945928573608398,0.11429853277017062,0.3523149066209458,0.055292365983217004,6.592363119125366,0.043883790721573265,0.1907754186436067,0.021574883164358006,1.2805856704711913,0.11312236236180351,0.3330508114120764,0.07098113417972308,1.2733917236328125,0.11634935030797741,0.36493723082089896,0.05879076653138773
