N,Norm,Lambda,Gamma,K,LR_Entire_Time,LR_Entire_MAE,LR_Entire_RMSE,LR_Entire_MAD,LR_Cluster_Time_Avg,LR_Cluster_MAE_Avg,LR_Cluster_RMSE_Avg,LR_Cluster_MAD_Avg,LR_Euc_Time_Avg,LR_Euc_MAE_Avg,LR_Euc_RMSE_Avg,LR_Euc_MAD_Avg,RF_Entire_Time,RF_Entire_MAE,RF_Entire_RMSE,RF_Entire_MAD,RF_Cluster_Time_Avg,RF_Cluster_MAE_Avg,RF_Cluster_RMSE_Avg,RF_Cluster_MAD_Avg,RF_Euc_Time_Avg,RF_Euc_MAE_Avg,RF_Euc_RMSE_Avg,RF_Euc_MAD_Avg,NN_Entire_Time,NN_Entire_MAE,NN_Entire_RMSE,NN_Entire_MAD,NN_Cluster_Time_Avg,NN_Cluster_MAE_Avg,NN_Cluster_RMSE_Avg,NN_Cluster_MAD_Avg,NN_Euc_Time_Avg,NN_Euc_MAE_Avg,NN_Euc_RMSE_Avg,NN_Euc_MAD_Avg,GP_Entire_Time,GP_Entire_MAE,GP_Entire_RMSE,GP_Entire_MAD,GP_Cluster_Time_Avg,GP_Cluster_MAE_Avg,GP_Cluster_RMSE_Avg,GP_Cluster_MAD_Avg,GP_Euc_Time_Avg,GP_Euc_MAE_Avg,GP_Euc_RMSE_Avg,GP_Euc_MAD_Avg,GB_Entire_Time,GB_Entire_MAE,GB_Entire_RMSE,GB_Entire_MAD,GB_Cluster_Time_Avg,GB_Cluster_MAE_Avg,GB_Cluster_RMSE_Avg,GB_Cluster_MAD_Avg,GB_Euc_Time_Avg,GB_Euc_MAE_Avg,GB_Euc_RMSE_Avg,GB_Euc_MAD_Avg
100,2,0.1,2.0,4,0.0002760887145996094,0.19598571368711998,0.2658167496676893,0.12690348231686688,0.00031685829162597656,0.20608208184274573,0.28054223856080396,0.15403454944364975,0.00028067827224731445,0.2636792202538578,0.27544820109858575,0.2646526185300492,0.04537701606750488,0.0362954168375719,0.04424504902960387,0.02948850585235168,0.03943520784378052,0.3046650816119198,0.38108264008281,0.26279044272123414,0.041015446186065674,0.3894139862221166,0.5627044351804386,0.16854389985971416,0.02398514747619629,0.2612881796211071,0.3767491723615417,0.13093425864987054,0.01105201244354248,0.27805730675997886,0.3289415227121769,0.23162622147827333,0.009456276893615723,0.2011946885299999,0.25670773257130597,0.1409577700110662,0.037384033203125,0.14043128,0.21644284,0.062149398,0.030950427055358887,0.48863697,0.55369157,0.4811833,0.02955728769302368,0.54975957,0.67998046,0.4185274,0.014612913131713867,0.035418257443453637,0.047689162312890894,0.023898651900638015,0.011097252368927002,0.20958152676333747,0.2599646157820129,0.19628811879453942,0.010623514652252197,0.4356500682325667,0.7021417934230477,0.09007442393282045
