N,Norm,Lambda,Gamma,K,LR_Entire_Time,LR_Entire_MAE,LR_Entire_RMSE,LR_Entire_MAD,LR_Cluster_Time_Avg,LR_Cluster_MAE_Avg,LR_Cluster_RMSE_Avg,LR_Cluster_MAD_Avg,LR_Euc_Time_Avg,LR_Euc_MAE_Avg,LR_Euc_RMSE_Avg,LR_Euc_MAD_Avg,RF_Entire_Time,RF_Entire_MAE,RF_Entire_RMSE,RF_Entire_MAD,RF_Cluster_Time_Avg,RF_Cluster_MAE_Avg,RF_Cluster_RMSE_Avg,RF_Cluster_MAD_Avg,RF_Euc_Time_Avg,RF_Euc_MAE_Avg,RF_Euc_RMSE_Avg,RF_Euc_MAD_Avg,NN_Entire_Time,NN_Entire_MAE,NN_Entire_RMSE,NN_Entire_MAD,NN_Cluster_Time_Avg,NN_Cluster_MAE_Avg,NN_Cluster_RMSE_Avg,NN_Cluster_MAD_Avg,NN_Euc_Time_Avg,NN_Euc_MAE_Avg,NN_Euc_RMSE_Avg,NN_Euc_MAD_Avg,GP_Entire_Time,GP_Entire_MAE,GP_Entire_RMSE,GP_Entire_MAD,GP_Cluster_Time_Avg,GP_Cluster_MAE_Avg,GP_Cluster_RMSE_Avg,GP_Cluster_MAD_Avg,GP_Euc_Time_Avg,GP_Euc_MAE_Avg,GP_Euc_RMSE_Avg,GP_Euc_MAD_Avg,GB_Entire_Time,GB_Entire_MAE,GB_Entire_RMSE,GB_Entire_MAD,GB_Cluster_Time_Avg,GB_Cluster_MAE_Avg,GB_Cluster_RMSE_Avg,GB_Cluster_MAD_Avg,GB_Euc_Time_Avg,GB_Euc_MAE_Avg,GB_Euc_RMSE_Avg,GB_Euc_MAD_Avg
5000,1,0.9,2.0,6,0.0006721019744873047,0.06606716257040125,0.2627241057286416,0.044473382092633296,0.0003391106923421224,0.15509078377999427,0.32974246752512076,0.11789749379910387,0.00029699007670084637,0.22164609849587402,0.4643029753593615,0.14169759091135933,0.783411979675293,0.04296415127285745,0.20111643429424453,0.020188215193043646,0.13841764132181802,0.14594899975533676,0.34687151225687224,0.08668496398480863,0.1360872189203898,0.18794992614053085,0.4658102911890794,0.08362006092866014,1.0442860126495361,0.0711248654656515,0.2471182366144376,0.03009702405590542,0.15636205673217773,0.15117854045044063,0.3229112140193876,0.09764712913655753,0.11376953125,0.199291411447952,0.44077671918433675,0.09543909476932651,2.8451900482177734,0.07333021,0.24545515,0.028368335,0.17422040303548178,0.14646102,0.33245483,0.08572751,0.1666262944539388,0.18648237,0.4623731,0.09010465,0.31331300735473633,0.043983644521149785,0.18888755301439694,0.024468698072139597,0.05970660845438639,0.13466276335712693,0.3278152298544595,0.08064291812396729,0.056252638498942055,0.18317625293535397,0.4935233592600496,0.0800233457172466
