N,Norm,Lambda,Gamma,K,LR_Entire_Time,LR_Entire_MAE,LR_Entire_RMSE,LR_Entire_MAD,LR_Cluster_Time_Avg,LR_Cluster_MAE_Avg,LR_Cluster_RMSE_Avg,LR_Cluster_MAD_Avg,LR_Euc_Time_Avg,LR_Euc_MAE_Avg,LR_Euc_RMSE_Avg,LR_Euc_MAD_Avg,RF_Entire_Time,RF_Entire_MAE,RF_Entire_RMSE,RF_Entire_MAD,RF_Cluster_Time_Avg,RF_Cluster_MAE_Avg,RF_Cluster_RMSE_Avg,RF_Cluster_MAD_Avg,RF_Euc_Time_Avg,RF_Euc_MAE_Avg,RF_Euc_RMSE_Avg,RF_Euc_MAD_Avg,NN_Entire_Time,NN_Entire_MAE,NN_Entire_RMSE,NN_Entire_MAD,NN_Cluster_Time_Avg,NN_Cluster_MAE_Avg,NN_Cluster_RMSE_Avg,NN_Cluster_MAD_Avg,NN_Euc_Time_Avg,NN_Euc_MAE_Avg,NN_Euc_RMSE_Avg,NN_Euc_MAD_Avg,GB_Entire_Time,GB_Entire_MAE,GB_Entire_RMSE,GB_Entire_MAD,GB_Cluster_Time_Avg,GB_Cluster_MAE_Avg,GB_Cluster_RMSE_Avg,GB_Cluster_MAD_Avg,GB_Euc_Time_Avg,GB_Euc_MAE_Avg,GB_Euc_RMSE_Avg,GB_Euc_MAD_Avg
100000,2,0.1,0.5,4,0.0060617923736572266,0.0643103041422581,0.30043950634238437,0.03601264487927863,0.00192946195602417,0.11374376251714277,0.2988709503294876,0.07829333872361809,0.0018162727355957031,0.1551439489605722,0.4137185066125712,0.09434256602327316,25.398487091064453,0.03990150837268809,0.1930078082600842,0.015020369222926322,5.745485723018646,0.0906185344439642,0.259644259780385,0.04657901446434477,5.592085540294647,0.09615688460457324,0.3358456707264626,0.038633416148036434,12.450706958770752,0.04632099775556851,0.20034832842769082,0.017079273492154573,2.252767324447632,0.07642573794085457,0.24046909537873262,0.038243138728080724,1.623491108417511,0.09580219125119066,0.31920246095713045,0.04285539219200645,6.61467981338501,0.04388605535995856,0.19127742002074904,0.021572383600056047,1.6024481654167175,0.0893330492531601,0.24645797102868136,0.05520489781421867,1.6010907888412476,0.09737679806175537,0.3328214328988827,0.04658741036697858
