N,Norm,Lambda,Gamma,K,LR_Entire_Time,LR_Entire_MAE,LR_Entire_RMSE,LR_Entire_MAD,LR_Cluster_Time_Avg,LR_Cluster_MAE_Avg,LR_Cluster_RMSE_Avg,LR_Cluster_MAD_Avg,LR_Euc_Time_Avg,LR_Euc_MAE_Avg,LR_Euc_RMSE_Avg,LR_Euc_MAD_Avg,RF_Entire_Time,RF_Entire_MAE,RF_Entire_RMSE,RF_Entire_MAD,RF_Cluster_Time_Avg,RF_Cluster_MAE_Avg,RF_Cluster_RMSE_Avg,RF_Cluster_MAD_Avg,RF_Euc_Time_Avg,RF_Euc_MAE_Avg,RF_Euc_RMSE_Avg,RF_Euc_MAD_Avg,NN_Entire_Time,NN_Entire_MAE,NN_Entire_RMSE,NN_Entire_MAD,NN_Cluster_Time_Avg,NN_Cluster_MAE_Avg,NN_Cluster_RMSE_Avg,NN_Cluster_MAD_Avg,NN_Euc_Time_Avg,NN_Euc_MAE_Avg,NN_Euc_RMSE_Avg,NN_Euc_MAD_Avg,GP_Entire_Time,GP_Entire_MAE,GP_Entire_RMSE,GP_Entire_MAD,GP_Cluster_Time_Avg,GP_Cluster_MAE_Avg,GP_Cluster_RMSE_Avg,GP_Cluster_MAD_Avg,GP_Euc_Time_Avg,GP_Euc_MAE_Avg,GP_Euc_RMSE_Avg,GP_Euc_MAD_Avg,GB_Entire_Time,GB_Entire_MAE,GB_Entire_RMSE,GB_Entire_MAD,GB_Cluster_Time_Avg,GB_Cluster_MAE_Avg,GB_Cluster_RMSE_Avg,GB_Cluster_MAD_Avg,GB_Euc_Time_Avg,GB_Euc_MAE_Avg,GB_Euc_RMSE_Avg,GB_Euc_MAD_Avg
100,1,0.1,2.0,7,0.0003211498260498047,0.19598571368711998,0.2658167496676893,0.12690348231686688,0.0003497259957449777,0.8051280140671405,0.8813763482494312,0.782391666866949,0.0003021444593157087,3.464056694251362,4.825607233579463,3.458347885607932,0.04416203498840332,0.03834360295523124,0.045186877254894724,0.03759398191026192,0.03985657010759626,0.4079423091233204,0.4779381078588027,0.3954035800146145,0.03809125082833426,3.388239271047379,4.648886345442235,3.385044966194233,0.023789167404174805,0.2527612986054651,0.3739131859889251,0.0908468573801559,0.009671211242675781,0.4858908972117075,0.574197706733915,0.40720414467547666,0.009886128561837333,3.3941352281562063,4.65781736505752,3.3728541450815497,0.03769493103027344,0.14043128,0.21644284,0.062149398,0.02926295144217355,0.47487572,0.59043974,0.37599114,0.02845076152256557,3.3999727,4.7306705,3.366795,0.014386892318725586,0.037872932978272725,0.0542782772992837,0.023898651900638043,0.010258674621582031,0.3480743957528118,0.4214603076427631,0.3556311008670597,0.010286773954119002,3.4089273460905387,4.654404913003857,3.4415516262300834
