N,Norm,Lambda,Gamma,K,LR_Entire_Time,LR_Entire_MAE,LR_Entire_RMSE,LR_Entire_MAD,LR_Cluster_Time_Avg,LR_Cluster_MAE_Avg,LR_Cluster_RMSE_Avg,LR_Cluster_MAD_Avg,LR_Cluster_MAE_Median,LR_Cluster_RMSE_Median,LR_Cluster_MAD_Median,RF_Entire_Time,RF_Entire_MAE,RF_Entire_RMSE,RF_Entire_MAD,RF_Cluster_Time_Avg,RF_Cluster_MAE_Avg,RF_Cluster_RMSE_Avg,RF_Cluster_MAD_Avg,RF_Cluster_MAE_Median,RF_Cluster_RMSE_Median,RF_Cluster_MAD_Median,NN_Entire_Time,NN_Entire_MAE,NN_Entire_RMSE,NN_Entire_MAD,NN_Cluster_Time_Avg,NN_Cluster_MAE_Avg,NN_Cluster_RMSE_Avg,NN_Cluster_MAD_Avg,NN_Cluster_MAE_Median,NN_Cluster_RMSE_Median,NN_Cluster_MAD_Median,GP_Entire_Time,GP_Entire_MAE,GP_Entire_RMSE,GP_Entire_MAD,GP_Cluster_Time_Avg,GP_Cluster_MAE_Avg,GP_Cluster_RMSE_Avg,GP_Cluster_MAD_Avg,GP_Cluster_MAE_Median,GP_Cluster_RMSE_Median,GP_Cluster_MAD_Median,GB_Entire_Time,GB_Entire_MAE,GB_Entire_RMSE,GB_Entire_MAD,GB_Cluster_Time_Avg,GB_Cluster_MAE_Avg,GB_Cluster_RMSE_Avg,GB_Cluster_MAD_Avg,GB_Cluster_MAE_Median,GB_Cluster_RMSE_Median,GB_Cluster_MAD_Median
10000,1,0.1,2.0,3,0.0011150836944580078,0.0711493164406142,0.34865177023578486,0.037222118158097006,0.0011130968729654949,0.061095529703721285,0.20245951291875663,0.04171597546760536,0.06776208647110535,0.2623179982606368,0.04397761117555721,1.6105191707611084,0.04296870700087663,0.20650448937434143,0.017101569071000494,0.45017226537068683,0.029712480260522978,0.07823773349846029,0.01615783038843381,0.029892346504131185,0.08573336844037584,0.015344894516129748,2.0572922229766846,0.06573612674511048,0.2889305618453158,0.023552937039403088,0.6853876908620199,0.06306142471380642,0.20794516776431696,0.02791524715976056,0.06472697206026133,0.24609394338811738,0.027397978600307793,9.250314950942993,0.06148214,0.25177258,0.020344574,1.6555862426757812,0.059982534,0.19530529,0.022517094,0.06156349554657936,0.19554536044597626,0.02272617816925049,0.5936598777770996,0.04602863695045833,0.1952638228763191,0.02291651168796993,0.18346198399861655,0.03118316205435312,0.08944446556890685,0.01948739592559832,0.032517166257851504,0.05901895859671707,0.018641612062475055
