N,Norm,Lambda,Gamma,K,LR_Entire_Time,LR_Entire_MAE,LR_Entire_RMSE,LR_Entire_MAD,LR_Cluster_Time_Avg,LR_Cluster_MAE_Avg,LR_Cluster_RMSE_Avg,LR_Cluster_MAD_Avg,LR_Euc_Time_Avg,LR_Euc_MAE_Avg,LR_Euc_RMSE_Avg,LR_Euc_MAD_Avg,RF_Entire_Time,RF_Entire_MAE,RF_Entire_RMSE,RF_Entire_MAD,RF_Cluster_Time_Avg,RF_Cluster_MAE_Avg,RF_Cluster_RMSE_Avg,RF_Cluster_MAD_Avg,RF_Euc_Time_Avg,RF_Euc_MAE_Avg,RF_Euc_RMSE_Avg,RF_Euc_MAD_Avg,NN_Entire_Time,NN_Entire_MAE,NN_Entire_RMSE,NN_Entire_MAD,NN_Cluster_Time_Avg,NN_Cluster_MAE_Avg,NN_Cluster_RMSE_Avg,NN_Cluster_MAD_Avg,NN_Euc_Time_Avg,NN_Euc_MAE_Avg,NN_Euc_RMSE_Avg,NN_Euc_MAD_Avg,GP_Entire_Time,GP_Entire_MAE,GP_Entire_RMSE,GP_Entire_MAD,GP_Cluster_Time_Avg,GP_Cluster_MAE_Avg,GP_Cluster_RMSE_Avg,GP_Cluster_MAD_Avg,GP_Euc_Time_Avg,GP_Euc_MAE_Avg,GP_Euc_RMSE_Avg,GP_Euc_MAD_Avg,GB_Entire_Time,GB_Entire_MAE,GB_Entire_RMSE,GB_Entire_MAD,GB_Cluster_Time_Avg,GB_Cluster_MAE_Avg,GB_Cluster_RMSE_Avg,GB_Cluster_MAD_Avg,GB_Euc_Time_Avg,GB_Euc_MAE_Avg,GB_Euc_RMSE_Avg,GB_Euc_MAD_Avg
500,2,0.1,0.5,3,0.00034499168395996094,0.04554139396076337,0.06322217389655631,0.03166617154606036,0.00034697850545247394,0.1074894934028268,0.34712811407786576,0.043495797090600245,0.00028642018636067707,0.27618815225710247,1.0147403203107357,0.05580047882265921,0.08284902572631836,0.034684135219269836,0.05420897379742687,0.023194736633862387,0.053207715352376304,0.1000306836426574,0.20820566347037298,0.05569069928769721,0.05000487963358561,0.27913716809838945,1.011461754798736,0.05226431079536625,0.08252120018005371,0.07054544494907466,0.10130701715925991,0.04562901574388831,0.023521025975545246,0.13795198875395706,0.3686137564710414,0.06222517578944051,0.020423730214436848,0.2937858290871033,1.015487348930655,0.07399603710714887,0.0859992504119873,0.07147561,0.10188179,0.046482205,0.05978186925252279,0.15433902,0.3164414,0.07122023,0.04163400332132975,0.28728575,1.0126005,0.061822545,0.03626227378845215,0.03306139689395037,0.05428474049093695,0.020239565209988458,0.018480618794759113,0.0867900193524918,0.15703932766210152,0.046475116630287173,0.019003868103027344,0.2813961586372822,1.012637800934109,0.05439347587567903
