N,Norm,Lambda,Gamma,K,LR_Entire_Time,LR_Entire_MAE,LR_Entire_RMSE,LR_Entire_MAD,LR_Cluster_Time_Avg,LR_Cluster_MAE_Avg,LR_Cluster_RMSE_Avg,LR_Cluster_MAD_Avg,LR_Cluster_MAE_Median,LR_Cluster_RMSE_Median,LR_Cluster_MAD_Median,RF_Entire_Time,RF_Entire_MAE,RF_Entire_RMSE,RF_Entire_MAD,RF_Cluster_Time_Avg,RF_Cluster_MAE_Avg,RF_Cluster_RMSE_Avg,RF_Cluster_MAD_Avg,RF_Cluster_MAE_Median,RF_Cluster_RMSE_Median,RF_Cluster_MAD_Median,NN_Entire_Time,NN_Entire_MAE,NN_Entire_RMSE,NN_Entire_MAD,NN_Cluster_Time_Avg,NN_Cluster_MAE_Avg,NN_Cluster_RMSE_Avg,NN_Cluster_MAD_Avg,NN_Cluster_MAE_Median,NN_Cluster_RMSE_Median,NN_Cluster_MAD_Median,GP_Entire_Time,GP_Entire_MAE,GP_Entire_RMSE,GP_Entire_MAD,GP_Cluster_Time_Avg,GP_Cluster_MAE_Avg,GP_Cluster_RMSE_Avg,GP_Cluster_MAD_Avg,GP_Cluster_MAE_Median,GP_Cluster_RMSE_Median,GP_Cluster_MAD_Median,GB_Entire_Time,GB_Entire_MAE,GB_Entire_RMSE,GB_Entire_MAD,GB_Cluster_Time_Avg,GB_Cluster_MAE_Avg,GB_Cluster_RMSE_Avg,GB_Cluster_MAD_Avg,GB_Cluster_MAE_Median,GB_Cluster_RMSE_Median,GB_Cluster_MAD_Median
10000,2,0.1,0.5,3,0.0011448860168457031,0.0711493164406142,0.34865177023578486,0.037222118158097006,0.000989675521850586,0.061095529703721285,0.20245951291875663,0.04171597546760536,0.06776208647110535,0.2623179982606368,0.04397761117555721,1.5998778343200684,0.043516541781125566,0.21297911894819374,0.017301276933099314,0.4464844862620036,0.030249697048325853,0.08634465736948675,0.01590835277572622,0.030337656703963097,0.09272766781504946,0.014888881422106648,2.0485188961029053,0.07703275945917491,0.2777082009139233,0.03272942467915049,0.682523250579834,0.061184255192220705,0.20730462135071334,0.02278470431035688,0.06255751346447765,0.24583311806344882,0.024278937099842413,9.470893144607544,0.06135741,0.25239772,0.020546913,1.7022882302602131,0.060142893,0.19578654,0.022407353,0.06037215143442154,0.19483047723770142,0.023680806159973145,0.5911779403686523,0.045997863721402826,0.19509072828885493,0.022916511687969876,0.18273162841796875,0.03136141549622127,0.09112143729665244,0.019473630651057044,0.03239613779268224,0.06400771675212134,0.018641612062475055
