N,Norm,Lambda,Gamma,K,LR_Entire_Time,LR_Entire_MAE,LR_Entire_RMSE,LR_Entire_MAD,LR_Cluster_Time_Avg,LR_Cluster_MAE_Avg,LR_Cluster_RMSE_Avg,LR_Cluster_MAD_Avg,LR_Euc_Time_Avg,LR_Euc_MAE_Avg,LR_Euc_RMSE_Avg,LR_Euc_MAD_Avg,RF_Entire_Time,RF_Entire_MAE,RF_Entire_RMSE,RF_Entire_MAD,RF_Cluster_Time_Avg,RF_Cluster_MAE_Avg,RF_Cluster_RMSE_Avg,RF_Cluster_MAD_Avg,RF_Euc_Time_Avg,RF_Euc_MAE_Avg,RF_Euc_RMSE_Avg,RF_Euc_MAD_Avg,NN_Entire_Time,NN_Entire_MAE,NN_Entire_RMSE,NN_Entire_MAD,NN_Cluster_Time_Avg,NN_Cluster_MAE_Avg,NN_Cluster_RMSE_Avg,NN_Cluster_MAD_Avg,NN_Euc_Time_Avg,NN_Euc_MAE_Avg,NN_Euc_RMSE_Avg,NN_Euc_MAD_Avg,GB_Entire_Time,GB_Entire_MAE,GB_Entire_RMSE,GB_Entire_MAD,GB_Cluster_Time_Avg,GB_Cluster_MAE_Avg,GB_Cluster_RMSE_Avg,GB_Cluster_MAD_Avg,GB_Euc_Time_Avg,GB_Euc_MAE_Avg,GB_Euc_RMSE_Avg,GB_Euc_MAD_Avg
50000,1,0.5,0.5,3,0.0032727718353271484,0.06625561675942009,0.3233405659660932,0.03390383380555034,0.0023426214853922525,0.0952368668739448,0.31813996474979694,0.057111782091600116,0.0019963582356770835,0.13539184417959435,0.3931635208263831,0.08229257984802939,11.425331115722656,0.04271016928838138,0.21486079467999566,0.016042557460091617,3.4868948459625244,0.07677625491675251,0.2748206388615069,0.035564198978754506,3.4544777075449624,0.08645927011006009,0.32423499344652945,0.035502232533383395,9.811902046203613,0.06272491678779311,0.24949959839101934,0.031745752594351556,2.0676753520965576,0.07523048128818023,0.25604149153827654,0.036751053313119085,1.7064056396484375,0.08975577865319802,0.3035906509087852,0.03995916963901572,3.269836902618408,0.04799169498807976,0.22026053166415846,0.022824623588756476,1.066811243693034,0.07578474548936137,0.26582334367790444,0.042054857014092804,1.0605842272440593,0.08748941021542689,0.3161991555364667,0.04239467767258834
