N,Norm,Lambda,Gamma,K,LR_Entire_Time,LR_Entire_MAE,LR_Entire_RMSE,LR_Entire_MAD,LR_Cluster_Time_Avg,LR_Cluster_MAE_Avg,LR_Cluster_RMSE_Avg,LR_Cluster_MAD_Avg,LR_Euc_Time_Avg,LR_Euc_MAE_Avg,LR_Euc_RMSE_Avg,LR_Euc_MAD_Avg,RF_Entire_Time,RF_Entire_MAE,RF_Entire_RMSE,RF_Entire_MAD,RF_Cluster_Time_Avg,RF_Cluster_MAE_Avg,RF_Cluster_RMSE_Avg,RF_Cluster_MAD_Avg,RF_Euc_Time_Avg,RF_Euc_MAE_Avg,RF_Euc_RMSE_Avg,RF_Euc_MAD_Avg,NN_Entire_Time,NN_Entire_MAE,NN_Entire_RMSE,NN_Entire_MAD,NN_Cluster_Time_Avg,NN_Cluster_MAE_Avg,NN_Cluster_RMSE_Avg,NN_Cluster_MAD_Avg,NN_Euc_Time_Avg,NN_Euc_MAE_Avg,NN_Euc_RMSE_Avg,NN_Euc_MAD_Avg,GB_Entire_Time,GB_Entire_MAE,GB_Entire_RMSE,GB_Entire_MAD,GB_Cluster_Time_Avg,GB_Cluster_MAE_Avg,GB_Cluster_RMSE_Avg,GB_Cluster_MAD_Avg,GB_Euc_Time_Avg,GB_Euc_MAE_Avg,GB_Euc_RMSE_Avg,GB_Euc_MAD_Avg
50000,1,0.5,2.0,7,0.0035729408264160156,0.06625561675942009,0.3233405659660932,0.03390383380555034,0.0006237370627267021,0.19386175595352054,0.40662640080319357,0.1421060671637499,0.0006064346858433314,0.22819507705703262,0.5462331196419586,0.15223612816696705,11.341922044754028,0.04239917994805126,0.21418166564377966,0.015699238436934784,1.3532509122576033,0.16097659271667392,0.3857205154689929,0.09121223919534326,1.3225929737091064,0.17165791460772187,0.5202958044439475,0.0797644149910616,9.657633066177368,0.054821347388966095,0.2267185040998667,0.023142600974295435,0.6431257043566022,0.13695645642086066,0.3469712790000875,0.07711564993497497,0.58779890196664,0.1526071746699103,0.490518510147603,0.07255390015450033,3.5034499168395996,0.04817653724858514,0.22072249220182935,0.022824623588756116,0.4588594436645508,0.15916252940688394,0.38401615210292883,0.09968171576499585,0.46027837480817524,0.17175766411782672,0.5225808688285242,0.08602485082162119
