N,Norm,Lambda,Gamma,K,LR_Entire_Time,LR_Entire_MAE,LR_Entire_RMSE,LR_Entire_MAD,LR_Cluster_Time_Avg,LR_Cluster_MAE_Avg,LR_Cluster_RMSE_Avg,LR_Cluster_MAD_Avg,LR_Euc_Time_Avg,LR_Euc_MAE_Avg,LR_Euc_RMSE_Avg,LR_Euc_MAD_Avg,RF_Entire_Time,RF_Entire_MAE,RF_Entire_RMSE,RF_Entire_MAD,RF_Cluster_Time_Avg,RF_Cluster_MAE_Avg,RF_Cluster_RMSE_Avg,RF_Cluster_MAD_Avg,RF_Euc_Time_Avg,RF_Euc_MAE_Avg,RF_Euc_RMSE_Avg,RF_Euc_MAD_Avg,NN_Entire_Time,NN_Entire_MAE,NN_Entire_RMSE,NN_Entire_MAD,NN_Cluster_Time_Avg,NN_Cluster_MAE_Avg,NN_Cluster_RMSE_Avg,NN_Cluster_MAD_Avg,NN_Euc_Time_Avg,NN_Euc_MAE_Avg,NN_Euc_RMSE_Avg,NN_Euc_MAD_Avg,GP_Entire_Time,GP_Entire_MAE,GP_Entire_RMSE,GP_Entire_MAD,GP_Cluster_Time_Avg,GP_Cluster_MAE_Avg,GP_Cluster_RMSE_Avg,GP_Cluster_MAD_Avg,GP_Euc_Time_Avg,GP_Euc_MAE_Avg,GP_Euc_RMSE_Avg,GP_Euc_MAD_Avg,GB_Entire_Time,GB_Entire_MAE,GB_Entire_RMSE,GB_Entire_MAD,GB_Cluster_Time_Avg,GB_Cluster_MAE_Avg,GB_Cluster_RMSE_Avg,GB_Cluster_MAD_Avg,GB_Euc_Time_Avg,GB_Euc_MAE_Avg,GB_Euc_RMSE_Avg,GB_Euc_MAD_Avg
100,2,0.5,1.0,5,0.0002720355987548828,0.19598571368711998,0.2658167496676893,0.12690348231686688,0.00032477378845214845,0.38004057672611,0.41121368324713287,0.34886090017975613,0.0002396106719970703,0.4007447265730434,0.4565610032085704,0.3078634957211154,0.04495525360107422,0.03957123408412626,0.04786877035445216,0.0313268898327701,0.040357780456542966,0.43379814137372075,0.594553928153372,0.23522115893920717,0.03949031829833984,0.2655178641421142,0.3180959656483458,0.23752216616760274,0.025233983993530273,0.24165045312836836,0.3689100670822631,0.12613116153979964,0.010225248336791993,0.490170927785765,0.5063500695532244,0.4743957062796252,0.009595870971679688,1.0099124130225101,1.0639785479925705,0.9302286438899244,0.037336111068725586,0.14043128,0.21644284,0.062149398,0.02884202003479004,0.40731353,0.51633525,0.2800881,0.02909708023071289,0.26822087,0.30627936,0.24485402,0.014332771301269531,0.03160754307074324,0.043837808100328064,0.020619784194724267,0.010456132888793945,0.47492264659580175,0.6887824492682882,0.20908855486857317,0.010454130172729493,0.2313562838587623,0.28247720192131187,0.19424304809832074
