N,Norm,Lambda,Gamma,K,LR_Entire_Time,LR_Entire_MAE,LR_Entire_RMSE,LR_Entire_MAD,LR_Cluster_Time_Avg,LR_Cluster_MAE_Avg,LR_Cluster_RMSE_Avg,LR_Cluster_MAD_Avg,LR_Euc_Time_Avg,LR_Euc_MAE_Avg,LR_Euc_RMSE_Avg,LR_Euc_MAD_Avg,RF_Entire_Time,RF_Entire_MAE,RF_Entire_RMSE,RF_Entire_MAD,RF_Cluster_Time_Avg,RF_Cluster_MAE_Avg,RF_Cluster_RMSE_Avg,RF_Cluster_MAD_Avg,RF_Euc_Time_Avg,RF_Euc_MAE_Avg,RF_Euc_RMSE_Avg,RF_Euc_MAD_Avg,NN_Entire_Time,NN_Entire_MAE,NN_Entire_RMSE,NN_Entire_MAD,NN_Cluster_Time_Avg,NN_Cluster_MAE_Avg,NN_Cluster_RMSE_Avg,NN_Cluster_MAD_Avg,NN_Euc_Time_Avg,NN_Euc_MAE_Avg,NN_Euc_RMSE_Avg,NN_Euc_MAD_Avg,GB_Entire_Time,GB_Entire_MAE,GB_Entire_RMSE,GB_Entire_MAD,GB_Cluster_Time_Avg,GB_Cluster_MAE_Avg,GB_Cluster_RMSE_Avg,GB_Cluster_MAD_Avg,GB_Euc_Time_Avg,GB_Euc_MAE_Avg,GB_Euc_RMSE_Avg,GB_Euc_MAD_Avg
50000,1,0.9,0.5,5,0.003192901611328125,0.06625561675942009,0.3233405659660932,0.03390383380555034,0.000926065444946289,0.14171690664156503,0.35104013995179517,0.09893981873930807,0.0008821487426757812,0.1801006369020747,0.4476572912709266,0.11853718463557242,11.18166995048523,0.04263453133836269,0.2162686580380481,0.01591519283424589,1.9599314212799073,0.11999747966577298,0.32257762269048396,0.0658229479333928,1.9262191295623778,0.11983791544556979,0.3918782116264742,0.05359927789092339,8.47197413444519,0.049225569320576645,0.22478916841903238,0.01582033308861283,0.9490254402160645,0.10287545684664853,0.29700100860988476,0.055864361934511345,0.5780463218688965,0.11435944861089826,0.37336897724711593,0.049390804415899894,3.2556989192962646,0.04809770654774719,0.22064116657007313,0.022824623588756338,0.6349905967712403,0.11586627580969903,0.3089843889054501,0.07268156902525641,0.6364097118377685,0.12016211781234906,0.38806828175260805,0.061909545338791006
