N,Norm,Lambda,Gamma,K,LR_Entire_Time,LR_Entire_MAE,LR_Entire_RMSE,LR_Entire_MAD,LR_Cluster_Time_Avg,LR_Cluster_MAE_Avg,LR_Cluster_RMSE_Avg,LR_Cluster_MAD_Avg,LR_Euc_Time_Avg,LR_Euc_MAE_Avg,LR_Euc_RMSE_Avg,LR_Euc_MAD_Avg,RF_Entire_Time,RF_Entire_MAE,RF_Entire_RMSE,RF_Entire_MAD,RF_Cluster_Time_Avg,RF_Cluster_MAE_Avg,RF_Cluster_RMSE_Avg,RF_Cluster_MAD_Avg,RF_Euc_Time_Avg,RF_Euc_MAE_Avg,RF_Euc_RMSE_Avg,RF_Euc_MAD_Avg,NN_Entire_Time,NN_Entire_MAE,NN_Entire_RMSE,NN_Entire_MAD,NN_Cluster_Time_Avg,NN_Cluster_MAE_Avg,NN_Cluster_RMSE_Avg,NN_Cluster_MAD_Avg,NN_Euc_Time_Avg,NN_Euc_MAE_Avg,NN_Euc_RMSE_Avg,NN_Euc_MAD_Avg,GB_Entire_Time,GB_Entire_MAE,GB_Entire_RMSE,GB_Entire_MAD,GB_Cluster_Time_Avg,GB_Cluster_MAE_Avg,GB_Cluster_RMSE_Avg,GB_Cluster_MAD_Avg,GB_Euc_Time_Avg,GB_Euc_MAE_Avg,GB_Euc_RMSE_Avg,GB_Euc_MAD_Avg
100000,1,0.5,1.0,3,0.005812168121337891,0.0643103041422581,0.30043950634238437,0.03601264487927863,0.002596616744995117,0.09522305770769506,0.3013637293500134,0.06023982644164263,0.002346038818359375,0.13700685445944463,0.42404110391471833,0.08132741789522079,25.345518112182617,0.039375240547601956,0.19062892225377373,0.015058241527156818,7.829378684361775,0.07262498524225199,0.2489722267767395,0.034538130640131316,7.595083951950073,0.0839455499716143,0.3366199984713949,0.03293189778252611,13.666413068771362,0.03838098432439775,0.19594040399620694,0.012922173688559746,3.2313055992126465,0.06659293011003002,0.23178949292195758,0.03272799123561413,2.8580900033315024,0.08491716393297938,0.322932473488929,0.03833293292562343,6.604786157608032,0.04385347078783012,0.19107839700355422,0.02157238360005642,2.146718660990397,0.07409324031699302,0.24308936718009908,0.042622469665298895,2.157695690790812,0.08421770067608159,0.32963614030727123,0.040677192949350065
