N,Norm,Lambda,Gamma,K,LR_Entire_Time,LR_Entire_MAE,LR_Entire_RMSE,LR_Entire_MAD,LR_Cluster_Time_Avg,LR_Cluster_MAE_Avg,LR_Cluster_RMSE_Avg,LR_Cluster_MAD_Avg,LR_Euc_Time_Avg,LR_Euc_MAE_Avg,LR_Euc_RMSE_Avg,LR_Euc_MAD_Avg,RF_Entire_Time,RF_Entire_MAE,RF_Entire_RMSE,RF_Entire_MAD,RF_Cluster_Time_Avg,RF_Cluster_MAE_Avg,RF_Cluster_RMSE_Avg,RF_Cluster_MAD_Avg,RF_Euc_Time_Avg,RF_Euc_MAE_Avg,RF_Euc_RMSE_Avg,RF_Euc_MAD_Avg,NN_Entire_Time,NN_Entire_MAE,NN_Entire_RMSE,NN_Entire_MAD,NN_Cluster_Time_Avg,NN_Cluster_MAE_Avg,NN_Cluster_RMSE_Avg,NN_Cluster_MAD_Avg,NN_Euc_Time_Avg,NN_Euc_MAE_Avg,NN_Euc_RMSE_Avg,NN_Euc_MAD_Avg,GP_Entire_Time,GP_Entire_MAE,GP_Entire_RMSE,GP_Entire_MAD,GP_Cluster_Time_Avg,GP_Cluster_MAE_Avg,GP_Cluster_RMSE_Avg,GP_Cluster_MAD_Avg,GP_Euc_Time_Avg,GP_Euc_MAE_Avg,GP_Euc_RMSE_Avg,GP_Euc_MAD_Avg,GB_Entire_Time,GB_Entire_MAE,GB_Entire_RMSE,GB_Entire_MAD,GB_Cluster_Time_Avg,GB_Cluster_MAE_Avg,GB_Cluster_RMSE_Avg,GB_Cluster_MAD_Avg,GB_Euc_Time_Avg,GB_Euc_MAE_Avg,GB_Euc_RMSE_Avg,GB_Euc_MAD_Avg
500,2,0.5,1.0,3,0.00028705596923828125,0.04554139396076337,0.06322217389655631,0.03166617154606036,0.00031304359436035156,0.1074894934028268,0.34712811407786576,0.043495797090600245,0.0002760887145996094,0.27618815225710247,1.0147403203107357,0.05580047882265921,0.08774876594543457,0.03441124446286623,0.055193415545031335,0.02162404795504902,0.05394458770751953,0.10355229401806214,0.23452292301556557,0.05228639380388831,0.05255619684855143,0.2788320298964591,1.0118954637330315,0.052431080415665306,0.07541084289550781,0.06823727090600298,0.10009046440008772,0.04500821919592346,0.039551734924316406,0.12983472356530082,0.3642109819270247,0.05542843496449973,0.03248389561971029,0.2953321747136397,1.0371685896132297,0.0641080777816785,0.10268402099609375,0.07147561,0.10188179,0.046482205,0.055149078369140625,0.15433902,0.3164414,0.07122023,0.04823470115661621,0.28728575,1.0126005,0.061822545,0.03784298896789551,0.03294324348953349,0.054235866134255496,0.020239565209988514,0.019676049550374348,0.08632331583194496,0.15601550121523278,0.04542547365734908,0.01878205935160319,0.2810847901459778,1.0126509923277205,0.054111870624375
