N,Norm,Lambda,Gamma,K,LR_Entire_Time,LR_Entire_MAE,LR_Entire_RMSE,LR_Entire_MAD,LR_Cluster_Time_Avg,LR_Cluster_MAE_Avg,LR_Cluster_RMSE_Avg,LR_Cluster_MAD_Avg,LR_Euc_Time_Avg,LR_Euc_MAE_Avg,LR_Euc_RMSE_Avg,LR_Euc_MAD_Avg,RF_Entire_Time,RF_Entire_MAE,RF_Entire_RMSE,RF_Entire_MAD,RF_Cluster_Time_Avg,RF_Cluster_MAE_Avg,RF_Cluster_RMSE_Avg,RF_Cluster_MAD_Avg,RF_Euc_Time_Avg,RF_Euc_MAE_Avg,RF_Euc_RMSE_Avg,RF_Euc_MAD_Avg,NN_Entire_Time,NN_Entire_MAE,NN_Entire_RMSE,NN_Entire_MAD,NN_Cluster_Time_Avg,NN_Cluster_MAE_Avg,NN_Cluster_RMSE_Avg,NN_Cluster_MAD_Avg,NN_Euc_Time_Avg,NN_Euc_MAE_Avg,NN_Euc_RMSE_Avg,NN_Euc_MAD_Avg,GP_Entire_Time,GP_Entire_MAE,GP_Entire_RMSE,GP_Entire_MAD,GP_Cluster_Time_Avg,GP_Cluster_MAE_Avg,GP_Cluster_RMSE_Avg,GP_Cluster_MAD_Avg,GP_Euc_Time_Avg,GP_Euc_MAE_Avg,GP_Euc_RMSE_Avg,GP_Euc_MAD_Avg,GB_Entire_Time,GB_Entire_MAE,GB_Entire_RMSE,GB_Entire_MAD,GB_Cluster_Time_Avg,GB_Cluster_MAE_Avg,GB_Cluster_RMSE_Avg,GB_Cluster_MAD_Avg,GB_Euc_Time_Avg,GB_Euc_MAE_Avg,GB_Euc_RMSE_Avg,GB_Euc_MAD_Avg
500,1,0.9,0.5,6,0.00041222572326660156,0.04554139396076337,0.06322217389655631,0.03166617154606036,0.0004164377848307292,0.1760974524289212,0.31830583599309886,0.1233304401198712,0.0003495216369628906,0.19921843298696848,0.25486940794286467,0.17387360374618732,0.08768010139465332,0.035436681623741965,0.055057119401552904,0.02348263190521227,0.047173380851745605,0.1766601281423673,0.2781463909995317,0.11190244176726231,0.04348039627075195,0.1659205389675139,0.23581574794435026,0.1293930871053648,0.07313895225524902,0.06545316322026527,0.0953339741194855,0.04588473100652127,0.023263732592264812,0.19910393403323035,0.35414540017074386,0.1235891879434086,0.02266387144724528,0.157240082908119,0.2279923095245996,0.11753684939304744,0.08884906768798828,0.07147561,0.10188179,0.046482205,0.03748762607574463,0.21956277,0.3699956,0.14871815,0.03463439146677653,0.13239518,0.21830045,0.07401103,0.03654313087463379,0.03292142732450567,0.05426900127869456,0.020239565209988486,0.013648072878519693,0.16216551025054107,0.2383674250018635,0.11164846631482182,0.013670921325683594,0.14123369891917345,0.2199704060915129,0.09115302598313792
