N,Norm,Lambda,Gamma,K,LR_Entire_Time,LR_Entire_MAE,LR_Entire_RMSE,LR_Entire_MAD,LR_Cluster_Time_Avg,LR_Cluster_MAE_Avg,LR_Cluster_RMSE_Avg,LR_Cluster_MAD_Avg,LR_Euc_Time_Avg,LR_Euc_MAE_Avg,LR_Euc_RMSE_Avg,LR_Euc_MAD_Avg,RF_Entire_Time,RF_Entire_MAE,RF_Entire_RMSE,RF_Entire_MAD,RF_Cluster_Time_Avg,RF_Cluster_MAE_Avg,RF_Cluster_RMSE_Avg,RF_Cluster_MAD_Avg,RF_Euc_Time_Avg,RF_Euc_MAE_Avg,RF_Euc_RMSE_Avg,RF_Euc_MAD_Avg,NN_Entire_Time,NN_Entire_MAE,NN_Entire_RMSE,NN_Entire_MAD,NN_Cluster_Time_Avg,NN_Cluster_MAE_Avg,NN_Cluster_RMSE_Avg,NN_Cluster_MAD_Avg,NN_Euc_Time_Avg,NN_Euc_MAE_Avg,NN_Euc_RMSE_Avg,NN_Euc_MAD_Avg,GP_Entire_Time,GP_Entire_MAE,GP_Entire_RMSE,GP_Entire_MAD,GP_Cluster_Time_Avg,GP_Cluster_MAE_Avg,GP_Cluster_RMSE_Avg,GP_Cluster_MAD_Avg,GP_Euc_Time_Avg,GP_Euc_MAE_Avg,GP_Euc_RMSE_Avg,GP_Euc_MAD_Avg,GB_Entire_Time,GB_Entire_MAE,GB_Entire_RMSE,GB_Entire_MAD,GB_Cluster_Time_Avg,GB_Cluster_MAE_Avg,GB_Cluster_RMSE_Avg,GB_Cluster_MAD_Avg,GB_Euc_Time_Avg,GB_Euc_MAE_Avg,GB_Euc_RMSE_Avg,GB_Euc_MAD_Avg
10000,1,0.5,0.5,4,0.001093149185180664,0.06792803101151079,0.3219772320780228,0.0359716131146422,0.0006327629089355469,0.11715966440717737,0.28872499929154555,0.08006792390960274,0.0005707740783691406,0.1527846860515306,0.3747429160175923,0.0943320350517892,2.4817569255828857,0.046617419493552706,0.233082998848577,0.01777759864114936,0.6018714308738708,0.10541769635527921,0.2766692930442948,0.058033149961889866,0.5682065486907959,0.10978059516696703,0.345188397402644,0.05193256148287652,0.6779253482818604,0.08010916091536563,0.30528534400493434,0.04231009627886648,0.4627948999404907,0.10635343770042338,0.2706505918165611,0.060113793794496884,0.3668302297592163,0.1274290609308857,0.35172001776901024,0.054114630515517556,12.113394260406494,0.07061892,0.25941843,0.023913741,1.2601154446601868,0.09387067,0.2635969,0.04913327,1.4474663138389587,0.101769164,0.33380705,0.041184057,0.9041259288787842,0.04883305838185136,0.2373448222965578,0.023290466776537094,0.22546595335006714,0.09720630682169322,0.26124200372630024,0.06081485099341688,0.22805821895599365,0.10474865659628985,0.3566854118747132,0.0491937658057116
