N,Norm,Lambda,Gamma,K,LR_Entire_Time,LR_Entire_MAE,LR_Entire_RMSE,LR_Entire_MAD,LR_Cluster_Time_Avg,LR_Cluster_MAE_Avg,LR_Cluster_RMSE_Avg,LR_Cluster_MAD_Avg,LR_Euc_Time_Avg,LR_Euc_MAE_Avg,LR_Euc_RMSE_Avg,LR_Euc_MAD_Avg,RF_Entire_Time,RF_Entire_MAE,RF_Entire_RMSE,RF_Entire_MAD,RF_Cluster_Time_Avg,RF_Cluster_MAE_Avg,RF_Cluster_RMSE_Avg,RF_Cluster_MAD_Avg,RF_Euc_Time_Avg,RF_Euc_MAE_Avg,RF_Euc_RMSE_Avg,RF_Euc_MAD_Avg,NN_Entire_Time,NN_Entire_MAE,NN_Entire_RMSE,NN_Entire_MAD,NN_Cluster_Time_Avg,NN_Cluster_MAE_Avg,NN_Cluster_RMSE_Avg,NN_Cluster_MAD_Avg,NN_Euc_Time_Avg,NN_Euc_MAE_Avg,NN_Euc_RMSE_Avg,NN_Euc_MAD_Avg,GP_Entire_Time,GP_Entire_MAE,GP_Entire_RMSE,GP_Entire_MAD,GP_Cluster_Time_Avg,GP_Cluster_MAE_Avg,GP_Cluster_RMSE_Avg,GP_Cluster_MAD_Avg,GP_Euc_Time_Avg,GP_Euc_MAE_Avg,GP_Euc_RMSE_Avg,GP_Euc_MAD_Avg,GB_Entire_Time,GB_Entire_MAE,GB_Entire_RMSE,GB_Entire_MAD,GB_Cluster_Time_Avg,GB_Cluster_MAE_Avg,GB_Cluster_RMSE_Avg,GB_Cluster_MAD_Avg,GB_Euc_Time_Avg,GB_Euc_MAE_Avg,GB_Euc_RMSE_Avg,GB_Euc_MAD_Avg
500,1,0.5,2.0,3,0.00037217140197753906,0.04554139396076337,0.06322217389655631,0.03166617154606036,0.00045426686604817707,0.1074894934028268,0.34712811407786576,0.043495797090600245,0.00034689903259277344,0.27618815225710247,1.0147403203107357,0.05580047882265921,0.08311772346496582,0.03474047418845682,0.055317225916837034,0.02133203621869274,0.05203326543172201,0.10208928113523323,0.20960182405535624,0.05672102785837149,0.04938340187072754,0.27909922856111535,1.012418995894868,0.05489175337847905,0.03997015953063965,0.06981586120179269,0.10038650583557301,0.049358672081622756,0.021329323450724285,0.13411534321741334,0.3657335446413747,0.05729332770305456,0.019915024439493816,0.2898828564850627,1.0317160252366084,0.06394457730575817,0.08476710319519043,0.07147561,0.10188179,0.046482205,0.05104502042134603,0.15433902,0.3164414,0.07122023,0.04246703783671061,0.28728575,1.0126005,0.061822545,0.035967111587524414,0.03295844798113527,0.05423650754156874,0.020239565209988486,0.018069982528686523,0.08547352391759337,0.1549034819699849,0.04589491756920253,0.01795029640197754,0.28100651915180624,1.0126292668583703,0.05116132436598381
