N,Norm,Lambda,Gamma,K,LR_Entire_Time,LR_Entire_MAE,LR_Entire_RMSE,LR_Entire_MAD,LR_Cluster_Time_Avg,LR_Cluster_MAE_Avg,LR_Cluster_RMSE_Avg,LR_Cluster_MAD_Avg,LR_Euc_Time_Avg,LR_Euc_MAE_Avg,LR_Euc_RMSE_Avg,LR_Euc_MAD_Avg,RF_Entire_Time,RF_Entire_MAE,RF_Entire_RMSE,RF_Entire_MAD,RF_Cluster_Time_Avg,RF_Cluster_MAE_Avg,RF_Cluster_RMSE_Avg,RF_Cluster_MAD_Avg,RF_Euc_Time_Avg,RF_Euc_MAE_Avg,RF_Euc_RMSE_Avg,RF_Euc_MAD_Avg,NN_Entire_Time,NN_Entire_MAE,NN_Entire_RMSE,NN_Entire_MAD,NN_Cluster_Time_Avg,NN_Cluster_MAE_Avg,NN_Cluster_RMSE_Avg,NN_Cluster_MAD_Avg,NN_Euc_Time_Avg,NN_Euc_MAE_Avg,NN_Euc_RMSE_Avg,NN_Euc_MAD_Avg,GB_Entire_Time,GB_Entire_MAE,GB_Entire_RMSE,GB_Entire_MAD,GB_Cluster_Time_Avg,GB_Cluster_MAE_Avg,GB_Cluster_RMSE_Avg,GB_Cluster_MAD_Avg,GB_Euc_Time_Avg,GB_Euc_MAE_Avg,GB_Euc_RMSE_Avg,GB_Euc_MAD_Avg
50000,1,0.1,2.0,6,0.003367900848388672,0.06625561675942009,0.3233405659660932,0.03390383380555034,0.0010686715443929036,0.17463796819086966,0.4251838065379087,0.12470040329085268,0.0008919636408487955,0.20122471643992257,0.43971392570599005,0.13565499272950057,11.264791011810303,0.042388282381012325,0.21417597439319336,0.015782712081781017,1.6059331893920898,0.14897288978395343,0.4012173493173384,0.08351799409898596,1.5810556809107463,0.14177454604791176,0.39944609598610903,0.06576027170472508,10.63829493522644,0.06254843225323334,0.22239651835784877,0.02922541247014554,0.9908460776011149,0.12580433711359199,0.37490558485606446,0.06944699331532325,0.6600753466288248,0.12840906612849076,0.3731937842546949,0.06212092152349127,3.2327089309692383,0.04807493230058964,0.22021041058536947,0.022824623588756227,0.5241633256276449,0.14431926279303897,0.38816609940712216,0.09070863092382919,0.5261877377827963,0.14230590819225972,0.3991138454981644,0.0746065970305191
