N,Norm,Lambda,Gamma,K,LR_Entire_Time,LR_Entire_MAE,LR_Entire_RMSE,LR_Entire_MAD,LR_Cluster_Time_Avg,LR_Cluster_MAE_Avg,LR_Cluster_RMSE_Avg,LR_Cluster_MAD_Avg,LR_Euc_Time_Avg,LR_Euc_MAE_Avg,LR_Euc_RMSE_Avg,LR_Euc_MAD_Avg,RF_Entire_Time,RF_Entire_MAE,RF_Entire_RMSE,RF_Entire_MAD,RF_Cluster_Time_Avg,RF_Cluster_MAE_Avg,RF_Cluster_RMSE_Avg,RF_Cluster_MAD_Avg,RF_Euc_Time_Avg,RF_Euc_MAE_Avg,RF_Euc_RMSE_Avg,RF_Euc_MAD_Avg,NN_Entire_Time,NN_Entire_MAE,NN_Entire_RMSE,NN_Entire_MAD,NN_Cluster_Time_Avg,NN_Cluster_MAE_Avg,NN_Cluster_RMSE_Avg,NN_Cluster_MAD_Avg,NN_Euc_Time_Avg,NN_Euc_MAE_Avg,NN_Euc_RMSE_Avg,NN_Euc_MAD_Avg,GP_Entire_Time,GP_Entire_MAE,GP_Entire_RMSE,GP_Entire_MAD,GP_Cluster_Time_Avg,GP_Cluster_MAE_Avg,GP_Cluster_RMSE_Avg,GP_Cluster_MAD_Avg,GP_Euc_Time_Avg,GP_Euc_MAE_Avg,GP_Euc_RMSE_Avg,GP_Euc_MAD_Avg,GB_Entire_Time,GB_Entire_MAE,GB_Entire_RMSE,GB_Entire_MAD,GB_Cluster_Time_Avg,GB_Cluster_MAE_Avg,GB_Cluster_RMSE_Avg,GB_Cluster_MAD_Avg,GB_Euc_Time_Avg,GB_Euc_MAE_Avg,GB_Euc_RMSE_Avg,GB_Euc_MAD_Avg
1000,1,0.5,2.0,4,0.0003342628479003906,0.03174555839505721,0.043465480669550194,0.023354845822268516,0.0003197789192199707,0.09382534242809296,0.13102556231420276,0.07650186720028314,0.0003077387809753418,0.11933357968464367,0.15914693815912323,0.09691046142812622,0.14794111251831055,0.027184963404138795,0.03610438781408348,0.021268297736810937,0.06044524908065796,0.09820833792824443,0.1481369307541731,0.06591706380231818,0.05917179584503174,0.0747636194540782,0.10946971746190834,0.05123946441356215,0.057492971420288086,0.058406441093491246,0.08156929036091908,0.04546283512809818,0.057606518268585205,0.11319933081816186,0.16877006374979225,0.07512345347019148,0.039243459701538086,0.1283431501752884,0.1879417341053384,0.0982746402652992,0.1934981346130371,0.047523502,0.08538143,0.030398354,0.058039844036102295,0.103373095,0.17265856,0.06926249,0.05195730924606323,0.10506934,0.17928883,0.0619057,0.06322312355041504,0.023020791441607652,0.029956606433232044,0.019896181155514364,0.02251380681991577,0.09156599153456352,0.134288546874196,0.06281743509597787,0.022538721561431885,0.0739888515383902,0.1111198827871388,0.05209332395753281
