N,Norm,Lambda,Gamma,K,LR_Entire_Time,LR_Entire_MAE,LR_Entire_RMSE,LR_Entire_MAD,LR_Cluster_Time_Avg,LR_Cluster_MAE_Avg,LR_Cluster_RMSE_Avg,LR_Cluster_MAD_Avg,LR_Euc_Time_Avg,LR_Euc_MAE_Avg,LR_Euc_RMSE_Avg,LR_Euc_MAD_Avg,RF_Entire_Time,RF_Entire_MAE,RF_Entire_RMSE,RF_Entire_MAD,RF_Cluster_Time_Avg,RF_Cluster_MAE_Avg,RF_Cluster_RMSE_Avg,RF_Cluster_MAD_Avg,RF_Euc_Time_Avg,RF_Euc_MAE_Avg,RF_Euc_RMSE_Avg,RF_Euc_MAD_Avg,NN_Entire_Time,NN_Entire_MAE,NN_Entire_RMSE,NN_Entire_MAD,NN_Cluster_Time_Avg,NN_Cluster_MAE_Avg,NN_Cluster_RMSE_Avg,NN_Cluster_MAD_Avg,NN_Euc_Time_Avg,NN_Euc_MAE_Avg,NN_Euc_RMSE_Avg,NN_Euc_MAD_Avg,GB_Entire_Time,GB_Entire_MAE,GB_Entire_RMSE,GB_Entire_MAD,GB_Cluster_Time_Avg,GB_Cluster_MAE_Avg,GB_Cluster_RMSE_Avg,GB_Cluster_MAD_Avg,GB_Euc_Time_Avg,GB_Euc_MAE_Avg,GB_Euc_RMSE_Avg,GB_Euc_MAD_Avg
50000,1,0.5,1.0,6,0.0035371780395507812,0.06625561675942009,0.3233405659660932,0.03390383380555034,0.0016703605651855469,0.17067027062082687,0.3929667284530078,0.1220691580206113,0.0007307926813761393,0.20122471643992257,0.43971392570599005,0.13565499272950057,11.19511604309082,0.04318868870536219,0.21706275145098583,0.015894728327768032,1.6028447548548381,0.14288859308044488,0.3667739643408359,0.07966283630430647,1.5843833684921265,0.14142098611313456,0.39830041558897794,0.06530820348315745,7.426668167114258,0.05372240957098684,0.2244135070830814,0.02086333415897318,0.8908858299255371,0.11823438765277645,0.3399433082745081,0.0610829542650671,0.6039942900339762,0.12952959883430928,0.3726578301764168,0.06458284493479328,3.265072822570801,0.04819333848255598,0.22098468771027396,0.0228246235887562,0.5286285479863485,0.13998984074010987,0.35679536896692343,0.08836350133326525,0.5258964697519938,0.14170869852684045,0.3980518496638914,0.074558617213438
