N,Norm,Lambda,Gamma,K,LR_Entire_Time,LR_Entire_MAE,LR_Entire_RMSE,LR_Entire_MAD,LR_Cluster_Time_Avg,LR_Cluster_MAE_Avg,LR_Cluster_RMSE_Avg,LR_Cluster_MAD_Avg,LR_Cluster_MAE_Median,LR_Cluster_RMSE_Median,LR_Cluster_MAD_Median,RF_Entire_Time,RF_Entire_MAE,RF_Entire_RMSE,RF_Entire_MAD,RF_Cluster_Time_Avg,RF_Cluster_MAE_Avg,RF_Cluster_RMSE_Avg,RF_Cluster_MAD_Avg,RF_Cluster_MAE_Median,RF_Cluster_RMSE_Median,RF_Cluster_MAD_Median,NN_Entire_Time,NN_Entire_MAE,NN_Entire_RMSE,NN_Entire_MAD,NN_Cluster_Time_Avg,NN_Cluster_MAE_Avg,NN_Cluster_RMSE_Avg,NN_Cluster_MAD_Avg,NN_Cluster_MAE_Median,NN_Cluster_RMSE_Median,NN_Cluster_MAD_Median,GP_Entire_Time,GP_Entire_MAE,GP_Entire_RMSE,GP_Entire_MAD,GP_Cluster_Time_Avg,GP_Cluster_MAE_Avg,GP_Cluster_RMSE_Avg,GP_Cluster_MAD_Avg,GP_Cluster_MAE_Median,GP_Cluster_RMSE_Median,GP_Cluster_MAD_Median,GB_Entire_Time,GB_Entire_MAE,GB_Entire_RMSE,GB_Entire_MAD,GB_Cluster_Time_Avg,GB_Cluster_MAE_Avg,GB_Cluster_RMSE_Avg,GB_Cluster_MAD_Avg,GB_Cluster_MAE_Median,GB_Cluster_RMSE_Median,GB_Cluster_MAD_Median
10000,2,0.9,2.0,6,0.0010380744934082031,0.0711493164406142,0.34865177023578486,0.037222118158097006,0.0010098616282145183,0.08410425733320838,0.3816225758902021,0.041116639965467716,0.06903582224866449,0.32375237699206255,0.03557600670117261,1.5948247909545898,0.042713856860379464,0.20476890694438854,0.017190507795012105,0.2173219919204712,0.061844108233933125,0.32357760840548383,0.01748014258916758,0.049685514605903994,0.2877268720784585,0.015556460874764366,2.2681031227111816,0.07888146620081432,0.289612274195132,0.03374040252608981,0.21696988741556802,0.0886829566681535,0.370544526543018,0.02826653344847356,0.07136389017938613,0.3234118716863055,0.027963860585597897,9.481935024261475,0.059964906,0.25244945,0.018212833,0.5895277261734009,0.08097517,0.35350135,0.021322675,0.07201796025037766,0.3159236013889313,0.020073339343070984,0.5860416889190674,0.04601891227135052,0.1952526208642511,0.022916511687970265,0.0904678503672282,0.06079370616490609,0.3246424260344532,0.01923818705997013,0.04470895748641903,0.29826244263174767,0.018229332424280653
