N,Norm,Lambda,Gamma,K,LR_Entire_Time,LR_Entire_MAE,LR_Entire_RMSE,LR_Entire_MAD,LR_Cluster_Time_Avg,LR_Cluster_MAE_Avg,LR_Cluster_RMSE_Avg,LR_Cluster_MAD_Avg,LR_Euc_Time_Avg,LR_Euc_MAE_Avg,LR_Euc_RMSE_Avg,LR_Euc_MAD_Avg,RF_Entire_Time,RF_Entire_MAE,RF_Entire_RMSE,RF_Entire_MAD,RF_Cluster_Time_Avg,RF_Cluster_MAE_Avg,RF_Cluster_RMSE_Avg,RF_Cluster_MAD_Avg,RF_Euc_Time_Avg,RF_Euc_MAE_Avg,RF_Euc_RMSE_Avg,RF_Euc_MAD_Avg,NN_Entire_Time,NN_Entire_MAE,NN_Entire_RMSE,NN_Entire_MAD,NN_Cluster_Time_Avg,NN_Cluster_MAE_Avg,NN_Cluster_RMSE_Avg,NN_Cluster_MAD_Avg,NN_Euc_Time_Avg,NN_Euc_MAE_Avg,NN_Euc_RMSE_Avg,NN_Euc_MAD_Avg,GP_Entire_Time,GP_Entire_MAE,GP_Entire_RMSE,GP_Entire_MAD,GP_Cluster_Time_Avg,GP_Cluster_MAE_Avg,GP_Cluster_RMSE_Avg,GP_Cluster_MAD_Avg,GP_Euc_Time_Avg,GP_Euc_MAE_Avg,GP_Euc_RMSE_Avg,GP_Euc_MAD_Avg,GB_Entire_Time,GB_Entire_MAE,GB_Entire_RMSE,GB_Entire_MAD,GB_Cluster_Time_Avg,GB_Cluster_MAE_Avg,GB_Cluster_RMSE_Avg,GB_Cluster_MAD_Avg,GB_Euc_Time_Avg,GB_Euc_MAE_Avg,GB_Euc_RMSE_Avg,GB_Euc_MAD_Avg
500,1,0.9,0.5,4,0.00031375885009765625,0.04554139396076337,0.06322217389655631,0.03166617154606036,0.00036275386810302734,0.14766683900483232,0.40729910785468043,0.07245678959517823,0.00028651952743530273,0.1579505206000498,0.20729605280178617,0.11993514337159093,0.08478283882141113,0.03506270077795609,0.05601356445705265,0.022995345360139585,0.04692375659942627,0.11896932943436454,0.23710103213797548,0.06976892222363287,0.04656773805618286,0.08054805187243211,0.10696151850695565,0.05555021208807443,0.06690573692321777,0.06983764124071962,0.10170430175862888,0.04340574477507196,0.023719429969787598,0.2026658966509963,0.4514753125565221,0.12419876668075572,0.020624279975891113,0.21850204758591085,0.304638093996542,0.15492971572574357,0.08588075637817383,0.07147561,0.10188179,0.046482205,0.041481614112854004,0.14361505,0.29546657,0.070677884,0.03721731901168823,0.14690587,0.24036019,0.07968679,0.03629016876220703,0.03284204922912739,0.05420966595014404,0.02023956520998843,0.0159151554107666,0.09628007193803143,0.13686492611438983,0.07262622820292688,0.015888750553131104,0.08227469620713583,0.11058911168030515,0.054006478400031394
