N,Norm,Lambda,Gamma,K,LR_Entire_Time,LR_Entire_MAE,LR_Entire_RMSE,LR_Entire_MAD,LR_Cluster_Time_Avg,LR_Cluster_MAE_Avg,LR_Cluster_RMSE_Avg,LR_Cluster_MAD_Avg,LR_Euc_Time_Avg,LR_Euc_MAE_Avg,LR_Euc_RMSE_Avg,LR_Euc_MAD_Avg,RF_Entire_Time,RF_Entire_MAE,RF_Entire_RMSE,RF_Entire_MAD,RF_Cluster_Time_Avg,RF_Cluster_MAE_Avg,RF_Cluster_RMSE_Avg,RF_Cluster_MAD_Avg,RF_Euc_Time_Avg,RF_Euc_MAE_Avg,RF_Euc_RMSE_Avg,RF_Euc_MAD_Avg,NN_Entire_Time,NN_Entire_MAE,NN_Entire_RMSE,NN_Entire_MAD,NN_Cluster_Time_Avg,NN_Cluster_MAE_Avg,NN_Cluster_RMSE_Avg,NN_Cluster_MAD_Avg,NN_Euc_Time_Avg,NN_Euc_MAE_Avg,NN_Euc_RMSE_Avg,NN_Euc_MAD_Avg,GB_Entire_Time,GB_Entire_MAE,GB_Entire_RMSE,GB_Entire_MAD,GB_Cluster_Time_Avg,GB_Cluster_MAE_Avg,GB_Cluster_RMSE_Avg,GB_Cluster_MAD_Avg,GB_Euc_Time_Avg,GB_Euc_MAE_Avg,GB_Euc_RMSE_Avg,GB_Euc_MAD_Avg
50000,1,0.1,1.0,4,0.0034210681915283203,0.06625561675942009,0.3233405659660932,0.03390383380555034,0.0011726617813110352,0.11610723112468681,0.30307161501919017,0.07912388722730612,0.0013900399208068848,0.15681437021266262,0.40509421674927343,0.09586607981260689,11.270378112792969,0.04315983399716082,0.21925853586015734,0.015735589862916323,2.609741985797882,0.09505024148631645,0.27028514620077454,0.04774688241367641,2.5176185965538025,0.09959369665876819,0.3410664167312256,0.04051492075948192,10.00294280052185,0.058640405162862376,0.23409894266332404,0.024182505956999098,1.2938590049743652,0.08961170464845537,0.24824850693379955,0.046871946341626274,0.8772479295730591,0.09711979947815703,0.3142838601728285,0.04171172163748352,3.2697372436523438,0.04826145338307477,0.2212441144990097,0.0228246235887562,0.7999259233474731,0.09400144464327106,0.26073918227053006,0.056127869006722855,0.7859876751899719,0.09903110841051152,0.33332705482360847,0.04658976547083782
