N,Norm,Lambda,Gamma,K,LR_Entire_Time,LR_Entire_MAE,LR_Entire_RMSE,LR_Entire_MAD,LR_Cluster_Time_Avg,LR_Cluster_MAE_Avg,LR_Cluster_RMSE_Avg,LR_Cluster_MAD_Avg,LR_Euc_Time_Avg,LR_Euc_MAE_Avg,LR_Euc_RMSE_Avg,LR_Euc_MAD_Avg,RF_Entire_Time,RF_Entire_MAE,RF_Entire_RMSE,RF_Entire_MAD,RF_Cluster_Time_Avg,RF_Cluster_MAE_Avg,RF_Cluster_RMSE_Avg,RF_Cluster_MAD_Avg,RF_Euc_Time_Avg,RF_Euc_MAE_Avg,RF_Euc_RMSE_Avg,RF_Euc_MAD_Avg,NN_Entire_Time,NN_Entire_MAE,NN_Entire_RMSE,NN_Entire_MAD,NN_Cluster_Time_Avg,NN_Cluster_MAE_Avg,NN_Cluster_RMSE_Avg,NN_Cluster_MAD_Avg,NN_Euc_Time_Avg,NN_Euc_MAE_Avg,NN_Euc_RMSE_Avg,NN_Euc_MAD_Avg,GP_Entire_Time,GP_Entire_MAE,GP_Entire_RMSE,GP_Entire_MAD,GP_Cluster_Time_Avg,GP_Cluster_MAE_Avg,GP_Cluster_RMSE_Avg,GP_Cluster_MAD_Avg,GP_Euc_Time_Avg,GP_Euc_MAE_Avg,GP_Euc_RMSE_Avg,GP_Euc_MAD_Avg,GB_Entire_Time,GB_Entire_MAE,GB_Entire_RMSE,GB_Entire_MAD,GB_Cluster_Time_Avg,GB_Cluster_MAE_Avg,GB_Cluster_RMSE_Avg,GB_Cluster_MAD_Avg,GB_Euc_Time_Avg,GB_Euc_MAE_Avg,GB_Euc_RMSE_Avg,GB_Euc_MAD_Avg
5000,2,0.5,2.0,7,0.0006561279296875,0.06606716257040125,0.2627241057286416,0.044473382092633296,0.0003170967102050781,0.1698224848170647,0.2714022241611285,0.1397793859696785,0.0003238405500139509,0.2309213956600825,0.4281767200218489,0.16803380215287375,0.7704470157623291,0.042219611026552854,0.1904614888158428,0.020342484387630602,0.12155100277491979,0.15313381978047919,0.2822589885159171,0.10468960848709244,0.11967185565403529,0.18879200055643902,0.4253644488412784,0.09975558693603694,1.1371450424194336,0.07766201968513675,0.24607670868388667,0.03608884136491408,0.16246182577950613,0.15601674731588688,0.2756144738847897,0.10180764464631156,0.11806876318795341,0.19154887564356798,0.4100068989748877,0.10502664134028664,2.694429874420166,0.07434189,0.2452009,0.029564232,0.14959454536437988,0.14393234,0.27040833,0.09369852,0.14781856536865234,0.18625943,0.42731166,0.098997764,0.30744194984436035,0.04413513466184439,0.19067240352263382,0.02448690356161356,0.048706259046282084,0.13795846007783405,0.25553412516386,0.09150254552050827,0.049846104213169644,0.1753312733614786,0.4216439471365484,0.09825328373753858
