N,Norm,Lambda,Gamma,K,LR_Entire_Time,LR_Entire_MAE,LR_Entire_RMSE,LR_Entire_MAD,LR_Cluster_Time_Avg,LR_Cluster_MAE_Avg,LR_Cluster_RMSE_Avg,LR_Cluster_MAD_Avg,LR_Euc_Time_Avg,LR_Euc_MAE_Avg,LR_Euc_RMSE_Avg,LR_Euc_MAD_Avg,RF_Entire_Time,RF_Entire_MAE,RF_Entire_RMSE,RF_Entire_MAD,RF_Cluster_Time_Avg,RF_Cluster_MAE_Avg,RF_Cluster_RMSE_Avg,RF_Cluster_MAD_Avg,RF_Euc_Time_Avg,RF_Euc_MAE_Avg,RF_Euc_RMSE_Avg,RF_Euc_MAD_Avg,NN_Entire_Time,NN_Entire_MAE,NN_Entire_RMSE,NN_Entire_MAD,NN_Cluster_Time_Avg,NN_Cluster_MAE_Avg,NN_Cluster_RMSE_Avg,NN_Cluster_MAD_Avg,NN_Euc_Time_Avg,NN_Euc_MAE_Avg,NN_Euc_RMSE_Avg,NN_Euc_MAD_Avg,GP_Entire_Time,GP_Entire_MAE,GP_Entire_RMSE,GP_Entire_MAD,GP_Cluster_Time_Avg,GP_Cluster_MAE_Avg,GP_Cluster_RMSE_Avg,GP_Cluster_MAD_Avg,GP_Euc_Time_Avg,GP_Euc_MAE_Avg,GP_Euc_RMSE_Avg,GP_Euc_MAD_Avg,GB_Entire_Time,GB_Entire_MAE,GB_Entire_RMSE,GB_Entire_MAD,GB_Cluster_Time_Avg,GB_Cluster_MAE_Avg,GB_Cluster_RMSE_Avg,GB_Cluster_MAD_Avg,GB_Euc_Time_Avg,GB_Euc_MAE_Avg,GB_Euc_RMSE_Avg,GB_Euc_MAD_Avg
5000,2,0.1,2.0,4,0.0007188320159912109,0.06606716257040125,0.2627241057286416,0.044473382092633296,0.00034505128860473633,0.12932281660197595,0.36209258624243645,0.08155493542861761,0.00040727853775024414,0.18254281304083378,0.5535900442820251,0.10327444653981978,0.785200834274292,0.04194847114608016,0.18730737288153762,0.020003479909762478,0.199180006980896,0.11810073730448273,0.3610723653495769,0.058214321975763025,0.19298624992370605,0.13758256829112564,0.5151586164049322,0.05295387893565563,1.0384950637817383,0.07423808507924033,0.2483089174981365,0.03049002425518875,0.18684327602386475,0.12819829778674194,0.3535021758284911,0.06670861133188813,0.1334977149963379,0.16305873170611626,0.5272751057135647,0.06592907115375535,3.066391944885254,0.07421042,0.24549234,0.02859947,0.29870325326919556,0.11570965,0.34205127,0.05444792,0.291098952293396,0.15016644,0.5637279,0.047481783,0.30890989303588867,0.0437572802597231,0.18854879665931606,0.024468698072139562,0.09854227304458618,0.11283879851625114,0.35299135620485117,0.05806297424870879,0.08508682250976562,0.13061424330678342,0.5134468511582088,0.04819978476734823
