N,Norm,Lambda,Gamma,K,LR_Entire_Time,LR_Entire_MAE,LR_Entire_RMSE,LR_Entire_MAD,LR_Cluster_Time_Avg,LR_Cluster_MAE_Avg,LR_Cluster_RMSE_Avg,LR_Cluster_MAD_Avg,LR_Euc_Time_Avg,LR_Euc_MAE_Avg,LR_Euc_RMSE_Avg,LR_Euc_MAD_Avg,RF_Entire_Time,RF_Entire_MAE,RF_Entire_RMSE,RF_Entire_MAD,RF_Cluster_Time_Avg,RF_Cluster_MAE_Avg,RF_Cluster_RMSE_Avg,RF_Cluster_MAD_Avg,RF_Euc_Time_Avg,RF_Euc_MAE_Avg,RF_Euc_RMSE_Avg,RF_Euc_MAD_Avg,NN_Entire_Time,NN_Entire_MAE,NN_Entire_RMSE,NN_Entire_MAD,NN_Cluster_Time_Avg,NN_Cluster_MAE_Avg,NN_Cluster_RMSE_Avg,NN_Cluster_MAD_Avg,NN_Euc_Time_Avg,NN_Euc_MAE_Avg,NN_Euc_RMSE_Avg,NN_Euc_MAD_Avg,GP_Entire_Time,GP_Entire_MAE,GP_Entire_RMSE,GP_Entire_MAD,GP_Cluster_Time_Avg,GP_Cluster_MAE_Avg,GP_Cluster_RMSE_Avg,GP_Cluster_MAD_Avg,GP_Euc_Time_Avg,GP_Euc_MAE_Avg,GP_Euc_RMSE_Avg,GP_Euc_MAD_Avg,GB_Entire_Time,GB_Entire_MAE,GB_Entire_RMSE,GB_Entire_MAD,GB_Cluster_Time_Avg,GB_Cluster_MAE_Avg,GB_Cluster_RMSE_Avg,GB_Cluster_MAD_Avg,GB_Euc_Time_Avg,GB_Euc_MAE_Avg,GB_Euc_RMSE_Avg,GB_Euc_MAD_Avg
1000,2,0.5,1.0,3,0.0006511211395263672,0.03174555839505721,0.043465480669550194,0.023354845822268516,0.00044838587443033856,0.07452498042771533,0.10859604046442277,0.05252846897306126,0.00037161509195963543,0.1329384955209603,0.48559749515247447,0.06925113678467147,0.14078283309936523,0.02740621801515223,0.036285924281291064,0.021295049969206725,0.06920838356018066,0.06823853507454196,0.10384027796395924,0.04728233275476734,0.06645663579305013,0.09125963540918132,0.2127159393690187,0.05528996165990655,0.0447697639465332,0.05457146720469669,0.07413897897274309,0.03969835844470487,0.04223195711771647,0.09632827206342287,0.14039893257356378,0.07064500848205436,0.04454199473063151,0.1455294463669077,0.4961173241990862,0.06325150296526882,0.18340516090393066,0.047523502,0.08538143,0.030398354,0.07260966300964355,0.09565455,0.1672859,0.052626017,0.06034620602925619,0.1241591,0.38527405,0.052032042,0.06379008293151855,0.0229750777339861,0.029793401471034143,0.01989618115551464,0.026761372884114582,0.0701962938006554,0.10123112581264744,0.05122610707276739,0.02715301513671875,0.07286943522650478,0.10814852013149319,0.05131419617904986
