N,Norm,Lambda,Gamma,K,LR_Entire_Time,LR_Entire_MAE,LR_Entire_RMSE,LR_Entire_MAD,LR_Cluster_Time_Avg,LR_Cluster_MAE_Avg,LR_Cluster_RMSE_Avg,LR_Cluster_MAD_Avg,LR_Cluster_MAE_Median,LR_Cluster_RMSE_Median,LR_Cluster_MAD_Median,RF_Entire_Time,RF_Entire_MAE,RF_Entire_RMSE,RF_Entire_MAD,RF_Cluster_Time_Avg,RF_Cluster_MAE_Avg,RF_Cluster_RMSE_Avg,RF_Cluster_MAD_Avg,RF_Cluster_MAE_Median,RF_Cluster_RMSE_Median,RF_Cluster_MAD_Median,NN_Entire_Time,NN_Entire_MAE,NN_Entire_RMSE,NN_Entire_MAD,NN_Cluster_Time_Avg,NN_Cluster_MAE_Avg,NN_Cluster_RMSE_Avg,NN_Cluster_MAD_Avg,NN_Cluster_MAE_Median,NN_Cluster_RMSE_Median,NN_Cluster_MAD_Median,GP_Entire_Time,GP_Entire_MAE,GP_Entire_RMSE,GP_Entire_MAD,GP_Cluster_Time_Avg,GP_Cluster_MAE_Avg,GP_Cluster_RMSE_Avg,GP_Cluster_MAD_Avg,GP_Cluster_MAE_Median,GP_Cluster_RMSE_Median,GP_Cluster_MAD_Median,GB_Entire_Time,GB_Entire_MAE,GB_Entire_RMSE,GB_Entire_MAD,GB_Cluster_Time_Avg,GB_Cluster_MAE_Avg,GB_Cluster_RMSE_Avg,GB_Cluster_MAD_Avg,GB_Cluster_MAE_Median,GB_Cluster_RMSE_Median,GB_Cluster_MAD_Median
1000,2,0.9,0.5,6,0.0008718967437744141,0.07572404595198262,0.3176633156201745,0.045674406410488144,0.0007708470026652018,0.1371784600715006,0.3673265998898685,0.06388429135975217,0.1012051128573998,0.24573547117614153,0.013323566403696085,0.14604902267456055,0.022140166955753143,0.031133718982374305,0.016067067498251264,0.05122506618499756,0.10940719451747888,0.31863603020174613,0.03321989834993378,0.06496573999500371,0.10442068677377887,0.02563459530451071,0.12596893310546875,0.09422401138721961,0.3011692111974777,0.03920338872703864,0.0300523042678833,0.1329042681146775,0.3556178577216144,0.05778309643769983,0.09215059133774466,0.15815712664314002,0.05791338132865133,0.2858738899230957,0.09063805,0.28110394,0.036968112,0.054246226946512856,0.117181085,0.32445943,0.032554198,0.05926242843270302,0.09503373503684998,0.03039500117301941,0.06129789352416992,0.022186889321094302,0.02958820519532944,0.017535934789829594,0.017497857411702473,0.10411160441760803,0.3195080431410124,0.02542314754844748,0.059321879070444616,0.08890902257818126,0.024868488456483692
