N,Norm,Lambda,Gamma,K,LR_Entire_Time,LR_Entire_MAE,LR_Entire_RMSE,LR_Entire_MAD,LR_Cluster_Time_Avg,LR_Cluster_MAE_Avg,LR_Cluster_RMSE_Avg,LR_Cluster_MAD_Avg,LR_Euc_Time_Avg,LR_Euc_MAE_Avg,LR_Euc_RMSE_Avg,LR_Euc_MAD_Avg,RF_Entire_Time,RF_Entire_MAE,RF_Entire_RMSE,RF_Entire_MAD,RF_Cluster_Time_Avg,RF_Cluster_MAE_Avg,RF_Cluster_RMSE_Avg,RF_Cluster_MAD_Avg,RF_Euc_Time_Avg,RF_Euc_MAE_Avg,RF_Euc_RMSE_Avg,RF_Euc_MAD_Avg,NN_Entire_Time,NN_Entire_MAE,NN_Entire_RMSE,NN_Entire_MAD,NN_Cluster_Time_Avg,NN_Cluster_MAE_Avg,NN_Cluster_RMSE_Avg,NN_Cluster_MAD_Avg,NN_Euc_Time_Avg,NN_Euc_MAE_Avg,NN_Euc_RMSE_Avg,NN_Euc_MAD_Avg,GP_Entire_Time,GP_Entire_MAE,GP_Entire_RMSE,GP_Entire_MAD,GP_Cluster_Time_Avg,GP_Cluster_MAE_Avg,GP_Cluster_RMSE_Avg,GP_Cluster_MAD_Avg,GP_Euc_Time_Avg,GP_Euc_MAE_Avg,GP_Euc_RMSE_Avg,GP_Euc_MAD_Avg,GB_Entire_Time,GB_Entire_MAE,GB_Entire_RMSE,GB_Entire_MAD,GB_Cluster_Time_Avg,GB_Cluster_MAE_Avg,GB_Cluster_RMSE_Avg,GB_Cluster_MAD_Avg,GB_Euc_Time_Avg,GB_Euc_MAE_Avg,GB_Euc_RMSE_Avg,GB_Euc_MAD_Avg
100,2,0.9,0.5,6,0.0002789497375488281,0.19598571368711998,0.2658167496676893,0.12690348231686688,0.00026798248291015625,0.4626228328241404,0.5355071554047552,0.41513809234109195,0.00029969215393066406,0.4626228328241404,0.5355071554047552,0.41513809234109195,0.044525861740112305,0.03942029149157533,0.04665999826822052,0.03338533540854022,0.039993604024251304,0.3610319549879919,0.40515477104678554,0.3322578242447967,0.038083950678507485,0.35767741231271044,0.40284544184030113,0.3336861330728809,0.024518966674804688,0.2507972291470869,0.3666520608864272,0.12251107221926699,0.008572856585184732,0.41453702621633637,0.4766173750132121,0.4016005406323367,0.007770617802937825,0.6022164588221073,0.6791091824283124,0.5698446156945723,0.03788399696350098,0.14043128,0.21644284,0.062149398,0.02972455819447835,0.34983072,0.41411725,0.3093361,0.02868012587229411,0.34983072,0.41411725,0.3093361,0.01458883285522461,0.03810048178306304,0.054221807219067754,0.02478653104528547,0.01045536994934082,0.29467058260952467,0.3468693410186154,0.27213753491384957,0.010312438011169434,0.28942651109608225,0.3376024234922177,0.277441198650134
