N,Norm,Lambda,Gamma,K,LR_Entire_Time,LR_Entire_MAE,LR_Entire_RMSE,LR_Entire_MAD,LR_Cluster_Time_Avg,LR_Cluster_MAE_Avg,LR_Cluster_RMSE_Avg,LR_Cluster_MAD_Avg,LR_Euc_Time_Avg,LR_Euc_MAE_Avg,LR_Euc_RMSE_Avg,LR_Euc_MAD_Avg,RF_Entire_Time,RF_Entire_MAE,RF_Entire_RMSE,RF_Entire_MAD,RF_Cluster_Time_Avg,RF_Cluster_MAE_Avg,RF_Cluster_RMSE_Avg,RF_Cluster_MAD_Avg,RF_Euc_Time_Avg,RF_Euc_MAE_Avg,RF_Euc_RMSE_Avg,RF_Euc_MAD_Avg,NN_Entire_Time,NN_Entire_MAE,NN_Entire_RMSE,NN_Entire_MAD,NN_Cluster_Time_Avg,NN_Cluster_MAE_Avg,NN_Cluster_RMSE_Avg,NN_Cluster_MAD_Avg,NN_Euc_Time_Avg,NN_Euc_MAE_Avg,NN_Euc_RMSE_Avg,NN_Euc_MAD_Avg,GB_Entire_Time,GB_Entire_MAE,GB_Entire_RMSE,GB_Entire_MAD,GB_Cluster_Time_Avg,GB_Cluster_MAE_Avg,GB_Cluster_RMSE_Avg,GB_Cluster_MAD_Avg,GB_Euc_Time_Avg,GB_Euc_MAE_Avg,GB_Euc_RMSE_Avg,GB_Euc_MAD_Avg
100000,2,0.9,2.0,5,0.006108999252319336,0.0643103041422581,0.30043950634238437,0.03601264487927863,0.002011537551879883,0.14170812844699518,0.35608050154026805,0.10125110996282316,0.0016769886016845704,0.1810003097263652,0.43049108119569157,0.11850972218814104,25.360191106796265,0.03941275716669573,0.19085149926980366,0.015034415758297812,4.470122289657593,0.11487855677617195,0.3323817596173758,0.06107644732452575,4.402668094635009,0.11600954855641546,0.37284899715902964,0.05069353389860717,12.29028582572937,0.04652770949934812,0.19103622855489472,0.021561676886416976,1.6421167850494385,0.09386040681134838,0.2969839713383292,0.04969341955446074,1.0474249839782714,0.10806983590932365,0.35110906618795856,0.049811542411487095,6.624610900878906,0.043873260776025734,0.19062926241166336,0.021574883164357832,1.2789053916931152,0.11319377250866805,0.33319422358409134,0.07098113417972293,1.2776179313659668,0.1162472748274747,0.36491237702822493,0.05878912480700906
