N,Norm,Lambda,Gamma,K,LR_Entire_Time,LR_Entire_MAE,LR_Entire_RMSE,LR_Entire_MAD,LR_Cluster_Time_Avg,LR_Cluster_MAE_Avg,LR_Cluster_RMSE_Avg,LR_Cluster_MAD_Avg,LR_Euc_Time_Avg,LR_Euc_MAE_Avg,LR_Euc_RMSE_Avg,LR_Euc_MAD_Avg,RF_Entire_Time,RF_Entire_MAE,RF_Entire_RMSE,RF_Entire_MAD,RF_Cluster_Time_Avg,RF_Cluster_MAE_Avg,RF_Cluster_RMSE_Avg,RF_Cluster_MAD_Avg,RF_Euc_Time_Avg,RF_Euc_MAE_Avg,RF_Euc_RMSE_Avg,RF_Euc_MAD_Avg,NN_Entire_Time,NN_Entire_MAE,NN_Entire_RMSE,NN_Entire_MAD,NN_Cluster_Time_Avg,NN_Cluster_MAE_Avg,NN_Cluster_RMSE_Avg,NN_Cluster_MAD_Avg,NN_Euc_Time_Avg,NN_Euc_MAE_Avg,NN_Euc_RMSE_Avg,NN_Euc_MAD_Avg,GP_Entire_Time,GP_Entire_MAE,GP_Entire_RMSE,GP_Entire_MAD,GP_Cluster_Time_Avg,GP_Cluster_MAE_Avg,GP_Cluster_RMSE_Avg,GP_Cluster_MAD_Avg,GP_Euc_Time_Avg,GP_Euc_MAE_Avg,GP_Euc_RMSE_Avg,GP_Euc_MAD_Avg,GB_Entire_Time,GB_Entire_MAE,GB_Entire_RMSE,GB_Entire_MAD,GB_Cluster_Time_Avg,GB_Cluster_MAE_Avg,GB_Cluster_RMSE_Avg,GB_Cluster_MAD_Avg,GB_Euc_Time_Avg,GB_Euc_MAE_Avg,GB_Euc_RMSE_Avg,GB_Euc_MAD_Avg
100,1,0.1,2.0,6,0.0004010200500488281,0.19598571368711998,0.2658167496676893,0.12690348231686688,0.0003116925557454427,0.4626228328241404,0.5355071554047552,0.41513809234109195,0.00023869673411051431,0.4626228328241404,0.5355071554047552,0.41513809234109195,0.04470181465148926,0.03897968935810863,0.04645541704453096,0.03383302085337997,0.03874468803405762,0.30282632080695193,0.34773189366479246,0.2689715418011277,0.039697885513305664,0.3540923500083954,0.4046689452927766,0.32603523172526144,0.02383589744567871,0.25768726873692965,0.3660030513292953,0.10580876107096854,0.0088120698928833,0.47222425690066533,0.5384381759527618,0.44070675154807376,0.008761048316955566,0.42485725779201444,0.49522411187467824,0.4572151787687306,0.0370330810546875,0.14043128,0.21644284,0.062149398,0.029153625170389812,0.34983072,0.41411725,0.3093361,0.028180956840515137,0.34983072,0.41411725,0.3093361,0.013996124267578125,0.03512258505423125,0.04785688634938947,0.024786531045285456,0.010491689046223959,0.30956511607288767,0.3658260604850729,0.2793054993757034,0.010293165842692057,0.3219185425155386,0.38091656224276216,0.3273393272779909
