N,Norm,Lambda,Gamma,K,LR_Entire_Time,LR_Entire_MAE,LR_Entire_RMSE,LR_Entire_MAD,LR_Cluster_Time_Avg,LR_Cluster_MAE_Avg,LR_Cluster_RMSE_Avg,LR_Cluster_MAD_Avg,LR_Euc_Time_Avg,LR_Euc_MAE_Avg,LR_Euc_RMSE_Avg,LR_Euc_MAD_Avg,RF_Entire_Time,RF_Entire_MAE,RF_Entire_RMSE,RF_Entire_MAD,RF_Cluster_Time_Avg,RF_Cluster_MAE_Avg,RF_Cluster_RMSE_Avg,RF_Cluster_MAD_Avg,RF_Euc_Time_Avg,RF_Euc_MAE_Avg,RF_Euc_RMSE_Avg,RF_Euc_MAD_Avg,NN_Entire_Time,NN_Entire_MAE,NN_Entire_RMSE,NN_Entire_MAD,NN_Cluster_Time_Avg,NN_Cluster_MAE_Avg,NN_Cluster_RMSE_Avg,NN_Cluster_MAD_Avg,NN_Euc_Time_Avg,NN_Euc_MAE_Avg,NN_Euc_RMSE_Avg,NN_Euc_MAD_Avg,GB_Entire_Time,GB_Entire_MAE,GB_Entire_RMSE,GB_Entire_MAD,GB_Cluster_Time_Avg,GB_Cluster_MAE_Avg,GB_Cluster_RMSE_Avg,GB_Cluster_MAD_Avg,GB_Euc_Time_Avg,GB_Euc_MAE_Avg,GB_Euc_RMSE_Avg,GB_Euc_MAD_Avg
50000,2,0.1,1.0,5,0.003278017044067383,0.06625561675942009,0.3233405659660932,0.03390383380555034,0.0009503841400146484,0.14297299496571647,0.35999501219288144,0.09977585570369951,0.0009456157684326171,0.1801006369020747,0.4476572912709266,0.11853718463557242,11.037742853164673,0.04258492618830282,0.21407655412157023,0.0159566603868469,1.9442669868469238,0.12022008178842591,0.3421348442569835,0.06489943102687881,1.9051613807678223,0.12008316992932486,0.3931235528767755,0.05344646496325509,10.638788938522339,0.05588548841717659,0.22432636178363333,0.025508175389944432,1.0830989360809327,0.10624534665010679,0.31496271407318516,0.05771244863374939,0.5641692161560059,0.11665756147278157,0.37403445844293026,0.05485194161533746,3.1946258544921875,0.04820590177213122,0.22066029452960254,0.02282462358875645,0.6269247531890869,0.11737240877804182,0.32859399262395106,0.07170438062576286,0.6267824172973633,0.12005946806713119,0.38794019235034893,0.06185835448752547
