N,Norm,Lambda,Gamma,K,LR_Entire_Time,LR_Entire_MAE,LR_Entire_RMSE,LR_Entire_MAD,LR_Cluster_Time_Avg,LR_Cluster_MAE_Avg,LR_Cluster_RMSE_Avg,LR_Cluster_MAD_Avg,LR_Euc_Time_Avg,LR_Euc_MAE_Avg,LR_Euc_RMSE_Avg,LR_Euc_MAD_Avg,RF_Entire_Time,RF_Entire_MAE,RF_Entire_RMSE,RF_Entire_MAD,RF_Cluster_Time_Avg,RF_Cluster_MAE_Avg,RF_Cluster_RMSE_Avg,RF_Cluster_MAD_Avg,RF_Euc_Time_Avg,RF_Euc_MAE_Avg,RF_Euc_RMSE_Avg,RF_Euc_MAD_Avg,NN_Entire_Time,NN_Entire_MAE,NN_Entire_RMSE,NN_Entire_MAD,NN_Cluster_Time_Avg,NN_Cluster_MAE_Avg,NN_Cluster_RMSE_Avg,NN_Cluster_MAD_Avg,NN_Euc_Time_Avg,NN_Euc_MAE_Avg,NN_Euc_RMSE_Avg,NN_Euc_MAD_Avg,GP_Entire_Time,GP_Entire_MAE,GP_Entire_RMSE,GP_Entire_MAD,GP_Cluster_Time_Avg,GP_Cluster_MAE_Avg,GP_Cluster_RMSE_Avg,GP_Cluster_MAD_Avg,GP_Euc_Time_Avg,GP_Euc_MAE_Avg,GP_Euc_RMSE_Avg,GP_Euc_MAD_Avg,GB_Entire_Time,GB_Entire_MAE,GB_Entire_RMSE,GB_Entire_MAD,GB_Cluster_Time_Avg,GB_Cluster_MAE_Avg,GB_Cluster_RMSE_Avg,GB_Cluster_MAD_Avg,GB_Euc_Time_Avg,GB_Euc_MAE_Avg,GB_Euc_RMSE_Avg,GB_Euc_MAD_Avg
1000,2,0.5,1.0,4,0.0003418922424316406,0.03174555839505721,0.043465480669550194,0.023354845822268516,0.00031876564025878906,0.09382534242809296,0.13102556231420276,0.07650186720028314,0.00032198429107666016,0.11933357968464367,0.15914693815912323,0.09691046142812622,0.14513182640075684,0.02633455907302227,0.035305187643623365,0.020665553562010663,0.05992037057876587,0.09895445175025937,0.14866395478534183,0.06764762693978632,0.15492552518844604,0.07484636515537296,0.10845616859152707,0.052875141929781266,0.04402899742126465,0.05007683929381772,0.0695380749643095,0.03761550197376454,0.04215383529663086,0.11254748850383858,0.1662260213271109,0.0771973064484679,0.03536272048950195,0.13641936489357243,0.20645849452155768,0.09801178114967875,0.26895999908447266,0.047523502,0.08538143,0.030398354,0.05866372585296631,0.103373095,0.17265856,0.06926249,0.05352979898452759,0.10506934,0.17928883,0.0619057,0.06349396705627441,0.023008196112846827,0.0298914456914559,0.01989618115551464,0.022787809371948242,0.09166029343205538,0.13425312960838764,0.06320880699189518,0.02227330207824707,0.07400327615919185,0.11123362967009004,0.05083795338755457
