N,Norm,Lambda,Gamma,K,LR_Entire_Time,LR_Entire_MAE,LR_Entire_RMSE,LR_Entire_MAD,LR_Cluster_Time_Avg,LR_Cluster_MAE_Avg,LR_Cluster_RMSE_Avg,LR_Cluster_MAD_Avg,LR_Euc_Time_Avg,LR_Euc_MAE_Avg,LR_Euc_RMSE_Avg,LR_Euc_MAD_Avg,RF_Entire_Time,RF_Entire_MAE,RF_Entire_RMSE,RF_Entire_MAD,RF_Cluster_Time_Avg,RF_Cluster_MAE_Avg,RF_Cluster_RMSE_Avg,RF_Cluster_MAD_Avg,RF_Euc_Time_Avg,RF_Euc_MAE_Avg,RF_Euc_RMSE_Avg,RF_Euc_MAD_Avg,NN_Entire_Time,NN_Entire_MAE,NN_Entire_RMSE,NN_Entire_MAD,NN_Cluster_Time_Avg,NN_Cluster_MAE_Avg,NN_Cluster_RMSE_Avg,NN_Cluster_MAD_Avg,NN_Euc_Time_Avg,NN_Euc_MAE_Avg,NN_Euc_RMSE_Avg,NN_Euc_MAD_Avg,GP_Entire_Time,GP_Entire_MAE,GP_Entire_RMSE,GP_Entire_MAD,GP_Cluster_Time_Avg,GP_Cluster_MAE_Avg,GP_Cluster_RMSE_Avg,GP_Cluster_MAD_Avg,GP_Euc_Time_Avg,GP_Euc_MAE_Avg,GP_Euc_RMSE_Avg,GP_Euc_MAD_Avg,GB_Entire_Time,GB_Entire_MAE,GB_Entire_RMSE,GB_Entire_MAD,GB_Cluster_Time_Avg,GB_Cluster_MAE_Avg,GB_Cluster_RMSE_Avg,GB_Cluster_MAD_Avg,GB_Euc_Time_Avg,GB_Euc_MAE_Avg,GB_Euc_RMSE_Avg,GB_Euc_MAD_Avg
500,2,0.1,2.0,4,0.0002849102020263672,0.04554139396076337,0.06322217389655631,0.03166617154606036,0.00029200315475463867,0.30531306008656045,0.37953645118079327,0.2688274628492543,0.00024896860122680664,0.1579505206000498,0.20729605280178617,0.11993514337159093,0.08346700668334961,0.03495122176001504,0.05458710315052899,0.02311781019406417,0.0464625358581543,0.12876904264304825,0.20310048984445225,0.07103794991011302,0.0475117564201355,0.08036796248948593,0.10578500416753496,0.06463277961130923,0.06431317329406738,0.07691727760814807,0.10169106822597788,0.06200276507518965,0.025506794452667236,0.17512096742817967,0.23038209524942033,0.1613355248482996,0.022492408752441406,0.1898400040227673,0.27742194706645396,0.13686498048030782,0.09784483909606934,0.07147561,0.10188179,0.046482205,0.05180501937866211,0.11960563,0.17290221,0.07765533,0.04075825214385986,0.14690587,0.24036019,0.07968679,0.036351919174194336,0.0329865763947963,0.05428137568663118,0.020239565209988514,0.01619046926498413,0.1065973645078774,0.15445529525516366,0.07521962414018209,0.0158536434173584,0.08193010314927021,0.11044049906758209,0.05668856101817453
