N,Norm,Lambda,Gamma,K,LR_Entire_Time,LR_Entire_MAE,LR_Entire_RMSE,LR_Entire_MAD,LR_Cluster_Time_Avg,LR_Cluster_MAE_Avg,LR_Cluster_RMSE_Avg,LR_Cluster_MAD_Avg,LR_Euc_Time_Avg,LR_Euc_MAE_Avg,LR_Euc_RMSE_Avg,LR_Euc_MAD_Avg,RF_Entire_Time,RF_Entire_MAE,RF_Entire_RMSE,RF_Entire_MAD,RF_Cluster_Time_Avg,RF_Cluster_MAE_Avg,RF_Cluster_RMSE_Avg,RF_Cluster_MAD_Avg,RF_Euc_Time_Avg,RF_Euc_MAE_Avg,RF_Euc_RMSE_Avg,RF_Euc_MAD_Avg,NN_Entire_Time,NN_Entire_MAE,NN_Entire_RMSE,NN_Entire_MAD,NN_Cluster_Time_Avg,NN_Cluster_MAE_Avg,NN_Cluster_RMSE_Avg,NN_Cluster_MAD_Avg,NN_Euc_Time_Avg,NN_Euc_MAE_Avg,NN_Euc_RMSE_Avg,NN_Euc_MAD_Avg,GP_Entire_Time,GP_Entire_MAE,GP_Entire_RMSE,GP_Entire_MAD,GP_Cluster_Time_Avg,GP_Cluster_MAE_Avg,GP_Cluster_RMSE_Avg,GP_Cluster_MAD_Avg,GP_Euc_Time_Avg,GP_Euc_MAE_Avg,GP_Euc_RMSE_Avg,GP_Euc_MAD_Avg,GB_Entire_Time,GB_Entire_MAE,GB_Entire_RMSE,GB_Entire_MAD,GB_Cluster_Time_Avg,GB_Cluster_MAE_Avg,GB_Cluster_RMSE_Avg,GB_Cluster_MAD_Avg,GB_Euc_Time_Avg,GB_Euc_MAE_Avg,GB_Euc_RMSE_Avg,GB_Euc_MAD_Avg
10000,2,0.5,0.5,4,0.0008287429809570312,0.06792803101151079,0.3219772320780228,0.0359716131146422,0.000523984432220459,0.11715966440717737,0.28872499929154555,0.08006792390960274,0.000460207462310791,0.1527846860515306,0.3747429160175923,0.0943320350517892,1.729768991470337,0.04655284808010182,0.23383483816949238,0.018025250045255625,0.40872329473495483,0.10607878450344338,0.272463637668918,0.061259065051516376,0.3944213390350342,0.1097196839345813,0.34752434882377675,0.0508062887278391,1.700355052947998,0.07600286330680338,0.28596019624207036,0.027320326610886292,0.3708524703979492,0.10358363774815801,0.2702450826909595,0.05472266780584626,0.25142794847488403,0.13141975318119228,0.35263974504704554,0.06096804035632553,9.319602966308594,0.0706753,0.25827137,0.023487687,0.8976039886474609,0.0943968,0.2643428,0.049222503,1.0668975114822388,0.102436334,0.33518472,0.042367294,0.6220970153808594,0.04857152433079214,0.23650809908558096,0.023290466776537067,0.1565333604812622,0.09712036345254188,0.26095868887584966,0.06083752431204267,0.15656936168670654,0.10656058931964736,0.3605254531727299,0.049127083776366966
