N,Norm,Lambda,Gamma,K,LR_Entire_Time,LR_Entire_MAE,LR_Entire_RMSE,LR_Entire_MAD,LR_Cluster_Time_Avg,LR_Cluster_MAE_Avg,LR_Cluster_RMSE_Avg,LR_Cluster_MAD_Avg,LR_Euc_Time_Avg,LR_Euc_MAE_Avg,LR_Euc_RMSE_Avg,LR_Euc_MAD_Avg,RF_Entire_Time,RF_Entire_MAE,RF_Entire_RMSE,RF_Entire_MAD,RF_Cluster_Time_Avg,RF_Cluster_MAE_Avg,RF_Cluster_RMSE_Avg,RF_Cluster_MAD_Avg,RF_Euc_Time_Avg,RF_Euc_MAE_Avg,RF_Euc_RMSE_Avg,RF_Euc_MAD_Avg,NN_Entire_Time,NN_Entire_MAE,NN_Entire_RMSE,NN_Entire_MAD,NN_Cluster_Time_Avg,NN_Cluster_MAE_Avg,NN_Cluster_RMSE_Avg,NN_Cluster_MAD_Avg,NN_Euc_Time_Avg,NN_Euc_MAE_Avg,NN_Euc_RMSE_Avg,NN_Euc_MAD_Avg,GP_Entire_Time,GP_Entire_MAE,GP_Entire_RMSE,GP_Entire_MAD,GP_Cluster_Time_Avg,GP_Cluster_MAE_Avg,GP_Cluster_RMSE_Avg,GP_Cluster_MAD_Avg,GP_Euc_Time_Avg,GP_Euc_MAE_Avg,GP_Euc_RMSE_Avg,GP_Euc_MAD_Avg,GB_Entire_Time,GB_Entire_MAE,GB_Entire_RMSE,GB_Entire_MAD,GB_Cluster_Time_Avg,GB_Cluster_MAE_Avg,GB_Cluster_RMSE_Avg,GB_Cluster_MAD_Avg,GB_Euc_Time_Avg,GB_Euc_MAE_Avg,GB_Euc_RMSE_Avg,GB_Euc_MAD_Avg
500,1,0.1,1.0,4,0.00032067298889160156,0.04554139396076337,0.06322217389655631,0.03166617154606036,0.0002900362014770508,0.14766683900483232,0.40729910785468043,0.07245678959517823,0.0003604888916015625,0.1579505206000498,0.20729605280178617,0.11993514337159093,0.08609199523925781,0.03494469201739951,0.05441898963069727,0.02405713605259746,0.04714155197143555,0.12252848130406384,0.2249729278522352,0.08053177532693784,0.045982420444488525,0.07805323741611833,0.10131212551620561,0.057680621981264085,0.04482293128967285,0.0768255230219757,0.10354074637606707,0.05524705147028863,0.029212236404418945,0.1851362077647125,0.44333707929011823,0.09850160896222136,0.01992213726043701,0.20970587486573278,0.30542026125013555,0.12188353909196593,0.09225106239318848,0.07147561,0.10188179,0.046482205,0.042230188846588135,0.14361505,0.29546657,0.070677884,0.0368880033493042,0.14690587,0.24036019,0.07968679,0.03608083724975586,0.03299780324672407,0.054269677407867416,0.020239565209988486,0.016183137893676758,0.09320907208925122,0.128425917600969,0.06676498100748682,0.016041696071624756,0.0824289893613796,0.11084730885968017,0.05744268362185734
