N,Norm,Lambda,Gamma,K,LR_Entire_Time,LR_Entire_MAE,LR_Entire_RMSE,LR_Entire_MAD,LR_Cluster_Time_Avg,LR_Cluster_MAE_Avg,LR_Cluster_RMSE_Avg,LR_Cluster_MAD_Avg,LR_Euc_Time_Avg,LR_Euc_MAE_Avg,LR_Euc_RMSE_Avg,LR_Euc_MAD_Avg,RF_Entire_Time,RF_Entire_MAE,RF_Entire_RMSE,RF_Entire_MAD,RF_Cluster_Time_Avg,RF_Cluster_MAE_Avg,RF_Cluster_RMSE_Avg,RF_Cluster_MAD_Avg,RF_Euc_Time_Avg,RF_Euc_MAE_Avg,RF_Euc_RMSE_Avg,RF_Euc_MAD_Avg,NN_Entire_Time,NN_Entire_MAE,NN_Entire_RMSE,NN_Entire_MAD,NN_Cluster_Time_Avg,NN_Cluster_MAE_Avg,NN_Cluster_RMSE_Avg,NN_Cluster_MAD_Avg,NN_Euc_Time_Avg,NN_Euc_MAE_Avg,NN_Euc_RMSE_Avg,NN_Euc_MAD_Avg,GP_Entire_Time,GP_Entire_MAE,GP_Entire_RMSE,GP_Entire_MAD,GP_Cluster_Time_Avg,GP_Cluster_MAE_Avg,GP_Cluster_RMSE_Avg,GP_Cluster_MAD_Avg,GP_Euc_Time_Avg,GP_Euc_MAE_Avg,GP_Euc_RMSE_Avg,GP_Euc_MAD_Avg,GB_Entire_Time,GB_Entire_MAE,GB_Entire_RMSE,GB_Entire_MAD,GB_Cluster_Time_Avg,GB_Cluster_MAE_Avg,GB_Cluster_RMSE_Avg,GB_Cluster_MAD_Avg,GB_Euc_Time_Avg,GB_Euc_MAE_Avg,GB_Euc_RMSE_Avg,GB_Euc_MAD_Avg
500,1,0.1,0.5,5,0.00030303001403808594,0.04554139396076337,0.06322217389655631,0.03166617154606036,0.0003574371337890625,0.19424805381119917,0.2531774730441877,0.17907504217975787,0.0003071308135986328,0.19080010923943722,0.2665041350634091,0.15492469542293597,0.08394908905029297,0.034361008153050536,0.05445196457707129,0.020569718355413324,0.04485840797424316,0.14468807919302318,0.20045973991662133,0.08886953338382457,0.04459013938903809,0.1250967781139784,0.202926615160988,0.0736393235946629,0.045842885971069336,0.0726982860102453,0.10018895537106255,0.052625782135412885,0.017653465270996094,0.20044776279132132,0.25915304902116026,0.15450712629931979,0.01936821937561035,0.1724991985205431,0.24594261431116465,0.12469313542868088,0.09101486206054688,0.07147561,0.10188179,0.046482205,0.04023408889770508,0.15359145,0.21348114,0.112929784,0.035168790817260744,0.14958923,0.27006802,0.09142039,0.03581094741821289,0.03303519233526945,0.05431958866999482,0.02023956520998843,0.014609622955322265,0.14693149909448489,0.21679915552215565,0.08163806036823026,0.014511728286743164,0.1152345678248083,0.17861626562458852,0.06462359034280185
