N,Norm,Lambda,Gamma,K,LR_Entire_Time,LR_Entire_MAE,LR_Entire_RMSE,LR_Entire_MAD,LR_Cluster_Time_Avg,LR_Cluster_MAE_Avg,LR_Cluster_RMSE_Avg,LR_Cluster_MAD_Avg,LR_Euc_Time_Avg,LR_Euc_MAE_Avg,LR_Euc_RMSE_Avg,LR_Euc_MAD_Avg,RF_Entire_Time,RF_Entire_MAE,RF_Entire_RMSE,RF_Entire_MAD,RF_Cluster_Time_Avg,RF_Cluster_MAE_Avg,RF_Cluster_RMSE_Avg,RF_Cluster_MAD_Avg,RF_Euc_Time_Avg,RF_Euc_MAE_Avg,RF_Euc_RMSE_Avg,RF_Euc_MAD_Avg,NN_Entire_Time,NN_Entire_MAE,NN_Entire_RMSE,NN_Entire_MAD,NN_Cluster_Time_Avg,NN_Cluster_MAE_Avg,NN_Cluster_RMSE_Avg,NN_Cluster_MAD_Avg,NN_Euc_Time_Avg,NN_Euc_MAE_Avg,NN_Euc_RMSE_Avg,NN_Euc_MAD_Avg,GB_Entire_Time,GB_Entire_MAE,GB_Entire_RMSE,GB_Entire_MAD,GB_Cluster_Time_Avg,GB_Cluster_MAE_Avg,GB_Cluster_RMSE_Avg,GB_Cluster_MAD_Avg,GB_Euc_Time_Avg,GB_Euc_MAE_Avg,GB_Euc_RMSE_Avg,GB_Euc_MAD_Avg
100000,2,0.9,1.0,5,0.006289958953857422,0.0643103041422581,0.30043950634238437,0.03601264487927863,0.002479839324951172,0.14170812844699518,0.35608050154026805,0.10125110996282316,0.0014911174774169921,0.1810003097263652,0.43049108119569157,0.11850972218814104,25.352527141571045,0.03967219580085268,0.19050601088740893,0.015106782086099925,4.4827910423278805,0.1156721453757255,0.3345601256813171,0.06134944190860085,4.405193662643432,0.11712279420118621,0.3759655456687915,0.05047725108006231,15.680548906326294,0.04805711539890779,0.19208411905021497,0.02511115937479519,1.6648381233215332,0.09392953324833901,0.2988815909360505,0.04961017413511466,1.0631436347961425,0.11106046824361035,0.3514387630786512,0.05149966357233249,6.580754041671753,0.043867876672038814,0.19020438009616922,0.02157488316435789,1.2746001720428466,0.11304836839667654,0.3328151278671916,0.07098216225066661,1.2768519878387452,0.11631207207164125,0.365283602738564,0.05878912480700913
