N,Norm,Lambda,Gamma,K,LR_Entire_Time,LR_Entire_MAE,LR_Entire_RMSE,LR_Entire_MAD,LR_Cluster_Time_Avg,LR_Cluster_MAE_Avg,LR_Cluster_RMSE_Avg,LR_Cluster_MAD_Avg,LR_Euc_Time_Avg,LR_Euc_MAE_Avg,LR_Euc_RMSE_Avg,LR_Euc_MAD_Avg,RF_Entire_Time,RF_Entire_MAE,RF_Entire_RMSE,RF_Entire_MAD,RF_Cluster_Time_Avg,RF_Cluster_MAE_Avg,RF_Cluster_RMSE_Avg,RF_Cluster_MAD_Avg,RF_Euc_Time_Avg,RF_Euc_MAE_Avg,RF_Euc_RMSE_Avg,RF_Euc_MAD_Avg,NN_Entire_Time,NN_Entire_MAE,NN_Entire_RMSE,NN_Entire_MAD,NN_Cluster_Time_Avg,NN_Cluster_MAE_Avg,NN_Cluster_RMSE_Avg,NN_Cluster_MAD_Avg,NN_Euc_Time_Avg,NN_Euc_MAE_Avg,NN_Euc_RMSE_Avg,NN_Euc_MAD_Avg,GP_Entire_Time,GP_Entire_MAE,GP_Entire_RMSE,GP_Entire_MAD,GP_Cluster_Time_Avg,GP_Cluster_MAE_Avg,GP_Cluster_RMSE_Avg,GP_Cluster_MAD_Avg,GP_Euc_Time_Avg,GP_Euc_MAE_Avg,GP_Euc_RMSE_Avg,GP_Euc_MAD_Avg,GB_Entire_Time,GB_Entire_MAE,GB_Entire_RMSE,GB_Entire_MAD,GB_Cluster_Time_Avg,GB_Cluster_MAE_Avg,GB_Cluster_RMSE_Avg,GB_Cluster_MAD_Avg,GB_Euc_Time_Avg,GB_Euc_MAE_Avg,GB_Euc_RMSE_Avg,GB_Euc_MAD_Avg
500,2,0.1,2.0,7,0.0003027915954589844,0.04554139396076337,0.06322217389655631,0.03166617154606036,0.0002678462437220982,0.19985492679145225,0.26405681216369936,0.14250515496012572,0.00028957639421735493,0.20348369378037243,0.2748482688447117,0.15414652866212655,0.08596682548522949,0.03427815400364433,0.05400489313796145,0.022490049280665725,0.04427497727530343,0.19212186528963054,0.2553020058246142,0.14976415671220958,0.042613438197544644,0.21408271977406934,0.2911948728413957,0.16153222507836842,0.055238962173461914,0.06947561224350389,0.0975334193861311,0.05293923760091329,0.017634562083653042,0.19234546999392824,0.25293794159383926,0.14309627702921307,0.016126087733677456,0.23798866509680547,0.3745949077046743,0.17393082043455474,0.09366989135742188,0.07147561,0.10188179,0.046482205,0.03821672712053571,0.22036116,0.30528522,0.15828992,0.03367607934134347,0.2248474,0.3449585,0.15436625,0.038186073303222656,0.03297150191833928,0.05428729193590464,0.02023956520998843,0.013636112213134766,0.19199242278310427,0.2635290057322394,0.13258327361510763,0.015062672751290458,0.18969090348893206,0.28564146619837577,0.12831422724728034
