N,Norm,Lambda,Gamma,K,LR_Entire_Time,LR_Entire_MAE,LR_Entire_RMSE,LR_Entire_MAD,LR_Cluster_Time_Avg,LR_Cluster_MAE_Avg,LR_Cluster_RMSE_Avg,LR_Cluster_MAD_Avg,LR_Euc_Time_Avg,LR_Euc_MAE_Avg,LR_Euc_RMSE_Avg,LR_Euc_MAD_Avg,RF_Entire_Time,RF_Entire_MAE,RF_Entire_RMSE,RF_Entire_MAD,RF_Cluster_Time_Avg,RF_Cluster_MAE_Avg,RF_Cluster_RMSE_Avg,RF_Cluster_MAD_Avg,RF_Euc_Time_Avg,RF_Euc_MAE_Avg,RF_Euc_RMSE_Avg,RF_Euc_MAD_Avg,NN_Entire_Time,NN_Entire_MAE,NN_Entire_RMSE,NN_Entire_MAD,NN_Cluster_Time_Avg,NN_Cluster_MAE_Avg,NN_Cluster_RMSE_Avg,NN_Cluster_MAD_Avg,NN_Euc_Time_Avg,NN_Euc_MAE_Avg,NN_Euc_RMSE_Avg,NN_Euc_MAD_Avg,GP_Entire_Time,GP_Entire_MAE,GP_Entire_RMSE,GP_Entire_MAD,GP_Cluster_Time_Avg,GP_Cluster_MAE_Avg,GP_Cluster_RMSE_Avg,GP_Cluster_MAD_Avg,GP_Euc_Time_Avg,GP_Euc_MAE_Avg,GP_Euc_RMSE_Avg,GP_Euc_MAD_Avg,GB_Entire_Time,GB_Entire_MAE,GB_Entire_RMSE,GB_Entire_MAD,GB_Cluster_Time_Avg,GB_Cluster_MAE_Avg,GB_Cluster_RMSE_Avg,GB_Cluster_MAD_Avg,GB_Euc_Time_Avg,GB_Euc_MAE_Avg,GB_Euc_RMSE_Avg,GB_Euc_MAD_Avg
10000,1,0.9,1.0,4,0.0011017322540283203,0.06792803101151079,0.3219772320780228,0.0359716131146422,0.0007745027542114258,0.11715966440717737,0.28872499929154555,0.08006792390960274,0.0005998015403747559,0.1527846860515306,0.3747429160175923,0.0943320350517892,2.4604218006134033,0.046658040884128275,0.2355776986869192,0.018129668186943143,0.6762368083000183,0.10584081296260402,0.2754772321074721,0.05867196613571331,0.5661957859992981,0.10946108528111825,0.3443101414220465,0.051223775475530954,2.5134060382843018,0.07570273670109655,0.2832668607918223,0.030789773973444345,0.4119969606399536,0.10485482537752693,0.2713983731667137,0.056625741082994924,0.2789747714996338,0.1286170883677393,0.34988177809519005,0.05649058177803056,13.286754131317139,0.07102481,0.25897735,0.02438584,1.3121684789657593,0.094352216,0.2642276,0.048817955,1.5761281847953796,0.10206354,0.33508566,0.041019186,0.8975338935852051,0.048833058381851355,0.2373448222965578,0.023290466776536983,0.22727197408676147,0.09703849494539933,0.2604330879225192,0.06066342020865069,0.2271842360496521,0.10428746736708633,0.35573575802685625,0.049212482854104844
