N,Norm,Lambda,Gamma,K,LR_Entire_Time,LR_Entire_MAE,LR_Entire_RMSE,LR_Entire_MAD,LR_Cluster_Time_Avg,LR_Cluster_MAE_Avg,LR_Cluster_RMSE_Avg,LR_Cluster_MAD_Avg,LR_Euc_Time_Avg,LR_Euc_MAE_Avg,LR_Euc_RMSE_Avg,LR_Euc_MAD_Avg,RF_Entire_Time,RF_Entire_MAE,RF_Entire_RMSE,RF_Entire_MAD,RF_Cluster_Time_Avg,RF_Cluster_MAE_Avg,RF_Cluster_RMSE_Avg,RF_Cluster_MAD_Avg,RF_Euc_Time_Avg,RF_Euc_MAE_Avg,RF_Euc_RMSE_Avg,RF_Euc_MAD_Avg,NN_Entire_Time,NN_Entire_MAE,NN_Entire_RMSE,NN_Entire_MAD,NN_Cluster_Time_Avg,NN_Cluster_MAE_Avg,NN_Cluster_RMSE_Avg,NN_Cluster_MAD_Avg,NN_Euc_Time_Avg,NN_Euc_MAE_Avg,NN_Euc_RMSE_Avg,NN_Euc_MAD_Avg,GP_Entire_Time,GP_Entire_MAE,GP_Entire_RMSE,GP_Entire_MAD,GP_Cluster_Time_Avg,GP_Cluster_MAE_Avg,GP_Cluster_RMSE_Avg,GP_Cluster_MAD_Avg,GP_Euc_Time_Avg,GP_Euc_MAE_Avg,GP_Euc_RMSE_Avg,GP_Euc_MAD_Avg,GB_Entire_Time,GB_Entire_MAE,GB_Entire_RMSE,GB_Entire_MAD,GB_Cluster_Time_Avg,GB_Cluster_MAE_Avg,GB_Cluster_RMSE_Avg,GB_Cluster_MAD_Avg,GB_Euc_Time_Avg,GB_Euc_MAE_Avg,GB_Euc_RMSE_Avg,GB_Euc_MAD_Avg
1000,1,0.1,0.5,3,0.0003190040588378906,0.03174555839505721,0.043465480669550194,0.023354845822268516,0.00034538904825846356,0.07452498042771533,0.10859604046442277,0.05252846897306126,0.0003066857655843099,0.1329384955209603,0.48559749515247447,0.06925113678467147,0.14101195335388184,0.026788852926401444,0.035550547797293996,0.02047665004345961,0.0687263011932373,0.06973657981652243,0.10525350398018203,0.0469916115937505,0.06674361228942871,0.10172693399215076,0.2828210504416104,0.057936225616243266,0.05653786659240723,0.054133878244371346,0.0704873131478396,0.04184427237540478,0.044841607411702476,0.09272139696809033,0.12757535620979543,0.07295815182876166,0.04805890719095866,0.15108820947547882,0.511058186552155,0.061102829053059325,0.23319602012634277,0.047523502,0.08538143,0.030398354,0.07147939999898274,0.09565455,0.1672859,0.052626017,0.0631571610768636,0.1241591,0.38527405,0.052032042,0.06369495391845703,0.02300184907320662,0.029841615629996023,0.01989618115551456,0.027628660202026367,0.0695788083444261,0.10110646532032068,0.05183586784659008,0.027461528778076172,0.07288078065781374,0.10822662469043133,0.05131419617904989
