N,Norm,Lambda,Gamma,K,LR_Entire_Time,LR_Entire_MAE,LR_Entire_RMSE,LR_Entire_MAD,LR_Cluster_Time_Avg,LR_Cluster_MAE_Avg,LR_Cluster_RMSE_Avg,LR_Cluster_MAD_Avg,LR_Euc_Time_Avg,LR_Euc_MAE_Avg,LR_Euc_RMSE_Avg,LR_Euc_MAD_Avg,RF_Entire_Time,RF_Entire_MAE,RF_Entire_RMSE,RF_Entire_MAD,RF_Cluster_Time_Avg,RF_Cluster_MAE_Avg,RF_Cluster_RMSE_Avg,RF_Cluster_MAD_Avg,RF_Euc_Time_Avg,RF_Euc_MAE_Avg,RF_Euc_RMSE_Avg,RF_Euc_MAD_Avg,NN_Entire_Time,NN_Entire_MAE,NN_Entire_RMSE,NN_Entire_MAD,NN_Cluster_Time_Avg,NN_Cluster_MAE_Avg,NN_Cluster_RMSE_Avg,NN_Cluster_MAD_Avg,NN_Euc_Time_Avg,NN_Euc_MAE_Avg,NN_Euc_RMSE_Avg,NN_Euc_MAD_Avg,GB_Entire_Time,GB_Entire_MAE,GB_Entire_RMSE,GB_Entire_MAD,GB_Cluster_Time_Avg,GB_Cluster_MAE_Avg,GB_Cluster_RMSE_Avg,GB_Cluster_MAD_Avg,GB_Euc_Time_Avg,GB_Euc_MAE_Avg,GB_Euc_RMSE_Avg,GB_Euc_MAD_Avg
100000,1,0.1,2.0,3,0.0062580108642578125,0.0643103041422581,0.30043950634238437,0.03601264487927863,0.002573251724243164,0.09645104208697797,0.30303035011530693,0.06075543103110955,0.002350966135660807,0.13700685445944463,0.42404110391471833,0.08132741789522079,25.519906997680664,0.03958564654829688,0.19031149854127735,0.015035038073156232,7.873085419336955,0.0746110958917124,0.26224730254422823,0.034495135821796155,7.629462162653605,0.08377845589643901,0.3361040876195893,0.03308218257468067,15.976286888122559,0.04202712778765228,0.19875612346563107,0.017529508960609577,3.348267078399658,0.06931435677987363,0.2468489396966572,0.03409881045218951,2.686830917994181,0.08497819326234057,0.32530189897448647,0.036665518009108625,6.677984952926636,0.04384484543528794,0.19054418057403616,0.021572383600056123,2.1556458473205566,0.07513320663881923,0.25433799790903316,0.04216090690508754,2.168722947438558,0.08415170962100138,0.3294920343545336,0.0406743614918171
