N,Norm,Lambda,Gamma,K,LR_Entire_Time,LR_Entire_MAE,LR_Entire_RMSE,LR_Entire_MAD,LR_Cluster_Time_Avg,LR_Cluster_MAE_Avg,LR_Cluster_RMSE_Avg,LR_Cluster_MAD_Avg,LR_Euc_Time_Avg,LR_Euc_MAE_Avg,LR_Euc_RMSE_Avg,LR_Euc_MAD_Avg,RF_Entire_Time,RF_Entire_MAE,RF_Entire_RMSE,RF_Entire_MAD,RF_Cluster_Time_Avg,RF_Cluster_MAE_Avg,RF_Cluster_RMSE_Avg,RF_Cluster_MAD_Avg,RF_Euc_Time_Avg,RF_Euc_MAE_Avg,RF_Euc_RMSE_Avg,RF_Euc_MAD_Avg,NN_Entire_Time,NN_Entire_MAE,NN_Entire_RMSE,NN_Entire_MAD,NN_Cluster_Time_Avg,NN_Cluster_MAE_Avg,NN_Cluster_RMSE_Avg,NN_Cluster_MAD_Avg,NN_Euc_Time_Avg,NN_Euc_MAE_Avg,NN_Euc_RMSE_Avg,NN_Euc_MAD_Avg,GP_Entire_Time,GP_Entire_MAE,GP_Entire_RMSE,GP_Entire_MAD,GP_Cluster_Time_Avg,GP_Cluster_MAE_Avg,GP_Cluster_RMSE_Avg,GP_Cluster_MAD_Avg,GP_Euc_Time_Avg,GP_Euc_MAE_Avg,GP_Euc_RMSE_Avg,GP_Euc_MAD_Avg,GB_Entire_Time,GB_Entire_MAE,GB_Entire_RMSE,GB_Entire_MAD,GB_Cluster_Time_Avg,GB_Cluster_MAE_Avg,GB_Cluster_RMSE_Avg,GB_Cluster_MAD_Avg,GB_Euc_Time_Avg,GB_Euc_MAE_Avg,GB_Euc_RMSE_Avg,GB_Euc_MAD_Avg
1000,1,0.9,0.5,7,0.0004680156707763672,0.03174555839505721,0.043465480669550194,0.023354845822268516,0.00030725342886788506,0.1619866805230958,0.2233416890422231,0.12561074165295358,0.0002472741263253348,0.24114744200741556,0.497433010418103,0.13447214769055482,0.14218688011169434,0.026913346350730137,0.03544979867930954,0.020364727438536512,0.04890721184866769,0.17931366690816858,0.2532771614198927,0.1292689591071294,0.04961882318769183,0.17503563073343242,0.34176771843849024,0.1012723908357884,0.06523776054382324,0.05837315158818211,0.0798399079334314,0.04598586267175625,0.02674753325326102,0.16201678624671015,0.229922562381584,0.12112219460961135,0.025346926280430386,0.22363789634072143,0.459799962732598,0.12669321880792841,0.190079927444458,0.047523502,0.08538143,0.030398354,0.041691677910940986,0.17421748,0.27143288,0.11049243,0.038199356624058316,0.22839884,0.5366344,0.09300195,0.06539011001586914,0.023099081003020893,0.030006076490238058,0.019896181155514697,0.016873972756522044,0.1645213632128526,0.2392459669872077,0.10281793630402844,0.01682748113359724,0.15976729158695704,0.24746448988122077,0.10981619268944647
