N,Norm,Lambda,Gamma,K,LR_Entire_Time,LR_Entire_MAE,LR_Entire_RMSE,LR_Entire_MAD,LR_Cluster_Time_Avg,LR_Cluster_MAE_Avg,LR_Cluster_RMSE_Avg,LR_Cluster_MAD_Avg,LR_Euc_Time_Avg,LR_Euc_MAE_Avg,LR_Euc_RMSE_Avg,LR_Euc_MAD_Avg,RF_Entire_Time,RF_Entire_MAE,RF_Entire_RMSE,RF_Entire_MAD,RF_Cluster_Time_Avg,RF_Cluster_MAE_Avg,RF_Cluster_RMSE_Avg,RF_Cluster_MAD_Avg,RF_Euc_Time_Avg,RF_Euc_MAE_Avg,RF_Euc_RMSE_Avg,RF_Euc_MAD_Avg,NN_Entire_Time,NN_Entire_MAE,NN_Entire_RMSE,NN_Entire_MAD,NN_Cluster_Time_Avg,NN_Cluster_MAE_Avg,NN_Cluster_RMSE_Avg,NN_Cluster_MAD_Avg,NN_Euc_Time_Avg,NN_Euc_MAE_Avg,NN_Euc_RMSE_Avg,NN_Euc_MAD_Avg,GB_Entire_Time,GB_Entire_MAE,GB_Entire_RMSE,GB_Entire_MAD,GB_Cluster_Time_Avg,GB_Cluster_MAE_Avg,GB_Cluster_RMSE_Avg,GB_Cluster_MAD_Avg,GB_Euc_Time_Avg,GB_Euc_MAE_Avg,GB_Euc_RMSE_Avg,GB_Euc_MAD_Avg
50000,1,0.5,0.5,5,0.003767728805541992,0.06625561675942009,0.3233405659660932,0.03390383380555034,0.0010191917419433594,0.14304119155168143,0.35674621886456814,0.09919219520095106,0.0012256145477294923,0.1801006369020747,0.4476572912709266,0.11853718463557242,11.378993034362793,0.042675020477843974,0.21649705635272956,0.015906845469761427,2.0118265628814695,0.1209069517736705,0.32930353422873576,0.06500022489580423,1.9699592113494873,0.11974939841141033,0.3931226935203429,0.0533103504667517,8.00313401222229,0.06170251848516348,0.24320879240633145,0.021898949098448833,1.0877190589904786,0.10637651161160075,0.30234397241642685,0.05952922169159145,0.7758745670318603,0.11330280653429932,0.3746741755017944,0.04924715337827275,3.3036880493164062,0.04811095701877034,0.2204876803450731,0.022824623588756476,0.6400026321411133,0.11664223222520802,0.31342143261444744,0.07234766796772454,0.6425275325775146,0.12012813330628447,0.3878923283321891,0.061909545338791006
