N,Norm,Lambda,Gamma,K,LR_Entire_Time,LR_Entire_MAE,LR_Entire_RMSE,LR_Entire_MAD,LR_Cluster_Time_Avg,LR_Cluster_MAE_Avg,LR_Cluster_RMSE_Avg,LR_Cluster_MAD_Avg,LR_Euc_Time_Avg,LR_Euc_MAE_Avg,LR_Euc_RMSE_Avg,LR_Euc_MAD_Avg,RF_Entire_Time,RF_Entire_MAE,RF_Entire_RMSE,RF_Entire_MAD,RF_Cluster_Time_Avg,RF_Cluster_MAE_Avg,RF_Cluster_RMSE_Avg,RF_Cluster_MAD_Avg,RF_Euc_Time_Avg,RF_Euc_MAE_Avg,RF_Euc_RMSE_Avg,RF_Euc_MAD_Avg,NN_Entire_Time,NN_Entire_MAE,NN_Entire_RMSE,NN_Entire_MAD,NN_Cluster_Time_Avg,NN_Cluster_MAE_Avg,NN_Cluster_RMSE_Avg,NN_Cluster_MAD_Avg,NN_Euc_Time_Avg,NN_Euc_MAE_Avg,NN_Euc_RMSE_Avg,NN_Euc_MAD_Avg,GP_Entire_Time,GP_Entire_MAE,GP_Entire_RMSE,GP_Entire_MAD,GP_Cluster_Time_Avg,GP_Cluster_MAE_Avg,GP_Cluster_RMSE_Avg,GP_Cluster_MAD_Avg,GP_Euc_Time_Avg,GP_Euc_MAE_Avg,GP_Euc_RMSE_Avg,GP_Euc_MAD_Avg,GB_Entire_Time,GB_Entire_MAE,GB_Entire_RMSE,GB_Entire_MAD,GB_Cluster_Time_Avg,GB_Cluster_MAE_Avg,GB_Cluster_RMSE_Avg,GB_Cluster_MAD_Avg,GB_Euc_Time_Avg,GB_Euc_MAE_Avg,GB_Euc_RMSE_Avg,GB_Euc_MAD_Avg
1000,1,0.5,0.5,3,0.00031113624572753906,0.03174555839505721,0.043465480669550194,0.023354845822268516,0.0003467400868733724,0.07452498042771533,0.10859604046442277,0.05252846897306126,0.0003037452697753906,0.1329384955209603,0.48559749515247447,0.06925113678467147,0.14176106452941895,0.027214319884464058,0.03585285988964598,0.021152553384403083,0.07067569096883138,0.06835665130284764,0.10404704461755016,0.04281321246336817,0.06715838114420573,0.09220231363080435,0.2093315210148341,0.054495159600731084,0.060527801513671875,0.05224488725711668,0.07259533366846181,0.037468139543097814,0.043552796045939125,0.09556980334582273,0.1524967341559206,0.06308723867577476,0.04681102434794108,0.14336868763834262,0.4992941094258497,0.056483300727083956,0.1955127716064453,0.047523502,0.08538143,0.030398354,0.07009394963582356,0.09565455,0.1672859,0.052626017,0.06171147028605143,0.1241591,0.38527405,0.052032042,0.06327199935913086,0.02297866952136312,0.029850976660535128,0.019896181155514503,0.02852916717529297,0.06947657811181603,0.10063257066057174,0.049252204341494445,0.027314265569051106,0.07314551459375353,0.10845142574183371,0.05131419617904984
