N,Norm,Lambda,Gamma,K,LR_Entire_Time,LR_Entire_MAE,LR_Entire_RMSE,LR_Entire_MAD,LR_Cluster_Time_Avg,LR_Cluster_MAE_Avg,LR_Cluster_RMSE_Avg,LR_Cluster_MAD_Avg,LR_Euc_Time_Avg,LR_Euc_MAE_Avg,LR_Euc_RMSE_Avg,LR_Euc_MAD_Avg,RF_Entire_Time,RF_Entire_MAE,RF_Entire_RMSE,RF_Entire_MAD,RF_Cluster_Time_Avg,RF_Cluster_MAE_Avg,RF_Cluster_RMSE_Avg,RF_Cluster_MAD_Avg,RF_Euc_Time_Avg,RF_Euc_MAE_Avg,RF_Euc_RMSE_Avg,RF_Euc_MAD_Avg,NN_Entire_Time,NN_Entire_MAE,NN_Entire_RMSE,NN_Entire_MAD,NN_Cluster_Time_Avg,NN_Cluster_MAE_Avg,NN_Cluster_RMSE_Avg,NN_Cluster_MAD_Avg,NN_Euc_Time_Avg,NN_Euc_MAE_Avg,NN_Euc_RMSE_Avg,NN_Euc_MAD_Avg,GB_Entire_Time,GB_Entire_MAE,GB_Entire_RMSE,GB_Entire_MAD,GB_Cluster_Time_Avg,GB_Cluster_MAE_Avg,GB_Cluster_RMSE_Avg,GB_Cluster_MAD_Avg,GB_Euc_Time_Avg,GB_Euc_MAE_Avg,GB_Euc_RMSE_Avg,GB_Euc_MAD_Avg
50000,2,0.1,0.5,5,0.009875059127807617,0.06625561675942009,0.3233405659660932,0.03390383380555034,0.001005077362060547,0.14325377893443103,0.36136936459398367,0.09965059646230753,0.0011569976806640625,0.1801006369020747,0.4476572912709266,0.11853718463557242,11.133160829544067,0.04313651509862617,0.2185201591272941,0.015862685218939812,1.9436631202697754,0.1205222517107503,0.33820213473821326,0.06460748448817652,1.9111388206481934,0.1195164200156984,0.3911543408157504,0.05355582419671532,11.802428007125854,0.054661785925726965,0.23233555138355308,0.020672062768985755,1.0551812648773193,0.10470579811586382,0.31139575604105973,0.05514487978401317,0.9189536094665527,0.11701754299127523,0.375745353138859,0.052996247606689806,3.3130438327789307,0.04819330165100781,0.22075908472699224,0.022824623588756338,0.6334501743316651,0.11630081270506107,0.31989031917060073,0.07124814079522362,0.6415839672088623,0.12002572552029558,0.3877219515132627,0.061847263150379306
