N,Norm,Lambda,Gamma,K,LR_Entire_Time,LR_Entire_MAE,LR_Entire_RMSE,LR_Entire_MAD,LR_Cluster_Time_Avg,LR_Cluster_MAE_Avg,LR_Cluster_RMSE_Avg,LR_Cluster_MAD_Avg,LR_Euc_Time_Avg,LR_Euc_MAE_Avg,LR_Euc_RMSE_Avg,LR_Euc_MAD_Avg,RF_Entire_Time,RF_Entire_MAE,RF_Entire_RMSE,RF_Entire_MAD,RF_Cluster_Time_Avg,RF_Cluster_MAE_Avg,RF_Cluster_RMSE_Avg,RF_Cluster_MAD_Avg,RF_Euc_Time_Avg,RF_Euc_MAE_Avg,RF_Euc_RMSE_Avg,RF_Euc_MAD_Avg,NN_Entire_Time,NN_Entire_MAE,NN_Entire_RMSE,NN_Entire_MAD,NN_Cluster_Time_Avg,NN_Cluster_MAE_Avg,NN_Cluster_RMSE_Avg,NN_Cluster_MAD_Avg,NN_Euc_Time_Avg,NN_Euc_MAE_Avg,NN_Euc_RMSE_Avg,NN_Euc_MAD_Avg,GP_Entire_Time,GP_Entire_MAE,GP_Entire_RMSE,GP_Entire_MAD,GP_Cluster_Time_Avg,GP_Cluster_MAE_Avg,GP_Cluster_RMSE_Avg,GP_Cluster_MAD_Avg,GP_Euc_Time_Avg,GP_Euc_MAE_Avg,GP_Euc_RMSE_Avg,GP_Euc_MAD_Avg,GB_Entire_Time,GB_Entire_MAE,GB_Entire_RMSE,GB_Entire_MAD,GB_Cluster_Time_Avg,GB_Cluster_MAE_Avg,GB_Cluster_RMSE_Avg,GB_Cluster_MAD_Avg,GB_Euc_Time_Avg,GB_Euc_MAE_Avg,GB_Euc_RMSE_Avg,GB_Euc_MAD_Avg
100,2,0.5,0.5,4,0.0003719329833984375,0.19598571368711998,0.2658167496676893,0.12690348231686688,0.00028824806213378906,0.20608208184274573,0.28054223856080396,0.15403454944364975,0.00024402141571044922,0.2636792202538578,0.27544820109858575,0.2646526185300492,0.046662092208862305,0.033689489269882564,0.04403548521227377,0.02513844519829074,0.039799273014068604,0.2948662433304082,0.3848459450447457,0.23192991634340926,0.041068971157073975,0.3924463359990892,0.5639398011989389,0.15647257535145417,0.024071931838989258,0.2262716358885502,0.3391133605650165,0.09898976103653265,0.011630713939666748,0.3361829896579036,0.38553661429179553,0.30885952783387294,0.009854674339294434,0.23042675726467665,0.25475177994013204,0.23249155737176236,0.03563284873962402,0.14043128,0.21644284,0.062149398,0.03077983856201172,0.48863697,0.55369157,0.4811833,0.02920597791671753,0.54975957,0.67998046,0.4185274,0.014447212219238281,0.037941330872224635,0.05406029930044631,0.02478653104528547,0.010934054851531982,0.21784841193358007,0.2656000413905995,0.19580190826102414,0.010836422443389893,0.4231821362689454,0.6762520497579002,0.0983862666333968
