N,Norm,Lambda,Gamma,K,LR_Entire_Time,LR_Entire_MAE,LR_Entire_RMSE,LR_Entire_MAD,LR_Cluster_Time_Avg,LR_Cluster_MAE_Avg,LR_Cluster_RMSE_Avg,LR_Cluster_MAD_Avg,LR_Cluster_MAE_Median,LR_Cluster_RMSE_Median,LR_Cluster_MAD_Median,RF_Entire_Time,RF_Entire_MAE,RF_Entire_RMSE,RF_Entire_MAD,RF_Cluster_Time_Avg,RF_Cluster_MAE_Avg,RF_Cluster_RMSE_Avg,RF_Cluster_MAD_Avg,RF_Cluster_MAE_Median,RF_Cluster_RMSE_Median,RF_Cluster_MAD_Median,NN_Entire_Time,NN_Entire_MAE,NN_Entire_RMSE,NN_Entire_MAD,NN_Cluster_Time_Avg,NN_Cluster_MAE_Avg,NN_Cluster_RMSE_Avg,NN_Cluster_MAD_Avg,NN_Cluster_MAE_Median,NN_Cluster_RMSE_Median,NN_Cluster_MAD_Median,GP_Entire_Time,GP_Entire_MAE,GP_Entire_RMSE,GP_Entire_MAD,GP_Cluster_Time_Avg,GP_Cluster_MAE_Avg,GP_Cluster_RMSE_Avg,GP_Cluster_MAD_Avg,GP_Cluster_MAE_Median,GP_Cluster_RMSE_Median,GP_Cluster_MAD_Median,GB_Entire_Time,GB_Entire_MAE,GB_Entire_RMSE,GB_Entire_MAD,GB_Cluster_Time_Avg,GB_Cluster_MAE_Avg,GB_Cluster_RMSE_Avg,GB_Cluster_MAD_Avg,GB_Cluster_MAE_Median,GB_Cluster_RMSE_Median,GB_Cluster_MAD_Median
1000,2,0.5,1.0,6,0.0008530616760253906,0.07572404595198262,0.3176633156201745,0.045674406410488144,0.0007710456848144531,0.14332246647575372,0.46002404156061233,0.05307010236082701,0.1186754396224024,0.44296326421016985,0.014327691384906893,0.14121508598327637,0.02230055756758269,0.031543645050845615,0.01759963530784625,0.05077787240346273,0.1122544428633699,0.33806836939390345,0.0332227076253882,0.0824634281926627,0.1713179347773915,0.03411415555659775,0.1255500316619873,0.09925952597703099,0.3103032005287872,0.05016026567827914,0.019843141237894695,0.15313170717468425,0.44752589238685,0.05893395181869765,0.12502405816818918,0.380146281929474,0.058087794415320915,0.19789695739746094,0.09063805,0.28110394,0.036968112,0.05290130774180094,0.12531531,0.36536512,0.032485906,0.08250358700752258,0.23741976916790009,0.028077736496925354,0.059767961502075195,0.022187186634134787,0.029593968581169892,0.01753593478982962,0.017464558283487957,0.10581624960157508,0.33561078181672827,0.022611204525972668,0.07225434441790898,0.14652575412014168,0.02141016384404694
