N,Norm,Lambda,Gamma,K,LR_Entire_Time,LR_Entire_MAE,LR_Entire_RMSE,LR_Entire_MAD,LR_Cluster_Time_Avg,LR_Cluster_MAE_Avg,LR_Cluster_RMSE_Avg,LR_Cluster_MAD_Avg,LR_Euc_Time_Avg,LR_Euc_MAE_Avg,LR_Euc_RMSE_Avg,LR_Euc_MAD_Avg,RF_Entire_Time,RF_Entire_MAE,RF_Entire_RMSE,RF_Entire_MAD,RF_Cluster_Time_Avg,RF_Cluster_MAE_Avg,RF_Cluster_RMSE_Avg,RF_Cluster_MAD_Avg,RF_Euc_Time_Avg,RF_Euc_MAE_Avg,RF_Euc_RMSE_Avg,RF_Euc_MAD_Avg,NN_Entire_Time,NN_Entire_MAE,NN_Entire_RMSE,NN_Entire_MAD,NN_Cluster_Time_Avg,NN_Cluster_MAE_Avg,NN_Cluster_RMSE_Avg,NN_Cluster_MAD_Avg,NN_Euc_Time_Avg,NN_Euc_MAE_Avg,NN_Euc_RMSE_Avg,NN_Euc_MAD_Avg,GP_Entire_Time,GP_Entire_MAE,GP_Entire_RMSE,GP_Entire_MAD,GP_Cluster_Time_Avg,GP_Cluster_MAE_Avg,GP_Cluster_RMSE_Avg,GP_Cluster_MAD_Avg,GP_Euc_Time_Avg,GP_Euc_MAE_Avg,GP_Euc_RMSE_Avg,GP_Euc_MAD_Avg,GB_Entire_Time,GB_Entire_MAE,GB_Entire_RMSE,GB_Entire_MAD,GB_Cluster_Time_Avg,GB_Cluster_MAE_Avg,GB_Cluster_RMSE_Avg,GB_Cluster_MAD_Avg,GB_Euc_Time_Avg,GB_Euc_MAE_Avg,GB_Euc_RMSE_Avg,GB_Euc_MAD_Avg
500,1,0.9,2.0,3,0.00040602684020996094,0.04554139396076337,0.06322217389655631,0.03166617154606036,0.00041492780049641925,0.1074894934028268,0.34712811407786576,0.043495797090600245,0.00034300486246744793,0.27618815225710247,1.0147403203107357,0.05580047882265921,0.08405303955078125,0.03417327162087535,0.05398193950149956,0.02258472797580128,0.05330594380696615,0.10349492163091584,0.2179881902650301,0.05712741364977649,0.04988304773966471,0.27998785734990894,1.0127281283029306,0.05375497195340686,0.07290005683898926,0.0781372385370732,0.10362586639615388,0.06115968081884221,0.022304852803548176,0.12680136436685116,0.3546344872256318,0.061795641597003105,0.026317278544108074,0.2815511075452532,1.0086707791779395,0.06534461286956042,0.08488607406616211,0.07147561,0.10188179,0.046482205,0.05405775705973307,0.15433902,0.3164414,0.07122023,0.04209605852762858,0.28728575,1.0126005,0.061822545,0.03632497787475586,0.03304305626040727,0.05430204595917228,0.02023956520998854,0.01839590072631836,0.08593543703947597,0.1545797300831354,0.045746810654984676,0.018138647079467773,0.28146742863000923,1.012636185421718,0.053060740379296145
