N,Norm,Lambda,Gamma,K,LR_Entire_Time,LR_Entire_MAE,LR_Entire_RMSE,LR_Entire_MAD,LR_Cluster_Time_Avg,LR_Cluster_MAE_Avg,LR_Cluster_RMSE_Avg,LR_Cluster_MAD_Avg,LR_Cluster_MAE_Median,LR_Cluster_RMSE_Median,LR_Cluster_MAD_Median,RF_Entire_Time,RF_Entire_MAE,RF_Entire_RMSE,RF_Entire_MAD,RF_Cluster_Time_Avg,RF_Cluster_MAE_Avg,RF_Cluster_RMSE_Avg,RF_Cluster_MAD_Avg,RF_Cluster_MAE_Median,RF_Cluster_RMSE_Median,RF_Cluster_MAD_Median,NN_Entire_Time,NN_Entire_MAE,NN_Entire_RMSE,NN_Entire_MAD,NN_Cluster_Time_Avg,NN_Cluster_MAE_Avg,NN_Cluster_RMSE_Avg,NN_Cluster_MAD_Avg,NN_Cluster_MAE_Median,NN_Cluster_RMSE_Median,NN_Cluster_MAD_Median,GP_Entire_Time,GP_Entire_MAE,GP_Entire_RMSE,GP_Entire_MAD,GP_Cluster_Time_Avg,GP_Cluster_MAE_Avg,GP_Cluster_RMSE_Avg,GP_Cluster_MAD_Avg,GP_Cluster_MAE_Median,GP_Cluster_RMSE_Median,GP_Cluster_MAD_Median,GB_Entire_Time,GB_Entire_MAE,GB_Entire_RMSE,GB_Entire_MAD,GB_Cluster_Time_Avg,GB_Cluster_MAE_Avg,GB_Cluster_RMSE_Avg,GB_Cluster_MAD_Avg,GB_Cluster_MAE_Median,GB_Cluster_RMSE_Median,GB_Cluster_MAD_Median
10000,2,0.5,0.5,3,0.0010581016540527344,0.0711493164406142,0.34865177023578486,0.037222118158097006,0.001123666763305664,0.061095529703721285,0.20245951291875663,0.04171597546760536,0.06776208647110535,0.2623179982606368,0.04397761117555721,1.6727008819580078,0.042226313641137964,0.1998568861792691,0.017250339300256434,0.4532430171966553,0.030070653375689437,0.08271540682763591,0.01599612361750319,0.030730662971536534,0.07763155886261139,0.014854923000211073,2.6368441581726074,0.079516545784383,0.29614806217987466,0.03449112653587386,0.8772772947947184,0.07351270198533864,0.21431717078398563,0.03775440556514292,0.07872214990487332,0.24749238091333867,0.035350768653685916,9.229148864746094,0.06173671,0.25169715,0.02171669,1.7228880723317463,0.059955787,0.19347489,0.022525588,0.05898610129952431,0.19010807573795319,0.024302244186401367,0.5890510082244873,0.04602940950185338,0.19537516603169708,0.022916511687970154,0.1812286376953125,0.031215592645071417,0.09007812840932687,0.019487395925598283,0.03255799048761368,0.06087445657791316,0.018641612062474944
