N,Norm,Lambda,Gamma,K,LR_Entire_Time,LR_Entire_MAE,LR_Entire_RMSE,LR_Entire_MAD,LR_Cluster_Time_Avg,LR_Cluster_MAE_Avg,LR_Cluster_RMSE_Avg,LR_Cluster_MAD_Avg,LR_Euc_Time_Avg,LR_Euc_MAE_Avg,LR_Euc_RMSE_Avg,LR_Euc_MAD_Avg,RF_Entire_Time,RF_Entire_MAE,RF_Entire_RMSE,RF_Entire_MAD,RF_Cluster_Time_Avg,RF_Cluster_MAE_Avg,RF_Cluster_RMSE_Avg,RF_Cluster_MAD_Avg,RF_Euc_Time_Avg,RF_Euc_MAE_Avg,RF_Euc_RMSE_Avg,RF_Euc_MAD_Avg,NN_Entire_Time,NN_Entire_MAE,NN_Entire_RMSE,NN_Entire_MAD,NN_Cluster_Time_Avg,NN_Cluster_MAE_Avg,NN_Cluster_RMSE_Avg,NN_Cluster_MAD_Avg,NN_Euc_Time_Avg,NN_Euc_MAE_Avg,NN_Euc_RMSE_Avg,NN_Euc_MAD_Avg,GP_Entire_Time,GP_Entire_MAE,GP_Entire_RMSE,GP_Entire_MAD,GP_Cluster_Time_Avg,GP_Cluster_MAE_Avg,GP_Cluster_RMSE_Avg,GP_Cluster_MAD_Avg,GP_Euc_Time_Avg,GP_Euc_MAE_Avg,GP_Euc_RMSE_Avg,GP_Euc_MAD_Avg,GB_Entire_Time,GB_Entire_MAE,GB_Entire_RMSE,GB_Entire_MAD,GB_Cluster_Time_Avg,GB_Cluster_MAE_Avg,GB_Cluster_RMSE_Avg,GB_Cluster_MAD_Avg,GB_Euc_Time_Avg,GB_Euc_MAE_Avg,GB_Euc_RMSE_Avg,GB_Euc_MAD_Avg
1000,2,0.1,1.0,7,0.00055694580078125,0.03174555839505721,0.043465480669550194,0.023354845822268516,0.00041304315839494975,0.19023180673442064,0.3647751379831555,0.1122130458535021,0.00039502552577427456,0.24114744200741556,0.497433010418103,0.13447214769055482,0.14085102081298828,0.027398525383428574,0.03604214334376863,0.02176103018043178,0.04794440950666155,0.22276638423059736,0.34103838226679656,0.1488215525961584,0.04828415598188128,0.17983505297946473,0.34789768369083823,0.10254666885894027,0.06247091293334961,0.05092817118875174,0.0659914574052271,0.044513375806937594,0.02466426576886858,0.20580465752418714,0.37292007460479415,0.11740295123878126,0.025407212121146067,0.22767370254024502,0.4621416984883608,0.11917434886012308,0.17947816848754883,0.047523502,0.08538143,0.030398354,0.04135383878435407,0.22000761,0.39035287,0.13146405,0.036635637283325195,0.22839884,0.5366344,0.09300195,0.0635976791381836,0.023020698582590433,0.02992281707559006,0.019896181155514614,0.01674795150756836,0.19797398896217433,0.2824806017712601,0.13190909050200414,0.01686201776776995,0.15964508901815372,0.24836961680072858,0.10934543927943383
