N,Norm,Lambda,Gamma,K,LR_Entire_Time,LR_Entire_MAE,LR_Entire_RMSE,LR_Entire_MAD,LR_Cluster_Time_Avg,LR_Cluster_MAE_Avg,LR_Cluster_RMSE_Avg,LR_Cluster_MAD_Avg,LR_Euc_Time_Avg,LR_Euc_MAE_Avg,LR_Euc_RMSE_Avg,LR_Euc_MAD_Avg,RF_Entire_Time,RF_Entire_MAE,RF_Entire_RMSE,RF_Entire_MAD,RF_Cluster_Time_Avg,RF_Cluster_MAE_Avg,RF_Cluster_RMSE_Avg,RF_Cluster_MAD_Avg,RF_Euc_Time_Avg,RF_Euc_MAE_Avg,RF_Euc_RMSE_Avg,RF_Euc_MAD_Avg,NN_Entire_Time,NN_Entire_MAE,NN_Entire_RMSE,NN_Entire_MAD,NN_Cluster_Time_Avg,NN_Cluster_MAE_Avg,NN_Cluster_RMSE_Avg,NN_Cluster_MAD_Avg,NN_Euc_Time_Avg,NN_Euc_MAE_Avg,NN_Euc_RMSE_Avg,NN_Euc_MAD_Avg,GB_Entire_Time,GB_Entire_MAE,GB_Entire_RMSE,GB_Entire_MAD,GB_Cluster_Time_Avg,GB_Cluster_MAE_Avg,GB_Cluster_RMSE_Avg,GB_Cluster_MAD_Avg,GB_Euc_Time_Avg,GB_Euc_MAE_Avg,GB_Euc_RMSE_Avg,GB_Euc_MAD_Avg
100000,1,0.5,2.0,6,0.005689859390258789,0.0643103041422581,0.30043950634238437,0.03601264487927863,0.0017679929733276367,0.1636530286828793,0.3511009417211695,0.12165758422861288,0.001340031623840332,0.19833764315984814,0.4302280975120915,0.13404918249230613,25.380857229232788,0.03961404990027586,0.19193742735392205,0.014945424733568267,3.664347251256307,0.13556145351304516,0.3402809034269947,0.07578232800176736,3.6086596647898355,0.14160824270669864,0.40715965240150626,0.06207953183962441,13.021772861480713,0.04140053368287632,0.20024782940956037,0.014845942115733729,1.6137837966283162,0.11116201990438213,0.29370986311668673,0.06514908515197541,0.9942719539006551,0.1231025300054312,0.36416816938669766,0.05767061522032927,6.59513783454895,0.043824770668281,0.19000017258343635,0.021572383600056033,1.0634015798568726,0.131919758853683,0.3128960747629472,0.08707844224714628,1.0603381792704265,0.13866878769021357,0.39276222238502817,0.07078997387923701
