N,Norm,Lambda,Gamma,K,LR_Entire_Time,LR_Entire_MAE,LR_Entire_RMSE,LR_Entire_MAD,LR_Cluster_Time_Avg,LR_Cluster_MAE_Avg,LR_Cluster_RMSE_Avg,LR_Cluster_MAD_Avg,LR_Euc_Time_Avg,LR_Euc_MAE_Avg,LR_Euc_RMSE_Avg,LR_Euc_MAD_Avg,RF_Entire_Time,RF_Entire_MAE,RF_Entire_RMSE,RF_Entire_MAD,RF_Cluster_Time_Avg,RF_Cluster_MAE_Avg,RF_Cluster_RMSE_Avg,RF_Cluster_MAD_Avg,RF_Euc_Time_Avg,RF_Euc_MAE_Avg,RF_Euc_RMSE_Avg,RF_Euc_MAD_Avg,NN_Entire_Time,NN_Entire_MAE,NN_Entire_RMSE,NN_Entire_MAD,NN_Cluster_Time_Avg,NN_Cluster_MAE_Avg,NN_Cluster_RMSE_Avg,NN_Cluster_MAD_Avg,NN_Euc_Time_Avg,NN_Euc_MAE_Avg,NN_Euc_RMSE_Avg,NN_Euc_MAD_Avg,GP_Entire_Time,GP_Entire_MAE,GP_Entire_RMSE,GP_Entire_MAD,GP_Cluster_Time_Avg,GP_Cluster_MAE_Avg,GP_Cluster_RMSE_Avg,GP_Cluster_MAD_Avg,GP_Euc_Time_Avg,GP_Euc_MAE_Avg,GP_Euc_RMSE_Avg,GP_Euc_MAD_Avg,GB_Entire_Time,GB_Entire_MAE,GB_Entire_RMSE,GB_Entire_MAD,GB_Cluster_Time_Avg,GB_Cluster_MAE_Avg,GB_Cluster_RMSE_Avg,GB_Cluster_MAD_Avg,GB_Euc_Time_Avg,GB_Euc_MAE_Avg,GB_Euc_RMSE_Avg,GB_Euc_MAD_Avg
10000,1,0.5,1.0,5,0.001004934310913086,0.06792803101151079,0.3219772320780228,0.0359716131146422,0.0006449699401855468,0.19999987528310006,0.5120071337322039,0.12246561804766402,0.00048041343688964844,0.1897523611746837,0.46220891377119566,0.11917088401090466,2.4051759243011475,0.046939759116979236,0.23095489219174614,0.018310896532332643,0.4403177261352539,0.16612933924116174,0.5292818548116385,0.06288718650990176,0.46467957496643064,0.1802133488779031,0.5322601522763398,0.0642837231689748,2.551044225692749,0.07480552743254323,0.2771768473362668,0.026763801339833193,0.2764540672302246,0.17531635817230012,0.5236796081874884,0.06896276638598858,0.24323477745056152,0.15628635972952284,0.43158495915535244,0.0714738787464361,12.524392127990723,0.06970757,0.26056054,0.020501763,0.8785268783569335,0.1629768,0.5136953,0.055217862,1.015330934524536,0.15224811,0.4771494,0.059319407,0.904242992401123,0.04870769391602807,0.23676641098556767,0.023290466776537067,0.18015799522399903,0.16154184957445675,0.5490746479219462,0.06167505005666751,0.18110218048095703,0.1676700605475116,0.5411534434065282,0.06313275102178839
