N,Norm,Lambda,Gamma,K,LR_Entire_Time,LR_Entire_MAE,LR_Entire_RMSE,LR_Entire_MAD,LR_Cluster_Time_Avg,LR_Cluster_MAE_Avg,LR_Cluster_RMSE_Avg,LR_Cluster_MAD_Avg,LR_Euc_Time_Avg,LR_Euc_MAE_Avg,LR_Euc_RMSE_Avg,LR_Euc_MAD_Avg,RF_Entire_Time,RF_Entire_MAE,RF_Entire_RMSE,RF_Entire_MAD,RF_Cluster_Time_Avg,RF_Cluster_MAE_Avg,RF_Cluster_RMSE_Avg,RF_Cluster_MAD_Avg,RF_Euc_Time_Avg,RF_Euc_MAE_Avg,RF_Euc_RMSE_Avg,RF_Euc_MAD_Avg,NN_Entire_Time,NN_Entire_MAE,NN_Entire_RMSE,NN_Entire_MAD,NN_Cluster_Time_Avg,NN_Cluster_MAE_Avg,NN_Cluster_RMSE_Avg,NN_Cluster_MAD_Avg,NN_Euc_Time_Avg,NN_Euc_MAE_Avg,NN_Euc_RMSE_Avg,NN_Euc_MAD_Avg,GP_Entire_Time,GP_Entire_MAE,GP_Entire_RMSE,GP_Entire_MAD,GP_Cluster_Time_Avg,GP_Cluster_MAE_Avg,GP_Cluster_RMSE_Avg,GP_Cluster_MAD_Avg,GP_Euc_Time_Avg,GP_Euc_MAE_Avg,GP_Euc_RMSE_Avg,GP_Euc_MAD_Avg,GB_Entire_Time,GB_Entire_MAE,GB_Entire_RMSE,GB_Entire_MAD,GB_Cluster_Time_Avg,GB_Cluster_MAE_Avg,GB_Cluster_RMSE_Avg,GB_Cluster_MAD_Avg,GB_Euc_Time_Avg,GB_Euc_MAE_Avg,GB_Euc_RMSE_Avg,GB_Euc_MAD_Avg
500,1,0.9,1.0,4,0.0002887248992919922,0.04554139396076337,0.06322217389655631,0.03166617154606036,0.00030100345611572266,0.14766683900483232,0.40729910785468043,0.07245678959517823,0.0002678036689758301,0.1579505206000498,0.20729605280178617,0.11993514337159093,0.08606886863708496,0.035261428271697065,0.05556623842302956,0.023595062855685717,0.047728002071380615,0.12085233020995254,0.23174198088173328,0.07330399719072905,0.047331273555755615,0.08046000745476978,0.10453355575528583,0.058737282781729815,0.07149386405944824,0.07243994568975046,0.10676557070910261,0.04257284480320658,0.028228819370269775,0.19355707605575526,0.445165543762196,0.08636881488421877,0.02015024423599243,0.21868415105273667,0.3004542106215891,0.15218966427480818,0.09137511253356934,0.07147561,0.10188179,0.046482205,0.04579198360443115,0.14361505,0.29546657,0.070677884,0.037499308586120605,0.14690587,0.24036019,0.07968679,0.035531044006347656,0.032948118690402706,0.05428010747721185,0.02023956520998843,0.016870856285095215,0.09595222280151375,0.1341677349426956,0.0727557756581282,0.016499757766723633,0.08202416285788738,0.11056364713448513,0.05736148771283228
