N,Norm,Lambda,Gamma,K,LR_Entire_Time,LR_Entire_MAE,LR_Entire_RMSE,LR_Entire_MAD,LR_Cluster_Time_Avg,LR_Cluster_MAE_Avg,LR_Cluster_RMSE_Avg,LR_Cluster_MAD_Avg,LR_Euc_Time_Avg,LR_Euc_MAE_Avg,LR_Euc_RMSE_Avg,LR_Euc_MAD_Avg,RF_Entire_Time,RF_Entire_MAE,RF_Entire_RMSE,RF_Entire_MAD,RF_Cluster_Time_Avg,RF_Cluster_MAE_Avg,RF_Cluster_RMSE_Avg,RF_Cluster_MAD_Avg,RF_Euc_Time_Avg,RF_Euc_MAE_Avg,RF_Euc_RMSE_Avg,RF_Euc_MAD_Avg,NN_Entire_Time,NN_Entire_MAE,NN_Entire_RMSE,NN_Entire_MAD,NN_Cluster_Time_Avg,NN_Cluster_MAE_Avg,NN_Cluster_RMSE_Avg,NN_Cluster_MAD_Avg,NN_Euc_Time_Avg,NN_Euc_MAE_Avg,NN_Euc_RMSE_Avg,NN_Euc_MAD_Avg,GP_Entire_Time,GP_Entire_MAE,GP_Entire_RMSE,GP_Entire_MAD,GP_Cluster_Time_Avg,GP_Cluster_MAE_Avg,GP_Cluster_RMSE_Avg,GP_Cluster_MAD_Avg,GP_Euc_Time_Avg,GP_Euc_MAE_Avg,GP_Euc_RMSE_Avg,GP_Euc_MAD_Avg,GB_Entire_Time,GB_Entire_MAE,GB_Entire_RMSE,GB_Entire_MAD,GB_Cluster_Time_Avg,GB_Cluster_MAE_Avg,GB_Cluster_RMSE_Avg,GB_Cluster_MAD_Avg,GB_Euc_Time_Avg,GB_Euc_MAE_Avg,GB_Euc_RMSE_Avg,GB_Euc_MAD_Avg
100,1,0.9,0.5,4,0.0002658367156982422,0.19598571368711998,0.2658167496676893,0.12690348231686688,0.00032454729080200195,0.20608208184274573,0.28054223856080396,0.15403454944364975,0.0002664923667907715,0.2636792202538578,0.27544820109858575,0.2646526185300492,0.04443192481994629,0.0429628798565276,0.052439693134868695,0.0402783300533395,0.04076206684112549,0.3201354413524195,0.4005107406283993,0.290458430909861,0.03964734077453613,0.3662082758974617,0.5417762012209227,0.1453937295527506,0.024163007736206055,0.23756681029812848,0.34860719638517573,0.09068791586447945,0.010867118835449219,0.32400677049339877,0.39030708251829294,0.2689695414860457,0.009843111038208008,0.2385187065124292,0.29823908755094664,0.17602216925895856,0.035819053649902344,0.14043128,0.21644284,0.062149398,0.03128784894943237,0.48863697,0.55369157,0.4811833,0.02903902530670166,0.54975957,0.67998046,0.4185274,0.016587018966674805,0.03812773101536782,0.0544287166446148,0.023898651900638,0.01096564531326294,0.20635472803410482,0.2567903236987343,0.18840068842413488,0.010868430137634277,0.4416373065815624,0.699147894690238,0.10415310846469794
