N,Norm,Lambda,Gamma,K,LR_Entire_Time,LR_Entire_MAE,LR_Entire_RMSE,LR_Entire_MAD,LR_Cluster_Time_Avg,LR_Cluster_MAE_Avg,LR_Cluster_RMSE_Avg,LR_Cluster_MAD_Avg,LR_Euc_Time_Avg,LR_Euc_MAE_Avg,LR_Euc_RMSE_Avg,LR_Euc_MAD_Avg,RF_Entire_Time,RF_Entire_MAE,RF_Entire_RMSE,RF_Entire_MAD,RF_Cluster_Time_Avg,RF_Cluster_MAE_Avg,RF_Cluster_RMSE_Avg,RF_Cluster_MAD_Avg,RF_Euc_Time_Avg,RF_Euc_MAE_Avg,RF_Euc_RMSE_Avg,RF_Euc_MAD_Avg,NN_Entire_Time,NN_Entire_MAE,NN_Entire_RMSE,NN_Entire_MAD,NN_Cluster_Time_Avg,NN_Cluster_MAE_Avg,NN_Cluster_RMSE_Avg,NN_Cluster_MAD_Avg,NN_Euc_Time_Avg,NN_Euc_MAE_Avg,NN_Euc_RMSE_Avg,NN_Euc_MAD_Avg,GB_Entire_Time,GB_Entire_MAE,GB_Entire_RMSE,GB_Entire_MAD,GB_Cluster_Time_Avg,GB_Cluster_MAE_Avg,GB_Cluster_RMSE_Avg,GB_Cluster_MAD_Avg,GB_Euc_Time_Avg,GB_Euc_MAE_Avg,GB_Euc_RMSE_Avg,GB_Euc_MAD_Avg
50000,2,0.1,0.5,6,0.003305196762084961,0.06625561675942009,0.3233405659660932,0.03390383380555034,0.0009301900863647461,0.17798854678028808,0.4425612964818142,0.12435917099789223,0.000844279925028483,0.20122471643992257,0.43971392570599005,0.13565499272950057,11.080403327941895,0.042548761947931064,0.21400047090760038,0.015655347455935553,1.5897913773854573,0.14866622474952831,0.4035918852911491,0.08175789969365849,1.5651560227076213,0.14173805309317206,0.40083943806054423,0.06560559279509012,13.894164085388184,0.051334686934486104,0.22122316409985962,0.01920883798382106,0.8443257411321005,0.1306379197031369,0.39109054929137294,0.06987082851525243,0.5265620946884155,0.12736115439808796,0.37121192275092735,0.061824720897671624,3.2078359127044678,0.04813752162318231,0.22057855254960115,0.02282462358875645,0.5222058693567911,0.14430432087133918,0.39476263657584215,0.09039327733116226,0.5202787717183431,0.14208993297611022,0.39956479642579446,0.07454567727754559
