N,Norm,Lambda,Gamma,K,LR_Entire_Time,LR_Entire_MAE,LR_Entire_RMSE,LR_Entire_MAD,LR_Cluster_Time_Avg,LR_Cluster_MAE_Avg,LR_Cluster_RMSE_Avg,LR_Cluster_MAD_Avg,LR_Cluster_MAE_Median,LR_Cluster_RMSE_Median,LR_Cluster_MAD_Median,RF_Entire_Time,RF_Entire_MAE,RF_Entire_RMSE,RF_Entire_MAD,RF_Cluster_Time_Avg,RF_Cluster_MAE_Avg,RF_Cluster_RMSE_Avg,RF_Cluster_MAD_Avg,RF_Cluster_MAE_Median,RF_Cluster_RMSE_Median,RF_Cluster_MAD_Median,NN_Entire_Time,NN_Entire_MAE,NN_Entire_RMSE,NN_Entire_MAD,NN_Cluster_Time_Avg,NN_Cluster_MAE_Avg,NN_Cluster_RMSE_Avg,NN_Cluster_MAD_Avg,NN_Cluster_MAE_Median,NN_Cluster_RMSE_Median,NN_Cluster_MAD_Median,GP_Entire_Time,GP_Entire_MAE,GP_Entire_RMSE,GP_Entire_MAD,GP_Cluster_Time_Avg,GP_Cluster_MAE_Avg,GP_Cluster_RMSE_Avg,GP_Cluster_MAD_Avg,GP_Cluster_MAE_Median,GP_Cluster_RMSE_Median,GP_Cluster_MAD_Median,GB_Entire_Time,GB_Entire_MAE,GB_Entire_RMSE,GB_Entire_MAD,GB_Cluster_Time_Avg,GB_Cluster_MAE_Avg,GB_Cluster_RMSE_Avg,GB_Cluster_MAD_Avg,GB_Cluster_MAE_Median,GB_Cluster_RMSE_Median,GB_Cluster_MAD_Median
1000,2,0.1,1.0,6,0.0010728836059570312,0.07572404595198262,0.3176633156201745,0.045674406410488144,0.000769337018330892,0.1356663135176979,0.3783075815611465,0.0563779308394197,0.09557420320796167,0.198017262002708,0.02337313023007167,0.14240384101867676,0.022041107581258195,0.031388717335338455,0.015517054583843892,0.050716797510782875,0.10664254076276325,0.27698197540056474,0.030825444830837257,0.05899279821917319,0.12211866715592684,0.026698835285995134,0.15846705436706543,0.09569364061495779,0.3080218864029364,0.04341052127705796,0.017888307571411133,0.13703888065301967,0.3677884953069586,0.05371222727920486,0.09876802935503518,0.13980927121166906,0.05255796503067804,0.21062397956848145,0.09063805,0.28110394,0.036968112,0.0478823184967041,0.12374958,0.3084164,0.035091486,0.076817087829113,0.13737118244171143,0.03438260033726692,0.05952167510986328,0.022201528226695865,0.029609379094442334,0.017535934789829594,0.016791224479675293,0.09852619460310245,0.2632850437275749,0.022875630457071156,0.052826981814722354,0.09148127043837245,0.02063751067148613
