N,Norm,Lambda,Gamma,K,LR_Entire_Time,LR_Entire_MAE,LR_Entire_RMSE,LR_Entire_MAD,LR_Cluster_Time_Avg,LR_Cluster_MAE_Avg,LR_Cluster_RMSE_Avg,LR_Cluster_MAD_Avg,LR_Euc_Time_Avg,LR_Euc_MAE_Avg,LR_Euc_RMSE_Avg,LR_Euc_MAD_Avg,RF_Entire_Time,RF_Entire_MAE,RF_Entire_RMSE,RF_Entire_MAD,RF_Cluster_Time_Avg,RF_Cluster_MAE_Avg,RF_Cluster_RMSE_Avg,RF_Cluster_MAD_Avg,RF_Euc_Time_Avg,RF_Euc_MAE_Avg,RF_Euc_RMSE_Avg,RF_Euc_MAD_Avg,NN_Entire_Time,NN_Entire_MAE,NN_Entire_RMSE,NN_Entire_MAD,NN_Cluster_Time_Avg,NN_Cluster_MAE_Avg,NN_Cluster_RMSE_Avg,NN_Cluster_MAD_Avg,NN_Euc_Time_Avg,NN_Euc_MAE_Avg,NN_Euc_RMSE_Avg,NN_Euc_MAD_Avg,GP_Entire_Time,GP_Entire_MAE,GP_Entire_RMSE,GP_Entire_MAD,GP_Cluster_Time_Avg,GP_Cluster_MAE_Avg,GP_Cluster_RMSE_Avg,GP_Cluster_MAD_Avg,GP_Euc_Time_Avg,GP_Euc_MAE_Avg,GP_Euc_RMSE_Avg,GP_Euc_MAD_Avg,GB_Entire_Time,GB_Entire_MAE,GB_Entire_RMSE,GB_Entire_MAD,GB_Cluster_Time_Avg,GB_Cluster_MAE_Avg,GB_Cluster_RMSE_Avg,GB_Cluster_MAD_Avg,GB_Euc_Time_Avg,GB_Euc_MAE_Avg,GB_Euc_RMSE_Avg,GB_Euc_MAD_Avg
100,1,0.9,1.0,6,0.0003249645233154297,0.19598571368711998,0.2658167496676893,0.12690348231686688,0.0003425280253092448,0.4626228328241404,0.5355071554047552,0.41513809234109195,0.0003055731455485026,0.4626228328241404,0.5355071554047552,0.41513809234109195,0.04445910453796387,0.036762915388248295,0.0444278934006837,0.03140478105036898,0.040020108222961426,0.3074149246122275,0.35486408418390974,0.28825528970874,0.0384523073832194,0.28964874789586276,0.33916086077549207,0.2639337192380777,0.024475812911987305,0.16181876422337999,0.23689705548789394,0.06837809140358964,0.009296655654907227,0.5197478166224972,0.5705456602734212,0.52634413986652,0.008093595504760742,0.619393505533866,0.6770839708496242,0.6317031679781133,0.03642392158508301,0.14043128,0.21644284,0.062149398,0.02851549784342448,0.34983072,0.41411725,0.3093361,0.0289303461710612,0.34983072,0.41411725,0.3093361,0.014193058013916016,0.03489065932838163,0.04729493037294113,0.023898651900638015,0.010402202606201172,0.31765076308428614,0.37573257020411766,0.326263160647763,0.010448336601257324,0.29657816612295096,0.3511488610760279,0.27665056289795537
