N,Norm,Lambda,Gamma,K,LR_Entire_Time,LR_Entire_MAE,LR_Entire_RMSE,LR_Entire_MAD,LR_Cluster_Time_Avg,LR_Cluster_MAE_Avg,LR_Cluster_RMSE_Avg,LR_Cluster_MAD_Avg,LR_Euc_Time_Avg,LR_Euc_MAE_Avg,LR_Euc_RMSE_Avg,LR_Euc_MAD_Avg,RF_Entire_Time,RF_Entire_MAE,RF_Entire_RMSE,RF_Entire_MAD,RF_Cluster_Time_Avg,RF_Cluster_MAE_Avg,RF_Cluster_RMSE_Avg,RF_Cluster_MAD_Avg,RF_Euc_Time_Avg,RF_Euc_MAE_Avg,RF_Euc_RMSE_Avg,RF_Euc_MAD_Avg,NN_Entire_Time,NN_Entire_MAE,NN_Entire_RMSE,NN_Entire_MAD,NN_Cluster_Time_Avg,NN_Cluster_MAE_Avg,NN_Cluster_RMSE_Avg,NN_Cluster_MAD_Avg,NN_Euc_Time_Avg,NN_Euc_MAE_Avg,NN_Euc_RMSE_Avg,NN_Euc_MAD_Avg,GP_Entire_Time,GP_Entire_MAE,GP_Entire_RMSE,GP_Entire_MAD,GP_Cluster_Time_Avg,GP_Cluster_MAE_Avg,GP_Cluster_RMSE_Avg,GP_Cluster_MAD_Avg,GP_Euc_Time_Avg,GP_Euc_MAE_Avg,GP_Euc_RMSE_Avg,GP_Euc_MAD_Avg,GB_Entire_Time,GB_Entire_MAE,GB_Entire_RMSE,GB_Entire_MAD,GB_Cluster_Time_Avg,GB_Cluster_MAE_Avg,GB_Cluster_RMSE_Avg,GB_Cluster_MAD_Avg,GB_Euc_Time_Avg,GB_Euc_MAE_Avg,GB_Euc_RMSE_Avg,GB_Euc_MAD_Avg
1000,2,0.5,1.0,5,0.0003209114074707031,0.03174555839505721,0.043465480669550194,0.023354845822268516,0.00029382705688476565,0.39587051380361865,0.4828784659690985,0.38667956454285063,0.00024890899658203125,0.20597234765336023,0.4975401491650316,0.11041285893666823,0.14522075653076172,0.027105181695566763,0.03568569205780976,0.021492688910581592,0.054060840606689455,0.1984334692988637,0.2755595796221584,0.13841778406340363,0.053728580474853516,0.1445884028229953,0.277538958126584,0.09897090361468522,0.07360601425170898,0.0512420826665104,0.07390456711374002,0.0379995877578099,0.03303260803222656,0.21084736627540432,0.2898988827986079,0.1410672046196051,0.03302335739135742,0.21958208811763497,0.49440266931856724,0.10813603576429749,0.26867198944091797,0.047523502,0.08538143,0.030398354,0.05447001457214355,0.18008465,0.25275615,0.11172855,0.045186614990234374,0.22937259,0.5676478,0.12303834,0.06449508666992188,0.023048080010134323,0.029951181557830376,0.019896181155514586,0.02012176513671875,0.14900541327675407,0.22248332010009947,0.10945699786323555,0.020023679733276366,0.10719530114087694,0.15236667913421922,0.07078464219985574
