N,Norm,Lambda,Gamma,K,LR_Entire_Time,LR_Entire_MAE,LR_Entire_RMSE,LR_Entire_MAD,LR_Cluster_Time_Avg,LR_Cluster_MAE_Avg,LR_Cluster_RMSE_Avg,LR_Cluster_MAD_Avg,LR_Euc_Time_Avg,LR_Euc_MAE_Avg,LR_Euc_RMSE_Avg,LR_Euc_MAD_Avg,RF_Entire_Time,RF_Entire_MAE,RF_Entire_RMSE,RF_Entire_MAD,RF_Cluster_Time_Avg,RF_Cluster_MAE_Avg,RF_Cluster_RMSE_Avg,RF_Cluster_MAD_Avg,RF_Euc_Time_Avg,RF_Euc_MAE_Avg,RF_Euc_RMSE_Avg,RF_Euc_MAD_Avg,NN_Entire_Time,NN_Entire_MAE,NN_Entire_RMSE,NN_Entire_MAD,NN_Cluster_Time_Avg,NN_Cluster_MAE_Avg,NN_Cluster_RMSE_Avg,NN_Cluster_MAD_Avg,NN_Euc_Time_Avg,NN_Euc_MAE_Avg,NN_Euc_RMSE_Avg,NN_Euc_MAD_Avg,GB_Entire_Time,GB_Entire_MAE,GB_Entire_RMSE,GB_Entire_MAD,GB_Cluster_Time_Avg,GB_Cluster_MAE_Avg,GB_Cluster_RMSE_Avg,GB_Cluster_MAD_Avg,GB_Euc_Time_Avg,GB_Euc_MAE_Avg,GB_Euc_RMSE_Avg,GB_Euc_MAD_Avg
100000,1,0.9,0.5,5,0.0064890384674072266,0.0643103041422581,0.30043950634238437,0.03601264487927863,0.001603412628173828,0.14170812844699518,0.35608050154026805,0.10125110996282316,0.0015146732330322266,0.1810003097263652,0.43049108119569157,0.11850972218814104,25.36823081970215,0.039635879520056906,0.18958942358686848,0.01496622783025836,4.470293426513672,0.11533336997652073,0.3348352319753956,0.06135969571630029,4.402021980285644,0.1161146927935998,0.3722015830158864,0.05040969803224125,19.57071590423584,0.047717582923227135,0.19794763324740736,0.0218286248846018,1.8016595840454102,0.10269298352200593,0.2994134250848313,0.059815629213030165,1.0065800189971923,0.10944993555386003,0.3527645567837324,0.0527545107805796,6.619088888168335,0.04380941730966203,0.19043087219556973,0.02157238360005609,1.2790285110473634,0.11312279964803637,0.3330267503249096,0.07098113417972304,1.2739381313323974,0.11642577590155474,0.36525965739347976,0.05879813314083084
