N,Norm,Lambda,Gamma,K,LR_Entire_Time,LR_Entire_MAE,LR_Entire_RMSE,LR_Entire_MAD,LR_Cluster_Time_Avg,LR_Cluster_MAE_Avg,LR_Cluster_RMSE_Avg,LR_Cluster_MAD_Avg,LR_Euc_Time_Avg,LR_Euc_MAE_Avg,LR_Euc_RMSE_Avg,LR_Euc_MAD_Avg,RF_Entire_Time,RF_Entire_MAE,RF_Entire_RMSE,RF_Entire_MAD,RF_Cluster_Time_Avg,RF_Cluster_MAE_Avg,RF_Cluster_RMSE_Avg,RF_Cluster_MAD_Avg,RF_Euc_Time_Avg,RF_Euc_MAE_Avg,RF_Euc_RMSE_Avg,RF_Euc_MAD_Avg,NN_Entire_Time,NN_Entire_MAE,NN_Entire_RMSE,NN_Entire_MAD,NN_Cluster_Time_Avg,NN_Cluster_MAE_Avg,NN_Cluster_RMSE_Avg,NN_Cluster_MAD_Avg,NN_Euc_Time_Avg,NN_Euc_MAE_Avg,NN_Euc_RMSE_Avg,NN_Euc_MAD_Avg,GB_Entire_Time,GB_Entire_MAE,GB_Entire_RMSE,GB_Entire_MAD,GB_Cluster_Time_Avg,GB_Cluster_MAE_Avg,GB_Cluster_RMSE_Avg,GB_Cluster_MAD_Avg,GB_Euc_Time_Avg,GB_Euc_MAE_Avg,GB_Euc_RMSE_Avg,GB_Euc_MAD_Avg
50000,2,0.9,1.0,4,0.0035729408264160156,0.06625561675942009,0.3233405659660932,0.03390383380555034,0.0010995268821716309,0.11639494579009786,0.31404643834927976,0.07914746108933665,0.0011950135231018066,0.15681437021266262,0.40509421674927343,0.09586607981260689,11.398488759994507,0.04273552041742456,0.21447248418065729,0.015965007751331667,2.5375157594680786,0.09529293721008113,0.2786224921659636,0.04973436269565534,2.5011603236198425,0.09840712020619174,0.33786842179306287,0.04027120468094239,9.670584917068481,0.059384655064066386,0.23390856774803168,0.02623308623351888,1.2349132895469666,0.08652580299394924,0.26186575539550155,0.042746510660870235,0.9822688102722168,0.09993755191541591,0.3142907609852279,0.04508967835878614,3.2562520503997803,0.048157520858883626,0.22084060510977557,0.022824623588756615,0.7921795845031738,0.09291111952848637,0.26977732999105175,0.055958632563850946,0.7886117696762085,0.09900979631619967,0.3334254770881475,0.04658976547083778
