N,Norm,Lambda,Gamma,K,LR_Entire_Time,LR_Entire_MAE,LR_Entire_RMSE,LR_Entire_MAD,LR_Cluster_Time_Avg,LR_Cluster_MAE_Avg,LR_Cluster_RMSE_Avg,LR_Cluster_MAD_Avg,LR_Euc_Time_Avg,LR_Euc_MAE_Avg,LR_Euc_RMSE_Avg,LR_Euc_MAD_Avg,RF_Entire_Time,RF_Entire_MAE,RF_Entire_RMSE,RF_Entire_MAD,RF_Cluster_Time_Avg,RF_Cluster_MAE_Avg,RF_Cluster_RMSE_Avg,RF_Cluster_MAD_Avg,RF_Euc_Time_Avg,RF_Euc_MAE_Avg,RF_Euc_RMSE_Avg,RF_Euc_MAD_Avg,NN_Entire_Time,NN_Entire_MAE,NN_Entire_RMSE,NN_Entire_MAD,NN_Cluster_Time_Avg,NN_Cluster_MAE_Avg,NN_Cluster_RMSE_Avg,NN_Cluster_MAD_Avg,NN_Euc_Time_Avg,NN_Euc_MAE_Avg,NN_Euc_RMSE_Avg,NN_Euc_MAD_Avg,GB_Entire_Time,GB_Entire_MAE,GB_Entire_RMSE,GB_Entire_MAD,GB_Cluster_Time_Avg,GB_Cluster_MAE_Avg,GB_Cluster_RMSE_Avg,GB_Cluster_MAD_Avg,GB_Euc_Time_Avg,GB_Euc_MAE_Avg,GB_Euc_RMSE_Avg,GB_Euc_MAD_Avg
50000,2,0.5,0.5,6,0.003619670867919922,0.06625561675942009,0.3233405659660932,0.03390383380555034,0.0011535882949829102,0.17067027062082687,0.3929667284530078,0.1220691580206113,0.0006996790568033854,0.20122471643992257,0.43971392570599005,0.13565499272950057,11.180006980895996,0.04274930665585039,0.21803603200242508,0.015868878424847632,1.6012247800827026,0.14264982801105863,0.3669593383349301,0.07975812832915129,1.581040660540263,0.14114235272259168,0.4001729926504538,0.0654559380245307,8.73518991470337,0.05082822733360823,0.23314135119943427,0.01672029160056368,0.9162115255991617,0.12311377791048374,0.34402714279443036,0.06413436838779642,0.49576330184936523,0.12487331190769062,0.37320619478914446,0.058049474866974975,3.235118865966797,0.04826600238475273,0.22135567173863663,0.02282462358875617,0.5277665058771769,0.13975818477032625,0.35567659847343575,0.08833688919248862,0.5243240197499593,0.14227613943594064,0.39931958290075825,0.07460659703051915
