N,Norm,Lambda,Gamma,K,LR_Entire_Time,LR_Entire_MAE,LR_Entire_RMSE,LR_Entire_MAD,LR_Cluster_Time_Avg,LR_Cluster_MAE_Avg,LR_Cluster_RMSE_Avg,LR_Cluster_MAD_Avg,LR_Euc_Time_Avg,LR_Euc_MAE_Avg,LR_Euc_RMSE_Avg,LR_Euc_MAD_Avg,RF_Entire_Time,RF_Entire_MAE,RF_Entire_RMSE,RF_Entire_MAD,RF_Cluster_Time_Avg,RF_Cluster_MAE_Avg,RF_Cluster_RMSE_Avg,RF_Cluster_MAD_Avg,RF_Euc_Time_Avg,RF_Euc_MAE_Avg,RF_Euc_RMSE_Avg,RF_Euc_MAD_Avg,NN_Entire_Time,NN_Entire_MAE,NN_Entire_RMSE,NN_Entire_MAD,NN_Cluster_Time_Avg,NN_Cluster_MAE_Avg,NN_Cluster_RMSE_Avg,NN_Cluster_MAD_Avg,NN_Euc_Time_Avg,NN_Euc_MAE_Avg,NN_Euc_RMSE_Avg,NN_Euc_MAD_Avg,GP_Entire_Time,GP_Entire_MAE,GP_Entire_RMSE,GP_Entire_MAD,GP_Cluster_Time_Avg,GP_Cluster_MAE_Avg,GP_Cluster_RMSE_Avg,GP_Cluster_MAD_Avg,GP_Euc_Time_Avg,GP_Euc_MAE_Avg,GP_Euc_RMSE_Avg,GP_Euc_MAD_Avg,GB_Entire_Time,GB_Entire_MAE,GB_Entire_RMSE,GB_Entire_MAD,GB_Cluster_Time_Avg,GB_Cluster_MAE_Avg,GB_Cluster_RMSE_Avg,GB_Cluster_MAD_Avg,GB_Euc_Time_Avg,GB_Euc_MAE_Avg,GB_Euc_RMSE_Avg,GB_Euc_MAD_Avg
1000,2,0.5,2.0,3,0.0005171298980712891,0.03174555839505721,0.043465480669550194,0.023354845822268516,0.0004162788391113281,0.07452498042771533,0.10859604046442277,0.05252846897306126,0.00045871734619140625,0.1329384955209603,0.48559749515247447,0.06925113678467147,0.14036202430725098,0.02753373880945305,0.03658398730726516,0.020859643737862976,0.06911468505859375,0.06925696603865526,0.10545859095931569,0.045253881626219385,0.06681164105733235,0.09211317514317885,0.21569762731880257,0.055484746703714484,0.05087423324584961,0.06527519415300535,0.0917469933383371,0.05252381821018001,0.05785989761352539,0.09604921400310527,0.13644819460529092,0.06577091638397967,0.06364130973815918,0.14804182355418227,0.4975988210736226,0.06322565388328309,0.2624242305755615,0.047523502,0.08538143,0.030398354,0.07358161608378093,0.09565455,0.1672859,0.052626017,0.06235130627950033,0.1241591,0.38527405,0.052032042,0.06472182273864746,0.023030797552844196,0.02992991278194677,0.01989618115551467,0.027525583902994793,0.06963413222149852,0.10118111759753583,0.04987528799858381,0.02812925974527995,0.0730738540220705,0.10829641379346644,0.05131419617904995
