N,Norm,Lambda,Gamma,K,LR_Entire_Time,LR_Entire_MAE,LR_Entire_RMSE,LR_Entire_MAD,LR_Cluster_Time_Avg,LR_Cluster_MAE_Avg,LR_Cluster_RMSE_Avg,LR_Cluster_MAD_Avg,LR_Euc_Time_Avg,LR_Euc_MAE_Avg,LR_Euc_RMSE_Avg,LR_Euc_MAD_Avg,RF_Entire_Time,RF_Entire_MAE,RF_Entire_RMSE,RF_Entire_MAD,RF_Cluster_Time_Avg,RF_Cluster_MAE_Avg,RF_Cluster_RMSE_Avg,RF_Cluster_MAD_Avg,RF_Euc_Time_Avg,RF_Euc_MAE_Avg,RF_Euc_RMSE_Avg,RF_Euc_MAD_Avg,NN_Entire_Time,NN_Entire_MAE,NN_Entire_RMSE,NN_Entire_MAD,NN_Cluster_Time_Avg,NN_Cluster_MAE_Avg,NN_Cluster_RMSE_Avg,NN_Cluster_MAD_Avg,NN_Euc_Time_Avg,NN_Euc_MAE_Avg,NN_Euc_RMSE_Avg,NN_Euc_MAD_Avg,GP_Entire_Time,GP_Entire_MAE,GP_Entire_RMSE,GP_Entire_MAD,GP_Cluster_Time_Avg,GP_Cluster_MAE_Avg,GP_Cluster_RMSE_Avg,GP_Cluster_MAD_Avg,GP_Euc_Time_Avg,GP_Euc_MAE_Avg,GP_Euc_RMSE_Avg,GP_Euc_MAD_Avg,GB_Entire_Time,GB_Entire_MAE,GB_Entire_RMSE,GB_Entire_MAD,GB_Cluster_Time_Avg,GB_Cluster_MAE_Avg,GB_Cluster_RMSE_Avg,GB_Cluster_MAD_Avg,GB_Euc_Time_Avg,GB_Euc_MAE_Avg,GB_Euc_RMSE_Avg,GB_Euc_MAD_Avg
100,1,0.5,0.5,3,0.0003330707550048828,0.19598571368711998,0.2658167496676893,0.12690348231686688,0.00038735071818033856,0.13833994956657233,0.15878494071142032,0.1329869330474561,0.0002700487772623698,0.21199546172254302,0.2537019055645321,0.16563578698744988,0.04405689239501953,0.034520026434105816,0.04281462874810221,0.029260125777450283,0.03949999809265137,0.10014049439120791,0.12072255474903724,0.07516459761963856,0.03921866416931152,0.3412306444936692,0.6330972900797821,0.12773593702854483,0.02380084991455078,0.24322543745388986,0.3722826178018186,0.10347565785555159,0.012763420740763346,0.12634691892518704,0.16092728148141375,0.10391817871116656,0.011466423670450846,0.13600772350569598,0.16094463940380357,0.12210329567145307,0.03634786605834961,0.14043128,0.21644284,0.062149398,0.030313571294148762,0.1008965,0.11475891,0.100225784,0.03107293446858724,0.1699987,0.20305915,0.1855737,0.01478886604309082,0.03491987311669344,0.04762864050497244,0.023898651900638015,0.011544068654378256,0.11014146572183314,0.1268338219521912,0.106251411648967,0.01115123430887858,0.4220944489457996,0.9580149157883292,0.06611913920772343
