N,Norm,Lambda,Gamma,K,LR_Entire_Time,LR_Entire_MAE,LR_Entire_RMSE,LR_Entire_MAD,LR_Cluster_Time_Avg,LR_Cluster_MAE_Avg,LR_Cluster_RMSE_Avg,LR_Cluster_MAD_Avg,LR_Euc_Time_Avg,LR_Euc_MAE_Avg,LR_Euc_RMSE_Avg,LR_Euc_MAD_Avg,RF_Entire_Time,RF_Entire_MAE,RF_Entire_RMSE,RF_Entire_MAD,RF_Cluster_Time_Avg,RF_Cluster_MAE_Avg,RF_Cluster_RMSE_Avg,RF_Cluster_MAD_Avg,RF_Euc_Time_Avg,RF_Euc_MAE_Avg,RF_Euc_RMSE_Avg,RF_Euc_MAD_Avg,NN_Entire_Time,NN_Entire_MAE,NN_Entire_RMSE,NN_Entire_MAD,NN_Cluster_Time_Avg,NN_Cluster_MAE_Avg,NN_Cluster_RMSE_Avg,NN_Cluster_MAD_Avg,NN_Euc_Time_Avg,NN_Euc_MAE_Avg,NN_Euc_RMSE_Avg,NN_Euc_MAD_Avg,GP_Entire_Time,GP_Entire_MAE,GP_Entire_RMSE,GP_Entire_MAD,GP_Cluster_Time_Avg,GP_Cluster_MAE_Avg,GP_Cluster_RMSE_Avg,GP_Cluster_MAD_Avg,GP_Euc_Time_Avg,GP_Euc_MAE_Avg,GP_Euc_RMSE_Avg,GP_Euc_MAD_Avg,GB_Entire_Time,GB_Entire_MAE,GB_Entire_RMSE,GB_Entire_MAD,GB_Cluster_Time_Avg,GB_Cluster_MAE_Avg,GB_Cluster_RMSE_Avg,GB_Cluster_MAD_Avg,GB_Euc_Time_Avg,GB_Euc_MAE_Avg,GB_Euc_RMSE_Avg,GB_Euc_MAD_Avg
500,2,0.1,0.5,4,0.00028586387634277344,0.04554139396076337,0.06322217389655631,0.03166617154606036,0.00029033422470092773,0.3295308905206704,0.4609132519381567,0.22877289691872912,0.00024950504302978516,0.1579505206000498,0.20729605280178617,0.11993514337159093,0.08605289459228516,0.03478426823053835,0.05548108262620869,0.022949806966010455,0.04681473970413208,0.14435612400130435,0.24214027258283377,0.0810231495416342,0.04683732986450195,0.08057318307402346,0.10686963196313837,0.06129240484556821,0.06702470779418945,0.06093225743404842,0.09341550180174141,0.04024518730860242,0.02782571315765381,0.18890158725483547,0.2705959073722205,0.1327082136214706,0.043338000774383545,0.2253046270978043,0.3222889132301449,0.1669468211306837,0.0893549919128418,0.07147561,0.10188179,0.046482205,0.04712259769439697,0.17032743,0.26025894,0.10146409,0.03893393278121948,0.14690587,0.24036019,0.07968679,0.03731584548950195,0.03296417676815594,0.05417655555428602,0.020239565209988458,0.016066431999206543,0.1505161555431581,0.24473527388585817,0.10285684698270856,0.01632291078567505,0.08267008122436435,0.11123722654922102,0.05490050630587537
