N,Norm,Lambda,Gamma,K,LR_Entire_Time,LR_Entire_MAE,LR_Entire_RMSE,LR_Entire_MAD,LR_Cluster_Time_Avg,LR_Cluster_MAE_Avg,LR_Cluster_RMSE_Avg,LR_Cluster_MAD_Avg,LR_Euc_Time_Avg,LR_Euc_MAE_Avg,LR_Euc_RMSE_Avg,LR_Euc_MAD_Avg,RF_Entire_Time,RF_Entire_MAE,RF_Entire_RMSE,RF_Entire_MAD,RF_Cluster_Time_Avg,RF_Cluster_MAE_Avg,RF_Cluster_RMSE_Avg,RF_Cluster_MAD_Avg,RF_Euc_Time_Avg,RF_Euc_MAE_Avg,RF_Euc_RMSE_Avg,RF_Euc_MAD_Avg,NN_Entire_Time,NN_Entire_MAE,NN_Entire_RMSE,NN_Entire_MAD,NN_Cluster_Time_Avg,NN_Cluster_MAE_Avg,NN_Cluster_RMSE_Avg,NN_Cluster_MAD_Avg,NN_Euc_Time_Avg,NN_Euc_MAE_Avg,NN_Euc_RMSE_Avg,NN_Euc_MAD_Avg,GB_Entire_Time,GB_Entire_MAE,GB_Entire_RMSE,GB_Entire_MAD,GB_Cluster_Time_Avg,GB_Cluster_MAE_Avg,GB_Cluster_RMSE_Avg,GB_Cluster_MAD_Avg,GB_Euc_Time_Avg,GB_Euc_MAE_Avg,GB_Euc_RMSE_Avg,GB_Euc_MAD_Avg
100000,1,0.5,1.0,5,0.005920886993408203,0.0643103041422581,0.30043950634238437,0.03601264487927863,0.0016603946685791015,0.14402314814026926,0.38876448789592855,0.1002329513142524,0.0015136241912841798,0.1810003097263652,0.43049108119569157,0.11850972218814104,25.387309074401855,0.03933780448570604,0.18937893119468366,0.01487874814161294,4.474749755859375,0.11693145861527621,0.3592110083076201,0.060568056319944795,4.411952161788941,0.11686585278347665,0.3748921100639684,0.05043424245713748,12.677629947662354,0.046840267813941704,0.20267099068020802,0.019440078628043533,1.5609922409057617,0.10234077745832497,0.3335923578216987,0.05562615343428727,1.0824056148529053,0.10991619623567916,0.3514759108643227,0.05192234908183273,6.715013027191162,0.04386189758666962,0.19058688340683885,0.021572383600056044,1.3016629695892334,0.11493973356457643,0.361285333005615,0.07085082105660331,1.2890727996826172,0.11631551819069863,0.3649031226758739,0.05880192925689032
