N,Norm,Lambda,Gamma,K,LR_Entire_Time,LR_Entire_MAE,LR_Entire_RMSE,LR_Entire_MAD,LR_Cluster_Time_Avg,LR_Cluster_MAE_Avg,LR_Cluster_RMSE_Avg,LR_Cluster_MAD_Avg,LR_Euc_Time_Avg,LR_Euc_MAE_Avg,LR_Euc_RMSE_Avg,LR_Euc_MAD_Avg,RF_Entire_Time,RF_Entire_MAE,RF_Entire_RMSE,RF_Entire_MAD,RF_Cluster_Time_Avg,RF_Cluster_MAE_Avg,RF_Cluster_RMSE_Avg,RF_Cluster_MAD_Avg,RF_Euc_Time_Avg,RF_Euc_MAE_Avg,RF_Euc_RMSE_Avg,RF_Euc_MAD_Avg,NN_Entire_Time,NN_Entire_MAE,NN_Entire_RMSE,NN_Entire_MAD,NN_Cluster_Time_Avg,NN_Cluster_MAE_Avg,NN_Cluster_RMSE_Avg,NN_Cluster_MAD_Avg,NN_Euc_Time_Avg,NN_Euc_MAE_Avg,NN_Euc_RMSE_Avg,NN_Euc_MAD_Avg,GB_Entire_Time,GB_Entire_MAE,GB_Entire_RMSE,GB_Entire_MAD,GB_Cluster_Time_Avg,GB_Cluster_MAE_Avg,GB_Cluster_RMSE_Avg,GB_Cluster_MAD_Avg,GB_Euc_Time_Avg,GB_Euc_MAE_Avg,GB_Euc_RMSE_Avg,GB_Euc_MAD_Avg
50000,2,0.9,2.0,4,0.003648996353149414,0.06625561675942009,0.3233405659660932,0.03390383380555034,0.0011320710182189941,0.11639494579009786,0.31404643834927976,0.07914746108933665,0.0013402104377746582,0.15681437021266262,0.40509421674927343,0.09586607981260689,11.19162917137146,0.04271879021183576,0.21500433744302677,0.015787828208400245,2.5302411913871765,0.09476043656728504,0.27683294134743536,0.04914197478610028,2.4622920751571655,0.09926129131486727,0.3405946553682039,0.04045538088395943,8.037676095962524,0.05339636447392614,0.23392312755130742,0.021047033314530755,1.4052755236625671,0.08458499600959869,0.25884317990994604,0.041676171799053266,1.0123862028121948,0.09812244660138353,0.3162929502563507,0.04230778814617735,3.2486517429351807,0.048177685224021355,0.2205208305499901,0.022824623588756365,0.7919386625289917,0.09289454658079664,0.2697650173185355,0.055972191094166235,0.7930679321289062,0.09913663892016372,0.3335775711145473,0.04658385333799027
