N,Norm,Lambda,Gamma,K,LR_Entire_Time,LR_Entire_MAE,LR_Entire_RMSE,LR_Entire_MAD,LR_Cluster_Time_Avg,LR_Cluster_MAE_Avg,LR_Cluster_RMSE_Avg,LR_Cluster_MAD_Avg,LR_Cluster_MAE_Median,LR_Cluster_RMSE_Median,LR_Cluster_MAD_Median,RF_Entire_Time,RF_Entire_MAE,RF_Entire_RMSE,RF_Entire_MAD,RF_Cluster_Time_Avg,RF_Cluster_MAE_Avg,RF_Cluster_RMSE_Avg,RF_Cluster_MAD_Avg,RF_Cluster_MAE_Median,RF_Cluster_RMSE_Median,RF_Cluster_MAD_Median,NN_Entire_Time,NN_Entire_MAE,NN_Entire_RMSE,NN_Entire_MAD,NN_Cluster_Time_Avg,NN_Cluster_MAE_Avg,NN_Cluster_RMSE_Avg,NN_Cluster_MAD_Avg,NN_Cluster_MAE_Median,NN_Cluster_RMSE_Median,NN_Cluster_MAD_Median,GP_Entire_Time,GP_Entire_MAE,GP_Entire_RMSE,GP_Entire_MAD,GP_Cluster_Time_Avg,GP_Cluster_MAE_Avg,GP_Cluster_RMSE_Avg,GP_Cluster_MAD_Avg,GP_Cluster_MAE_Median,GP_Cluster_RMSE_Median,GP_Cluster_MAD_Median,GB_Entire_Time,GB_Entire_MAE,GB_Entire_RMSE,GB_Entire_MAD,GB_Cluster_Time_Avg,GB_Cluster_MAE_Avg,GB_Cluster_RMSE_Avg,GB_Cluster_MAD_Avg,GB_Cluster_MAE_Median,GB_Cluster_RMSE_Median,GB_Cluster_MAD_Median
10000,1,0.9,1.0,6,0.0011839866638183594,0.0711493164406142,0.34865177023578486,0.037222118158097006,0.0007266600926717123,0.07234262504508641,0.288426867467756,0.03996989062929956,0.06568402072182246,0.3491916291288688,0.04404593623724537,1.6165611743927002,0.04248075762812883,0.20359723675006516,0.01733496584371,0.2205357551574707,0.04371304742689622,0.17757088335002483,0.017057459057374543,0.04004677766150387,0.15281811318744537,0.016930968427669266,2.045891046524048,0.07371532268189523,0.27687849909555473,0.033053620779751464,0.2184886932373047,0.07944023535384725,0.282527289866962,0.029735811067716268,0.06942612928084313,0.3122291371876081,0.02905386886119557,9.250284194946289,0.062087215,0.2541385,0.02154252,0.5710815191268921,0.0727553,0.25813398,0.023971805,0.06501013040542603,0.21158546209335327,0.023221105337142944,0.610476016998291,0.046059784377086486,0.19540350230775208,0.022916511687970098,0.09382847944895427,0.04389206452076499,0.19496505553328533,0.01914627028166896,0.04121337655643785,0.16924396838194994,0.01918765222886462
