N,Norm,Lambda,Gamma,K,LR_Entire_Time,LR_Entire_MAE,LR_Entire_RMSE,LR_Entire_MAD,LR_Cluster_Time_Avg,LR_Cluster_MAE_Avg,LR_Cluster_RMSE_Avg,LR_Cluster_MAD_Avg,LR_Euc_Time_Avg,LR_Euc_MAE_Avg,LR_Euc_RMSE_Avg,LR_Euc_MAD_Avg,RF_Entire_Time,RF_Entire_MAE,RF_Entire_RMSE,RF_Entire_MAD,RF_Cluster_Time_Avg,RF_Cluster_MAE_Avg,RF_Cluster_RMSE_Avg,RF_Cluster_MAD_Avg,RF_Euc_Time_Avg,RF_Euc_MAE_Avg,RF_Euc_RMSE_Avg,RF_Euc_MAD_Avg,NN_Entire_Time,NN_Entire_MAE,NN_Entire_RMSE,NN_Entire_MAD,NN_Cluster_Time_Avg,NN_Cluster_MAE_Avg,NN_Cluster_RMSE_Avg,NN_Cluster_MAD_Avg,NN_Euc_Time_Avg,NN_Euc_MAE_Avg,NN_Euc_RMSE_Avg,NN_Euc_MAD_Avg,GB_Entire_Time,GB_Entire_MAE,GB_Entire_RMSE,GB_Entire_MAD,GB_Cluster_Time_Avg,GB_Cluster_MAE_Avg,GB_Cluster_RMSE_Avg,GB_Cluster_MAD_Avg,GB_Euc_Time_Avg,GB_Euc_MAE_Avg,GB_Euc_RMSE_Avg,GB_Euc_MAD_Avg
50000,1,0.9,2.0,4,0.003480672836303711,0.06625561675942009,0.3233405659660932,0.03390383380555034,0.0018988251686096191,0.11639494579009786,0.31404643834927976,0.07914746108933665,0.0014392733573913574,0.15681437021266262,0.40509421674927343,0.09586607981260689,11.244618892669678,0.0426631631054483,0.21461457163113737,0.015929733404638505,2.5627341866493225,0.0948694697987175,0.2774339045919698,0.04948164078597101,2.4954288005828857,0.09903320976823556,0.3406885925649198,0.04032017244405278,9.693451166152954,0.0606257422644802,0.2457222964689732,0.027759912983991025,1.218072533607483,0.08742708128031244,0.2600995859382367,0.043755781348947684,0.8923442363739014,0.09670122457676003,0.31371600438750263,0.04184058941175292,3.1823618412017822,0.04804959786494568,0.22035293969481382,0.02282462358875642,0.7856409549713135,0.09291067382697782,0.26984401278565345,0.05595830362479923,0.7845367193222046,0.09892279881773172,0.33315778414250086,0.04658385333799036
