N,Norm,Lambda,Gamma,K,LR_Entire_Time,LR_Entire_MAE,LR_Entire_RMSE,LR_Entire_MAD,LR_Cluster_Time_Avg,LR_Cluster_MAE_Avg,LR_Cluster_RMSE_Avg,LR_Cluster_MAD_Avg,LR_Euc_Time_Avg,LR_Euc_MAE_Avg,LR_Euc_RMSE_Avg,LR_Euc_MAD_Avg,RF_Entire_Time,RF_Entire_MAE,RF_Entire_RMSE,RF_Entire_MAD,RF_Cluster_Time_Avg,RF_Cluster_MAE_Avg,RF_Cluster_RMSE_Avg,RF_Cluster_MAD_Avg,RF_Euc_Time_Avg,RF_Euc_MAE_Avg,RF_Euc_RMSE_Avg,RF_Euc_MAD_Avg,NN_Entire_Time,NN_Entire_MAE,NN_Entire_RMSE,NN_Entire_MAD,NN_Cluster_Time_Avg,NN_Cluster_MAE_Avg,NN_Cluster_RMSE_Avg,NN_Cluster_MAD_Avg,NN_Euc_Time_Avg,NN_Euc_MAE_Avg,NN_Euc_RMSE_Avg,NN_Euc_MAD_Avg,GB_Entire_Time,GB_Entire_MAE,GB_Entire_RMSE,GB_Entire_MAD,GB_Cluster_Time_Avg,GB_Cluster_MAE_Avg,GB_Cluster_RMSE_Avg,GB_Cluster_MAD_Avg,GB_Euc_Time_Avg,GB_Euc_MAE_Avg,GB_Euc_RMSE_Avg,GB_Euc_MAD_Avg
100000,2,0.9,1.0,6,0.005733013153076172,0.0643103041422581,0.30043950634238437,0.03601264487927863,0.0014123121897379558,0.16764776785176197,0.3929271346255098,0.12132528962183631,0.001526474952697754,0.19833764315984814,0.4302280975120915,0.13404918249230613,26.681010007858276,0.039712572856155585,0.19180515720170815,0.015044639502397997,3.859540422757467,0.1371568620633246,0.3675782644677627,0.07517572458391897,3.788638949394226,0.1424453286004148,0.4106945678517518,0.06209826821361111,11.789183139801025,0.05840798519794854,0.2050765833225312,0.028545437040758237,1.3857961893081665,0.12332325789494776,0.34098222444607496,0.07589800402304235,0.8347224791844686,0.12407802453432741,0.36364396291084655,0.06061401554649171,6.591531038284302,0.04387559094787156,0.19022671742278927,0.02157488316435791,1.0618162552515666,0.1356577754174487,0.3600368844778459,0.08671060811658295,1.0738402207692463,0.13876393014456462,0.39270588284872426,0.07079072806732567
