N,Norm,Lambda,Gamma,K,LR_Entire_Time,LR_Entire_MAE,LR_Entire_RMSE,LR_Entire_MAD,LR_Cluster_Time_Avg,LR_Cluster_MAE_Avg,LR_Cluster_RMSE_Avg,LR_Cluster_MAD_Avg,LR_Euc_Time_Avg,LR_Euc_MAE_Avg,LR_Euc_RMSE_Avg,LR_Euc_MAD_Avg,RF_Entire_Time,RF_Entire_MAE,RF_Entire_RMSE,RF_Entire_MAD,RF_Cluster_Time_Avg,RF_Cluster_MAE_Avg,RF_Cluster_RMSE_Avg,RF_Cluster_MAD_Avg,RF_Euc_Time_Avg,RF_Euc_MAE_Avg,RF_Euc_RMSE_Avg,RF_Euc_MAD_Avg,NN_Entire_Time,NN_Entire_MAE,NN_Entire_RMSE,NN_Entire_MAD,NN_Cluster_Time_Avg,NN_Cluster_MAE_Avg,NN_Cluster_RMSE_Avg,NN_Cluster_MAD_Avg,NN_Euc_Time_Avg,NN_Euc_MAE_Avg,NN_Euc_RMSE_Avg,NN_Euc_MAD_Avg,GP_Entire_Time,GP_Entire_MAE,GP_Entire_RMSE,GP_Entire_MAD,GP_Cluster_Time_Avg,GP_Cluster_MAE_Avg,GP_Cluster_RMSE_Avg,GP_Cluster_MAD_Avg,GP_Euc_Time_Avg,GP_Euc_MAE_Avg,GP_Euc_RMSE_Avg,GP_Euc_MAD_Avg,GB_Entire_Time,GB_Entire_MAE,GB_Entire_RMSE,GB_Entire_MAD,GB_Cluster_Time_Avg,GB_Cluster_MAE_Avg,GB_Cluster_RMSE_Avg,GB_Cluster_MAD_Avg,GB_Euc_Time_Avg,GB_Euc_MAE_Avg,GB_Euc_RMSE_Avg,GB_Euc_MAD_Avg
100,1,0.5,0.5,4,0.00030994415283203125,0.19598571368711998,0.2658167496676893,0.12690348231686688,0.00028073787689208984,0.20608208184274573,0.28054223856080396,0.15403454944364975,0.00025027990341186523,0.2636792202538578,0.27544820109858575,0.2646526185300492,0.04646611213684082,0.032531859406771266,0.042269476846738284,0.027527361279797047,0.03978264331817627,0.30670338411972553,0.3818238267439954,0.2599364871416018,0.03918898105621338,0.37339317070234135,0.5363640984782373,0.17220215832244268,0.02406597137451172,0.2764793491565002,0.416496772139043,0.11600300288368766,0.010426759719848633,0.36865056643339433,0.4401099453546505,0.3241455821332042,0.009545207023620605,0.2710147198862491,0.3080773709028142,0.22598228501196974,0.037821292877197266,0.14043128,0.21644284,0.062149398,0.03042978048324585,0.48863697,0.55369157,0.4811833,0.029718756675720215,0.54975957,0.67998046,0.4185274,0.014213085174560547,0.038239308511646086,0.05450989335555467,0.02389865190063803,0.010916173458099365,0.22489015898886167,0.2715664826767954,0.21040204106943705,0.010875463485717773,0.42802092220016624,0.6843226731151113,0.10217170997335821
