N,Norm,Lambda,Gamma,K,LR_Entire_Time,LR_Entire_MAE,LR_Entire_RMSE,LR_Entire_MAD,LR_Cluster_Time_Avg,LR_Cluster_MAE_Avg,LR_Cluster_RMSE_Avg,LR_Cluster_MAD_Avg,LR_Euc_Time_Avg,LR_Euc_MAE_Avg,LR_Euc_RMSE_Avg,LR_Euc_MAD_Avg,RF_Entire_Time,RF_Entire_MAE,RF_Entire_RMSE,RF_Entire_MAD,RF_Cluster_Time_Avg,RF_Cluster_MAE_Avg,RF_Cluster_RMSE_Avg,RF_Cluster_MAD_Avg,RF_Euc_Time_Avg,RF_Euc_MAE_Avg,RF_Euc_RMSE_Avg,RF_Euc_MAD_Avg,NN_Entire_Time,NN_Entire_MAE,NN_Entire_RMSE,NN_Entire_MAD,NN_Cluster_Time_Avg,NN_Cluster_MAE_Avg,NN_Cluster_RMSE_Avg,NN_Cluster_MAD_Avg,NN_Euc_Time_Avg,NN_Euc_MAE_Avg,NN_Euc_RMSE_Avg,NN_Euc_MAD_Avg,GB_Entire_Time,GB_Entire_MAE,GB_Entire_RMSE,GB_Entire_MAD,GB_Cluster_Time_Avg,GB_Cluster_MAE_Avg,GB_Cluster_RMSE_Avg,GB_Cluster_MAD_Avg,GB_Euc_Time_Avg,GB_Euc_MAE_Avg,GB_Euc_RMSE_Avg,GB_Euc_MAD_Avg
100000,2,0.1,1.0,5,0.0072247982025146484,0.0643103041422581,0.30043950634238437,0.03601264487927863,0.0021511077880859374,0.14083062096759366,0.359072582104655,0.09958851062355584,0.002605581283569336,0.1810003097263652,0.43049108119569157,0.11850972218814104,25.398146867752075,0.03951903778764522,0.19107968037713396,0.015051840574328887,4.51260142326355,0.1140025448950853,0.32591516384290187,0.06209649310837746,4.400664186477661,0.11620717765734745,0.37333536307251564,0.05082753641095632,15.309385061264038,0.04394032746044636,0.1919214550000065,0.02006953083782509,1.6961825847625733,0.10047042679550951,0.30198419700740364,0.05832185361940312,1.0923798084259033,0.11025057445456417,0.3515279706649488,0.05184679433372884,6.632097005844116,0.043847708514417445,0.19016299772443582,0.021572383600055964,1.280115509033203,0.1120783685382846,0.3140329430944412,0.07076709640392656,1.2927977085113525,0.1163703466743794,0.36532959632954953,0.058790766531387616
