N,Norm,Lambda,Gamma,K,LR_Entire_Time,LR_Entire_MAE,LR_Entire_RMSE,LR_Entire_MAD,LR_Cluster_Time_Avg,LR_Cluster_MAE_Avg,LR_Cluster_RMSE_Avg,LR_Cluster_MAD_Avg,LR_Cluster_MAE_Median,LR_Cluster_RMSE_Median,LR_Cluster_MAD_Median,RF_Entire_Time,RF_Entire_MAE,RF_Entire_RMSE,RF_Entire_MAD,RF_Cluster_Time_Avg,RF_Cluster_MAE_Avg,RF_Cluster_RMSE_Avg,RF_Cluster_MAD_Avg,RF_Cluster_MAE_Median,RF_Cluster_RMSE_Median,RF_Cluster_MAD_Median,NN_Entire_Time,NN_Entire_MAE,NN_Entire_RMSE,NN_Entire_MAD,NN_Cluster_Time_Avg,NN_Cluster_MAE_Avg,NN_Cluster_RMSE_Avg,NN_Cluster_MAD_Avg,NN_Cluster_MAE_Median,NN_Cluster_RMSE_Median,NN_Cluster_MAD_Median,GP_Entire_Time,GP_Entire_MAE,GP_Entire_RMSE,GP_Entire_MAD,GP_Cluster_Time_Avg,GP_Cluster_MAE_Avg,GP_Cluster_RMSE_Avg,GP_Cluster_MAD_Avg,GP_Cluster_MAE_Median,GP_Cluster_RMSE_Median,GP_Cluster_MAD_Median,GB_Entire_Time,GB_Entire_MAE,GB_Entire_RMSE,GB_Entire_MAD,GB_Cluster_Time_Avg,GB_Cluster_MAE_Avg,GB_Cluster_RMSE_Avg,GB_Cluster_MAD_Avg,GB_Cluster_MAE_Median,GB_Cluster_RMSE_Median,GB_Cluster_MAD_Median
1000,1,0.5,1.0,6,0.0009372234344482422,0.07572404595198262,0.3176633156201745,0.045674406410488144,0.0006224711736043295,0.14332246647575372,0.46002404156061233,0.05307010236082701,0.1186754396224024,0.44296326421016985,0.014327691384906893,0.14017796516418457,0.02236560742122678,0.031787076292421716,0.016082626562308383,0.050101399421691895,0.11684488602632966,0.355155486266147,0.03329172936232961,0.09047787739139193,0.21762850064011752,0.03557450337719634,0.19937896728515625,0.09320360924383828,0.3096574273954416,0.03810716548134913,0.022039294242858887,0.15572656527837578,0.47045913222491254,0.0536266585321969,0.11805904958916483,0.3857917952717209,0.05500046139748492,0.25253987312316895,0.09063805,0.28110394,0.036968112,0.0455092191696167,0.12531531,0.36536512,0.032485906,0.08250358700752258,0.23741976916790009,0.028077736496925354,0.06031465530395508,0.022173229193078,0.029578322489237825,0.01753593478982965,0.016893823941548664,0.10645352498390304,0.339010864262871,0.02300639065313145,0.0738722885949477,0.15664264570369452,0.021410163844047012
