N,Norm,Lambda,Gamma,K,LR_Entire_Time,LR_Entire_MAE,LR_Entire_RMSE,LR_Entire_MAD,LR_Cluster_Time_Avg,LR_Cluster_MAE_Avg,LR_Cluster_RMSE_Avg,LR_Cluster_MAD_Avg,LR_Euc_Time_Avg,LR_Euc_MAE_Avg,LR_Euc_RMSE_Avg,LR_Euc_MAD_Avg,RF_Entire_Time,RF_Entire_MAE,RF_Entire_RMSE,RF_Entire_MAD,RF_Cluster_Time_Avg,RF_Cluster_MAE_Avg,RF_Cluster_RMSE_Avg,RF_Cluster_MAD_Avg,RF_Euc_Time_Avg,RF_Euc_MAE_Avg,RF_Euc_RMSE_Avg,RF_Euc_MAD_Avg,NN_Entire_Time,NN_Entire_MAE,NN_Entire_RMSE,NN_Entire_MAD,NN_Cluster_Time_Avg,NN_Cluster_MAE_Avg,NN_Cluster_RMSE_Avg,NN_Cluster_MAD_Avg,NN_Euc_Time_Avg,NN_Euc_MAE_Avg,NN_Euc_RMSE_Avg,NN_Euc_MAD_Avg,GB_Entire_Time,GB_Entire_MAE,GB_Entire_RMSE,GB_Entire_MAD,GB_Cluster_Time_Avg,GB_Cluster_MAE_Avg,GB_Cluster_RMSE_Avg,GB_Cluster_MAD_Avg,GB_Euc_Time_Avg,GB_Euc_MAE_Avg,GB_Euc_RMSE_Avg,GB_Euc_MAD_Avg
100000,1,0.9,2.0,5,0.005866050720214844,0.0643103041422581,0.30043950634238437,0.03601264487927863,0.0018072128295898438,0.14170812844699518,0.35608050154026805,0.10125110996282316,0.0016879558563232422,0.1810003097263652,0.43049108119569157,0.11850972218814104,25.447101831436157,0.03973775705744886,0.19090225971614067,0.015065442599087375,4.477499341964721,0.11548176789918847,0.33526752479296484,0.06175875294258944,4.415956592559814,0.11707737853401415,0.3748880188301738,0.051021829901221484,12.187806129455566,0.043804601885131716,0.19566997180556617,0.017104227354490076,1.7499935626983643,0.09629375508828977,0.29824676249137594,0.05173698061455325,1.073171043395996,0.11047831374519401,0.35134352565129723,0.053135514097924705,6.608767986297607,0.04386391018864474,0.19027605766461966,0.021574883164357867,1.277897834777832,0.11316964573059718,0.3331888716472825,0.0709882374813311,1.277400016784668,0.11630023330600192,0.36480414515151305,0.058798133140830836
