N,Norm,Lambda,Gamma,K,LR_Entire_Time,LR_Entire_MAE,LR_Entire_RMSE,LR_Entire_MAD,LR_Cluster_Time_Avg,LR_Cluster_MAE_Avg,LR_Cluster_RMSE_Avg,LR_Cluster_MAD_Avg,LR_Euc_Time_Avg,LR_Euc_MAE_Avg,LR_Euc_RMSE_Avg,LR_Euc_MAD_Avg,RF_Entire_Time,RF_Entire_MAE,RF_Entire_RMSE,RF_Entire_MAD,RF_Cluster_Time_Avg,RF_Cluster_MAE_Avg,RF_Cluster_RMSE_Avg,RF_Cluster_MAD_Avg,RF_Euc_Time_Avg,RF_Euc_MAE_Avg,RF_Euc_RMSE_Avg,RF_Euc_MAD_Avg,NN_Entire_Time,NN_Entire_MAE,NN_Entire_RMSE,NN_Entire_MAD,NN_Cluster_Time_Avg,NN_Cluster_MAE_Avg,NN_Cluster_RMSE_Avg,NN_Cluster_MAD_Avg,NN_Euc_Time_Avg,NN_Euc_MAE_Avg,NN_Euc_RMSE_Avg,NN_Euc_MAD_Avg,GP_Entire_Time,GP_Entire_MAE,GP_Entire_RMSE,GP_Entire_MAD,GP_Cluster_Time_Avg,GP_Cluster_MAE_Avg,GP_Cluster_RMSE_Avg,GP_Cluster_MAD_Avg,GP_Euc_Time_Avg,GP_Euc_MAE_Avg,GP_Euc_RMSE_Avg,GP_Euc_MAD_Avg,GB_Entire_Time,GB_Entire_MAE,GB_Entire_RMSE,GB_Entire_MAD,GB_Cluster_Time_Avg,GB_Cluster_MAE_Avg,GB_Cluster_RMSE_Avg,GB_Cluster_MAD_Avg,GB_Euc_Time_Avg,GB_Euc_MAE_Avg,GB_Euc_RMSE_Avg,GB_Euc_MAD_Avg
1000,1,0.9,2.0,7,0.0003566741943359375,0.03174555839505721,0.043465480669550194,0.023354845822268516,0.00033153806413922993,0.17999935904036884,0.3338014969627681,0.11519308458585284,0.00025544847760881694,0.24114744200741556,0.497433010418103,0.13447214769055482,0.1415081024169922,0.027050615330937767,0.03580884318170542,0.020472282332047453,0.04944637843540737,0.20446883044556627,0.3048350193563352,0.14548591638177744,0.048614399773733954,0.1744829838195117,0.32177509296793644,0.1061536467079065,0.07902216911315918,0.051722933738228234,0.07356029069698958,0.04015735745054934,0.03230690956115723,0.19729993034874074,0.34620578208975716,0.12713911577591722,0.03191099848066058,0.22841568852423427,0.4633231678063473,0.11910632241698796,0.1879119873046875,0.047523502,0.08538143,0.030398354,0.04125448635646275,0.21108648,0.3717451,0.13055821,0.037148850304739814,0.22839884,0.5366344,0.09300195,0.06488609313964844,0.023024210812856407,0.02987992242500587,0.019896181155514697,0.01703371320452009,0.17275548295593876,0.24464858263846903,0.11604682196661843,0.017031703676496233,0.1611069978635842,0.2489677585180329,0.11103332131587994
