N,Norm,Lambda,Gamma,K,LR_Entire_Time,LR_Entire_MAE,LR_Entire_RMSE,LR_Entire_MAD,LR_Cluster_Time_Avg,LR_Cluster_MAE_Avg,LR_Cluster_RMSE_Avg,LR_Cluster_MAD_Avg,LR_Euc_Time_Avg,LR_Euc_MAE_Avg,LR_Euc_RMSE_Avg,LR_Euc_MAD_Avg,RF_Entire_Time,RF_Entire_MAE,RF_Entire_RMSE,RF_Entire_MAD,RF_Cluster_Time_Avg,RF_Cluster_MAE_Avg,RF_Cluster_RMSE_Avg,RF_Cluster_MAD_Avg,RF_Euc_Time_Avg,RF_Euc_MAE_Avg,RF_Euc_RMSE_Avg,RF_Euc_MAD_Avg,NN_Entire_Time,NN_Entire_MAE,NN_Entire_RMSE,NN_Entire_MAD,NN_Cluster_Time_Avg,NN_Cluster_MAE_Avg,NN_Cluster_RMSE_Avg,NN_Cluster_MAD_Avg,NN_Euc_Time_Avg,NN_Euc_MAE_Avg,NN_Euc_RMSE_Avg,NN_Euc_MAD_Avg,GB_Entire_Time,GB_Entire_MAE,GB_Entire_RMSE,GB_Entire_MAD,GB_Cluster_Time_Avg,GB_Cluster_MAE_Avg,GB_Cluster_RMSE_Avg,GB_Cluster_MAD_Avg,GB_Euc_Time_Avg,GB_Euc_MAE_Avg,GB_Euc_RMSE_Avg,GB_Euc_MAD_Avg
100000,2,0.5,1.0,4,0.005738019943237305,0.0643103041422581,0.30043950634238437,0.03601264487927863,0.0019382238388061523,0.11474804169357891,0.31877721766135586,0.07885722292792399,0.0017138123512268066,0.1551439489605722,0.4137185066125712,0.09434256602327316,25.371646881103516,0.03953537963656399,0.19062352328454096,0.015087579227617165,5.740509510040283,0.09134655695870995,0.2827211384258014,0.04722723452277983,5.604961454868317,0.09662893427406738,0.33814454622489043,0.03859601985192568,12.001292943954468,0.04869994589262098,0.19135396786516864,0.02237960316599613,1.9082770347595215,0.07940729540416927,0.26551449827121865,0.041121535807067275,1.3383730053901672,0.0975854613293489,0.3198223325996733,0.04410012922346844,6.579249143600464,0.043891973835180474,0.19066016837550664,0.021574883164358228,1.6026013493537903,0.09040654774953771,0.2726096171705661,0.05489838132317998,1.600138545036316,0.09743140975907842,0.3329100908199224,0.04658897690455269
