N,Norm,Lambda,Gamma,K,LR_Entire_Time,LR_Entire_MAE,LR_Entire_RMSE,LR_Entire_MAD,LR_Cluster_Time_Avg,LR_Cluster_MAE_Avg,LR_Cluster_RMSE_Avg,LR_Cluster_MAD_Avg,LR_Euc_Time_Avg,LR_Euc_MAE_Avg,LR_Euc_RMSE_Avg,LR_Euc_MAD_Avg,RF_Entire_Time,RF_Entire_MAE,RF_Entire_RMSE,RF_Entire_MAD,RF_Cluster_Time_Avg,RF_Cluster_MAE_Avg,RF_Cluster_RMSE_Avg,RF_Cluster_MAD_Avg,RF_Euc_Time_Avg,RF_Euc_MAE_Avg,RF_Euc_RMSE_Avg,RF_Euc_MAD_Avg,NN_Entire_Time,NN_Entire_MAE,NN_Entire_RMSE,NN_Entire_MAD,NN_Cluster_Time_Avg,NN_Cluster_MAE_Avg,NN_Cluster_RMSE_Avg,NN_Cluster_MAD_Avg,NN_Euc_Time_Avg,NN_Euc_MAE_Avg,NN_Euc_RMSE_Avg,NN_Euc_MAD_Avg,GP_Entire_Time,GP_Entire_MAE,GP_Entire_RMSE,GP_Entire_MAD,GP_Cluster_Time_Avg,GP_Cluster_MAE_Avg,GP_Cluster_RMSE_Avg,GP_Cluster_MAD_Avg,GP_Euc_Time_Avg,GP_Euc_MAE_Avg,GP_Euc_RMSE_Avg,GP_Euc_MAD_Avg,GB_Entire_Time,GB_Entire_MAE,GB_Entire_RMSE,GB_Entire_MAD,GB_Cluster_Time_Avg,GB_Cluster_MAE_Avg,GB_Cluster_RMSE_Avg,GB_Cluster_MAD_Avg,GB_Euc_Time_Avg,GB_Euc_MAE_Avg,GB_Euc_RMSE_Avg,GB_Euc_MAD_Avg
1000,2,0.1,0.5,3,0.0005931854248046875,0.03174555839505721,0.043465480669550194,0.023354845822268516,0.0004359881083170573,0.07452498042771533,0.10859604046442277,0.05252846897306126,0.0004119873046875,0.1329384955209603,0.48559749515247447,0.06925113678467147,0.14292407035827637,0.02703640934957152,0.03622598422309613,0.02114709374513818,0.07035946846008301,0.06821375753131602,0.10391212489610346,0.04404197871041643,0.06806461016337077,0.0930846379001637,0.2205446408380678,0.05774609220878837,0.04909110069274902,0.061331899971814534,0.08216907484417037,0.044844283691628045,0.05217417081197103,0.1001096705180941,0.14789158515154135,0.07236589794327153,0.05801963806152344,0.16017800559612713,0.5131842411892192,0.07853411120843594,0.18651080131530762,0.047523502,0.08538143,0.030398354,0.06954709688822429,0.09565455,0.1672859,0.052626017,0.06059924761454264,0.1241591,0.38527405,0.052032042,0.06352710723876953,0.023061001814888425,0.0299706272927009,0.01959871455907633,0.027252674102783203,0.06938262516523593,0.0998929127351892,0.05135184583273864,0.027031342188517254,0.073115908760488,0.10836480945558659,0.051314196179049844
