N,Norm,Lambda,Gamma,K,LR_Entire_Time,LR_Entire_MAE,LR_Entire_RMSE,LR_Entire_MAD,LR_Cluster_Time_Avg,LR_Cluster_MAE_Avg,LR_Cluster_RMSE_Avg,LR_Cluster_MAD_Avg,LR_Euc_Time_Avg,LR_Euc_MAE_Avg,LR_Euc_RMSE_Avg,LR_Euc_MAD_Avg,RF_Entire_Time,RF_Entire_MAE,RF_Entire_RMSE,RF_Entire_MAD,RF_Cluster_Time_Avg,RF_Cluster_MAE_Avg,RF_Cluster_RMSE_Avg,RF_Cluster_MAD_Avg,RF_Euc_Time_Avg,RF_Euc_MAE_Avg,RF_Euc_RMSE_Avg,RF_Euc_MAD_Avg,NN_Entire_Time,NN_Entire_MAE,NN_Entire_RMSE,NN_Entire_MAD,NN_Cluster_Time_Avg,NN_Cluster_MAE_Avg,NN_Cluster_RMSE_Avg,NN_Cluster_MAD_Avg,NN_Euc_Time_Avg,NN_Euc_MAE_Avg,NN_Euc_RMSE_Avg,NN_Euc_MAD_Avg,GP_Entire_Time,GP_Entire_MAE,GP_Entire_RMSE,GP_Entire_MAD,GP_Cluster_Time_Avg,GP_Cluster_MAE_Avg,GP_Cluster_RMSE_Avg,GP_Cluster_MAD_Avg,GP_Euc_Time_Avg,GP_Euc_MAE_Avg,GP_Euc_RMSE_Avg,GP_Euc_MAD_Avg,GB_Entire_Time,GB_Entire_MAE,GB_Entire_RMSE,GB_Entire_MAD,GB_Cluster_Time_Avg,GB_Cluster_MAE_Avg,GB_Cluster_RMSE_Avg,GB_Cluster_MAD_Avg,GB_Euc_Time_Avg,GB_Euc_MAE_Avg,GB_Euc_RMSE_Avg,GB_Euc_MAD_Avg
500,2,0.1,1.0,6,0.0003230571746826172,0.04554139396076337,0.06322217389655631,0.03166617154606036,0.00033704439798990887,0.1760974524289212,0.31830583599309886,0.1233304401198712,0.00029710928599039715,0.19921843298696848,0.25486940794286467,0.17387360374618732,0.08404684066772461,0.034835410162655345,0.0549568964476528,0.02378081833907688,0.04399394989013672,0.17953252288181742,0.272775818342062,0.1164833336881174,0.04309284687042236,0.161340847593279,0.22478966861980376,0.1208258188603384,0.04451298713684082,0.06789203646281075,0.09273196703723509,0.047621401343806435,0.016171733538309734,0.19766975495703543,0.35816130986309536,0.11933137733074145,0.015762805938720703,0.16306257784783032,0.23881177104265813,0.10852604150794491,0.08456087112426758,0.07147561,0.10188179,0.046482205,0.03825585047403971,0.21956277,0.3699956,0.14871815,0.034354567527770996,0.13239518,0.21830045,0.07401103,0.035659074783325195,0.03296764821408777,0.054264845124144125,0.020239565209988486,0.013705174128214518,0.16187538929008516,0.23852470814183782,0.11084604836361998,0.013602693875630697,0.141747545869688,0.22077415357969424,0.09215481610170177
