N,Norm,Lambda,Gamma,K,LR_Entire_Time,LR_Entire_MAE,LR_Entire_RMSE,LR_Entire_MAD,LR_Cluster_Time_Avg,LR_Cluster_MAE_Avg,LR_Cluster_RMSE_Avg,LR_Cluster_MAD_Avg,LR_Euc_Time_Avg,LR_Euc_MAE_Avg,LR_Euc_RMSE_Avg,LR_Euc_MAD_Avg,RF_Entire_Time,RF_Entire_MAE,RF_Entire_RMSE,RF_Entire_MAD,RF_Cluster_Time_Avg,RF_Cluster_MAE_Avg,RF_Cluster_RMSE_Avg,RF_Cluster_MAD_Avg,RF_Euc_Time_Avg,RF_Euc_MAE_Avg,RF_Euc_RMSE_Avg,RF_Euc_MAD_Avg,NN_Entire_Time,NN_Entire_MAE,NN_Entire_RMSE,NN_Entire_MAD,NN_Cluster_Time_Avg,NN_Cluster_MAE_Avg,NN_Cluster_RMSE_Avg,NN_Cluster_MAD_Avg,NN_Euc_Time_Avg,NN_Euc_MAE_Avg,NN_Euc_RMSE_Avg,NN_Euc_MAD_Avg,GP_Entire_Time,GP_Entire_MAE,GP_Entire_RMSE,GP_Entire_MAD,GP_Cluster_Time_Avg,GP_Cluster_MAE_Avg,GP_Cluster_RMSE_Avg,GP_Cluster_MAD_Avg,GP_Euc_Time_Avg,GP_Euc_MAE_Avg,GP_Euc_RMSE_Avg,GP_Euc_MAD_Avg,GB_Entire_Time,GB_Entire_MAE,GB_Entire_RMSE,GB_Entire_MAD,GB_Cluster_Time_Avg,GB_Cluster_MAE_Avg,GB_Cluster_RMSE_Avg,GB_Cluster_MAD_Avg,GB_Euc_Time_Avg,GB_Euc_MAE_Avg,GB_Euc_RMSE_Avg,GB_Euc_MAD_Avg
1000,2,0.9,0.5,7,0.00047326087951660156,0.03174555839505721,0.043465480669550194,0.023354845822268516,0.00027745110648018975,0.1619866805230958,0.2233416890422231,0.12561074165295358,0.00024587767464773994,0.24114744200741556,0.497433010418103,0.13447214769055482,0.14193320274353027,0.027161241271534634,0.03629795543320462,0.020870290034429417,0.049535785402570455,0.1771776278657328,0.24825194161789205,0.127092118644556,0.04845905303955078,0.17608036991203607,0.3383476273938601,0.10437667139521886,0.06920409202575684,0.050212894285132134,0.0750403270334325,0.03479572311338067,0.03205840928213937,0.1505806126555842,0.21481443716077683,0.1086430584689003,0.028411388397216797,0.20876784855057323,0.44104906656834825,0.10928278990002552,0.2356419563293457,0.047523502,0.08538143,0.030398354,0.042495863778250556,0.17421748,0.27143288,0.11049243,0.037103584834507534,0.22839884,0.5366344,0.09300195,0.06323623657226562,0.023040458328277506,0.029930953123802326,0.019896181155514586,0.016568115779331753,0.15347030558059666,0.21763102782126725,0.11081388305990432,0.016616208212716237,0.15962265550205632,0.24727371107471321,0.10932700544718979
