N,Norm,Lambda,Gamma,K,LR_Entire_Time,LR_Entire_MAE,LR_Entire_RMSE,LR_Entire_MAD,LR_Cluster_Time_Avg,LR_Cluster_MAE_Avg,LR_Cluster_RMSE_Avg,LR_Cluster_MAD_Avg,LR_Euc_Time_Avg,LR_Euc_MAE_Avg,LR_Euc_RMSE_Avg,LR_Euc_MAD_Avg,RF_Entire_Time,RF_Entire_MAE,RF_Entire_RMSE,RF_Entire_MAD,RF_Cluster_Time_Avg,RF_Cluster_MAE_Avg,RF_Cluster_RMSE_Avg,RF_Cluster_MAD_Avg,RF_Euc_Time_Avg,RF_Euc_MAE_Avg,RF_Euc_RMSE_Avg,RF_Euc_MAD_Avg,NN_Entire_Time,NN_Entire_MAE,NN_Entire_RMSE,NN_Entire_MAD,NN_Cluster_Time_Avg,NN_Cluster_MAE_Avg,NN_Cluster_RMSE_Avg,NN_Cluster_MAD_Avg,NN_Euc_Time_Avg,NN_Euc_MAE_Avg,NN_Euc_RMSE_Avg,NN_Euc_MAD_Avg,GP_Entire_Time,GP_Entire_MAE,GP_Entire_RMSE,GP_Entire_MAD,GP_Cluster_Time_Avg,GP_Cluster_MAE_Avg,GP_Cluster_RMSE_Avg,GP_Cluster_MAD_Avg,GP_Euc_Time_Avg,GP_Euc_MAE_Avg,GP_Euc_RMSE_Avg,GP_Euc_MAD_Avg,GB_Entire_Time,GB_Entire_MAE,GB_Entire_RMSE,GB_Entire_MAD,GB_Cluster_Time_Avg,GB_Cluster_MAE_Avg,GB_Cluster_RMSE_Avg,GB_Cluster_MAD_Avg,GB_Euc_Time_Avg,GB_Euc_MAE_Avg,GB_Euc_RMSE_Avg,GB_Euc_MAD_Avg
1000,1,0.1,1.0,3,0.0005559921264648438,0.03174555839505721,0.043465480669550194,0.023354845822268516,0.0005122025807698568,0.07452498042771533,0.10859604046442277,0.05252846897306126,0.00038933753967285156,0.1329384955209603,0.48559749515247447,0.06925113678467147,0.14068126678466797,0.027121273982298817,0.035595088839468714,0.02070404401882664,0.06941533088684082,0.06831530976337072,0.10431546056307461,0.04449975656267648,0.06668663024902344,0.09517943780511129,0.24084135431822548,0.054248022425843846,0.05593705177307129,0.05874072557650348,0.08296294369299104,0.048744569021004096,0.03568736712137858,0.0912604674813447,0.12904343531934406,0.07229854641659254,0.0490876038869222,0.15348568535407403,0.5019446326262348,0.06300179041107284,0.21895599365234375,0.047523502,0.08538143,0.030398354,0.07038466135660808,0.09565455,0.1672859,0.052626017,0.06060489018758138,0.1241591,0.38527405,0.052032042,0.06339788436889648,0.02298631366643969,0.029903293285060365,0.019896181155514586,0.02657659848531087,0.06938214108105245,0.09985089875145152,0.050156460446699726,0.026937564214070637,0.07294413685586372,0.10831452639157714,0.051314196179049976
