N,Norm,Lambda,Gamma,K,LR_Entire_Time,LR_Entire_MAE,LR_Entire_RMSE,LR_Entire_MAD,LR_Cluster_Time_Avg,LR_Cluster_MAE_Avg,LR_Cluster_RMSE_Avg,LR_Cluster_MAD_Avg,LR_Cluster_MAE_Median,LR_Cluster_RMSE_Median,LR_Cluster_MAD_Median,RF_Entire_Time,RF_Entire_MAE,RF_Entire_RMSE,RF_Entire_MAD,RF_Cluster_Time_Avg,RF_Cluster_MAE_Avg,RF_Cluster_RMSE_Avg,RF_Cluster_MAD_Avg,RF_Cluster_MAE_Median,RF_Cluster_RMSE_Median,RF_Cluster_MAD_Median,NN_Entire_Time,NN_Entire_MAE,NN_Entire_RMSE,NN_Entire_MAD,NN_Cluster_Time_Avg,NN_Cluster_MAE_Avg,NN_Cluster_RMSE_Avg,NN_Cluster_MAD_Avg,NN_Cluster_MAE_Median,NN_Cluster_RMSE_Median,NN_Cluster_MAD_Median,GP_Entire_Time,GP_Entire_MAE,GP_Entire_RMSE,GP_Entire_MAD,GP_Cluster_Time_Avg,GP_Cluster_MAE_Avg,GP_Cluster_RMSE_Avg,GP_Cluster_MAD_Avg,GP_Cluster_MAE_Median,GP_Cluster_RMSE_Median,GP_Cluster_MAD_Median,GB_Entire_Time,GB_Entire_MAE,GB_Entire_RMSE,GB_Entire_MAD,GB_Cluster_Time_Avg,GB_Cluster_MAE_Avg,GB_Cluster_RMSE_Avg,GB_Cluster_MAD_Avg,GB_Cluster_MAE_Median,GB_Cluster_RMSE_Median,GB_Cluster_MAD_Median
10000,1,0.5,0.5,3,0.0011796951293945312,0.0711493164406142,0.34865177023578486,0.037222118158097006,0.000972906748453776,0.061095529703721285,0.20245951291875663,0.04171597546760536,0.06776208647110535,0.2623179982606368,0.04397761117555721,1.6102190017700195,0.043054543380487906,0.20840823842264017,0.01698082801537293,0.45337430636088055,0.029658729430000752,0.08009280955030097,0.01614848733055711,0.030115940046218957,0.07492161554300787,0.014639313972303336,1.8873541355133057,0.07916182344937588,0.30230642316732176,0.030921536141238604,0.7846392790476481,0.06278554984590956,0.20829313161783267,0.026156655047887205,0.06331052435735558,0.24383632654949455,0.026133454224859298,9.217603206634521,0.06053688,0.25220117,0.019183304,1.743136723836263,0.059445817,0.19553001,0.021126425,0.05884569510817528,0.19386817514896393,0.02144940197467804,0.5919189453125,0.046033139630993605,0.1952970981721487,0.02291651168796993,0.18138972918192545,0.031479436906018815,0.09234587287477959,0.019487395925598228,0.032750472477997325,0.06717532086727539,0.018641612062474944
