N,Norm,Lambda,Gamma,K,LR_Entire_Time,LR_Entire_MAE,LR_Entire_RMSE,LR_Entire_MAD,LR_Cluster_Time_Avg,LR_Cluster_MAE_Avg,LR_Cluster_RMSE_Avg,LR_Cluster_MAD_Avg,LR_Euc_Time_Avg,LR_Euc_MAE_Avg,LR_Euc_RMSE_Avg,LR_Euc_MAD_Avg,RF_Entire_Time,RF_Entire_MAE,RF_Entire_RMSE,RF_Entire_MAD,RF_Cluster_Time_Avg,RF_Cluster_MAE_Avg,RF_Cluster_RMSE_Avg,RF_Cluster_MAD_Avg,RF_Euc_Time_Avg,RF_Euc_MAE_Avg,RF_Euc_RMSE_Avg,RF_Euc_MAD_Avg,NN_Entire_Time,NN_Entire_MAE,NN_Entire_RMSE,NN_Entire_MAD,NN_Cluster_Time_Avg,NN_Cluster_MAE_Avg,NN_Cluster_RMSE_Avg,NN_Cluster_MAD_Avg,NN_Euc_Time_Avg,NN_Euc_MAE_Avg,NN_Euc_RMSE_Avg,NN_Euc_MAD_Avg,GP_Entire_Time,GP_Entire_MAE,GP_Entire_RMSE,GP_Entire_MAD,GP_Cluster_Time_Avg,GP_Cluster_MAE_Avg,GP_Cluster_RMSE_Avg,GP_Cluster_MAD_Avg,GP_Euc_Time_Avg,GP_Euc_MAE_Avg,GP_Euc_RMSE_Avg,GP_Euc_MAD_Avg,GB_Entire_Time,GB_Entire_MAE,GB_Entire_RMSE,GB_Entire_MAD,GB_Cluster_Time_Avg,GB_Cluster_MAE_Avg,GB_Cluster_RMSE_Avg,GB_Cluster_MAD_Avg,GB_Euc_Time_Avg,GB_Euc_MAE_Avg,GB_Euc_RMSE_Avg,GB_Euc_MAD_Avg
5000,2,0.5,1.0,3,0.0006411075592041016,0.06606716257040125,0.2627241057286416,0.044473382092633296,0.00043924649556477863,0.09486839283505814,0.22914085463515954,0.06644197441895865,0.0003250439961751302,0.149733560456411,0.3647854157816206,0.09748775854860875,0.790590763092041,0.042718896489199736,0.18734937792071413,0.02073965139846601,0.26406105359395343,0.09740288672706736,0.27842215625046757,0.04523259627127559,0.2598594029744466,0.09747386961431921,0.2874321450257358,0.04348382921849253,0.9675288200378418,0.07244432376656737,0.24739787068546207,0.02996232415828931,0.20315154393513998,0.09708067133083574,0.2235343146838865,0.05583174836525732,0.19243526458740234,0.1387552338249404,0.3561375496930856,0.060177892623808564,2.754750967025757,0.07370386,0.24527949,0.02756339,0.41377464930216473,0.08853514,0.22504757,0.04492512,0.389409859975179,0.11419781,0.34406826,0.04259159,0.30965089797973633,0.043852326966484466,0.18721666442378448,0.024486903561613503,0.10621293385823567,0.09032669538063631,0.25883992030259967,0.04774923240630521,0.10671806335449219,0.10152831558987963,0.3399261881224042,0.04453588650826249
