N,Norm,Lambda,Gamma,K,LR_Entire_Time,LR_Entire_MAE,LR_Entire_RMSE,LR_Entire_MAD,LR_Cluster_Time_Avg,LR_Cluster_MAE_Avg,LR_Cluster_RMSE_Avg,LR_Cluster_MAD_Avg,LR_Euc_Time_Avg,LR_Euc_MAE_Avg,LR_Euc_RMSE_Avg,LR_Euc_MAD_Avg,RF_Entire_Time,RF_Entire_MAE,RF_Entire_RMSE,RF_Entire_MAD,RF_Cluster_Time_Avg,RF_Cluster_MAE_Avg,RF_Cluster_RMSE_Avg,RF_Cluster_MAD_Avg,RF_Euc_Time_Avg,RF_Euc_MAE_Avg,RF_Euc_RMSE_Avg,RF_Euc_MAD_Avg,NN_Entire_Time,NN_Entire_MAE,NN_Entire_RMSE,NN_Entire_MAD,NN_Cluster_Time_Avg,NN_Cluster_MAE_Avg,NN_Cluster_RMSE_Avg,NN_Cluster_MAD_Avg,NN_Euc_Time_Avg,NN_Euc_MAE_Avg,NN_Euc_RMSE_Avg,NN_Euc_MAD_Avg,GB_Entire_Time,GB_Entire_MAE,GB_Entire_RMSE,GB_Entire_MAD,GB_Cluster_Time_Avg,GB_Cluster_MAE_Avg,GB_Cluster_RMSE_Avg,GB_Cluster_MAD_Avg,GB_Euc_Time_Avg,GB_Euc_MAE_Avg,GB_Euc_RMSE_Avg,GB_Euc_MAD_Avg
50000,2,0.5,2.0,7,0.0033681392669677734,0.06625561675942009,0.3233405659660932,0.03390383380555034,0.0007346017020089286,0.19386175595352054,0.40662640080319357,0.1421060671637499,0.0006026881081717354,0.22819507705703262,0.5462331196419586,0.15223612816696705,11.23503303527832,0.042898018600441394,0.21718473364154364,0.015889073661504438,1.3524010181427002,0.16087390668487284,0.3814587645806717,0.09247290027037039,1.3230345249176025,0.1729392920777035,0.5227370149894391,0.07875156491222683,10.38931393623352,0.056149117090661574,0.22937015373227018,0.024288869110138667,0.7305023329598563,0.1354786206505874,0.34781463175766814,0.07367504107451484,0.5404017312186105,0.15194867553142458,0.4929111856584182,0.06976761972321631,3.2602808475494385,0.04813723142807266,0.2205346426568862,0.022824623588756587,0.45070552825927734,0.1589606144134154,0.38276781288539324,0.09974611665805411,0.45331971985953196,0.17209413370517104,0.5239720158305851,0.08606627459558891
