N,Norm,Lambda,Gamma,K,LR_Entire_Time,LR_Entire_MAE,LR_Entire_RMSE,LR_Entire_MAD,LR_Cluster_Time_Avg,LR_Cluster_MAE_Avg,LR_Cluster_RMSE_Avg,LR_Cluster_MAD_Avg,LR_Cluster_MAE_Median,LR_Cluster_RMSE_Median,LR_Cluster_MAD_Median,RF_Entire_Time,RF_Entire_MAE,RF_Entire_RMSE,RF_Entire_MAD,RF_Cluster_Time_Avg,RF_Cluster_MAE_Avg,RF_Cluster_RMSE_Avg,RF_Cluster_MAD_Avg,RF_Cluster_MAE_Median,RF_Cluster_RMSE_Median,RF_Cluster_MAD_Median,NN_Entire_Time,NN_Entire_MAE,NN_Entire_RMSE,NN_Entire_MAD,NN_Cluster_Time_Avg,NN_Cluster_MAE_Avg,NN_Cluster_RMSE_Avg,NN_Cluster_MAD_Avg,NN_Cluster_MAE_Median,NN_Cluster_RMSE_Median,NN_Cluster_MAD_Median,GP_Entire_Time,GP_Entire_MAE,GP_Entire_RMSE,GP_Entire_MAD,GP_Cluster_Time_Avg,GP_Cluster_MAE_Avg,GP_Cluster_RMSE_Avg,GP_Cluster_MAD_Avg,GP_Cluster_MAE_Median,GP_Cluster_RMSE_Median,GP_Cluster_MAD_Median,GB_Entire_Time,GB_Entire_MAE,GB_Entire_RMSE,GB_Entire_MAD,GB_Cluster_Time_Avg,GB_Cluster_MAE_Avg,GB_Cluster_RMSE_Avg,GB_Cluster_MAD_Avg,GB_Cluster_MAE_Median,GB_Cluster_RMSE_Median,GB_Cluster_MAD_Median
10000,2,0.9,1.0,6,0.0011718273162841797,0.0711493164406142,0.34865177023578486,0.037222118158097006,0.0008544921875,0.07234262504508641,0.288426867467756,0.03996989062929956,0.06568402072182246,0.3491916291288688,0.04404593623724537,1.6055512428283691,0.04306690451556909,0.20404101288109694,0.017346285317674848,0.2320356766382853,0.04424709040353503,0.17914846808302112,0.017184084442722465,0.03870742771779116,0.14424124055713686,0.01666496078948885,2.6983048915863037,0.08036831858478277,0.2988178637022267,0.031026224443282457,0.20336512724558511,0.07787574557927839,0.2798927842706222,0.02763880408348034,0.06670135947561151,0.3150092213755612,0.02650704652227357,9.578986167907715,0.06133669,0.25236684,0.02031672,0.5964359442392985,0.07289029,0.25732866,0.024148284,0.06628800183534622,0.2093208283185959,0.02342863380908966,0.5899670124053955,0.0460365813041199,0.1952790999291581,0.02291651168796993,0.09067686398824056,0.04385188370039034,0.19375395899167405,0.019379558252202108,0.04102001875220014,0.16581749282295538,0.019137664245338776
