N,Norm,Lambda,Gamma,K,LR_Entire_Time,LR_Entire_MAE,LR_Entire_RMSE,LR_Entire_MAD,LR_Cluster_Time_Avg,LR_Cluster_MAE_Avg,LR_Cluster_RMSE_Avg,LR_Cluster_MAD_Avg,LR_Euc_Time_Avg,LR_Euc_MAE_Avg,LR_Euc_RMSE_Avg,LR_Euc_MAD_Avg,RF_Entire_Time,RF_Entire_MAE,RF_Entire_RMSE,RF_Entire_MAD,RF_Cluster_Time_Avg,RF_Cluster_MAE_Avg,RF_Cluster_RMSE_Avg,RF_Cluster_MAD_Avg,RF_Euc_Time_Avg,RF_Euc_MAE_Avg,RF_Euc_RMSE_Avg,RF_Euc_MAD_Avg,NN_Entire_Time,NN_Entire_MAE,NN_Entire_RMSE,NN_Entire_MAD,NN_Cluster_Time_Avg,NN_Cluster_MAE_Avg,NN_Cluster_RMSE_Avg,NN_Cluster_MAD_Avg,NN_Euc_Time_Avg,NN_Euc_MAE_Avg,NN_Euc_RMSE_Avg,NN_Euc_MAD_Avg,GP_Entire_Time,GP_Entire_MAE,GP_Entire_RMSE,GP_Entire_MAD,GP_Cluster_Time_Avg,GP_Cluster_MAE_Avg,GP_Cluster_RMSE_Avg,GP_Cluster_MAD_Avg,GP_Euc_Time_Avg,GP_Euc_MAE_Avg,GP_Euc_RMSE_Avg,GP_Euc_MAD_Avg,GB_Entire_Time,GB_Entire_MAE,GB_Entire_RMSE,GB_Entire_MAD,GB_Cluster_Time_Avg,GB_Cluster_MAE_Avg,GB_Cluster_RMSE_Avg,GB_Cluster_MAD_Avg,GB_Euc_Time_Avg,GB_Euc_MAE_Avg,GB_Euc_RMSE_Avg,GB_Euc_MAD_Avg
500,1,0.1,1.0,3,0.0003552436828613281,0.04554139396076337,0.06322217389655631,0.03166617154606036,0.0003994305928548177,0.1074894934028268,0.34712811407786576,0.043495797090600245,0.00030461947123209637,0.27618815225710247,1.0147403203107357,0.05580047882265921,0.0845029354095459,0.034937189759926254,0.05537590957774044,0.022863875759012164,0.05211432774861654,0.10229170514355405,0.2196610907473638,0.056978966892375436,0.05002903938293457,0.278433363233981,1.011531634202798,0.04706371563094533,0.06194305419921875,0.071078910369249,0.10408612322927858,0.05005830680806206,0.022825956344604492,0.13076733091503223,0.3617331076739663,0.054190188074339375,0.02558143933614095,0.3071400190897308,1.0212416498535652,0.08523960354191,0.09888410568237305,0.07147561,0.10188179,0.046482205,0.047428290049235024,0.15433902,0.3164414,0.07122023,0.04443860054016113,0.28728575,1.0126005,0.061822545,0.03673815727233887,0.03290150430548136,0.05418086032916951,0.020239565209988458,0.01848435401916504,0.08690562508266708,0.15831322372547463,0.045561180127848454,0.018373727798461914,0.2812022335805385,1.012781109522246,0.05277806337044281
