N,Norm,Lambda,Gamma,K,LR_Entire_Time,LR_Entire_MAE,LR_Entire_RMSE,LR_Entire_MAD,LR_Cluster_Time_Avg,LR_Cluster_MAE_Avg,LR_Cluster_RMSE_Avg,LR_Cluster_MAD_Avg,LR_Euc_Time_Avg,LR_Euc_MAE_Avg,LR_Euc_RMSE_Avg,LR_Euc_MAD_Avg,RF_Entire_Time,RF_Entire_MAE,RF_Entire_RMSE,RF_Entire_MAD,RF_Cluster_Time_Avg,RF_Cluster_MAE_Avg,RF_Cluster_RMSE_Avg,RF_Cluster_MAD_Avg,RF_Euc_Time_Avg,RF_Euc_MAE_Avg,RF_Euc_RMSE_Avg,RF_Euc_MAD_Avg,NN_Entire_Time,NN_Entire_MAE,NN_Entire_RMSE,NN_Entire_MAD,NN_Cluster_Time_Avg,NN_Cluster_MAE_Avg,NN_Cluster_RMSE_Avg,NN_Cluster_MAD_Avg,NN_Euc_Time_Avg,NN_Euc_MAE_Avg,NN_Euc_RMSE_Avg,NN_Euc_MAD_Avg,GB_Entire_Time,GB_Entire_MAE,GB_Entire_RMSE,GB_Entire_MAD,GB_Cluster_Time_Avg,GB_Cluster_MAE_Avg,GB_Cluster_RMSE_Avg,GB_Cluster_MAD_Avg,GB_Euc_Time_Avg,GB_Euc_MAE_Avg,GB_Euc_RMSE_Avg,GB_Euc_MAD_Avg
100000,2,0.1,0.5,5,0.006120920181274414,0.0643103041422581,0.30043950634238437,0.03601264487927863,0.0017644405364990235,0.1418306054517799,0.348142236986169,0.09907632880301327,0.0015097618103027343,0.1810003097263652,0.43049108119569157,0.11850972218814104,25.41024088859558,0.03961228679877794,0.19164067523064157,0.014880615086187654,4.4734601974487305,0.11687264482380097,0.3254336407946292,0.061637415496885686,4.413848495483398,0.11690327989886926,0.3770412644476721,0.050587712932693187,13.525022983551025,0.04019888176172705,0.18927052772254993,0.01409591815893707,1.6110782623291016,0.09563314049949834,0.28468135138643647,0.051324412571149905,0.9839851379394531,0.11015424355664376,0.35200445511094075,0.05014588663135448,6.7503437995910645,0.043839095251103424,0.19011433350092868,0.02157238360005607,1.2904607772827148,0.11243417693117312,0.3035469008963465,0.07075763168445787,1.3078595638275146,0.11633284863069013,0.36505040404452166,0.05879649141645227
