N,Norm,Lambda,Gamma,K,LR_Entire_Time,LR_Entire_MAE,LR_Entire_RMSE,LR_Entire_MAD,LR_Cluster_Time_Avg,LR_Cluster_MAE_Avg,LR_Cluster_RMSE_Avg,LR_Cluster_MAD_Avg,LR_Euc_Time_Avg,LR_Euc_MAE_Avg,LR_Euc_RMSE_Avg,LR_Euc_MAD_Avg,RF_Entire_Time,RF_Entire_MAE,RF_Entire_RMSE,RF_Entire_MAD,RF_Cluster_Time_Avg,RF_Cluster_MAE_Avg,RF_Cluster_RMSE_Avg,RF_Cluster_MAD_Avg,RF_Euc_Time_Avg,RF_Euc_MAE_Avg,RF_Euc_RMSE_Avg,RF_Euc_MAD_Avg,NN_Entire_Time,NN_Entire_MAE,NN_Entire_RMSE,NN_Entire_MAD,NN_Cluster_Time_Avg,NN_Cluster_MAE_Avg,NN_Cluster_RMSE_Avg,NN_Cluster_MAD_Avg,NN_Euc_Time_Avg,NN_Euc_MAE_Avg,NN_Euc_RMSE_Avg,NN_Euc_MAD_Avg,GP_Entire_Time,GP_Entire_MAE,GP_Entire_RMSE,GP_Entire_MAD,GP_Cluster_Time_Avg,GP_Cluster_MAE_Avg,GP_Cluster_RMSE_Avg,GP_Cluster_MAD_Avg,GP_Euc_Time_Avg,GP_Euc_MAE_Avg,GP_Euc_RMSE_Avg,GP_Euc_MAD_Avg,GB_Entire_Time,GB_Entire_MAE,GB_Entire_RMSE,GB_Entire_MAD,GB_Cluster_Time_Avg,GB_Cluster_MAE_Avg,GB_Cluster_RMSE_Avg,GB_Cluster_MAD_Avg,GB_Euc_Time_Avg,GB_Euc_MAE_Avg,GB_Euc_RMSE_Avg,GB_Euc_MAD_Avg
10000,2,0.1,0.5,5,0.0007331371307373047,0.06792803101151079,0.3219772320780228,0.0359716131146422,0.0004364490509033203,0.19949138890835844,0.4662659875324506,0.12485914093916464,0.00041217803955078124,0.1897523611746837,0.46220891377119566,0.11917088401090466,1.7213718891143799,0.04679482345616619,0.2356862938573209,0.01794898653339519,0.3131592273712158,0.16076356904899325,0.5040765203082128,0.06279136636928409,0.31625919342041015,0.17845865015845147,0.5168178207002381,0.0655182454528551,1.7071640491485596,0.08038146225098837,0.29299565032388525,0.034956660270681394,0.21160125732421875,0.17011319460373872,0.48550872352779867,0.06329587053404762,0.1494877815246582,0.15326250967672517,0.427352664658303,0.06781339529408323,9.117963075637817,0.06946138,0.25962177,0.020780414,0.6590960502624512,0.16064939,0.46536598,0.058342826,0.7502621650695801,0.15197018,0.47701463,0.05884143,0.626544713973999,0.048696895421523535,0.23673405472028589,0.023290466776537122,0.12816643714904785,0.16142677795975988,0.542721330198117,0.06445874297705641,0.1280074119567871,0.1678235847982709,0.5413061602146084,0.06313560653938867
