N,Norm,Lambda,Gamma,K,LR_Entire_Time,LR_Entire_MAE,LR_Entire_RMSE,LR_Entire_MAD,LR_Cluster_Time_Avg,LR_Cluster_MAE_Avg,LR_Cluster_RMSE_Avg,LR_Cluster_MAD_Avg,LR_Euc_Time_Avg,LR_Euc_MAE_Avg,LR_Euc_RMSE_Avg,LR_Euc_MAD_Avg,RF_Entire_Time,RF_Entire_MAE,RF_Entire_RMSE,RF_Entire_MAD,RF_Cluster_Time_Avg,RF_Cluster_MAE_Avg,RF_Cluster_RMSE_Avg,RF_Cluster_MAD_Avg,RF_Euc_Time_Avg,RF_Euc_MAE_Avg,RF_Euc_RMSE_Avg,RF_Euc_MAD_Avg,NN_Entire_Time,NN_Entire_MAE,NN_Entire_RMSE,NN_Entire_MAD,NN_Cluster_Time_Avg,NN_Cluster_MAE_Avg,NN_Cluster_RMSE_Avg,NN_Cluster_MAD_Avg,NN_Euc_Time_Avg,NN_Euc_MAE_Avg,NN_Euc_RMSE_Avg,NN_Euc_MAD_Avg,GB_Entire_Time,GB_Entire_MAE,GB_Entire_RMSE,GB_Entire_MAD,GB_Cluster_Time_Avg,GB_Cluster_MAE_Avg,GB_Cluster_RMSE_Avg,GB_Cluster_MAD_Avg,GB_Euc_Time_Avg,GB_Euc_MAE_Avg,GB_Euc_RMSE_Avg,GB_Euc_MAD_Avg
50000,2,0.5,2.0,3,0.0035200119018554688,0.06625561675942009,0.3233405659660932,0.03390383380555034,0.001544634501139323,0.09469318536668257,0.2997412119186648,0.059541385148824046,0.0014327367146809895,0.13539184417959435,0.3931635208263831,0.08229257984802939,11.326637983322144,0.042601816238805074,0.21714837255565964,0.01581502446043087,3.468255599339803,0.07624189007629771,0.27169404156074567,0.03555018846395256,3.3890456358591714,0.08626174364416772,0.3229010433739896,0.0354251214374001,8.358471155166626,0.058434303297740506,0.22658820750032005,0.03017462791111758,1.878386418024699,0.07417421566162131,0.248627923362442,0.03880750702542401,1.7484286626180012,0.09010342162355266,0.30931613539155267,0.03914581105464521,3.321890115737915,0.04804185484530356,0.22052560191038187,0.022824623588756504,1.0720043182373047,0.07555262545581008,0.2598294951261689,0.04285385106144458,1.0677443345387776,0.08782290706798086,0.31802459161332947,0.0424028061665964
