N,Norm,Lambda,Gamma,K,LR_Entire_Time,LR_Entire_MAE,LR_Entire_RMSE,LR_Entire_MAD,LR_Cluster_Time_Avg,LR_Cluster_MAE_Avg,LR_Cluster_RMSE_Avg,LR_Cluster_MAD_Avg,LR_Cluster_MAE_Median,LR_Cluster_RMSE_Median,LR_Cluster_MAD_Median,RF_Entire_Time,RF_Entire_MAE,RF_Entire_RMSE,RF_Entire_MAD,RF_Cluster_Time_Avg,RF_Cluster_MAE_Avg,RF_Cluster_RMSE_Avg,RF_Cluster_MAD_Avg,RF_Cluster_MAE_Median,RF_Cluster_RMSE_Median,RF_Cluster_MAD_Median,NN_Entire_Time,NN_Entire_MAE,NN_Entire_RMSE,NN_Entire_MAD,NN_Cluster_Time_Avg,NN_Cluster_MAE_Avg,NN_Cluster_RMSE_Avg,NN_Cluster_MAD_Avg,NN_Cluster_MAE_Median,NN_Cluster_RMSE_Median,NN_Cluster_MAD_Median,GP_Entire_Time,GP_Entire_MAE,GP_Entire_RMSE,GP_Entire_MAD,GP_Cluster_Time_Avg,GP_Cluster_MAE_Avg,GP_Cluster_RMSE_Avg,GP_Cluster_MAD_Avg,GP_Cluster_MAE_Median,GP_Cluster_RMSE_Median,GP_Cluster_MAD_Median,GB_Entire_Time,GB_Entire_MAE,GB_Entire_RMSE,GB_Entire_MAD,GB_Cluster_Time_Avg,GB_Cluster_MAE_Avg,GB_Cluster_RMSE_Avg,GB_Cluster_MAD_Avg,GB_Cluster_MAE_Median,GB_Cluster_RMSE_Median,GB_Cluster_MAD_Median
10000,2,0.1,2.0,6,0.0017647743225097656,0.0711493164406142,0.34865177023578486,0.037222118158097006,0.0008583863576253256,0.0771587551663157,0.3289375460458151,0.04197594139055014,0.07476978211513599,0.37670145231763463,0.03845936824609422,1.6065781116485596,0.04267151825459196,0.20382489989890654,0.017220962570204,0.21931151549021402,0.047087092305200536,0.23089272459895274,0.016741142646016234,0.0454294802312115,0.21574143677957103,0.015479515402929106,1.9405710697174072,0.06956661021709795,0.2844559919474334,0.02716734933405885,0.146523118019104,0.08431674723396336,0.3348185146280769,0.03295908097587285,0.0877078340199352,0.36641303669835223,0.03159857246251871,9.238906145095825,0.059678763,0.25283355,0.017939687,0.5678228537241617,0.078315444,0.2948972,0.025120616,0.07748927175998688,0.30595463514328003,0.02475644089281559,0.5975692272186279,0.046001832889559134,0.19511810632569235,0.022916511687969987,0.09121116002400716,0.04823869434727668,0.23589145921031332,0.018910056551291948,0.05076645909357235,0.19871318480647424,0.018690503490231415
