N,Norm,Lambda,Gamma,K,LR_Entire_Time,LR_Entire_MAE,LR_Entire_RMSE,LR_Entire_MAD,LR_Cluster_Time_Avg,LR_Cluster_MAE_Avg,LR_Cluster_RMSE_Avg,LR_Cluster_MAD_Avg,LR_Euc_Time_Avg,LR_Euc_MAE_Avg,LR_Euc_RMSE_Avg,LR_Euc_MAD_Avg,RF_Entire_Time,RF_Entire_MAE,RF_Entire_RMSE,RF_Entire_MAD,RF_Cluster_Time_Avg,RF_Cluster_MAE_Avg,RF_Cluster_RMSE_Avg,RF_Cluster_MAD_Avg,RF_Euc_Time_Avg,RF_Euc_MAE_Avg,RF_Euc_RMSE_Avg,RF_Euc_MAD_Avg,NN_Entire_Time,NN_Entire_MAE,NN_Entire_RMSE,NN_Entire_MAD,NN_Cluster_Time_Avg,NN_Cluster_MAE_Avg,NN_Cluster_RMSE_Avg,NN_Cluster_MAD_Avg,NN_Euc_Time_Avg,NN_Euc_MAE_Avg,NN_Euc_RMSE_Avg,NN_Euc_MAD_Avg,GP_Entire_Time,GP_Entire_MAE,GP_Entire_RMSE,GP_Entire_MAD,GP_Cluster_Time_Avg,GP_Cluster_MAE_Avg,GP_Cluster_RMSE_Avg,GP_Cluster_MAD_Avg,GP_Euc_Time_Avg,GP_Euc_MAE_Avg,GP_Euc_RMSE_Avg,GP_Euc_MAD_Avg,GB_Entire_Time,GB_Entire_MAE,GB_Entire_RMSE,GB_Entire_MAD,GB_Cluster_Time_Avg,GB_Cluster_MAE_Avg,GB_Cluster_RMSE_Avg,GB_Cluster_MAD_Avg,GB_Euc_Time_Avg,GB_Euc_MAE_Avg,GB_Euc_RMSE_Avg,GB_Euc_MAD_Avg
100,2,0.9,1.0,3,0.0003139972686767578,0.19598571368711998,0.2658167496676893,0.12690348231686688,0.00036374727884928387,0.13833994956657233,0.15878494071142032,0.1329869330474561,0.00027640660603841144,0.21199546172254302,0.2537019055645321,0.16563578698744988,0.043745994567871094,0.04235568126444862,0.051037836871766364,0.03840440347848362,0.04169193903605143,0.10911289982254047,0.12813668248509763,0.09260266176794374,0.038996378580729164,0.2971513691455892,0.5727217094673326,0.11128024573757851,0.024348020553588867,0.19857009716891205,0.28646733592562074,0.11090738788468874,0.011624813079833984,0.11376494023428278,0.13236073185681493,0.09819702168070348,0.012080987294514975,0.13123247407277203,0.1883296477183016,0.09471590309398638,0.03586983680725098,0.14043128,0.21644284,0.062149398,0.032058318456014,0.1008965,0.11475891,0.100225784,0.030584335327148438,0.1699987,0.20305915,0.1855737,0.014696121215820312,0.035125060711997044,0.047401789152048145,0.02389865190063803,0.011229674021402994,0.09776920016451356,0.11388209392994686,0.08601798201353782,0.010767459869384766,0.4145263754150477,0.940632861957245,0.06751993891993364
