N,Norm,Lambda,Gamma,K,LR_Entire_Time,LR_Entire_MAE,LR_Entire_RMSE,LR_Entire_MAD,LR_Cluster_Time_Avg,LR_Cluster_MAE_Avg,LR_Cluster_RMSE_Avg,LR_Cluster_MAD_Avg,LR_Euc_Time_Avg,LR_Euc_MAE_Avg,LR_Euc_RMSE_Avg,LR_Euc_MAD_Avg,RF_Entire_Time,RF_Entire_MAE,RF_Entire_RMSE,RF_Entire_MAD,RF_Cluster_Time_Avg,RF_Cluster_MAE_Avg,RF_Cluster_RMSE_Avg,RF_Cluster_MAD_Avg,RF_Euc_Time_Avg,RF_Euc_MAE_Avg,RF_Euc_RMSE_Avg,RF_Euc_MAD_Avg,NN_Entire_Time,NN_Entire_MAE,NN_Entire_RMSE,NN_Entire_MAD,NN_Cluster_Time_Avg,NN_Cluster_MAE_Avg,NN_Cluster_RMSE_Avg,NN_Cluster_MAD_Avg,NN_Euc_Time_Avg,NN_Euc_MAE_Avg,NN_Euc_RMSE_Avg,NN_Euc_MAD_Avg,GP_Entire_Time,GP_Entire_MAE,GP_Entire_RMSE,GP_Entire_MAD,GP_Cluster_Time_Avg,GP_Cluster_MAE_Avg,GP_Cluster_RMSE_Avg,GP_Cluster_MAD_Avg,GP_Euc_Time_Avg,GP_Euc_MAE_Avg,GP_Euc_RMSE_Avg,GP_Euc_MAD_Avg,GB_Entire_Time,GB_Entire_MAE,GB_Entire_RMSE,GB_Entire_MAD,GB_Cluster_Time_Avg,GB_Cluster_MAE_Avg,GB_Cluster_RMSE_Avg,GB_Cluster_MAD_Avg,GB_Euc_Time_Avg,GB_Euc_MAE_Avg,GB_Euc_RMSE_Avg,GB_Euc_MAD_Avg
100,2,0.1,2.0,5,0.00026798248291015625,0.19598571368711998,0.2658167496676893,0.12690348231686688,0.0002968311309814453,0.38004057672611,0.41121368324713287,0.34886090017975613,0.00023837089538574218,0.4007447265730434,0.4565610032085704,0.3078634957211154,0.04561209678649902,0.038830208801357374,0.045451010325885555,0.03644678795785705,0.041219568252563475,0.4339227912892887,0.5763193427544282,0.24369957871933973,0.0391880989074707,0.25898595746815517,0.31165563485133124,0.22570034208048514,0.024747848510742188,0.21821579312882497,0.32445479064245625,0.12287775207397744,0.010355901718139649,0.42482647664847806,0.450373102990868,0.45337235245169366,0.009154176712036133,0.2620872107113487,0.2977048835401549,0.210717788045293,0.035980939865112305,0.14043128,0.21644284,0.062149398,0.028885030746459962,0.40731353,0.51633525,0.2800881,0.029075050354003908,0.26822087,0.30627936,0.24485402,0.014627933502197266,0.040817046153539024,0.062790846664039,0.023898651900638,0.010932159423828126,0.4569336584851225,0.6658917280595398,0.18742710082223793,0.01058945655822754,0.2174021894355314,0.2585959320041666,0.18089370380794748
