N,Norm,Lambda,Gamma,K,LR_Entire_Time,LR_Entire_MAE,LR_Entire_RMSE,LR_Entire_MAD,LR_Cluster_Time_Avg,LR_Cluster_MAE_Avg,LR_Cluster_RMSE_Avg,LR_Cluster_MAD_Avg,LR_Euc_Time_Avg,LR_Euc_MAE_Avg,LR_Euc_RMSE_Avg,LR_Euc_MAD_Avg,RF_Entire_Time,RF_Entire_MAE,RF_Entire_RMSE,RF_Entire_MAD,RF_Cluster_Time_Avg,RF_Cluster_MAE_Avg,RF_Cluster_RMSE_Avg,RF_Cluster_MAD_Avg,RF_Euc_Time_Avg,RF_Euc_MAE_Avg,RF_Euc_RMSE_Avg,RF_Euc_MAD_Avg,NN_Entire_Time,NN_Entire_MAE,NN_Entire_RMSE,NN_Entire_MAD,NN_Cluster_Time_Avg,NN_Cluster_MAE_Avg,NN_Cluster_RMSE_Avg,NN_Cluster_MAD_Avg,NN_Euc_Time_Avg,NN_Euc_MAE_Avg,NN_Euc_RMSE_Avg,NN_Euc_MAD_Avg,GB_Entire_Time,GB_Entire_MAE,GB_Entire_RMSE,GB_Entire_MAD,GB_Cluster_Time_Avg,GB_Cluster_MAE_Avg,GB_Cluster_RMSE_Avg,GB_Cluster_MAD_Avg,GB_Euc_Time_Avg,GB_Euc_MAE_Avg,GB_Euc_RMSE_Avg,GB_Euc_MAD_Avg
100000,2,0.9,0.5,4,0.0058138370513916016,0.0643103041422581,0.30043950634238437,0.03601264487927863,0.0019730329513549805,0.11758049613097925,0.3441187296380447,0.07970368029118852,0.0017489790916442871,0.1551439489605722,0.4137185066125712,0.09434256602327316,25.350646018981934,0.03968040102517976,0.19203819080045492,0.015121717642697895,5.742276251316071,0.09297719497824453,0.3059809784970447,0.04783002072835718,5.598755061626434,0.09627240508897286,0.3359662795271092,0.038734820980454616,13.009079933166504,0.05071849535635071,0.19749494258058545,0.023050276813745385,2.0134907364845276,0.08148560631310613,0.29217019334720307,0.0426461873388545,1.7095407247543335,0.09724033566199966,0.3210665504062341,0.04588564497298852,6.577867031097412,0.04383690652827663,0.19014201961771363,0.02157238360005633,1.603436529636383,0.09236276342057925,0.30329543275737464,0.05448448427120152,1.5980151891708374,0.09735662941141493,0.3327944520248015,0.04658741036697846
