N,Norm,Lambda,Gamma,K,LR_Entire_Time,LR_Entire_MAE,LR_Entire_RMSE,LR_Entire_MAD,LR_Cluster_Time_Avg,LR_Cluster_MAE_Avg,LR_Cluster_RMSE_Avg,LR_Cluster_MAD_Avg,LR_Euc_Time_Avg,LR_Euc_MAE_Avg,LR_Euc_RMSE_Avg,LR_Euc_MAD_Avg,RF_Entire_Time,RF_Entire_MAE,RF_Entire_RMSE,RF_Entire_MAD,RF_Cluster_Time_Avg,RF_Cluster_MAE_Avg,RF_Cluster_RMSE_Avg,RF_Cluster_MAD_Avg,RF_Euc_Time_Avg,RF_Euc_MAE_Avg,RF_Euc_RMSE_Avg,RF_Euc_MAD_Avg,NN_Entire_Time,NN_Entire_MAE,NN_Entire_RMSE,NN_Entire_MAD,NN_Cluster_Time_Avg,NN_Cluster_MAE_Avg,NN_Cluster_RMSE_Avg,NN_Cluster_MAD_Avg,NN_Euc_Time_Avg,NN_Euc_MAE_Avg,NN_Euc_RMSE_Avg,NN_Euc_MAD_Avg,GP_Entire_Time,GP_Entire_MAE,GP_Entire_RMSE,GP_Entire_MAD,GP_Cluster_Time_Avg,GP_Cluster_MAE_Avg,GP_Cluster_RMSE_Avg,GP_Cluster_MAD_Avg,GP_Euc_Time_Avg,GP_Euc_MAE_Avg,GP_Euc_RMSE_Avg,GP_Euc_MAD_Avg,GB_Entire_Time,GB_Entire_MAE,GB_Entire_RMSE,GB_Entire_MAD,GB_Cluster_Time_Avg,GB_Cluster_MAE_Avg,GB_Cluster_RMSE_Avg,GB_Cluster_MAD_Avg,GB_Euc_Time_Avg,GB_Euc_MAE_Avg,GB_Euc_RMSE_Avg,GB_Euc_MAD_Avg
500,1,0.1,2.0,5,0.0003349781036376953,0.04554139396076337,0.06322217389655631,0.03166617154606036,0.0003786563873291016,0.19424805381119917,0.2531774730441877,0.17907504217975787,0.00032181739807128905,0.19080010923943722,0.2665041350634091,0.15492469542293597,0.08629798889160156,0.03498896459853788,0.054909246318376966,0.02355467004281566,0.044331836700439456,0.14323574745800388,0.20440389172106768,0.08652115201190702,0.04422307014465332,0.12052084322783449,0.2004119893837712,0.07351607317330253,0.06186103820800781,0.06465407102447439,0.09426104894068453,0.043199289040164436,0.017207813262939454,0.20042627101663565,0.2527791229896833,0.16334216292004125,0.019127893447875976,0.16028443867084563,0.24010775715516988,0.08455806429317955,0.08825397491455078,0.07147561,0.10188179,0.046482205,0.040378665924072264,0.15359145,0.21348114,0.112929784,0.03610105514526367,0.14958923,0.27006802,0.09142039,0.036106109619140625,0.03287668920799993,0.054303663889306186,0.02023956520998854,0.014692258834838868,0.13843914666066914,0.2039041920021639,0.07879669876499115,0.014604854583740234,0.11808377809267219,0.18115101386581692,0.07163900280666187
