N,Norm,Lambda,Gamma,K,LR_Entire_Time,LR_Entire_MAE,LR_Entire_RMSE,LR_Entire_MAD,LR_Cluster_Time_Avg,LR_Cluster_MAE_Avg,LR_Cluster_RMSE_Avg,LR_Cluster_MAD_Avg,LR_Euc_Time_Avg,LR_Euc_MAE_Avg,LR_Euc_RMSE_Avg,LR_Euc_MAD_Avg,RF_Entire_Time,RF_Entire_MAE,RF_Entire_RMSE,RF_Entire_MAD,RF_Cluster_Time_Avg,RF_Cluster_MAE_Avg,RF_Cluster_RMSE_Avg,RF_Cluster_MAD_Avg,RF_Euc_Time_Avg,RF_Euc_MAE_Avg,RF_Euc_RMSE_Avg,RF_Euc_MAD_Avg,NN_Entire_Time,NN_Entire_MAE,NN_Entire_RMSE,NN_Entire_MAD,NN_Cluster_Time_Avg,NN_Cluster_MAE_Avg,NN_Cluster_RMSE_Avg,NN_Cluster_MAD_Avg,NN_Euc_Time_Avg,NN_Euc_MAE_Avg,NN_Euc_RMSE_Avg,NN_Euc_MAD_Avg,GP_Entire_Time,GP_Entire_MAE,GP_Entire_RMSE,GP_Entire_MAD,GP_Cluster_Time_Avg,GP_Cluster_MAE_Avg,GP_Cluster_RMSE_Avg,GP_Cluster_MAD_Avg,GP_Euc_Time_Avg,GP_Euc_MAE_Avg,GP_Euc_RMSE_Avg,GP_Euc_MAD_Avg,GB_Entire_Time,GB_Entire_MAE,GB_Entire_RMSE,GB_Entire_MAD,GB_Cluster_Time_Avg,GB_Cluster_MAE_Avg,GB_Cluster_RMSE_Avg,GB_Cluster_MAD_Avg,GB_Euc_Time_Avg,GB_Euc_MAE_Avg,GB_Euc_RMSE_Avg,GB_Euc_MAD_Avg
10000,1,0.9,1.0,7,0.0020380020141601562,0.06792803101151079,0.3219772320780228,0.0359716131146422,0.0004696505410330636,0.16991516765651132,0.3078838689328987,0.12354114065726761,0.00043010711669921875,0.2171414784446725,0.402775286262579,0.15111334666271622,2.42425799369812,0.04710101926951931,0.23742254883400332,0.018333037551904893,0.3210784707750593,0.1645057244010075,0.34360676577177596,0.09860514832088511,0.31834915706089567,0.18298041196570322,0.4117529633152816,0.09085554813479726,2.3671841621398926,0.07396049644096138,0.28747843436459586,0.02931729326956317,0.2638967377798898,0.1429835044173457,0.27792932098551343,0.08691594101455123,0.238051176071167,0.16789127722051317,0.3632903017843435,0.08587966551659354,12.103273153305054,0.06895141,0.25745994,0.02071862,0.3935215813773019,0.13761087,0.26200968,0.08367532,0.41595540727887836,0.16247024,0.36569777,0.080414936,0.8878610134124756,0.048527665790607216,0.23633556484880347,0.02329046677653715,0.13108328410557338,0.14639385162470037,0.33814956683971,0.08927968308215342,0.13139769009181432,0.17602116564290654,0.4162848643378224,0.09112633127628857
