N,Norm,Lambda,Gamma,K,LR_Entire_Time,LR_Entire_MAE,LR_Entire_RMSE,LR_Entire_MAD,LR_Cluster_Time_Avg,LR_Cluster_MAE_Avg,LR_Cluster_RMSE_Avg,LR_Cluster_MAD_Avg,LR_Euc_Time_Avg,LR_Euc_MAE_Avg,LR_Euc_RMSE_Avg,LR_Euc_MAD_Avg,RF_Entire_Time,RF_Entire_MAE,RF_Entire_RMSE,RF_Entire_MAD,RF_Cluster_Time_Avg,RF_Cluster_MAE_Avg,RF_Cluster_RMSE_Avg,RF_Cluster_MAD_Avg,RF_Euc_Time_Avg,RF_Euc_MAE_Avg,RF_Euc_RMSE_Avg,RF_Euc_MAD_Avg,NN_Entire_Time,NN_Entire_MAE,NN_Entire_RMSE,NN_Entire_MAD,NN_Cluster_Time_Avg,NN_Cluster_MAE_Avg,NN_Cluster_RMSE_Avg,NN_Cluster_MAD_Avg,NN_Euc_Time_Avg,NN_Euc_MAE_Avg,NN_Euc_RMSE_Avg,NN_Euc_MAD_Avg,GP_Entire_Time,GP_Entire_MAE,GP_Entire_RMSE,GP_Entire_MAD,GP_Cluster_Time_Avg,GP_Cluster_MAE_Avg,GP_Cluster_RMSE_Avg,GP_Cluster_MAD_Avg,GP_Euc_Time_Avg,GP_Euc_MAE_Avg,GP_Euc_RMSE_Avg,GP_Euc_MAD_Avg,GB_Entire_Time,GB_Entire_MAE,GB_Entire_RMSE,GB_Entire_MAD,GB_Cluster_Time_Avg,GB_Cluster_MAE_Avg,GB_Cluster_RMSE_Avg,GB_Cluster_MAD_Avg,GB_Euc_Time_Avg,GB_Euc_MAE_Avg,GB_Euc_RMSE_Avg,GB_Euc_MAD_Avg
100,2,0.1,1.0,4,0.0005471706390380859,0.19598571368711998,0.2658167496676893,0.12690348231686688,0.00028824806213378906,0.20608208184274573,0.28054223856080396,0.15403454944364975,0.0002467036247253418,0.2636792202538578,0.27544820109858575,0.2646526185300492,0.04529881477355957,0.03960576837801329,0.04647163903087302,0.0376154082969804,0.040947556495666504,0.2873036930274469,0.36409493620066596,0.2212264399633608,0.04172426462173462,0.4093688111879851,0.5842972481559483,0.171252007179754,0.024438142776489258,0.22281246641612884,0.32453989924492127,0.08955886392207923,0.011086523532867432,0.2054360133884692,0.2423416070862967,0.1762671206461141,0.010197281837463379,0.19707718435534402,0.24663004317182932,0.20667562487493418,0.03542613983154297,0.14043128,0.21644284,0.062149398,0.03152167797088623,0.48863697,0.55369157,0.4811833,0.02855074405670166,0.54975957,0.67998046,0.4185274,0.014611959457397461,0.03842481666180498,0.05484043571401596,0.023898651900638057,0.010998547077178955,0.2136058174850967,0.2633269607452494,0.19514394068558158,0.010572552680969238,0.4075247248236971,0.6613196351150002,0.08376923458978955
