N,Norm,Lambda,Gamma,K,LR_Entire_Time,LR_Entire_MAE,LR_Entire_RMSE,LR_Entire_MAD,LR_Cluster_Time_Avg,LR_Cluster_MAE_Avg,LR_Cluster_RMSE_Avg,LR_Cluster_MAD_Avg,LR_Euc_Time_Avg,LR_Euc_MAE_Avg,LR_Euc_RMSE_Avg,LR_Euc_MAD_Avg,RF_Entire_Time,RF_Entire_MAE,RF_Entire_RMSE,RF_Entire_MAD,RF_Cluster_Time_Avg,RF_Cluster_MAE_Avg,RF_Cluster_RMSE_Avg,RF_Cluster_MAD_Avg,RF_Euc_Time_Avg,RF_Euc_MAE_Avg,RF_Euc_RMSE_Avg,RF_Euc_MAD_Avg,NN_Entire_Time,NN_Entire_MAE,NN_Entire_RMSE,NN_Entire_MAD,NN_Cluster_Time_Avg,NN_Cluster_MAE_Avg,NN_Cluster_RMSE_Avg,NN_Cluster_MAD_Avg,NN_Euc_Time_Avg,NN_Euc_MAE_Avg,NN_Euc_RMSE_Avg,NN_Euc_MAD_Avg,GP_Entire_Time,GP_Entire_MAE,GP_Entire_RMSE,GP_Entire_MAD,GP_Cluster_Time_Avg,GP_Cluster_MAE_Avg,GP_Cluster_RMSE_Avg,GP_Cluster_MAD_Avg,GP_Euc_Time_Avg,GP_Euc_MAE_Avg,GP_Euc_RMSE_Avg,GP_Euc_MAD_Avg,GB_Entire_Time,GB_Entire_MAE,GB_Entire_RMSE,GB_Entire_MAD,GB_Cluster_Time_Avg,GB_Cluster_MAE_Avg,GB_Cluster_RMSE_Avg,GB_Cluster_MAD_Avg,GB_Euc_Time_Avg,GB_Euc_MAE_Avg,GB_Euc_RMSE_Avg,GB_Euc_MAD_Avg
5000,2,0.5,1.0,7,0.001039266586303711,0.06606716257040125,0.2627241057286416,0.044473382092633296,0.0003401211329868862,0.1688677182814112,0.26906878813223417,0.1397882007344117,0.00027067320687430244,0.2309213956600825,0.4281767200218489,0.16803380215287375,0.7721807956695557,0.043467867058729785,0.2040373089894627,0.019959719527814723,0.12031708444867815,0.14910637855942088,0.27707995684494197,0.098592678363932,0.11941630499703544,0.18787961456339097,0.42792384519300797,0.10105531804077032,0.7254939079284668,0.07147307388404289,0.2468356791343054,0.030217418955820308,0.13671374320983887,0.14989675827381216,0.2666966448758425,0.10148785261472759,0.0940490790775844,0.1871703198169472,0.40789810618251277,0.1031364621533942,2.808129072189331,0.073622465,0.24577138,0.02872637,0.15006654603140696,0.1444885,0.2666355,0.09647175,0.14085027149745397,0.18625943,0.42731166,0.098997764,0.3063778877258301,0.0438991091019908,0.18868053903211943,0.02448690356161353,0.048267943518502374,0.13844899279495296,0.25544690116547,0.09396665358910707,0.049004316329956055,0.17597096675202886,0.42513998626666655,0.09827043795825453
