N,Norm,Lambda,Gamma,K,LR_Entire_Time,LR_Entire_MAE,LR_Entire_RMSE,LR_Entire_MAD,LR_Cluster_Time_Avg,LR_Cluster_MAE_Avg,LR_Cluster_RMSE_Avg,LR_Cluster_MAD_Avg,LR_Euc_Time_Avg,LR_Euc_MAE_Avg,LR_Euc_RMSE_Avg,LR_Euc_MAD_Avg,RF_Entire_Time,RF_Entire_MAE,RF_Entire_RMSE,RF_Entire_MAD,RF_Cluster_Time_Avg,RF_Cluster_MAE_Avg,RF_Cluster_RMSE_Avg,RF_Cluster_MAD_Avg,RF_Euc_Time_Avg,RF_Euc_MAE_Avg,RF_Euc_RMSE_Avg,RF_Euc_MAD_Avg,NN_Entire_Time,NN_Entire_MAE,NN_Entire_RMSE,NN_Entire_MAD,NN_Cluster_Time_Avg,NN_Cluster_MAE_Avg,NN_Cluster_RMSE_Avg,NN_Cluster_MAD_Avg,NN_Euc_Time_Avg,NN_Euc_MAE_Avg,NN_Euc_RMSE_Avg,NN_Euc_MAD_Avg,GP_Entire_Time,GP_Entire_MAE,GP_Entire_RMSE,GP_Entire_MAD,GP_Cluster_Time_Avg,GP_Cluster_MAE_Avg,GP_Cluster_RMSE_Avg,GP_Cluster_MAD_Avg,GP_Euc_Time_Avg,GP_Euc_MAE_Avg,GP_Euc_RMSE_Avg,GP_Euc_MAD_Avg,GB_Entire_Time,GB_Entire_MAE,GB_Entire_RMSE,GB_Entire_MAD,GB_Cluster_Time_Avg,GB_Cluster_MAE_Avg,GB_Cluster_RMSE_Avg,GB_Cluster_MAD_Avg,GB_Euc_Time_Avg,GB_Euc_MAE_Avg,GB_Euc_RMSE_Avg,GB_Euc_MAD_Avg
5000,1,0.9,1.0,5,0.0007138252258300781,0.06606716257040125,0.2627241057286416,0.044473382092633296,0.0003892421722412109,0.14892705451847657,0.399186523376894,0.09814376816453359,0.000316619873046875,0.18805691562304158,0.4693379241917447,0.1169846877214776,0.7760720252990723,0.042023067641219936,0.18840541128079075,0.020081029953718743,0.16431837081909179,0.1296302153817988,0.40189967344062366,0.06715129319076354,0.15823593139648437,0.18143296330344033,0.5839022652525453,0.06792471708422483,0.9833428859710693,0.07408558172940859,0.247297508451104,0.034185942076979337,0.11774215698242188,0.15102986533827872,0.40197454032626706,0.07849494705352014,0.11394343376159669,0.1706421375182524,0.4605822144107747,0.07511101151853727,2.700838804244995,0.07377888,0.24573198,0.029183656,0.19235386848449706,0.12507658,0.3751387,0.06410608,0.20284395217895507,0.17009687,0.50200534,0.06881626,0.3076620101928711,0.04370841449084163,0.18859949378010613,0.02446869807213969,0.06768960952758789,0.12267503553180847,0.4030964023237586,0.06324842308435025,0.06625804901123047,0.1792999592581313,0.5961647855772599,0.06600794547838262
