N,Norm,Lambda,Gamma,K,LR_Entire_Time,LR_Entire_MAE,LR_Entire_RMSE,LR_Entire_MAD,LR_Cluster_Time_Avg,LR_Cluster_MAE_Avg,LR_Cluster_RMSE_Avg,LR_Cluster_MAD_Avg,LR_Euc_Time_Avg,LR_Euc_MAE_Avg,LR_Euc_RMSE_Avg,LR_Euc_MAD_Avg,RF_Entire_Time,RF_Entire_MAE,RF_Entire_RMSE,RF_Entire_MAD,RF_Cluster_Time_Avg,RF_Cluster_MAE_Avg,RF_Cluster_RMSE_Avg,RF_Cluster_MAD_Avg,RF_Euc_Time_Avg,RF_Euc_MAE_Avg,RF_Euc_RMSE_Avg,RF_Euc_MAD_Avg,NN_Entire_Time,NN_Entire_MAE,NN_Entire_RMSE,NN_Entire_MAD,NN_Cluster_Time_Avg,NN_Cluster_MAE_Avg,NN_Cluster_RMSE_Avg,NN_Cluster_MAD_Avg,NN_Euc_Time_Avg,NN_Euc_MAE_Avg,NN_Euc_RMSE_Avg,NN_Euc_MAD_Avg,GP_Entire_Time,GP_Entire_MAE,GP_Entire_RMSE,GP_Entire_MAD,GP_Cluster_Time_Avg,GP_Cluster_MAE_Avg,GP_Cluster_RMSE_Avg,GP_Cluster_MAD_Avg,GP_Euc_Time_Avg,GP_Euc_MAE_Avg,GP_Euc_RMSE_Avg,GP_Euc_MAD_Avg,GB_Entire_Time,GB_Entire_MAE,GB_Entire_RMSE,GB_Entire_MAD,GB_Cluster_Time_Avg,GB_Cluster_MAE_Avg,GB_Cluster_RMSE_Avg,GB_Cluster_MAD_Avg,GB_Euc_Time_Avg,GB_Euc_MAE_Avg,GB_Euc_RMSE_Avg,GB_Euc_MAD_Avg
5000,2,0.1,1.0,3,0.0007159709930419922,0.06606716257040125,0.2627241057286416,0.044473382092633296,0.00037089983622233075,0.09486839283505814,0.22914085463515954,0.06644197441895865,0.00031566619873046875,0.149733560456411,0.3647854157816206,0.09748775854860875,0.7986810207366943,0.04232653204180047,0.19327605409219947,0.02035937921863558,0.2625577449798584,0.09776993569236464,0.28167689961688186,0.04611118939812244,0.25304118792215985,0.09799033788278495,0.28887798296755424,0.04315921011396653,0.38299107551574707,0.07456658957789039,0.25296048762557855,0.03889211256753204,0.19226964314778647,0.10208748766966141,0.22348343114451286,0.0632096892526897,0.17666109402974448,0.13573587435921772,0.34670481195634467,0.058492984499469214,2.749969005584717,0.073682055,0.2454103,0.02854985,0.3992467721303304,0.08794928,0.22410852,0.045802694,0.36396201451619464,0.113820784,0.3473206,0.041490953,0.30538201332092285,0.04362596270505783,0.18687487919963303,0.024486903561613576,0.10495638847351074,0.09027558174940836,0.25972354599237907,0.0473412936082856,0.10462005933125813,0.10104931346862166,0.33814662214177643,0.044535886508262436
