N,Norm,Lambda,Gamma,K,LR_Entire_Time,LR_Entire_MAE,LR_Entire_RMSE,LR_Entire_MAD,LR_Cluster_Time_Avg,LR_Cluster_MAE_Avg,LR_Cluster_RMSE_Avg,LR_Cluster_MAD_Avg,LR_Euc_Time_Avg,LR_Euc_MAE_Avg,LR_Euc_RMSE_Avg,LR_Euc_MAD_Avg,RF_Entire_Time,RF_Entire_MAE,RF_Entire_RMSE,RF_Entire_MAD,RF_Cluster_Time_Avg,RF_Cluster_MAE_Avg,RF_Cluster_RMSE_Avg,RF_Cluster_MAD_Avg,RF_Euc_Time_Avg,RF_Euc_MAE_Avg,RF_Euc_RMSE_Avg,RF_Euc_MAD_Avg,NN_Entire_Time,NN_Entire_MAE,NN_Entire_RMSE,NN_Entire_MAD,NN_Cluster_Time_Avg,NN_Cluster_MAE_Avg,NN_Cluster_RMSE_Avg,NN_Cluster_MAD_Avg,NN_Euc_Time_Avg,NN_Euc_MAE_Avg,NN_Euc_RMSE_Avg,NN_Euc_MAD_Avg,GB_Entire_Time,GB_Entire_MAE,GB_Entire_RMSE,GB_Entire_MAD,GB_Cluster_Time_Avg,GB_Cluster_MAE_Avg,GB_Cluster_RMSE_Avg,GB_Cluster_MAD_Avg,GB_Euc_Time_Avg,GB_Euc_MAE_Avg,GB_Euc_RMSE_Avg,GB_Euc_MAD_Avg
50000,2,0.1,0.5,3,0.0034508705139160156,0.06625561675942009,0.3233405659660932,0.03390383380555034,0.0014096895853678386,0.0925594125013851,0.28358077259840353,0.05931304818595412,0.0015916824340820312,0.13539184417959435,0.3931635208263831,0.08229257984802939,11.080960988998413,0.04279845139060947,0.21603516449553486,0.015720241483057534,3.4198864301045737,0.07475807646023279,0.24545173134418338,0.036039132473760505,3.3250149885813394,0.08670117130433319,0.3254962671185795,0.03534650798051039,9.267246961593628,0.053707892447609436,0.2348301363268391,0.019203948131775818,2.0107690493265786,0.06912402465500653,0.2274973727425622,0.03608834461656975,2.177958329518636,0.09189631650767843,0.3070205635886287,0.04270510646402603,3.2156100273132324,0.04817274960897173,0.2211543785184208,0.022824623588756143,1.048403024673462,0.07332255659576851,0.23837912596509195,0.04292399684560926,1.0447617371877034,0.0874635330576153,0.3166579644878105,0.042387419347631454
