N,Norm,Lambda,Gamma,K,LR_Entire_Time,LR_Entire_MAE,LR_Entire_RMSE,LR_Entire_MAD,LR_Cluster_Time_Avg,LR_Cluster_MAE_Avg,LR_Cluster_RMSE_Avg,LR_Cluster_MAD_Avg,LR_Euc_Time_Avg,LR_Euc_MAE_Avg,LR_Euc_RMSE_Avg,LR_Euc_MAD_Avg,RF_Entire_Time,RF_Entire_MAE,RF_Entire_RMSE,RF_Entire_MAD,RF_Cluster_Time_Avg,RF_Cluster_MAE_Avg,RF_Cluster_RMSE_Avg,RF_Cluster_MAD_Avg,RF_Euc_Time_Avg,RF_Euc_MAE_Avg,RF_Euc_RMSE_Avg,RF_Euc_MAD_Avg,NN_Entire_Time,NN_Entire_MAE,NN_Entire_RMSE,NN_Entire_MAD,NN_Cluster_Time_Avg,NN_Cluster_MAE_Avg,NN_Cluster_RMSE_Avg,NN_Cluster_MAD_Avg,NN_Euc_Time_Avg,NN_Euc_MAE_Avg,NN_Euc_RMSE_Avg,NN_Euc_MAD_Avg,GP_Entire_Time,GP_Entire_MAE,GP_Entire_RMSE,GP_Entire_MAD,GP_Cluster_Time_Avg,GP_Cluster_MAE_Avg,GP_Cluster_RMSE_Avg,GP_Cluster_MAD_Avg,GP_Euc_Time_Avg,GP_Euc_MAE_Avg,GP_Euc_RMSE_Avg,GP_Euc_MAD_Avg,GB_Entire_Time,GB_Entire_MAE,GB_Entire_RMSE,GB_Entire_MAD,GB_Cluster_Time_Avg,GB_Cluster_MAE_Avg,GB_Cluster_RMSE_Avg,GB_Cluster_MAD_Avg,GB_Euc_Time_Avg,GB_Euc_MAE_Avg,GB_Euc_RMSE_Avg,GB_Euc_MAD_Avg
1000,2,0.9,0.5,4,0.0003180503845214844,0.03174555839505721,0.043465480669550194,0.023354845822268516,0.0002970099449157715,0.09382534242809296,0.13102556231420276,0.07650186720028314,0.00025528669357299805,0.11933357968464367,0.15914693815912323,0.09691046142812622,0.14256596565246582,0.026801249037351434,0.03516093637980175,0.021213701344165725,0.060276806354522705,0.09977895109450388,0.14957407142388607,0.06871071182880305,0.05895125865936279,0.07584339919704977,0.10989097410127949,0.05339107356891186,0.058500051498413086,0.05900515875599348,0.08477189463488184,0.04508073029107182,0.04419952630996704,0.11563629834955447,0.1734064707916559,0.07688634968317136,0.03477787971496582,0.12060664070450144,0.1824922585353915,0.08812564697731452,0.2294902801513672,0.047523502,0.08538143,0.030398354,0.0552220344543457,0.103373095,0.17265856,0.06926249,0.04792952537536621,0.10506934,0.17928883,0.0619057,0.06280398368835449,0.023009135115169083,0.029982448425254125,0.019598714559076386,0.022551238536834717,0.09114401315678669,0.13360475014416917,0.06306163766529523,0.022368907928466797,0.07422058434650208,0.11127742248868852,0.05209332395753273
