N,Norm,Lambda,Gamma,K,LR_Entire_Time,LR_Entire_MAE,LR_Entire_RMSE,LR_Entire_MAD,LR_Cluster_Time_Avg,LR_Cluster_MAE_Avg,LR_Cluster_RMSE_Avg,LR_Cluster_MAD_Avg,LR_Euc_Time_Avg,LR_Euc_MAE_Avg,LR_Euc_RMSE_Avg,LR_Euc_MAD_Avg,RF_Entire_Time,RF_Entire_MAE,RF_Entire_RMSE,RF_Entire_MAD,RF_Cluster_Time_Avg,RF_Cluster_MAE_Avg,RF_Cluster_RMSE_Avg,RF_Cluster_MAD_Avg,RF_Euc_Time_Avg,RF_Euc_MAE_Avg,RF_Euc_RMSE_Avg,RF_Euc_MAD_Avg,NN_Entire_Time,NN_Entire_MAE,NN_Entire_RMSE,NN_Entire_MAD,NN_Cluster_Time_Avg,NN_Cluster_MAE_Avg,NN_Cluster_RMSE_Avg,NN_Cluster_MAD_Avg,NN_Euc_Time_Avg,NN_Euc_MAE_Avg,NN_Euc_RMSE_Avg,NN_Euc_MAD_Avg,GB_Entire_Time,GB_Entire_MAE,GB_Entire_RMSE,GB_Entire_MAD,GB_Cluster_Time_Avg,GB_Cluster_MAE_Avg,GB_Cluster_RMSE_Avg,GB_Cluster_MAD_Avg,GB_Euc_Time_Avg,GB_Euc_MAE_Avg,GB_Euc_RMSE_Avg,GB_Euc_MAD_Avg
50000,2,0.9,2.0,7,0.0037050247192382812,0.06625561675942009,0.3233405659660932,0.03390383380555034,0.0007227488926478795,0.20714580447054395,0.5269106401391692,0.1436807516155172,0.0006017684936523438,0.22819507705703262,0.5462331196419586,0.15223612816696705,11.227543115615845,0.04301156072311434,0.21795586580287205,0.015812601032032123,1.3549117701394218,0.17554243215968116,0.49661098846688173,0.09637592518903701,1.32143463407244,0.17233811830714216,0.5199393354145768,0.07937389564448256,8.961248874664307,0.05751151072304119,0.23310049161470778,0.02376535823365633,0.8023907457079206,0.143581585718634,0.4643118378787161,0.0756456653360403,0.6399496623447963,0.15326214193225285,0.49134037542023273,0.0731151597433549,3.3163418769836426,0.04807505912038826,0.22024354789533548,0.022824623588756393,0.45802535329546246,0.168316183074447,0.483960223246234,0.10263171556896747,0.46016740798950195,0.17169710371012978,0.5222522791450707,0.08607872040667526
