N,Norm,Lambda,Gamma,K,LR_Entire_Time,LR_Entire_MAE,LR_Entire_RMSE,LR_Entire_MAD,LR_Cluster_Time_Avg,LR_Cluster_MAE_Avg,LR_Cluster_RMSE_Avg,LR_Cluster_MAD_Avg,LR_Cluster_MAE_Median,LR_Cluster_RMSE_Median,LR_Cluster_MAD_Median,RF_Entire_Time,RF_Entire_MAE,RF_Entire_RMSE,RF_Entire_MAD,RF_Cluster_Time_Avg,RF_Cluster_MAE_Avg,RF_Cluster_RMSE_Avg,RF_Cluster_MAD_Avg,RF_Cluster_MAE_Median,RF_Cluster_RMSE_Median,RF_Cluster_MAD_Median,NN_Entire_Time,NN_Entire_MAE,NN_Entire_RMSE,NN_Entire_MAD,NN_Cluster_Time_Avg,NN_Cluster_MAE_Avg,NN_Cluster_RMSE_Avg,NN_Cluster_MAD_Avg,NN_Cluster_MAE_Median,NN_Cluster_RMSE_Median,NN_Cluster_MAD_Median,GP_Entire_Time,GP_Entire_MAE,GP_Entire_RMSE,GP_Entire_MAD,GP_Cluster_Time_Avg,GP_Cluster_MAE_Avg,GP_Cluster_RMSE_Avg,GP_Cluster_MAD_Avg,GP_Cluster_MAE_Median,GP_Cluster_RMSE_Median,GP_Cluster_MAD_Median,GB_Entire_Time,GB_Entire_MAE,GB_Entire_RMSE,GB_Entire_MAD,GB_Cluster_Time_Avg,GB_Cluster_MAE_Avg,GB_Cluster_RMSE_Avg,GB_Cluster_MAD_Avg,GB_Cluster_MAE_Median,GB_Cluster_RMSE_Median,GB_Cluster_MAD_Median
10000,2,0.9,0.5,3,0.001178741455078125,0.0711493164406142,0.34865177023578486,0.037222118158097006,0.0009767214457194011,0.058707986778642106,0.18593228508944426,0.04192205006314109,0.06482867701719655,0.23775683086951832,0.04399767217650663,1.6099069118499756,0.043197357949370255,0.21137872601696106,0.01719535899813987,0.44872275988260907,0.032245975429508085,0.11066708549133246,0.01611300167804743,0.03276729086730143,0.1157227396562464,0.014920144731153107,2.0072200298309326,0.07945053222467587,0.2814372097388979,0.04088333757308221,0.41236066818237305,0.05899946686391929,0.1873383337280423,0.025765813057797887,0.06420147030511862,0.22795955906329213,0.024474403917764898,9.247929096221924,0.061700232,0.25460923,0.01946731,1.7247613271077473,0.05364208,0.17299068,0.019878497,0.05610144883394241,0.190561905503273,0.020029217004776,0.5931499004364014,0.04595298999666221,0.19479316426548623,0.02291651168797021,0.18175554275512695,0.035260954137601934,0.13961594819560416,0.018855865231482583,0.03410699381826478,0.15169503450067848,0.017709379115087742
