N,Norm,Lambda,Gamma,K,LR_Entire_Time,LR_Entire_MAE,LR_Entire_RMSE,LR_Entire_MAD,LR_Cluster_Time_Avg,LR_Cluster_MAE_Avg,LR_Cluster_RMSE_Avg,LR_Cluster_MAD_Avg,LR_Euc_Time_Avg,LR_Euc_MAE_Avg,LR_Euc_RMSE_Avg,LR_Euc_MAD_Avg,RF_Entire_Time,RF_Entire_MAE,RF_Entire_RMSE,RF_Entire_MAD,RF_Cluster_Time_Avg,RF_Cluster_MAE_Avg,RF_Cluster_RMSE_Avg,RF_Cluster_MAD_Avg,RF_Euc_Time_Avg,RF_Euc_MAE_Avg,RF_Euc_RMSE_Avg,RF_Euc_MAD_Avg,NN_Entire_Time,NN_Entire_MAE,NN_Entire_RMSE,NN_Entire_MAD,NN_Cluster_Time_Avg,NN_Cluster_MAE_Avg,NN_Cluster_RMSE_Avg,NN_Cluster_MAD_Avg,NN_Euc_Time_Avg,NN_Euc_MAE_Avg,NN_Euc_RMSE_Avg,NN_Euc_MAD_Avg,GP_Entire_Time,GP_Entire_MAE,GP_Entire_RMSE,GP_Entire_MAD,GP_Cluster_Time_Avg,GP_Cluster_MAE_Avg,GP_Cluster_RMSE_Avg,GP_Cluster_MAD_Avg,GP_Euc_Time_Avg,GP_Euc_MAE_Avg,GP_Euc_RMSE_Avg,GP_Euc_MAD_Avg,GB_Entire_Time,GB_Entire_MAE,GB_Entire_RMSE,GB_Entire_MAD,GB_Cluster_Time_Avg,GB_Cluster_MAE_Avg,GB_Cluster_RMSE_Avg,GB_Cluster_MAD_Avg,GB_Euc_Time_Avg,GB_Euc_MAE_Avg,GB_Euc_RMSE_Avg,GB_Euc_MAD_Avg
10000,2,0.5,2.0,7,0.0009398460388183594,0.06792803101151079,0.3219772320780228,0.0359716131146422,0.0003611360277448382,0.16418508739321033,0.28143378403253466,0.12680641412717084,0.0003121580396379743,0.2171414784446725,0.402775286262579,0.15111334666271622,1.7188618183135986,0.04677875454287502,0.23548917975405745,0.018125567998133488,0.22723933628627233,0.15521473218172518,0.2865560044283871,0.09773905982890994,0.22444159643990652,0.182540578343496,0.4076224427916967,0.09263882711046659,1.7140390872955322,0.07244510443605838,0.29277664521887026,0.026012528284147962,0.20499229431152344,0.13936990123191598,0.25774736105956314,0.0898457155722954,0.19750213623046875,0.16639953896620055,0.36154830027576645,0.08216060695629991,9.37911581993103,0.06951932,0.25984237,0.02111625,0.3084320681435721,0.13562265,0.25006217,0.08692745,0.3205617495945522,0.16196631,0.36578682,0.08017315,0.6300559043884277,0.048833058381851355,0.2373448222965578,0.023290466776537067,0.09728138787405831,0.14194533054353647,0.2745820537394465,0.09141218580309023,0.09507036209106445,0.1745607965707609,0.4109139301857364,0.09096684678921649
