N,Norm,Lambda,Gamma,K,LR_Entire_Time,LR_Entire_MAE,LR_Entire_RMSE,LR_Entire_MAD,LR_Cluster_Time_Avg,LR_Cluster_MAE_Avg,LR_Cluster_RMSE_Avg,LR_Cluster_MAD_Avg,LR_Euc_Time_Avg,LR_Euc_MAE_Avg,LR_Euc_RMSE_Avg,LR_Euc_MAD_Avg,RF_Entire_Time,RF_Entire_MAE,RF_Entire_RMSE,RF_Entire_MAD,RF_Cluster_Time_Avg,RF_Cluster_MAE_Avg,RF_Cluster_RMSE_Avg,RF_Cluster_MAD_Avg,RF_Euc_Time_Avg,RF_Euc_MAE_Avg,RF_Euc_RMSE_Avg,RF_Euc_MAD_Avg,NN_Entire_Time,NN_Entire_MAE,NN_Entire_RMSE,NN_Entire_MAD,NN_Cluster_Time_Avg,NN_Cluster_MAE_Avg,NN_Cluster_RMSE_Avg,NN_Cluster_MAD_Avg,NN_Euc_Time_Avg,NN_Euc_MAE_Avg,NN_Euc_RMSE_Avg,NN_Euc_MAD_Avg,GP_Entire_Time,GP_Entire_MAE,GP_Entire_RMSE,GP_Entire_MAD,GP_Cluster_Time_Avg,GP_Cluster_MAE_Avg,GP_Cluster_RMSE_Avg,GP_Cluster_MAD_Avg,GP_Euc_Time_Avg,GP_Euc_MAE_Avg,GP_Euc_RMSE_Avg,GP_Euc_MAD_Avg,GB_Entire_Time,GB_Entire_MAE,GB_Entire_RMSE,GB_Entire_MAD,GB_Cluster_Time_Avg,GB_Cluster_MAE_Avg,GB_Cluster_RMSE_Avg,GB_Cluster_MAD_Avg,GB_Euc_Time_Avg,GB_Euc_MAE_Avg,GB_Euc_RMSE_Avg,GB_Euc_MAD_Avg
100,1,0.5,2.0,6,0.0002658367156982422,0.19598571368711998,0.2658167496676893,0.12690348231686688,0.00030823548634847003,0.4626228328241404,0.5355071554047552,0.41513809234109195,0.00024290879567464194,0.4626228328241404,0.5355071554047552,0.41513809234109195,0.04339027404785156,0.040467235161651995,0.048432508620716325,0.03738677614693958,0.03941182295481364,0.2908394850320437,0.33229333845249287,0.28089963799715084,0.038033088048299156,0.33326246275203747,0.38248063093226475,0.319501314553203,0.024402856826782227,0.22820490271656105,0.3359493026180691,0.10646247083654514,0.008629480997721354,0.409664687748761,0.4756053766072908,0.42215346410814164,0.008269906044006348,0.505179741414805,0.566773235757292,0.5246465195811095,0.034471988677978516,0.14043128,0.21644284,0.062149398,0.028055508931477863,0.34983072,0.41411725,0.3093361,0.026804169019063313,0.34983072,0.41411725,0.3093361,0.014377117156982422,0.03470487197889034,0.047141265349554394,0.023898651900637988,0.01051954428354899,0.3301677839760923,0.38311788781045375,0.3262483864913277,0.010193228721618652,0.31511282290433373,0.3756523219681694,0.33054913552182624
