N,Norm,Lambda,Gamma,K,LR_Entire_Time,LR_Entire_MAE,LR_Entire_RMSE,LR_Entire_MAD,LR_Cluster_Time_Avg,LR_Cluster_MAE_Avg,LR_Cluster_RMSE_Avg,LR_Cluster_MAD_Avg,LR_Cluster_MAE_Median,LR_Cluster_RMSE_Median,LR_Cluster_MAD_Median,RF_Entire_Time,RF_Entire_MAE,RF_Entire_RMSE,RF_Entire_MAD,RF_Cluster_Time_Avg,RF_Cluster_MAE_Avg,RF_Cluster_RMSE_Avg,RF_Cluster_MAD_Avg,RF_Cluster_MAE_Median,RF_Cluster_RMSE_Median,RF_Cluster_MAD_Median,NN_Entire_Time,NN_Entire_MAE,NN_Entire_RMSE,NN_Entire_MAD,NN_Cluster_Time_Avg,NN_Cluster_MAE_Avg,NN_Cluster_RMSE_Avg,NN_Cluster_MAD_Avg,NN_Cluster_MAE_Median,NN_Cluster_RMSE_Median,NN_Cluster_MAD_Median,GP_Entire_Time,GP_Entire_MAE,GP_Entire_RMSE,GP_Entire_MAD,GP_Cluster_Time_Avg,GP_Cluster_MAE_Avg,GP_Cluster_RMSE_Avg,GP_Cluster_MAD_Avg,GP_Cluster_MAE_Median,GP_Cluster_RMSE_Median,GP_Cluster_MAD_Median,GB_Entire_Time,GB_Entire_MAE,GB_Entire_RMSE,GB_Entire_MAD,GB_Cluster_Time_Avg,GB_Cluster_MAE_Avg,GB_Cluster_RMSE_Avg,GB_Cluster_MAD_Avg,GB_Cluster_MAE_Median,GB_Cluster_RMSE_Median,GB_Cluster_MAD_Median
1000,1,0.1,2.0,6,0.0008327960968017578,0.07572404595198262,0.3176633156201745,0.045674406410488144,0.0005915164947509766,0.1356663135176979,0.3783075815611465,0.0563779308394197,0.09557420320796167,0.198017262002708,0.02337313023007167,0.14398193359375,0.022605520409450585,0.03196835741426745,0.016639122420073038,0.0500719944636027,0.10559955427992763,0.28165347190392326,0.0313753280863785,0.06517488247069503,0.10353367783515405,0.03165647172996178,0.2740490436553955,0.09872025334162834,0.3060681336380951,0.04265569898701191,0.020553191502888996,0.13696282205182797,0.36269715114808415,0.056287247323501044,0.0909742213393058,0.13284166804207562,0.058225577136959666,0.2408428192138672,0.09063805,0.28110394,0.036968112,0.046500205993652344,0.12374958,0.3084164,0.035091486,0.076817087829113,0.13737118244171143,0.03438260033726692,0.061079978942871094,0.022164957307827738,0.02957297791464878,0.017278896091539833,0.019146839777628582,0.09927479111967148,0.269663481463967,0.023225173932276393,0.054841328116303656,0.09093689111448675,0.020637510671486142
