N,Norm,Lambda,Gamma,K,LR_Entire_Time,LR_Entire_MAE,LR_Entire_RMSE,LR_Entire_MAD,LR_Cluster_Time_Avg,LR_Cluster_MAE_Avg,LR_Cluster_RMSE_Avg,LR_Cluster_MAD_Avg,LR_Euc_Time_Avg,LR_Euc_MAE_Avg,LR_Euc_RMSE_Avg,LR_Euc_MAD_Avg,RF_Entire_Time,RF_Entire_MAE,RF_Entire_RMSE,RF_Entire_MAD,RF_Cluster_Time_Avg,RF_Cluster_MAE_Avg,RF_Cluster_RMSE_Avg,RF_Cluster_MAD_Avg,RF_Euc_Time_Avg,RF_Euc_MAE_Avg,RF_Euc_RMSE_Avg,RF_Euc_MAD_Avg,NN_Entire_Time,NN_Entire_MAE,NN_Entire_RMSE,NN_Entire_MAD,NN_Cluster_Time_Avg,NN_Cluster_MAE_Avg,NN_Cluster_RMSE_Avg,NN_Cluster_MAD_Avg,NN_Euc_Time_Avg,NN_Euc_MAE_Avg,NN_Euc_RMSE_Avg,NN_Euc_MAD_Avg,GP_Entire_Time,GP_Entire_MAE,GP_Entire_RMSE,GP_Entire_MAD,GP_Cluster_Time_Avg,GP_Cluster_MAE_Avg,GP_Cluster_RMSE_Avg,GP_Cluster_MAD_Avg,GP_Euc_Time_Avg,GP_Euc_MAE_Avg,GP_Euc_RMSE_Avg,GP_Euc_MAD_Avg,GB_Entire_Time,GB_Entire_MAE,GB_Entire_RMSE,GB_Entire_MAD,GB_Cluster_Time_Avg,GB_Cluster_MAE_Avg,GB_Cluster_RMSE_Avg,GB_Cluster_MAD_Avg,GB_Euc_Time_Avg,GB_Euc_MAE_Avg,GB_Euc_RMSE_Avg,GB_Euc_MAD_Avg
5000,1,0.5,2.0,7,0.0006380081176757812,0.06606716257040125,0.2627241057286416,0.044473382092633296,0.0003001008714948382,0.1698224848170647,0.2714022241611285,0.1397793859696785,0.0003314358847481864,0.2309213956600825,0.4281767200218489,0.16803380215287375,0.7751402854919434,0.042135396110246894,0.19337991293440585,0.01967832365402926,0.12300358499799456,0.15076276182157217,0.2750157569728968,0.10418348623502045,0.12350218636648995,0.1881526073983192,0.43206936078092373,0.09943820296103466,0.9520049095153809,0.07160538024702733,0.24882647483607742,0.02994571065078326,0.14179543086460658,0.15132716140835908,0.2728705176046479,0.09562931292978062,0.10317686625889369,0.18365150909188496,0.40407778635729474,0.10354912794159023,3.095802068710327,0.074414656,0.24505603,0.029003367,0.15555027553013392,0.14393234,0.27040833,0.09369852,0.14929328645978654,0.18625943,0.42731166,0.098997764,0.3075418472290039,0.04378716423777864,0.1870278157881369,0.024486903561613513,0.053651979991367886,0.13818313343622987,0.2557196755549163,0.09150254552050832,0.054394585745675225,0.17646491917443127,0.4247987857397996,0.09763837382196264
