N,Norm,Lambda,Gamma,K,LR_Entire_Time,LR_Entire_MAE,LR_Entire_RMSE,LR_Entire_MAD,LR_Cluster_Time_Avg,LR_Cluster_MAE_Avg,LR_Cluster_RMSE_Avg,LR_Cluster_MAD_Avg,LR_Euc_Time_Avg,LR_Euc_MAE_Avg,LR_Euc_RMSE_Avg,LR_Euc_MAD_Avg,RF_Entire_Time,RF_Entire_MAE,RF_Entire_RMSE,RF_Entire_MAD,RF_Cluster_Time_Avg,RF_Cluster_MAE_Avg,RF_Cluster_RMSE_Avg,RF_Cluster_MAD_Avg,RF_Euc_Time_Avg,RF_Euc_MAE_Avg,RF_Euc_RMSE_Avg,RF_Euc_MAD_Avg,NN_Entire_Time,NN_Entire_MAE,NN_Entire_RMSE,NN_Entire_MAD,NN_Cluster_Time_Avg,NN_Cluster_MAE_Avg,NN_Cluster_RMSE_Avg,NN_Cluster_MAD_Avg,NN_Euc_Time_Avg,NN_Euc_MAE_Avg,NN_Euc_RMSE_Avg,NN_Euc_MAD_Avg,GP_Entire_Time,GP_Entire_MAE,GP_Entire_RMSE,GP_Entire_MAD,GP_Cluster_Time_Avg,GP_Cluster_MAE_Avg,GP_Cluster_RMSE_Avg,GP_Cluster_MAD_Avg,GP_Euc_Time_Avg,GP_Euc_MAE_Avg,GP_Euc_RMSE_Avg,GP_Euc_MAD_Avg,GB_Entire_Time,GB_Entire_MAE,GB_Entire_RMSE,GB_Entire_MAD,GB_Cluster_Time_Avg,GB_Cluster_MAE_Avg,GB_Cluster_RMSE_Avg,GB_Cluster_MAD_Avg,GB_Euc_Time_Avg,GB_Euc_MAE_Avg,GB_Euc_RMSE_Avg,GB_Euc_MAD_Avg
10000,1,0.9,1.0,3,0.0010831356048583984,0.06792803101151079,0.3219772320780228,0.0359716131146422,0.0007390181223551432,0.09673842157375756,0.2759004119682224,0.0602257405304506,0.0008157094319661459,0.1339008915097624,0.3611311607589738,0.0870481855744885,2.4440677165985107,0.04766807620194024,0.2385079441042238,0.018077185770179027,0.7719139258066813,0.08649896703672476,0.24288700244924408,0.04274684173363352,0.7736523946126302,0.09174937939623684,0.3453941263079971,0.03857029377575827,1.9495091438293457,0.07457131369270004,0.29176584141577333,0.028160760429779746,0.672663688659668,0.0960940936041168,0.2500601528286586,0.04938878307733289,0.43828193346659344,0.11890175344279406,0.3426580822980699,0.05262161748803438,12.647831201553345,0.07100507,0.2592053,0.02452065,2.092898368835449,0.07655805,0.20779021,0.03705256,1.9060086409250896,0.091036946,0.33404863,0.034263242,0.8902230262756348,0.04858322568687258,0.23655005954447153,0.023290466776537067,0.2966476281483968,0.0798221640920073,0.23695307658539555,0.043712481825197436,0.29575355847676593,0.08544209260244602,0.3242953216061673,0.04210129405614479
