N,Norm,Lambda,Gamma,K,LR_Entire_Time,LR_Entire_MAE,LR_Entire_RMSE,LR_Entire_MAD,LR_Cluster_Time_Avg,LR_Cluster_MAE_Avg,LR_Cluster_RMSE_Avg,LR_Cluster_MAD_Avg,LR_Euc_Time_Avg,LR_Euc_MAE_Avg,LR_Euc_RMSE_Avg,LR_Euc_MAD_Avg,RF_Entire_Time,RF_Entire_MAE,RF_Entire_RMSE,RF_Entire_MAD,RF_Cluster_Time_Avg,RF_Cluster_MAE_Avg,RF_Cluster_RMSE_Avg,RF_Cluster_MAD_Avg,RF_Euc_Time_Avg,RF_Euc_MAE_Avg,RF_Euc_RMSE_Avg,RF_Euc_MAD_Avg,NN_Entire_Time,NN_Entire_MAE,NN_Entire_RMSE,NN_Entire_MAD,NN_Cluster_Time_Avg,NN_Cluster_MAE_Avg,NN_Cluster_RMSE_Avg,NN_Cluster_MAD_Avg,NN_Euc_Time_Avg,NN_Euc_MAE_Avg,NN_Euc_RMSE_Avg,NN_Euc_MAD_Avg,GP_Entire_Time,GP_Entire_MAE,GP_Entire_RMSE,GP_Entire_MAD,GP_Cluster_Time_Avg,GP_Cluster_MAE_Avg,GP_Cluster_RMSE_Avg,GP_Cluster_MAD_Avg,GP_Euc_Time_Avg,GP_Euc_MAE_Avg,GP_Euc_RMSE_Avg,GP_Euc_MAD_Avg,GB_Entire_Time,GB_Entire_MAE,GB_Entire_RMSE,GB_Entire_MAD,GB_Cluster_Time_Avg,GB_Cluster_MAE_Avg,GB_Cluster_RMSE_Avg,GB_Cluster_MAD_Avg,GB_Euc_Time_Avg,GB_Euc_MAE_Avg,GB_Euc_RMSE_Avg,GB_Euc_MAD_Avg
10000,1,0.9,2.0,7,0.0012810230255126953,0.06792803101151079,0.3219772320780228,0.0359716131146422,0.00045360837663922993,0.16991516765651132,0.3078838689328987,0.12354114065726761,0.00048654420035226006,0.2171414784446725,0.402775286262579,0.15111334666271622,2.4179720878601074,0.04725562973584776,0.236160089910871,0.018237913171519377,0.32119890621730257,0.16375895416339842,0.33826837248749836,0.09537725770340597,0.31734044211251394,0.18113679102746025,0.40709032191089933,0.09130027049180657,2.5975289344787598,0.07277876901986978,0.28048891550506483,0.027500525596313483,0.29786702564784456,0.13833258994735062,0.2746301006732344,0.08255468563596811,0.21052309444972447,0.16982436797300585,0.36625207334587906,0.08618401364069686,12.266187906265259,0.07149636,0.25811958,0.025776878,0.4200255870819092,0.13639584,0.2595057,0.082233265,0.41593033926827566,0.16207932,0.36555046,0.07980137,0.8814201354980469,0.04870900978776881,0.2367479960648733,0.023290466776537122,0.13170603343418666,0.14630087967516459,0.3379999658097774,0.08931289834189428,0.1306288242340088,0.17504787953105744,0.4118760578993701,0.09126066381623175
