N,Norm,Lambda,Gamma,K,LR_Entire_Time,LR_Entire_MAE,LR_Entire_RMSE,LR_Entire_MAD,LR_Cluster_Time_Avg,LR_Cluster_MAE_Avg,LR_Cluster_RMSE_Avg,LR_Cluster_MAD_Avg,LR_Euc_Time_Avg,LR_Euc_MAE_Avg,LR_Euc_RMSE_Avg,LR_Euc_MAD_Avg,RF_Entire_Time,RF_Entire_MAE,RF_Entire_RMSE,RF_Entire_MAD,RF_Cluster_Time_Avg,RF_Cluster_MAE_Avg,RF_Cluster_RMSE_Avg,RF_Cluster_MAD_Avg,RF_Euc_Time_Avg,RF_Euc_MAE_Avg,RF_Euc_RMSE_Avg,RF_Euc_MAD_Avg,NN_Entire_Time,NN_Entire_MAE,NN_Entire_RMSE,NN_Entire_MAD,NN_Cluster_Time_Avg,NN_Cluster_MAE_Avg,NN_Cluster_RMSE_Avg,NN_Cluster_MAD_Avg,NN_Euc_Time_Avg,NN_Euc_MAE_Avg,NN_Euc_RMSE_Avg,NN_Euc_MAD_Avg,GB_Entire_Time,GB_Entire_MAE,GB_Entire_RMSE,GB_Entire_MAD,GB_Cluster_Time_Avg,GB_Cluster_MAE_Avg,GB_Cluster_RMSE_Avg,GB_Cluster_MAD_Avg,GB_Euc_Time_Avg,GB_Euc_MAE_Avg,GB_Euc_RMSE_Avg,GB_Euc_MAD_Avg
100000,2,0.9,1.0,7,0.006533145904541016,0.0643103041422581,0.30043950634238437,0.03601264487927863,0.0020278862544468473,0.19608801716122495,0.5080252290648436,0.14029668084199948,0.0018098694937569754,0.21916092885132782,0.5380078145111772,0.14733366206872503,25.35003685951233,0.0394429856812839,0.19039501404844195,0.015028370413960691,3.072082689830235,0.15880613383634443,0.4884897259029822,0.08617706532205695,3.0304274218423024,0.16506407640149012,0.5326407568299357,0.07377830279891626,14.548069953918457,0.04766243999721575,0.19279546394691502,0.0225416364264854,1.0843724863869804,0.13442905689550727,0.4529772271999609,0.07334795694250322,0.7748567036220005,0.14262502887139672,0.48090370701437823,0.06689302112680917,6.61722993850708,0.04393144421002911,0.19155972242015762,0.021574883164357798,0.9114773273468018,0.1559011401722401,0.4688783078674077,0.09629975526055871,0.9091803005763462,0.16293855495004486,0.5346683887312519,0.08488333571662392
