N,Norm,Lambda,Gamma,K,LR_Entire_Time,LR_Entire_MAE,LR_Entire_RMSE,LR_Entire_MAD,LR_Cluster_Time_Avg,LR_Cluster_MAE_Avg,LR_Cluster_RMSE_Avg,LR_Cluster_MAD_Avg,LR_Euc_Time_Avg,LR_Euc_MAE_Avg,LR_Euc_RMSE_Avg,LR_Euc_MAD_Avg,RF_Entire_Time,RF_Entire_MAE,RF_Entire_RMSE,RF_Entire_MAD,RF_Cluster_Time_Avg,RF_Cluster_MAE_Avg,RF_Cluster_RMSE_Avg,RF_Cluster_MAD_Avg,RF_Euc_Time_Avg,RF_Euc_MAE_Avg,RF_Euc_RMSE_Avg,RF_Euc_MAD_Avg,NN_Entire_Time,NN_Entire_MAE,NN_Entire_RMSE,NN_Entire_MAD,NN_Cluster_Time_Avg,NN_Cluster_MAE_Avg,NN_Cluster_RMSE_Avg,NN_Cluster_MAD_Avg,NN_Euc_Time_Avg,NN_Euc_MAE_Avg,NN_Euc_RMSE_Avg,NN_Euc_MAD_Avg,GP_Entire_Time,GP_Entire_MAE,GP_Entire_RMSE,GP_Entire_MAD,GP_Cluster_Time_Avg,GP_Cluster_MAE_Avg,GP_Cluster_RMSE_Avg,GP_Cluster_MAD_Avg,GP_Euc_Time_Avg,GP_Euc_MAE_Avg,GP_Euc_RMSE_Avg,GP_Euc_MAD_Avg,GB_Entire_Time,GB_Entire_MAE,GB_Entire_RMSE,GB_Entire_MAD,GB_Cluster_Time_Avg,GB_Cluster_MAE_Avg,GB_Cluster_RMSE_Avg,GB_Cluster_MAD_Avg,GB_Euc_Time_Avg,GB_Euc_MAE_Avg,GB_Euc_RMSE_Avg,GB_Euc_MAD_Avg
1000,1,0.1,0.5,5,0.00031304359436035156,0.03174555839505721,0.043465480669550194,0.023354845822268516,0.0003012180328369141,0.4005573135250855,0.49430241703849837,0.3876116733620981,0.00025477409362792967,0.20597234765336023,0.4975401491650316,0.11041285893666823,0.14188075065612793,0.027136126930917968,0.03637849454946579,0.020645898860658374,0.0538029670715332,0.21849859142461453,0.30236786916769776,0.1525515961372305,0.05340995788574219,0.14245086715833732,0.25513955143556655,0.09582450871300423,0.06338310241699219,0.05509641311331561,0.07813449969542834,0.04418191701273366,0.027913427352905272,0.22043835153454788,0.2988509692002774,0.18043305306359425,0.02763681411743164,0.21910747318329477,0.4897906840859879,0.10899949564645621,0.23082280158996582,0.047523502,0.08538143,0.030398354,0.049774169921875,0.18205574,0.2593207,0.111642346,0.04521336555480957,0.22937259,0.5676478,0.12303834,0.06403779983520508,0.022968218701428667,0.029831421982329426,0.019896181155514614,0.020137929916381837,0.15136096217198186,0.2294755128449424,0.10739531924287413,0.01986556053161621,0.10601793720388582,0.15171672866010633,0.06724807170988245
