N,Norm,Lambda,Gamma,K,LR_Entire_Time,LR_Entire_MAE,LR_Entire_RMSE,LR_Entire_MAD,LR_Cluster_Time_Avg,LR_Cluster_MAE_Avg,LR_Cluster_RMSE_Avg,LR_Cluster_MAD_Avg,LR_Euc_Time_Avg,LR_Euc_MAE_Avg,LR_Euc_RMSE_Avg,LR_Euc_MAD_Avg,RF_Entire_Time,RF_Entire_MAE,RF_Entire_RMSE,RF_Entire_MAD,RF_Cluster_Time_Avg,RF_Cluster_MAE_Avg,RF_Cluster_RMSE_Avg,RF_Cluster_MAD_Avg,RF_Euc_Time_Avg,RF_Euc_MAE_Avg,RF_Euc_RMSE_Avg,RF_Euc_MAD_Avg,NN_Entire_Time,NN_Entire_MAE,NN_Entire_RMSE,NN_Entire_MAD,NN_Cluster_Time_Avg,NN_Cluster_MAE_Avg,NN_Cluster_RMSE_Avg,NN_Cluster_MAD_Avg,NN_Euc_Time_Avg,NN_Euc_MAE_Avg,NN_Euc_RMSE_Avg,NN_Euc_MAD_Avg,GP_Entire_Time,GP_Entire_MAE,GP_Entire_RMSE,GP_Entire_MAD,GP_Cluster_Time_Avg,GP_Cluster_MAE_Avg,GP_Cluster_RMSE_Avg,GP_Cluster_MAD_Avg,GP_Euc_Time_Avg,GP_Euc_MAE_Avg,GP_Euc_RMSE_Avg,GP_Euc_MAD_Avg,GB_Entire_Time,GB_Entire_MAE,GB_Entire_RMSE,GB_Entire_MAD,GB_Cluster_Time_Avg,GB_Cluster_MAE_Avg,GB_Cluster_RMSE_Avg,GB_Cluster_MAD_Avg,GB_Euc_Time_Avg,GB_Euc_MAE_Avg,GB_Euc_RMSE_Avg,GB_Euc_MAD_Avg
500,2,0.1,1.0,5,0.0002849102020263672,0.04554139396076337,0.06322217389655631,0.03166617154606036,0.000287628173828125,0.19424805381119917,0.2531774730441877,0.17907504217975787,0.0002476215362548828,0.19080010923943722,0.2665041350634091,0.15492469542293597,0.08488798141479492,0.03467115291775748,0.05492714238249855,0.024362783579284952,0.04459338188171387,0.14399056892580717,0.1983955586363483,0.08979823214240731,0.04496212005615234,0.11784587720454125,0.19298277839411176,0.0629996332676365,0.052313804626464844,0.0704854091849533,0.09953892910581251,0.04681392044157717,0.021741056442260744,0.20836022801701953,0.2746473456189927,0.150138713180538,0.020184946060180665,0.1934613688435483,0.2715154017970408,0.16282609878119053,0.08329081535339355,0.07147561,0.10188179,0.046482205,0.04207577705383301,0.15359145,0.21348114,0.112929784,0.03523859977722168,0.14958923,0.27006802,0.09142039,0.03608894348144531,0.032988989084274944,0.054389108462972555,0.02023956520998854,0.014348602294921875,0.13528002124214,0.19515504141073747,0.0784004561622517,0.014461803436279296,0.11379122290937546,0.1787648774816496,0.06231128063423277
