N,Norm,Lambda,Gamma,K,LR_Entire_Time,LR_Entire_MAE,LR_Entire_RMSE,LR_Entire_MAD,LR_Cluster_Time_Avg,LR_Cluster_MAE_Avg,LR_Cluster_RMSE_Avg,LR_Cluster_MAD_Avg,LR_Euc_Time_Avg,LR_Euc_MAE_Avg,LR_Euc_RMSE_Avg,LR_Euc_MAD_Avg,RF_Entire_Time,RF_Entire_MAE,RF_Entire_RMSE,RF_Entire_MAD,RF_Cluster_Time_Avg,RF_Cluster_MAE_Avg,RF_Cluster_RMSE_Avg,RF_Cluster_MAD_Avg,RF_Euc_Time_Avg,RF_Euc_MAE_Avg,RF_Euc_RMSE_Avg,RF_Euc_MAD_Avg,NN_Entire_Time,NN_Entire_MAE,NN_Entire_RMSE,NN_Entire_MAD,NN_Cluster_Time_Avg,NN_Cluster_MAE_Avg,NN_Cluster_RMSE_Avg,NN_Cluster_MAD_Avg,NN_Euc_Time_Avg,NN_Euc_MAE_Avg,NN_Euc_RMSE_Avg,NN_Euc_MAD_Avg,GB_Entire_Time,GB_Entire_MAE,GB_Entire_RMSE,GB_Entire_MAD,GB_Cluster_Time_Avg,GB_Cluster_MAE_Avg,GB_Cluster_RMSE_Avg,GB_Cluster_MAD_Avg,GB_Euc_Time_Avg,GB_Euc_MAE_Avg,GB_Euc_RMSE_Avg,GB_Euc_MAD_Avg
100000,1,0.9,2.0,3,0.006006956100463867,0.0643103041422581,0.30043950634238437,0.03601264487927863,0.002505620320638021,0.09465387088189753,0.30150522372655003,0.060083243941045715,0.0024947325388590493,0.13700685445944463,0.42404110391471833,0.08132741789522079,25.35906982421875,0.03952069555339966,0.18902716581124807,0.015031837596742079,7.825991074244182,0.07291797969529445,0.2510450108485321,0.0346528501723604,7.592649459838867,0.08384835851127918,0.33722867299175324,0.032964636051476294,9.508133172988892,0.04346117260088406,0.2021516981503219,0.014218364669547304,3.0034126440684,0.06573504639651784,0.23227251667914528,0.03222277098682556,2.529081662495931,0.0803143899401386,0.3231363452753206,0.03189728262077369,6.606558084487915,0.04387274020197219,0.1910251991401047,0.02157488316435794,2.1480515797932944,0.07331078269104815,0.24414581630928703,0.04187282649631761,2.143051783243815,0.08417252613044025,0.3295218071839755,0.04067719294934998
