N,Norm,Lambda,Gamma,K,LR_Entire_Time,LR_Entire_MAE,LR_Entire_RMSE,LR_Entire_MAD,LR_Cluster_Time_Avg,LR_Cluster_MAE_Avg,LR_Cluster_RMSE_Avg,LR_Cluster_MAD_Avg,LR_Euc_Time_Avg,LR_Euc_MAE_Avg,LR_Euc_RMSE_Avg,LR_Euc_MAD_Avg,RF_Entire_Time,RF_Entire_MAE,RF_Entire_RMSE,RF_Entire_MAD,RF_Cluster_Time_Avg,RF_Cluster_MAE_Avg,RF_Cluster_RMSE_Avg,RF_Cluster_MAD_Avg,RF_Euc_Time_Avg,RF_Euc_MAE_Avg,RF_Euc_RMSE_Avg,RF_Euc_MAD_Avg,NN_Entire_Time,NN_Entire_MAE,NN_Entire_RMSE,NN_Entire_MAD,NN_Cluster_Time_Avg,NN_Cluster_MAE_Avg,NN_Cluster_RMSE_Avg,NN_Cluster_MAD_Avg,NN_Euc_Time_Avg,NN_Euc_MAE_Avg,NN_Euc_RMSE_Avg,NN_Euc_MAD_Avg,GP_Entire_Time,GP_Entire_MAE,GP_Entire_RMSE,GP_Entire_MAD,GP_Cluster_Time_Avg,GP_Cluster_MAE_Avg,GP_Cluster_RMSE_Avg,GP_Cluster_MAD_Avg,GP_Euc_Time_Avg,GP_Euc_MAE_Avg,GP_Euc_RMSE_Avg,GP_Euc_MAD_Avg,GB_Entire_Time,GB_Entire_MAE,GB_Entire_RMSE,GB_Entire_MAD,GB_Cluster_Time_Avg,GB_Cluster_MAE_Avg,GB_Cluster_RMSE_Avg,GB_Cluster_MAD_Avg,GB_Euc_Time_Avg,GB_Euc_MAE_Avg,GB_Euc_RMSE_Avg,GB_Euc_MAD_Avg
500,1,0.5,1.0,7,0.00046896934509277344,0.04554139396076337,0.06322217389655631,0.03166617154606036,0.0003509862082345145,0.21181512073259362,0.2826420016846275,0.14629212425566587,0.00033092498779296875,0.20348369378037243,0.2748482688447117,0.15414652866212655,0.08400630950927734,0.03517569774236794,0.05618762913317826,0.025455705038351595,0.042411633900233676,0.2080386650634937,0.27788528917442973,0.15848079500122675,0.04248080934797015,0.2103932133321493,0.28582221270610486,0.1549217134356278,0.052075862884521484,0.06297611328316358,0.09348919986143556,0.04422073933520837,0.016101905277797153,0.2164716727717603,0.3062420375889908,0.14974689172795422,0.016133955546787808,0.26777412016505986,0.3977095732927987,0.2045928054449909,0.08412313461303711,0.07147561,0.10188179,0.046482205,0.038568156106131415,0.23640688,0.3277206,0.17642438,0.03309825488499233,0.2248474,0.3449585,0.15436625,0.035774946212768555,0.032922996164116064,0.05427776239262759,0.020239565209988458,0.01292269570486886,0.19978236671142086,0.2832345285871922,0.13155249804971206,0.012756790433611189,0.18630879247919357,0.2784270115402597,0.12633346333384568
