N,Norm,Lambda,Gamma,K,LR_Entire_Time,LR_Entire_MAE,LR_Entire_RMSE,LR_Entire_MAD,LR_Cluster_Time_Avg,LR_Cluster_MAE_Avg,LR_Cluster_RMSE_Avg,LR_Cluster_MAD_Avg,LR_Euc_Time_Avg,LR_Euc_MAE_Avg,LR_Euc_RMSE_Avg,LR_Euc_MAD_Avg,RF_Entire_Time,RF_Entire_MAE,RF_Entire_RMSE,RF_Entire_MAD,RF_Cluster_Time_Avg,RF_Cluster_MAE_Avg,RF_Cluster_RMSE_Avg,RF_Cluster_MAD_Avg,RF_Euc_Time_Avg,RF_Euc_MAE_Avg,RF_Euc_RMSE_Avg,RF_Euc_MAD_Avg,NN_Entire_Time,NN_Entire_MAE,NN_Entire_RMSE,NN_Entire_MAD,NN_Cluster_Time_Avg,NN_Cluster_MAE_Avg,NN_Cluster_RMSE_Avg,NN_Cluster_MAD_Avg,NN_Euc_Time_Avg,NN_Euc_MAE_Avg,NN_Euc_RMSE_Avg,NN_Euc_MAD_Avg,GB_Entire_Time,GB_Entire_MAE,GB_Entire_RMSE,GB_Entire_MAD,GB_Cluster_Time_Avg,GB_Cluster_MAE_Avg,GB_Cluster_RMSE_Avg,GB_Cluster_MAD_Avg,GB_Euc_Time_Avg,GB_Euc_MAE_Avg,GB_Euc_RMSE_Avg,GB_Euc_MAD_Avg
50000,1,0.9,0.5,3,0.0036110877990722656,0.06625561675942009,0.3233405659660932,0.03390383380555034,0.0018316904703776042,0.0952368668739448,0.31813996474979694,0.057111782091600116,0.0020177364349365234,0.13539184417959435,0.3931635208263831,0.08229257984802939,11.532508134841919,0.0428832033739328,0.21755456798273143,0.01572185710199006,3.5165576140085855,0.07688528115821901,0.2750873058967141,0.03537496924717814,3.466625134150187,0.08621518024304077,0.32331466446321666,0.03557878203026966,10.382658243179321,0.052153503056769114,0.22008102547826172,0.020690094934074144,1.8316620190938313,0.07190584108810062,0.2538003053479551,0.034829007007577795,1.6227599779764812,0.08961498189853574,0.2985355242947528,0.04310985130922935,3.233665943145752,0.048154553439918764,0.22068789897519683,0.022824623588756338,1.0611026287078857,0.07582343909808587,0.26608504334128985,0.042054857014092624,1.0605464776357014,0.08718727312873838,0.3154879875383158,0.04240280616659647
