N,Norm,Lambda,Gamma,K,LR_Entire_Time,LR_Entire_MAE,LR_Entire_RMSE,LR_Entire_MAD,LR_Cluster_Time_Avg,LR_Cluster_MAE_Avg,LR_Cluster_RMSE_Avg,LR_Cluster_MAD_Avg,LR_Euc_Time_Avg,LR_Euc_MAE_Avg,LR_Euc_RMSE_Avg,LR_Euc_MAD_Avg,RF_Entire_Time,RF_Entire_MAE,RF_Entire_RMSE,RF_Entire_MAD,RF_Cluster_Time_Avg,RF_Cluster_MAE_Avg,RF_Cluster_RMSE_Avg,RF_Cluster_MAD_Avg,RF_Euc_Time_Avg,RF_Euc_MAE_Avg,RF_Euc_RMSE_Avg,RF_Euc_MAD_Avg,NN_Entire_Time,NN_Entire_MAE,NN_Entire_RMSE,NN_Entire_MAD,NN_Cluster_Time_Avg,NN_Cluster_MAE_Avg,NN_Cluster_RMSE_Avg,NN_Cluster_MAD_Avg,NN_Euc_Time_Avg,NN_Euc_MAE_Avg,NN_Euc_RMSE_Avg,NN_Euc_MAD_Avg,GB_Entire_Time,GB_Entire_MAE,GB_Entire_RMSE,GB_Entire_MAD,GB_Cluster_Time_Avg,GB_Cluster_MAE_Avg,GB_Cluster_RMSE_Avg,GB_Cluster_MAD_Avg,GB_Euc_Time_Avg,GB_Euc_MAE_Avg,GB_Euc_RMSE_Avg,GB_Euc_MAD_Avg
50000,2,0.1,2.0,6,0.0034461021423339844,0.06625561675942009,0.3233405659660932,0.03390383380555034,0.000897685686747233,0.17463796819086966,0.4251838065379087,0.12470040329085268,0.0010326703389485676,0.20122471643992257,0.43971392570599005,0.13565499272950057,11.08650016784668,0.04262773833347728,0.21431581131826605,0.015889342931326544,1.5877059698104858,0.14938087648176018,0.4004193265714608,0.08336268432879756,1.5634117523829143,0.14234787120409303,0.4007510835741701,0.06585600753089893,7.296060800552368,0.05311268728893624,0.23008708223506816,0.019508307516615475,0.9206587870915731,0.1263041499237365,0.3758918517524463,0.06730470648853078,0.5166319211324056,0.12887833384616784,0.3738327976854434,0.0628839451337466,3.203641891479492,0.048250544152240095,0.2218374415718921,0.02282462358875631,0.5208783149719238,0.1440093327151127,0.38488493354438713,0.0907146728162223,0.5214132070541382,0.14186366212420057,0.3989819392649028,0.07452983120630251
