N,Norm,Lambda,Gamma,K,LR_Entire_Time,LR_Entire_MAE,LR_Entire_RMSE,LR_Entire_MAD,LR_Cluster_Time_Avg,LR_Cluster_MAE_Avg,LR_Cluster_RMSE_Avg,LR_Cluster_MAD_Avg,LR_Euc_Time_Avg,LR_Euc_MAE_Avg,LR_Euc_RMSE_Avg,LR_Euc_MAD_Avg,RF_Entire_Time,RF_Entire_MAE,RF_Entire_RMSE,RF_Entire_MAD,RF_Cluster_Time_Avg,RF_Cluster_MAE_Avg,RF_Cluster_RMSE_Avg,RF_Cluster_MAD_Avg,RF_Euc_Time_Avg,RF_Euc_MAE_Avg,RF_Euc_RMSE_Avg,RF_Euc_MAD_Avg,NN_Entire_Time,NN_Entire_MAE,NN_Entire_RMSE,NN_Entire_MAD,NN_Cluster_Time_Avg,NN_Cluster_MAE_Avg,NN_Cluster_RMSE_Avg,NN_Cluster_MAD_Avg,NN_Euc_Time_Avg,NN_Euc_MAE_Avg,NN_Euc_RMSE_Avg,NN_Euc_MAD_Avg,GB_Entire_Time,GB_Entire_MAE,GB_Entire_RMSE,GB_Entire_MAD,GB_Cluster_Time_Avg,GB_Cluster_MAE_Avg,GB_Cluster_RMSE_Avg,GB_Cluster_MAD_Avg,GB_Euc_Time_Avg,GB_Euc_MAE_Avg,GB_Euc_RMSE_Avg,GB_Euc_MAD_Avg
50000,1,0.5,1.0,5,0.0032830238342285156,0.06625561675942009,0.3233405659660932,0.03390383380555034,0.0008350372314453125,0.14171690664156503,0.35104013995179517,0.09893981873930807,0.0012587547302246095,0.1801006369020747,0.4476572912709266,0.11853718463557242,11.734540939331055,0.04253032889736173,0.21586822816510814,0.01590630693011752,1.9714701175689697,0.12019068517760709,0.32419513403415484,0.06553570088013008,1.9513352870941163,0.12008754437558249,0.3933288620978524,0.05327331182968974,7.874094009399414,0.0590901971159405,0.22995271225296401,0.027680687216622202,1.0824483394622804,0.10799707503861619,0.299533381206604,0.05942507963366406,0.590176773071289,0.11994777537421634,0.37638191222860523,0.057205806664695255,3.220407009124756,0.04805839467529,0.22018996492657028,0.022824623588756365,0.6292863368988038,0.1159024842794139,0.30904277853413353,0.07266441639514103,0.6342810153961181,0.12017953799069256,0.3880107055879801,0.06185835448752548
