N,Norm,Lambda,Gamma,K,LR_Entire_Time,LR_Entire_MAE,LR_Entire_RMSE,LR_Entire_MAD,LR_Cluster_Time_Avg,LR_Cluster_MAE_Avg,LR_Cluster_RMSE_Avg,LR_Cluster_MAD_Avg,LR_Euc_Time_Avg,LR_Euc_MAE_Avg,LR_Euc_RMSE_Avg,LR_Euc_MAD_Avg,RF_Entire_Time,RF_Entire_MAE,RF_Entire_RMSE,RF_Entire_MAD,RF_Cluster_Time_Avg,RF_Cluster_MAE_Avg,RF_Cluster_RMSE_Avg,RF_Cluster_MAD_Avg,RF_Euc_Time_Avg,RF_Euc_MAE_Avg,RF_Euc_RMSE_Avg,RF_Euc_MAD_Avg,NN_Entire_Time,NN_Entire_MAE,NN_Entire_RMSE,NN_Entire_MAD,NN_Cluster_Time_Avg,NN_Cluster_MAE_Avg,NN_Cluster_RMSE_Avg,NN_Cluster_MAD_Avg,NN_Euc_Time_Avg,NN_Euc_MAE_Avg,NN_Euc_RMSE_Avg,NN_Euc_MAD_Avg,GP_Entire_Time,GP_Entire_MAE,GP_Entire_RMSE,GP_Entire_MAD,GP_Cluster_Time_Avg,GP_Cluster_MAE_Avg,GP_Cluster_RMSE_Avg,GP_Cluster_MAD_Avg,GP_Euc_Time_Avg,GP_Euc_MAE_Avg,GP_Euc_RMSE_Avg,GP_Euc_MAD_Avg,GB_Entire_Time,GB_Entire_MAE,GB_Entire_RMSE,GB_Entire_MAD,GB_Cluster_Time_Avg,GB_Cluster_MAE_Avg,GB_Cluster_RMSE_Avg,GB_Cluster_MAD_Avg,GB_Euc_Time_Avg,GB_Euc_MAE_Avg,GB_Euc_RMSE_Avg,GB_Euc_MAD_Avg
500,1,0.5,0.5,4,0.00030684471130371094,0.04554139396076337,0.06322217389655631,0.03166617154606036,0.00031697750091552734,0.14766683900483232,0.40729910785468043,0.07245678959517823,0.00025969743728637695,0.1579505206000498,0.20729605280178617,0.11993514337159093,0.08628106117248535,0.03524351135775888,0.05551799573301567,0.02457915527115917,0.047378599643707275,0.11990355678672968,0.23136810957879578,0.07731379617473147,0.04626196622848511,0.07901152650937304,0.1052395318978918,0.053235483703810024,0.047357797622680664,0.08603882428120958,0.12311947872977053,0.053498695613887814,0.02592003345489502,0.20394206608025767,0.47019439054012196,0.11048575324986425,0.02103102207183838,0.2104743254295227,0.30634198921731565,0.13384857751590037,0.08632588386535645,0.07147561,0.10188179,0.046482205,0.04755812883377075,0.14361505,0.29546657,0.070677884,0.036887407302856445,0.14690587,0.24036019,0.07968679,0.035778045654296875,0.033089810190574005,0.054347814908015595,0.02023956520998843,0.016117870807647705,0.09409499986165597,0.1292630132646276,0.06843634888815557,0.015726149082183838,0.08199489895998328,0.11066871126297306,0.05236729934345337
