N,Norm,Lambda,Gamma,K,LR_Entire_Time,LR_Entire_MAE,LR_Entire_RMSE,LR_Entire_MAD,LR_Cluster_Time_Avg,LR_Cluster_MAE_Avg,LR_Cluster_RMSE_Avg,LR_Cluster_MAD_Avg,LR_Euc_Time_Avg,LR_Euc_MAE_Avg,LR_Euc_RMSE_Avg,LR_Euc_MAD_Avg,RF_Entire_Time,RF_Entire_MAE,RF_Entire_RMSE,RF_Entire_MAD,RF_Cluster_Time_Avg,RF_Cluster_MAE_Avg,RF_Cluster_RMSE_Avg,RF_Cluster_MAD_Avg,RF_Euc_Time_Avg,RF_Euc_MAE_Avg,RF_Euc_RMSE_Avg,RF_Euc_MAD_Avg,NN_Entire_Time,NN_Entire_MAE,NN_Entire_RMSE,NN_Entire_MAD,NN_Cluster_Time_Avg,NN_Cluster_MAE_Avg,NN_Cluster_RMSE_Avg,NN_Cluster_MAD_Avg,NN_Euc_Time_Avg,NN_Euc_MAE_Avg,NN_Euc_RMSE_Avg,NN_Euc_MAD_Avg,GP_Entire_Time,GP_Entire_MAE,GP_Entire_RMSE,GP_Entire_MAD,GP_Cluster_Time_Avg,GP_Cluster_MAE_Avg,GP_Cluster_RMSE_Avg,GP_Cluster_MAD_Avg,GP_Euc_Time_Avg,GP_Euc_MAE_Avg,GP_Euc_RMSE_Avg,GP_Euc_MAD_Avg,GB_Entire_Time,GB_Entire_MAE,GB_Entire_RMSE,GB_Entire_MAD,GB_Cluster_Time_Avg,GB_Cluster_MAE_Avg,GB_Cluster_RMSE_Avg,GB_Cluster_MAD_Avg,GB_Euc_Time_Avg,GB_Euc_MAE_Avg,GB_Euc_RMSE_Avg,GB_Euc_MAD_Avg
5000,2,0.5,0.5,4,0.0007557868957519531,0.06606716257040125,0.2627241057286416,0.044473382092633296,0.00034224987030029297,0.1315942780558317,0.37017842407047036,0.07823408172238662,0.00029581785202026367,0.18254281304083378,0.5535900442820251,0.10327444653981978,0.7956399917602539,0.04213259821544674,0.19713745141109473,0.019670291685191188,0.19778871536254883,0.13518906179155907,0.41047227483508913,0.06494861246580944,0.1913282871246338,0.1385206540287709,0.5136464926197332,0.049399144739969945,0.9855818748474121,0.07474016218014232,0.24958317314051787,0.034544251876098275,0.18845772743225098,0.13247576482838314,0.3604980731463215,0.0663737993825422,0.10438728332519531,0.15917331195804685,0.5276556650778047,0.0655777720901865,2.6989638805389404,0.07374895,0.24519172,0.027486712,0.26469671726226807,0.124557845,0.34027094,0.059967384,0.24473923444747925,0.15120935,0.56684184,0.047119487,0.30762505531311035,0.04354157761668992,0.18476651749729217,0.024468698072139694,0.07982027530670166,0.12614261503785465,0.4091015836344636,0.0628877405955843,0.08096182346343994,0.13059474824785877,0.5141410972619671,0.048199784767348264
