N,Norm,Lambda,Gamma,K,LR_Entire_Time,LR_Entire_MAE,LR_Entire_RMSE,LR_Entire_MAD,LR_Cluster_Time_Avg,LR_Cluster_MAE_Avg,LR_Cluster_RMSE_Avg,LR_Cluster_MAD_Avg,LR_Euc_Time_Avg,LR_Euc_MAE_Avg,LR_Euc_RMSE_Avg,LR_Euc_MAD_Avg,RF_Entire_Time,RF_Entire_MAE,RF_Entire_RMSE,RF_Entire_MAD,RF_Cluster_Time_Avg,RF_Cluster_MAE_Avg,RF_Cluster_RMSE_Avg,RF_Cluster_MAD_Avg,RF_Euc_Time_Avg,RF_Euc_MAE_Avg,RF_Euc_RMSE_Avg,RF_Euc_MAD_Avg,NN_Entire_Time,NN_Entire_MAE,NN_Entire_RMSE,NN_Entire_MAD,NN_Cluster_Time_Avg,NN_Cluster_MAE_Avg,NN_Cluster_RMSE_Avg,NN_Cluster_MAD_Avg,NN_Euc_Time_Avg,NN_Euc_MAE_Avg,NN_Euc_RMSE_Avg,NN_Euc_MAD_Avg,GP_Entire_Time,GP_Entire_MAE,GP_Entire_RMSE,GP_Entire_MAD,GP_Cluster_Time_Avg,GP_Cluster_MAE_Avg,GP_Cluster_RMSE_Avg,GP_Cluster_MAD_Avg,GP_Euc_Time_Avg,GP_Euc_MAE_Avg,GP_Euc_RMSE_Avg,GP_Euc_MAD_Avg,GB_Entire_Time,GB_Entire_MAE,GB_Entire_RMSE,GB_Entire_MAD,GB_Cluster_Time_Avg,GB_Cluster_MAE_Avg,GB_Cluster_RMSE_Avg,GB_Cluster_MAD_Avg,GB_Euc_Time_Avg,GB_Euc_MAE_Avg,GB_Euc_RMSE_Avg,GB_Euc_MAD_Avg
1000,1,0.9,2.0,3,0.0005278587341308594,0.03174555839505721,0.043465480669550194,0.023354845822268516,0.00046833356221516925,0.07452498042771533,0.10859604046442277,0.05252846897306126,0.0003845691680908203,0.1329384955209603,0.48559749515247447,0.06925113678467147,0.14764904975891113,0.026825749168550846,0.03570923000967128,0.021794333979944736,0.07002878189086914,0.06943657257984226,0.10413168327335358,0.048214884418279515,0.06849988301595052,0.0913206465104739,0.2079306384950886,0.053841894969580945,0.09001803398132324,0.051432589773664626,0.06987850521569408,0.04137195304167873,0.07855868339538574,0.09604568518352552,0.14245882632949688,0.07112918620140189,0.05963961283365885,0.15007379931486545,0.5085161860671559,0.06542817951693662,0.1907978057861328,0.047523502,0.08538143,0.030398354,0.06875443458557129,0.09565455,0.1672859,0.052626017,0.062434752782185875,0.1241591,0.38527405,0.052032042,0.06468772888183594,0.02306039935914206,0.029975548857832466,0.019896181155514503,0.02719600995381673,0.06942246774863157,0.10057826114913566,0.05141591204663174,0.026782512664794922,0.07310107953965789,0.10834380481870655,0.05131419617904991
