N,Norm,Lambda,Gamma,K,LR_Entire_Time,LR_Entire_MAE,LR_Entire_RMSE,LR_Entire_MAD,LR_Cluster_Time_Avg,LR_Cluster_MAE_Avg,LR_Cluster_RMSE_Avg,LR_Cluster_MAD_Avg,LR_Euc_Time_Avg,LR_Euc_MAE_Avg,LR_Euc_RMSE_Avg,LR_Euc_MAD_Avg,RF_Entire_Time,RF_Entire_MAE,RF_Entire_RMSE,RF_Entire_MAD,RF_Cluster_Time_Avg,RF_Cluster_MAE_Avg,RF_Cluster_RMSE_Avg,RF_Cluster_MAD_Avg,RF_Euc_Time_Avg,RF_Euc_MAE_Avg,RF_Euc_RMSE_Avg,RF_Euc_MAD_Avg,NN_Entire_Time,NN_Entire_MAE,NN_Entire_RMSE,NN_Entire_MAD,NN_Cluster_Time_Avg,NN_Cluster_MAE_Avg,NN_Cluster_RMSE_Avg,NN_Cluster_MAD_Avg,NN_Euc_Time_Avg,NN_Euc_MAE_Avg,NN_Euc_RMSE_Avg,NN_Euc_MAD_Avg,GB_Entire_Time,GB_Entire_MAE,GB_Entire_RMSE,GB_Entire_MAD,GB_Cluster_Time_Avg,GB_Cluster_MAE_Avg,GB_Cluster_RMSE_Avg,GB_Cluster_MAD_Avg,GB_Euc_Time_Avg,GB_Euc_MAE_Avg,GB_Euc_RMSE_Avg,GB_Euc_MAD_Avg
50000,1,0.1,2.0,3,0.003263235092163086,0.06625561675942009,0.3233405659660932,0.03390383380555034,0.0012894471486409504,0.09483840000843202,0.30101783662847664,0.05952675784536687,0.0018730958302815754,0.13539184417959435,0.3931635208263831,0.08229257984802939,11.219588041305542,0.04251283627613384,0.21784504461884158,0.015741513799002432,3.429067293802897,0.07639991266501105,0.2680577209006965,0.035710171165311194,3.371210972468058,0.08629438097547755,0.32360983788900166,0.03556031930701766,8.54685115814209,0.05358068717516918,0.22795798356880914,0.02214654056593425,1.8602466583251953,0.07379975056549347,0.2570102711206595,0.03342108528759002,1.5881269772847493,0.09042495251043853,0.3069283525940376,0.03940623785836158,3.2344141006469727,0.04816933001262752,0.22090989054224247,0.02282462358875617,1.066480239232381,0.07574636595641326,0.2617177636041771,0.04275047019453282,1.0513077576955159,0.08717726257767659,0.31575256477401564,0.04240280616659639
