N,Norm,Lambda,Gamma,K,LR_Entire_Time,LR_Entire_MAE,LR_Entire_RMSE,LR_Entire_MAD,LR_Cluster_Time_Avg,LR_Cluster_MAE_Avg,LR_Cluster_RMSE_Avg,LR_Cluster_MAD_Avg,LR_Euc_Time_Avg,LR_Euc_MAE_Avg,LR_Euc_RMSE_Avg,LR_Euc_MAD_Avg,RF_Entire_Time,RF_Entire_MAE,RF_Entire_RMSE,RF_Entire_MAD,RF_Cluster_Time_Avg,RF_Cluster_MAE_Avg,RF_Cluster_RMSE_Avg,RF_Cluster_MAD_Avg,RF_Euc_Time_Avg,RF_Euc_MAE_Avg,RF_Euc_RMSE_Avg,RF_Euc_MAD_Avg,NN_Entire_Time,NN_Entire_MAE,NN_Entire_RMSE,NN_Entire_MAD,NN_Cluster_Time_Avg,NN_Cluster_MAE_Avg,NN_Cluster_RMSE_Avg,NN_Cluster_MAD_Avg,NN_Euc_Time_Avg,NN_Euc_MAE_Avg,NN_Euc_RMSE_Avg,NN_Euc_MAD_Avg,GB_Entire_Time,GB_Entire_MAE,GB_Entire_RMSE,GB_Entire_MAD,GB_Cluster_Time_Avg,GB_Cluster_MAE_Avg,GB_Cluster_RMSE_Avg,GB_Cluster_MAD_Avg,GB_Euc_Time_Avg,GB_Euc_MAE_Avg,GB_Euc_RMSE_Avg,GB_Euc_MAD_Avg
100000,2,0.1,1.0,7,0.006181955337524414,0.0643103041422581,0.30043950634238437,0.03601264487927863,0.0019087110246930803,0.1891866957797748,0.4378433135193491,0.13848673414101584,0.0012722696576799666,0.21916092885132782,0.5380078145111772,0.14733366206872503,25.586505889892578,0.039592346329670826,0.1896896634786549,0.015113449745295882,3.069385460444859,0.15442894203151059,0.4200844643396998,0.08496413793973577,3.026006051472255,0.16558863738299884,0.53404444555394,0.07357295278873255,10.73196005821228,0.0578534329431219,0.2066283408363505,0.02907600341238921,1.400867019380842,0.13211952976245903,0.38097885578025853,0.07577519661528054,0.9338712011064801,0.14264402183827724,0.47994471803153943,0.07001176587390066,6.570635080337524,0.043892038760253424,0.19077014591121846,0.021574883164358155,0.9110912254878453,0.1505455072637321,0.397338728145685,0.0962691954456975,0.908125468662807,0.16267090455467723,0.5340601998613714,0.0849029887101037
