N,Norm,Lambda,Gamma,K,LR_Entire_Time,LR_Entire_MAE,LR_Entire_RMSE,LR_Entire_MAD,LR_Cluster_Time_Avg,LR_Cluster_MAE_Avg,LR_Cluster_RMSE_Avg,LR_Cluster_MAD_Avg,LR_Euc_Time_Avg,LR_Euc_MAE_Avg,LR_Euc_RMSE_Avg,LR_Euc_MAD_Avg,RF_Entire_Time,RF_Entire_MAE,RF_Entire_RMSE,RF_Entire_MAD,RF_Cluster_Time_Avg,RF_Cluster_MAE_Avg,RF_Cluster_RMSE_Avg,RF_Cluster_MAD_Avg,RF_Euc_Time_Avg,RF_Euc_MAE_Avg,RF_Euc_RMSE_Avg,RF_Euc_MAD_Avg,NN_Entire_Time,NN_Entire_MAE,NN_Entire_RMSE,NN_Entire_MAD,NN_Cluster_Time_Avg,NN_Cluster_MAE_Avg,NN_Cluster_RMSE_Avg,NN_Cluster_MAD_Avg,NN_Euc_Time_Avg,NN_Euc_MAE_Avg,NN_Euc_RMSE_Avg,NN_Euc_MAD_Avg,GP_Entire_Time,GP_Entire_MAE,GP_Entire_RMSE,GP_Entire_MAD,GP_Cluster_Time_Avg,GP_Cluster_MAE_Avg,GP_Cluster_RMSE_Avg,GP_Cluster_MAD_Avg,GP_Euc_Time_Avg,GP_Euc_MAE_Avg,GP_Euc_RMSE_Avg,GP_Euc_MAD_Avg,GB_Entire_Time,GB_Entire_MAE,GB_Entire_RMSE,GB_Entire_MAD,GB_Cluster_Time_Avg,GB_Cluster_MAE_Avg,GB_Cluster_RMSE_Avg,GB_Cluster_MAD_Avg,GB_Euc_Time_Avg,GB_Euc_MAE_Avg,GB_Euc_RMSE_Avg,GB_Euc_MAD_Avg
10000,1,0.1,0.5,6,0.0010068416595458984,0.06792803101151079,0.3219772320780228,0.0359716131146422,0.000717004140218099,0.1506750907335291,0.3265600166461726,0.10680814009949792,0.000545342763264974,0.18291379200091848,0.33942034202576615,0.13675693104402126,2.4926979541778564,0.04662317151176088,0.2337320156403252,0.01810944058881514,0.37732207775115967,0.1511500353404934,0.3813501484425121,0.07947795538896503,0.393631378809611,0.13143325711862305,0.305947922788346,0.0752968710859295,1.9767422676086426,0.0745298738489575,0.29329230559546027,0.025245482131966174,0.44063762823740643,0.13425613493021918,0.30280905601958213,0.07913694490611892,0.32409095764160156,0.1404246070537357,0.311570357635406,0.07228121000345476,12.908010959625244,0.06900905,0.25999758,0.02043254,0.6991229852040609,0.12391806,0.29599756,0.067327954,0.8994876146316528,0.12929444,0.30316576,0.069428906,0.9091839790344238,0.048708590152695866,0.23712899858619335,0.023290466776537094,0.15451117356618246,0.1451516896532608,0.37792307243989215,0.07723244428792274,0.153798778851827,0.12956292506725428,0.31528270378468864,0.07245425775037548
