N,Norm,Lambda,Gamma,K,LR_Entire_Time,LR_Entire_MAE,LR_Entire_RMSE,LR_Entire_MAD,LR_Cluster_Time_Avg,LR_Cluster_MAE_Avg,LR_Cluster_RMSE_Avg,LR_Cluster_MAD_Avg,LR_Euc_Time_Avg,LR_Euc_MAE_Avg,LR_Euc_RMSE_Avg,LR_Euc_MAD_Avg,RF_Entire_Time,RF_Entire_MAE,RF_Entire_RMSE,RF_Entire_MAD,RF_Cluster_Time_Avg,RF_Cluster_MAE_Avg,RF_Cluster_RMSE_Avg,RF_Cluster_MAD_Avg,RF_Euc_Time_Avg,RF_Euc_MAE_Avg,RF_Euc_RMSE_Avg,RF_Euc_MAD_Avg,NN_Entire_Time,NN_Entire_MAE,NN_Entire_RMSE,NN_Entire_MAD,NN_Cluster_Time_Avg,NN_Cluster_MAE_Avg,NN_Cluster_RMSE_Avg,NN_Cluster_MAD_Avg,NN_Euc_Time_Avg,NN_Euc_MAE_Avg,NN_Euc_RMSE_Avg,NN_Euc_MAD_Avg,GP_Entire_Time,GP_Entire_MAE,GP_Entire_RMSE,GP_Entire_MAD,GP_Cluster_Time_Avg,GP_Cluster_MAE_Avg,GP_Cluster_RMSE_Avg,GP_Cluster_MAD_Avg,GP_Euc_Time_Avg,GP_Euc_MAE_Avg,GP_Euc_RMSE_Avg,GP_Euc_MAD_Avg,GB_Entire_Time,GB_Entire_MAE,GB_Entire_RMSE,GB_Entire_MAD,GB_Cluster_Time_Avg,GB_Cluster_MAE_Avg,GB_Cluster_RMSE_Avg,GB_Cluster_MAD_Avg,GB_Euc_Time_Avg,GB_Euc_MAE_Avg,GB_Euc_RMSE_Avg,GB_Euc_MAD_Avg
100,2,0.9,1.0,4,0.0003337860107421875,0.19598571368711998,0.2658167496676893,0.12690348231686688,0.0003587007522583008,0.20608208184274573,0.28054223856080396,0.15403454944364975,0.0002835392951965332,0.2636792202538578,0.27544820109858575,0.2646526185300492,0.044737815856933594,0.03554519081227121,0.044260096723681135,0.029176184756542822,0.03915292024612427,0.29630709805912914,0.38066438968051797,0.23427176091553292,0.04002022743225098,0.3824310441794363,0.5522651638726568,0.1631629851627859,0.024158954620361328,0.2270348362102367,0.34096817110699174,0.11717581274084068,0.010929346084594727,0.3043374735658694,0.34953293526270535,0.25314180907564937,0.00918811559677124,0.3277456418169572,0.3749049171505424,0.31130520660216227,0.035429954528808594,0.14043128,0.21644284,0.062149398,0.031349897384643555,0.48863697,0.55369157,0.4811833,0.029250502586364746,0.54975957,0.67998046,0.4185274,0.014880895614624023,0.03819820414811139,0.054695288642974196,0.023898651900638015,0.011092424392700195,0.2054980219746924,0.2568888952262748,0.18491676451766564,0.010995686054229736,0.4194938060326048,0.6709077312524362,0.09684462807244376
