N,Norm,Lambda,Gamma,K,LR_Entire_Time,LR_Entire_MAE,LR_Entire_RMSE,LR_Entire_MAD,LR_Cluster_Time_Avg,LR_Cluster_MAE_Avg,LR_Cluster_RMSE_Avg,LR_Cluster_MAD_Avg,LR_Euc_Time_Avg,LR_Euc_MAE_Avg,LR_Euc_RMSE_Avg,LR_Euc_MAD_Avg,RF_Entire_Time,RF_Entire_MAE,RF_Entire_RMSE,RF_Entire_MAD,RF_Cluster_Time_Avg,RF_Cluster_MAE_Avg,RF_Cluster_RMSE_Avg,RF_Cluster_MAD_Avg,RF_Euc_Time_Avg,RF_Euc_MAE_Avg,RF_Euc_RMSE_Avg,RF_Euc_MAD_Avg,NN_Entire_Time,NN_Entire_MAE,NN_Entire_RMSE,NN_Entire_MAD,NN_Cluster_Time_Avg,NN_Cluster_MAE_Avg,NN_Cluster_RMSE_Avg,NN_Cluster_MAD_Avg,NN_Euc_Time_Avg,NN_Euc_MAE_Avg,NN_Euc_RMSE_Avg,NN_Euc_MAD_Avg,GP_Entire_Time,GP_Entire_MAE,GP_Entire_RMSE,GP_Entire_MAD,GP_Cluster_Time_Avg,GP_Cluster_MAE_Avg,GP_Cluster_RMSE_Avg,GP_Cluster_MAD_Avg,GP_Euc_Time_Avg,GP_Euc_MAE_Avg,GP_Euc_RMSE_Avg,GP_Euc_MAD_Avg,GB_Entire_Time,GB_Entire_MAE,GB_Entire_RMSE,GB_Entire_MAD,GB_Cluster_Time_Avg,GB_Cluster_MAE_Avg,GB_Cluster_RMSE_Avg,GB_Cluster_MAD_Avg,GB_Euc_Time_Avg,GB_Euc_MAE_Avg,GB_Euc_RMSE_Avg,GB_Euc_MAD_Avg
10000,1,0.9,2.0,3,0.0010311603546142578,0.06792803101151079,0.3219772320780228,0.0359716131146422,0.0007259051005045573,0.09673842157375756,0.2759004119682224,0.0602257405304506,0.0006376107533772787,0.1339008915097624,0.3611311607589738,0.0870481855744885,2.4855458736419678,0.0466423111931246,0.2361252994836266,0.018161102967817422,0.7598458925882975,0.08636986506935279,0.24635680943719093,0.0435515519409515,0.7487883567810059,0.09130622318639532,0.3401280325435783,0.03934339895708511,2.5659019947052,0.07577383871313056,0.2806595064887734,0.03159187993348711,0.505119244257609,0.09361340043449662,0.2443711047247563,0.04582316462216315,0.48555628458658856,0.11317356484276714,0.33860810275805203,0.04965420882088178,12.281600713729858,0.07042778,0.25917315,0.023167059,2.0164294242858887,0.07697294,0.20951562,0.037853234,1.7153952916463215,0.090230905,0.3321607,0.03454673,0.8795320987701416,0.04883438087850023,0.23711895175659137,0.02329046677653715,0.30286312103271484,0.07996639930636322,0.23786995777695288,0.04373377934135192,0.29672805468241376,0.08571862875939536,0.32714601355097134,0.042119105767131716
