N,Norm,Lambda,Gamma,K,LR_Entire_Time,LR_Entire_MAE,LR_Entire_RMSE,LR_Entire_MAD,LR_Cluster_Time_Avg,LR_Cluster_MAE_Avg,LR_Cluster_RMSE_Avg,LR_Cluster_MAD_Avg,LR_Euc_Time_Avg,LR_Euc_MAE_Avg,LR_Euc_RMSE_Avg,LR_Euc_MAD_Avg,RF_Entire_Time,RF_Entire_MAE,RF_Entire_RMSE,RF_Entire_MAD,RF_Cluster_Time_Avg,RF_Cluster_MAE_Avg,RF_Cluster_RMSE_Avg,RF_Cluster_MAD_Avg,RF_Euc_Time_Avg,RF_Euc_MAE_Avg,RF_Euc_RMSE_Avg,RF_Euc_MAD_Avg,NN_Entire_Time,NN_Entire_MAE,NN_Entire_RMSE,NN_Entire_MAD,NN_Cluster_Time_Avg,NN_Cluster_MAE_Avg,NN_Cluster_RMSE_Avg,NN_Cluster_MAD_Avg,NN_Euc_Time_Avg,NN_Euc_MAE_Avg,NN_Euc_RMSE_Avg,NN_Euc_MAD_Avg,GP_Entire_Time,GP_Entire_MAE,GP_Entire_RMSE,GP_Entire_MAD,GP_Cluster_Time_Avg,GP_Cluster_MAE_Avg,GP_Cluster_RMSE_Avg,GP_Cluster_MAD_Avg,GP_Euc_Time_Avg,GP_Euc_MAE_Avg,GP_Euc_RMSE_Avg,GP_Euc_MAD_Avg,GB_Entire_Time,GB_Entire_MAE,GB_Entire_RMSE,GB_Entire_MAD,GB_Cluster_Time_Avg,GB_Cluster_MAE_Avg,GB_Cluster_RMSE_Avg,GB_Cluster_MAD_Avg,GB_Euc_Time_Avg,GB_Euc_MAE_Avg,GB_Euc_RMSE_Avg,GB_Euc_MAD_Avg
1000,2,0.5,1.0,6,0.0005948543548583984,0.03174555839505721,0.043465480669550194,0.023354845822268516,0.0004235108693440755,0.14356254574605654,0.27089227297577106,0.10643137743054822,0.0003418922424316406,0.14349864537881704,0.17935176655810428,0.12963595028592503,0.14049100875854492,0.026732039920215077,0.03591553625104362,0.020938262543272745,0.05112608273824056,0.14654595706187037,0.22450566414429227,0.11161634140588594,0.05056234200795492,0.11320607592360259,0.16194960923243873,0.07761270832619553,0.06228208541870117,0.05549906696241838,0.0806088616588303,0.03912159230786538,0.037596821784973145,0.15929040761788582,0.3085836122306862,0.10026637175476144,0.03829967975616455,0.14550028801069367,0.1973267276552746,0.11379626445540691,0.2562682628631592,0.047523502,0.08538143,0.030398354,0.04644656181335449,0.16579486,0.29034373,0.1116874,0.04100215435028076,0.11792902,0.17825367,0.08120518,0.06363892555236816,0.022986301348860726,0.029835092987783994,0.01989618115551453,0.017933209737141926,0.13700787239459644,0.18957632226673762,0.09926602228540371,0.017826398213704426,0.1098544580790572,0.14960625093878854,0.08438963360881828
