N,Norm,Lambda,Gamma,K,LR_Entire_Time,LR_Entire_MAE,LR_Entire_RMSE,LR_Entire_MAD,LR_Cluster_Time_Avg,LR_Cluster_MAE_Avg,LR_Cluster_RMSE_Avg,LR_Cluster_MAD_Avg,LR_Euc_Time_Avg,LR_Euc_MAE_Avg,LR_Euc_RMSE_Avg,LR_Euc_MAD_Avg,RF_Entire_Time,RF_Entire_MAE,RF_Entire_RMSE,RF_Entire_MAD,RF_Cluster_Time_Avg,RF_Cluster_MAE_Avg,RF_Cluster_RMSE_Avg,RF_Cluster_MAD_Avg,RF_Euc_Time_Avg,RF_Euc_MAE_Avg,RF_Euc_RMSE_Avg,RF_Euc_MAD_Avg,NN_Entire_Time,NN_Entire_MAE,NN_Entire_RMSE,NN_Entire_MAD,NN_Cluster_Time_Avg,NN_Cluster_MAE_Avg,NN_Cluster_RMSE_Avg,NN_Cluster_MAD_Avg,NN_Euc_Time_Avg,NN_Euc_MAE_Avg,NN_Euc_RMSE_Avg,NN_Euc_MAD_Avg,GB_Entire_Time,GB_Entire_MAE,GB_Entire_RMSE,GB_Entire_MAD,GB_Cluster_Time_Avg,GB_Cluster_MAE_Avg,GB_Cluster_RMSE_Avg,GB_Cluster_MAD_Avg,GB_Euc_Time_Avg,GB_Euc_MAE_Avg,GB_Euc_RMSE_Avg,GB_Euc_MAD_Avg
50000,2,0.1,0.5,4,0.003370046615600586,0.06625561675942009,0.3233405659660932,0.03390383380555034,0.0012472867965698242,0.11423539624851982,0.2891246873912606,0.08035641365828838,0.0012985467910766602,0.15681437021266262,0.40509421674927343,0.09586607981260689,11.072803974151611,0.04213255013167466,0.21278066541895235,0.015785135510179335,2.505026936531067,0.09442563599926888,0.2599854961037688,0.04901577238413272,2.4365352988243103,0.09920199123341279,0.34130286258994796,0.04044049852417144,8.683199882507324,0.05099625714410053,0.22582918193013024,0.01806740878718316,1.3215879201889038,0.08481341362847289,0.23452053308697546,0.04426699269393642,1.014401912689209,0.10091806223446323,0.3176505632692661,0.04565113637618799,3.2099227905273438,0.048175090151196864,0.22088329479197538,0.0228246235887562,0.7885364890098572,0.09189264389773348,0.24375124562505868,0.05664706899597911,0.7814167141914368,0.09891528058106352,0.33322815100018566,0.04656650408528101
