N,Norm,Lambda,Gamma,K,LR_Entire_Time,LR_Entire_MAE,LR_Entire_RMSE,LR_Entire_MAD,LR_Cluster_Time_Avg,LR_Cluster_MAE_Avg,LR_Cluster_RMSE_Avg,LR_Cluster_MAD_Avg,LR_Euc_Time_Avg,LR_Euc_MAE_Avg,LR_Euc_RMSE_Avg,LR_Euc_MAD_Avg,RF_Entire_Time,RF_Entire_MAE,RF_Entire_RMSE,RF_Entire_MAD,RF_Cluster_Time_Avg,RF_Cluster_MAE_Avg,RF_Cluster_RMSE_Avg,RF_Cluster_MAD_Avg,RF_Euc_Time_Avg,RF_Euc_MAE_Avg,RF_Euc_RMSE_Avg,RF_Euc_MAD_Avg,NN_Entire_Time,NN_Entire_MAE,NN_Entire_RMSE,NN_Entire_MAD,NN_Cluster_Time_Avg,NN_Cluster_MAE_Avg,NN_Cluster_RMSE_Avg,NN_Cluster_MAD_Avg,NN_Euc_Time_Avg,NN_Euc_MAE_Avg,NN_Euc_RMSE_Avg,NN_Euc_MAD_Avg,GP_Entire_Time,GP_Entire_MAE,GP_Entire_RMSE,GP_Entire_MAD,GP_Cluster_Time_Avg,GP_Cluster_MAE_Avg,GP_Cluster_RMSE_Avg,GP_Cluster_MAD_Avg,GP_Euc_Time_Avg,GP_Euc_MAE_Avg,GP_Euc_RMSE_Avg,GP_Euc_MAD_Avg,GB_Entire_Time,GB_Entire_MAE,GB_Entire_RMSE,GB_Entire_MAD,GB_Cluster_Time_Avg,GB_Cluster_MAE_Avg,GB_Cluster_RMSE_Avg,GB_Cluster_MAD_Avg,GB_Euc_Time_Avg,GB_Euc_MAE_Avg,GB_Euc_RMSE_Avg,GB_Euc_MAD_Avg
500,1,0.1,1.0,7,0.0004680156707763672,0.04554139396076337,0.06322217389655631,0.03166617154606036,0.00034308433532714844,0.19985492679145225,0.26405681216369936,0.14250515496012572,0.0003231593540736607,0.20348369378037243,0.2748482688447117,0.15414652866212655,0.08363008499145508,0.03485701645835509,0.054623131525577656,0.0220552476644158,0.042452301297869,0.19114761286991322,0.25589528168652126,0.14632146996759327,0.04167083331516811,0.20564492356889327,0.2822213958498182,0.15279165840458586,0.04842185974121094,0.07095309856422978,0.09728939853612147,0.053929166485169544,0.016762801579066684,0.17821213562360846,0.2421089261234494,0.12640992275393423,0.015651634761265347,0.25086045819350683,0.37874912502183455,0.18454947402880126,0.0898599624633789,0.07147561,0.10188179,0.046482205,0.03700283595493862,0.22036116,0.30528522,0.15828992,0.033635854721069336,0.2248474,0.3449585,0.15436625,0.036046743392944336,0.03289500175291692,0.05428933923675356,0.020239565209988458,0.013165065220424108,0.19155937161917724,0.26951006826994844,0.12571406309313685,0.013216733932495117,0.18720447171267557,0.27991563635796834,0.12600156952360436
