N,Norm,Lambda,Gamma,K,LR_Entire_Time,LR_Entire_MAE,LR_Entire_RMSE,LR_Entire_MAD,LR_Cluster_Time_Avg,LR_Cluster_MAE_Avg,LR_Cluster_RMSE_Avg,LR_Cluster_MAD_Avg,LR_Euc_Time_Avg,LR_Euc_MAE_Avg,LR_Euc_RMSE_Avg,LR_Euc_MAD_Avg,RF_Entire_Time,RF_Entire_MAE,RF_Entire_RMSE,RF_Entire_MAD,RF_Cluster_Time_Avg,RF_Cluster_MAE_Avg,RF_Cluster_RMSE_Avg,RF_Cluster_MAD_Avg,RF_Euc_Time_Avg,RF_Euc_MAE_Avg,RF_Euc_RMSE_Avg,RF_Euc_MAD_Avg,NN_Entire_Time,NN_Entire_MAE,NN_Entire_RMSE,NN_Entire_MAD,NN_Cluster_Time_Avg,NN_Cluster_MAE_Avg,NN_Cluster_RMSE_Avg,NN_Cluster_MAD_Avg,NN_Euc_Time_Avg,NN_Euc_MAE_Avg,NN_Euc_RMSE_Avg,NN_Euc_MAD_Avg,GP_Entire_Time,GP_Entire_MAE,GP_Entire_RMSE,GP_Entire_MAD,GP_Cluster_Time_Avg,GP_Cluster_MAE_Avg,GP_Cluster_RMSE_Avg,GP_Cluster_MAD_Avg,GP_Euc_Time_Avg,GP_Euc_MAE_Avg,GP_Euc_RMSE_Avg,GP_Euc_MAD_Avg,GB_Entire_Time,GB_Entire_MAE,GB_Entire_RMSE,GB_Entire_MAD,GB_Cluster_Time_Avg,GB_Cluster_MAE_Avg,GB_Cluster_RMSE_Avg,GB_Cluster_MAD_Avg,GB_Euc_Time_Avg,GB_Euc_MAE_Avg,GB_Euc_RMSE_Avg,GB_Euc_MAD_Avg
10000,1,0.5,2.0,6,0.0010743141174316406,0.06792803101151079,0.3219772320780228,0.0359716131146422,0.0004749695460001628,0.15017404099753157,0.3257420059747021,0.10631898890367342,0.0004794597625732422,0.18291379200091848,0.33942034202576615,0.13675693104402126,2.4210519790649414,0.04679310602374676,0.23344187347350226,0.01774780393579889,0.38987767696380615,0.14574359265903356,0.356250525869918,0.07759809110331715,0.3740013043085734,0.13188809805474971,0.3031349561718731,0.07331393469894044,3.227243661880493,0.07863163263860146,0.2818364490106524,0.030024701296934714,0.29889965057373047,0.1344499750927102,0.30905314036798776,0.07651388963005877,0.22871204217274985,0.14507685541379328,0.3150129598557632,0.07575760128431532,12.86374306678772,0.070562504,0.2591545,0.023274243,0.5771522919336954,0.124600865,0.29643336,0.067687936,0.6608617703119913,0.12897964,0.30311075,0.06927887,0.8933908939361572,0.04871049619380053,0.23714915324875194,0.02329046677653701,0.15281426906585693,0.1396108909866118,0.3600929504069473,0.07763309970912079,0.15295461813608804,0.1294454957206886,0.31474777522545194,0.07234542825408394
