N,Norm,Lambda,Gamma,K,LR_Entire_Time,LR_Entire_MAE,LR_Entire_RMSE,LR_Entire_MAD,LR_Cluster_Time_Avg,LR_Cluster_MAE_Avg,LR_Cluster_RMSE_Avg,LR_Cluster_MAD_Avg,LR_Euc_Time_Avg,LR_Euc_MAE_Avg,LR_Euc_RMSE_Avg,LR_Euc_MAD_Avg,RF_Entire_Time,RF_Entire_MAE,RF_Entire_RMSE,RF_Entire_MAD,RF_Cluster_Time_Avg,RF_Cluster_MAE_Avg,RF_Cluster_RMSE_Avg,RF_Cluster_MAD_Avg,RF_Euc_Time_Avg,RF_Euc_MAE_Avg,RF_Euc_RMSE_Avg,RF_Euc_MAD_Avg,NN_Entire_Time,NN_Entire_MAE,NN_Entire_RMSE,NN_Entire_MAD,NN_Cluster_Time_Avg,NN_Cluster_MAE_Avg,NN_Cluster_RMSE_Avg,NN_Cluster_MAD_Avg,NN_Euc_Time_Avg,NN_Euc_MAE_Avg,NN_Euc_RMSE_Avg,NN_Euc_MAD_Avg,GB_Entire_Time,GB_Entire_MAE,GB_Entire_RMSE,GB_Entire_MAD,GB_Cluster_Time_Avg,GB_Cluster_MAE_Avg,GB_Cluster_RMSE_Avg,GB_Cluster_MAD_Avg,GB_Euc_Time_Avg,GB_Euc_MAE_Avg,GB_Euc_RMSE_Avg,GB_Euc_MAD_Avg
50000,2,0.5,0.5,3,0.0034780502319335938,0.06625561675942009,0.3233405659660932,0.03390383380555034,0.0014466444651285808,0.0952368668739448,0.31813996474979694,0.057111782091600116,0.001413106918334961,0.13539184417959435,0.3931635208263831,0.08229257984802939,11.080704927444458,0.04252917616492174,0.21413124126556785,0.0157320893552296,3.3985371589660645,0.07682722676070632,0.27391262565790153,0.03500269708335911,3.321532646814982,0.08595558685140436,0.3220599927581161,0.03544807193315901,7.2400407791137695,0.05395689003581974,0.2314570192757261,0.020880834255246894,1.9666118621826172,0.07407476294345498,0.254501420342441,0.03561729456017224,1.5979639689127605,0.09078076911940336,0.3066467235635641,0.03950257512583847,3.19287109375,0.048180153033095696,0.22075681093529415,0.02282462358875631,1.0525494416554768,0.07580118246552979,0.266015542643277,0.04205485701409284,1.0457237561543782,0.08761682164967788,0.3166142256870387,0.042402806166596446
