N,Norm,Lambda,Gamma,K,LR_Entire_Time,LR_Entire_MAE,LR_Entire_RMSE,LR_Entire_MAD,LR_Cluster_Time_Avg,LR_Cluster_MAE_Avg,LR_Cluster_RMSE_Avg,LR_Cluster_MAD_Avg,LR_Euc_Time_Avg,LR_Euc_MAE_Avg,LR_Euc_RMSE_Avg,LR_Euc_MAD_Avg,RF_Entire_Time,RF_Entire_MAE,RF_Entire_RMSE,RF_Entire_MAD,RF_Cluster_Time_Avg,RF_Cluster_MAE_Avg,RF_Cluster_RMSE_Avg,RF_Cluster_MAD_Avg,RF_Euc_Time_Avg,RF_Euc_MAE_Avg,RF_Euc_RMSE_Avg,RF_Euc_MAD_Avg,NN_Entire_Time,NN_Entire_MAE,NN_Entire_RMSE,NN_Entire_MAD,NN_Cluster_Time_Avg,NN_Cluster_MAE_Avg,NN_Cluster_RMSE_Avg,NN_Cluster_MAD_Avg,NN_Euc_Time_Avg,NN_Euc_MAE_Avg,NN_Euc_RMSE_Avg,NN_Euc_MAD_Avg,GP_Entire_Time,GP_Entire_MAE,GP_Entire_RMSE,GP_Entire_MAD,GP_Cluster_Time_Avg,GP_Cluster_MAE_Avg,GP_Cluster_RMSE_Avg,GP_Cluster_MAD_Avg,GP_Euc_Time_Avg,GP_Euc_MAE_Avg,GP_Euc_RMSE_Avg,GP_Euc_MAD_Avg,GB_Entire_Time,GB_Entire_MAE,GB_Entire_RMSE,GB_Entire_MAD,GB_Cluster_Time_Avg,GB_Cluster_MAE_Avg,GB_Cluster_RMSE_Avg,GB_Cluster_MAD_Avg,GB_Euc_Time_Avg,GB_Euc_MAE_Avg,GB_Euc_RMSE_Avg,GB_Euc_MAD_Avg
500,2,0.5,2.0,6,0.00031185150146484375,0.04554139396076337,0.06322217389655631,0.03166617154606036,0.0002748568852742513,0.1760974524289212,0.31830583599309886,0.1233304401198712,0.00026396910349527997,0.19921843298696848,0.25486940794286467,0.17387360374618732,0.0864248275756836,0.03435074271844214,0.053805627996227595,0.02101635480855296,0.043922980626424156,0.18972184312108406,0.29385336098827725,0.12183366114143028,0.044806599617004395,0.1621992801046727,0.2257619801777251,0.13410639433590912,0.08822083473205566,0.06296653417024235,0.08858469410029031,0.04309171127860778,0.017685810724894207,0.19161392332445012,0.3606901142773083,0.11161456200766535,0.020239075024922688,0.17035991862194078,0.23998845954962655,0.13692270301945828,0.09216594696044922,0.07147561,0.10188179,0.046482205,0.040978431701660156,0.21956277,0.3699956,0.14871815,0.03472443421681722,0.13239518,0.21830045,0.07401103,0.03570103645324707,0.03291278848773848,0.05427552038974569,0.020239565209988458,0.01400605837504069,0.16059735565286362,0.23568368574842835,0.1109175193282293,0.013838768005371094,0.13885012221665646,0.21624310882084938,0.09131377432713078
