N,Norm,Lambda,Gamma,K,LR_Entire_Time,LR_Entire_MAE,LR_Entire_RMSE,LR_Entire_MAD,LR_Cluster_Time_Avg,LR_Cluster_MAE_Avg,LR_Cluster_RMSE_Avg,LR_Cluster_MAD_Avg,LR_Euc_Time_Avg,LR_Euc_MAE_Avg,LR_Euc_RMSE_Avg,LR_Euc_MAD_Avg,RF_Entire_Time,RF_Entire_MAE,RF_Entire_RMSE,RF_Entire_MAD,RF_Cluster_Time_Avg,RF_Cluster_MAE_Avg,RF_Cluster_RMSE_Avg,RF_Cluster_MAD_Avg,RF_Euc_Time_Avg,RF_Euc_MAE_Avg,RF_Euc_RMSE_Avg,RF_Euc_MAD_Avg,NN_Entire_Time,NN_Entire_MAE,NN_Entire_RMSE,NN_Entire_MAD,NN_Cluster_Time_Avg,NN_Cluster_MAE_Avg,NN_Cluster_RMSE_Avg,NN_Cluster_MAD_Avg,NN_Euc_Time_Avg,NN_Euc_MAE_Avg,NN_Euc_RMSE_Avg,NN_Euc_MAD_Avg,GP_Entire_Time,GP_Entire_MAE,GP_Entire_RMSE,GP_Entire_MAD,GP_Cluster_Time_Avg,GP_Cluster_MAE_Avg,GP_Cluster_RMSE_Avg,GP_Cluster_MAD_Avg,GP_Euc_Time_Avg,GP_Euc_MAE_Avg,GP_Euc_RMSE_Avg,GP_Euc_MAD_Avg,GB_Entire_Time,GB_Entire_MAE,GB_Entire_RMSE,GB_Entire_MAD,GB_Cluster_Time_Avg,GB_Cluster_MAE_Avg,GB_Cluster_RMSE_Avg,GB_Cluster_MAD_Avg,GB_Euc_Time_Avg,GB_Euc_MAE_Avg,GB_Euc_RMSE_Avg,GB_Euc_MAD_Avg
10000,1,0.1,1.0,3,0.0011439323425292969,0.06792803101151079,0.3219772320780228,0.0359716131146422,0.0007902781168619791,0.09673842157375756,0.2759004119682224,0.0602257405304506,0.0006430149078369141,0.1339008915097624,0.3611311607589738,0.0870481855744885,2.462589979171753,0.046988193007312835,0.22994270519808624,0.01794051280985466,0.7664776643117269,0.08600815299139981,0.2431348478077229,0.043396332528604066,0.7613445917765299,0.09028759113322643,0.3384353586733799,0.03843922723374838,2.7238662242889404,0.0730316177106591,0.2758334316967286,0.027022313446863743,0.5371357599894205,0.09703812124681348,0.24550816523881683,0.050670070740565815,0.48172513643900555,0.11901182974624858,0.3431933443795519,0.053644945285816904,12.7468900680542,0.06992477,0.2581716,0.022391098,2.1495819091796875,0.07641102,0.20901953,0.036637668,1.9355396429697673,0.09077996,0.33315966,0.035252012,0.8869938850402832,0.04883396124342725,0.23735435695843193,0.023290466776537094,0.300762414932251,0.08011603799856071,0.23869833903270457,0.043712481825197436,0.29887692133585614,0.08570003145101661,0.32668812268242853,0.042119105767131654
