N,Norm,Lambda,Gamma,K,LR_Entire_Time,LR_Entire_MAE,LR_Entire_RMSE,LR_Entire_MAD,LR_Cluster_Time_Avg,LR_Cluster_MAE_Avg,LR_Cluster_RMSE_Avg,LR_Cluster_MAD_Avg,LR_Euc_Time_Avg,LR_Euc_MAE_Avg,LR_Euc_RMSE_Avg,LR_Euc_MAD_Avg,RF_Entire_Time,RF_Entire_MAE,RF_Entire_RMSE,RF_Entire_MAD,RF_Cluster_Time_Avg,RF_Cluster_MAE_Avg,RF_Cluster_RMSE_Avg,RF_Cluster_MAD_Avg,RF_Euc_Time_Avg,RF_Euc_MAE_Avg,RF_Euc_RMSE_Avg,RF_Euc_MAD_Avg,NN_Entire_Time,NN_Entire_MAE,NN_Entire_RMSE,NN_Entire_MAD,NN_Cluster_Time_Avg,NN_Cluster_MAE_Avg,NN_Cluster_RMSE_Avg,NN_Cluster_MAD_Avg,NN_Euc_Time_Avg,NN_Euc_MAE_Avg,NN_Euc_RMSE_Avg,NN_Euc_MAD_Avg,GP_Entire_Time,GP_Entire_MAE,GP_Entire_RMSE,GP_Entire_MAD,GP_Cluster_Time_Avg,GP_Cluster_MAE_Avg,GP_Cluster_RMSE_Avg,GP_Cluster_MAD_Avg,GP_Euc_Time_Avg,GP_Euc_MAE_Avg,GP_Euc_RMSE_Avg,GP_Euc_MAD_Avg,GB_Entire_Time,GB_Entire_MAE,GB_Entire_RMSE,GB_Entire_MAD,GB_Cluster_Time_Avg,GB_Cluster_MAE_Avg,GB_Cluster_RMSE_Avg,GB_Cluster_MAD_Avg,GB_Euc_Time_Avg,GB_Euc_MAE_Avg,GB_Euc_RMSE_Avg,GB_Euc_MAD_Avg
5000,2,0.9,1.0,7,0.0007879734039306641,0.06606716257040125,0.2627241057286416,0.044473382092633296,0.000373908451625279,0.17091245824467374,0.2850544885762721,0.13771550241304523,0.0002735342298235212,0.2309213956600825,0.4281767200218489,0.16803380215287375,0.7686219215393066,0.04252769297832213,0.19661382838037844,0.02037876672962495,0.1196073123386928,0.1529985109254397,0.2815666861278204,0.09917924798417789,0.11714393751961845,0.18775173693800534,0.4307238894616826,0.10139741611124034,0.996474027633667,0.08168925678770445,0.24827015645290176,0.04008607262579095,0.11177028928484235,0.1485805969642135,0.27016988805005404,0.09843093055385903,0.10493196759905134,0.1883372608421467,0.4094180449341137,0.1077580901739046,2.6557860374450684,0.07437567,0.24555562,0.028677419,0.14250724656241281,0.14616473,0.2672189,0.096987486,0.15753889083862305,0.18625943,0.42731166,0.098997764,0.30481934547424316,0.043724185379639714,0.18645987639380673,0.024468698072139587,0.048946653093610494,0.14586374482985726,0.27623480474933254,0.09567385552725924,0.04918418611798968,0.1764377959722044,0.42853884590586816,0.09805105963642362
