N,Norm,Lambda,Gamma,K,LR_Entire_Time,LR_Entire_MAE,LR_Entire_RMSE,LR_Entire_MAD,LR_Cluster_Time_Avg,LR_Cluster_MAE_Avg,LR_Cluster_RMSE_Avg,LR_Cluster_MAD_Avg,LR_Euc_Time_Avg,LR_Euc_MAE_Avg,LR_Euc_RMSE_Avg,LR_Euc_MAD_Avg,RF_Entire_Time,RF_Entire_MAE,RF_Entire_RMSE,RF_Entire_MAD,RF_Cluster_Time_Avg,RF_Cluster_MAE_Avg,RF_Cluster_RMSE_Avg,RF_Cluster_MAD_Avg,RF_Euc_Time_Avg,RF_Euc_MAE_Avg,RF_Euc_RMSE_Avg,RF_Euc_MAD_Avg,NN_Entire_Time,NN_Entire_MAE,NN_Entire_RMSE,NN_Entire_MAD,NN_Cluster_Time_Avg,NN_Cluster_MAE_Avg,NN_Cluster_RMSE_Avg,NN_Cluster_MAD_Avg,NN_Euc_Time_Avg,NN_Euc_MAE_Avg,NN_Euc_RMSE_Avg,NN_Euc_MAD_Avg,GP_Entire_Time,GP_Entire_MAE,GP_Entire_RMSE,GP_Entire_MAD,GP_Cluster_Time_Avg,GP_Cluster_MAE_Avg,GP_Cluster_RMSE_Avg,GP_Cluster_MAD_Avg,GP_Euc_Time_Avg,GP_Euc_MAE_Avg,GP_Euc_RMSE_Avg,GP_Euc_MAD_Avg,GB_Entire_Time,GB_Entire_MAE,GB_Entire_RMSE,GB_Entire_MAD,GB_Cluster_Time_Avg,GB_Cluster_MAE_Avg,GB_Cluster_RMSE_Avg,GB_Cluster_MAD_Avg,GB_Euc_Time_Avg,GB_Euc_MAE_Avg,GB_Euc_RMSE_Avg,GB_Euc_MAD_Avg
5000,2,0.5,2.0,5,0.0005691051483154297,0.06606716257040125,0.2627241057286416,0.044473382092633296,0.0003889560699462891,0.17242684841137948,0.4624237403954369,0.09643984983011705,0.0002827644348144531,0.18805691562304158,0.4693379241917447,0.1169846877214776,0.7765789031982422,0.043635783953193834,0.20640234308336766,0.01998852382985694,0.16199049949645997,0.15125877315190683,0.43379262994568296,0.07193351105077868,0.1577009677886963,0.18433195508861422,0.5944102944610945,0.0673770729213489,1.028550148010254,0.07546348548037542,0.24654959264647203,0.03560982227283874,0.14597702026367188,0.16374895555296987,0.4384820867325785,0.07803141265662379,0.10508646965026855,0.16634115879633565,0.4600325645464058,0.07525158063636221,3.156458854675293,0.075216755,0.24586678,0.029400118,0.2053375720977783,0.15351269,0.47218648,0.06771927,0.2103653907775879,0.1703644,0.50226,0.06754975,0.3287501335144043,0.0438361302438519,0.18809366293416896,0.02446869807213957,0.06701860427856446,0.1418145949970532,0.44209720245875284,0.0661180600641755,0.06683011054992676,0.17846278429879187,0.5957561523563133,0.06693248425767995
