N,Norm,Lambda,Gamma,K,LR_Entire_Time,LR_Entire_MAE,LR_Entire_RMSE,LR_Entire_MAD,LR_Cluster_Time_Avg,LR_Cluster_MAE_Avg,LR_Cluster_RMSE_Avg,LR_Cluster_MAD_Avg,LR_Euc_Time_Avg,LR_Euc_MAE_Avg,LR_Euc_RMSE_Avg,LR_Euc_MAD_Avg,RF_Entire_Time,RF_Entire_MAE,RF_Entire_RMSE,RF_Entire_MAD,RF_Cluster_Time_Avg,RF_Cluster_MAE_Avg,RF_Cluster_RMSE_Avg,RF_Cluster_MAD_Avg,RF_Euc_Time_Avg,RF_Euc_MAE_Avg,RF_Euc_RMSE_Avg,RF_Euc_MAD_Avg,NN_Entire_Time,NN_Entire_MAE,NN_Entire_RMSE,NN_Entire_MAD,NN_Cluster_Time_Avg,NN_Cluster_MAE_Avg,NN_Cluster_RMSE_Avg,NN_Cluster_MAD_Avg,NN_Euc_Time_Avg,NN_Euc_MAE_Avg,NN_Euc_RMSE_Avg,NN_Euc_MAD_Avg,GB_Entire_Time,GB_Entire_MAE,GB_Entire_RMSE,GB_Entire_MAD,GB_Cluster_Time_Avg,GB_Cluster_MAE_Avg,GB_Cluster_RMSE_Avg,GB_Cluster_MAD_Avg,GB_Euc_Time_Avg,GB_Euc_MAE_Avg,GB_Euc_RMSE_Avg,GB_Euc_MAD_Avg
50000,2,0.5,0.5,7,0.0031931400299072266,0.06625561675942009,0.3233405659660932,0.03390383380555034,0.0006718294961111886,0.19845653326383644,0.4460455473028445,0.14280949880099547,0.0005855560302734375,0.22819507705703262,0.5462331196419586,0.15223612816696705,11.145525932312012,0.04261744138431665,0.21452483592780444,0.0158432977917497,1.3523051738739014,0.1674979792576103,0.4201879354099853,0.09428558097206256,1.3184125764029366,0.1717475013125495,0.5219379684884781,0.07872845857170509,9.423425197601318,0.053388574307600016,0.22591455074532762,0.020733178074189618,0.7099612440381732,0.1401980017779939,0.3918278386510957,0.07636310589245308,0.5131487165178571,0.15399068387961057,0.492852561180413,0.07172490387105222,3.2257890701293945,0.04808639008817469,0.2204475428106009,0.02282462358875645,0.44948114667619976,0.1621506950384352,0.40907311843860855,0.10170827186334722,0.45120116642543245,0.1725738012262354,0.5252753089657899,0.0860662745955889
