N,Norm,Lambda,Gamma,K,LR_Entire_Time,LR_Entire_MAE,LR_Entire_RMSE,LR_Entire_MAD,LR_Cluster_Time_Avg,LR_Cluster_MAE_Avg,LR_Cluster_RMSE_Avg,LR_Cluster_MAD_Avg,LR_Euc_Time_Avg,LR_Euc_MAE_Avg,LR_Euc_RMSE_Avg,LR_Euc_MAD_Avg,RF_Entire_Time,RF_Entire_MAE,RF_Entire_RMSE,RF_Entire_MAD,RF_Cluster_Time_Avg,RF_Cluster_MAE_Avg,RF_Cluster_RMSE_Avg,RF_Cluster_MAD_Avg,RF_Euc_Time_Avg,RF_Euc_MAE_Avg,RF_Euc_RMSE_Avg,RF_Euc_MAD_Avg,NN_Entire_Time,NN_Entire_MAE,NN_Entire_RMSE,NN_Entire_MAD,NN_Cluster_Time_Avg,NN_Cluster_MAE_Avg,NN_Cluster_RMSE_Avg,NN_Cluster_MAD_Avg,NN_Euc_Time_Avg,NN_Euc_MAE_Avg,NN_Euc_RMSE_Avg,NN_Euc_MAD_Avg,GP_Entire_Time,GP_Entire_MAE,GP_Entire_RMSE,GP_Entire_MAD,GP_Cluster_Time_Avg,GP_Cluster_MAE_Avg,GP_Cluster_RMSE_Avg,GP_Cluster_MAD_Avg,GP_Euc_Time_Avg,GP_Euc_MAE_Avg,GP_Euc_RMSE_Avg,GP_Euc_MAD_Avg,GB_Entire_Time,GB_Entire_MAE,GB_Entire_RMSE,GB_Entire_MAD,GB_Cluster_Time_Avg,GB_Cluster_MAE_Avg,GB_Cluster_RMSE_Avg,GB_Cluster_MAD_Avg,GB_Euc_Time_Avg,GB_Euc_MAE_Avg,GB_Euc_RMSE_Avg,GB_Euc_MAD_Avg
5000,2,0.9,0.5,5,0.0007801055908203125,0.06606716257040125,0.2627241057286416,0.044473382092633296,0.00032019615173339844,0.14892705451847657,0.399186523376894,0.09814376816453359,0.0002933502197265625,0.18805691562304158,0.4693379241917447,0.1169846877214776,0.773953914642334,0.043153281427916974,0.20182483451834768,0.01955812108589656,0.1638500213623047,0.12834520585519615,0.3921339535333868,0.06759335795440753,0.1584559917449951,0.1850067463867146,0.5963088741687175,0.07351209729000852,0.9997739791870117,0.07196005917866168,0.2490280815311658,0.0316756947484238,0.1211000919342041,0.13973292379669466,0.3939921413710383,0.06668358039602494,0.11736764907836914,0.16308936726988082,0.45086808060682737,0.07214035163514934,2.7979912757873535,0.07436059,0.24539198,0.028395638,0.18457136154174805,0.12334885,0.37521255,0.060865887,0.18972425460815429,0.1704149,0.50227165,0.06792377,0.3033621311187744,0.04357609679414532,0.18477155162802772,0.024486903561613572,0.0664905071258545,0.12255052803021618,0.40326642504966304,0.06316896975597416,0.0658731460571289,0.17846065287656276,0.5949877217110953,0.0671105251390548
