N,Norm,Lambda,Gamma,K,LR_Entire_Time,LR_Entire_MAE,LR_Entire_RMSE,LR_Entire_MAD,LR_Cluster_Time_Avg,LR_Cluster_MAE_Avg,LR_Cluster_RMSE_Avg,LR_Cluster_MAD_Avg,LR_Euc_Time_Avg,LR_Euc_MAE_Avg,LR_Euc_RMSE_Avg,LR_Euc_MAD_Avg,RF_Entire_Time,RF_Entire_MAE,RF_Entire_RMSE,RF_Entire_MAD,RF_Cluster_Time_Avg,RF_Cluster_MAE_Avg,RF_Cluster_RMSE_Avg,RF_Cluster_MAD_Avg,RF_Euc_Time_Avg,RF_Euc_MAE_Avg,RF_Euc_RMSE_Avg,RF_Euc_MAD_Avg,NN_Entire_Time,NN_Entire_MAE,NN_Entire_RMSE,NN_Entire_MAD,NN_Cluster_Time_Avg,NN_Cluster_MAE_Avg,NN_Cluster_RMSE_Avg,NN_Cluster_MAD_Avg,NN_Euc_Time_Avg,NN_Euc_MAE_Avg,NN_Euc_RMSE_Avg,NN_Euc_MAD_Avg,GP_Entire_Time,GP_Entire_MAE,GP_Entire_RMSE,GP_Entire_MAD,GP_Cluster_Time_Avg,GP_Cluster_MAE_Avg,GP_Cluster_RMSE_Avg,GP_Cluster_MAD_Avg,GP_Euc_Time_Avg,GP_Euc_MAE_Avg,GP_Euc_RMSE_Avg,GP_Euc_MAD_Avg,GB_Entire_Time,GB_Entire_MAE,GB_Entire_RMSE,GB_Entire_MAD,GB_Cluster_Time_Avg,GB_Cluster_MAE_Avg,GB_Cluster_RMSE_Avg,GB_Cluster_MAD_Avg,GB_Euc_Time_Avg,GB_Euc_MAE_Avg,GB_Euc_RMSE_Avg,GB_Euc_MAD_Avg
10000,1,0.9,2.0,5,0.0011782646179199219,0.06792803101151079,0.3219772320780228,0.0359716131146422,0.0006128311157226563,0.19949138890835844,0.4662659875324506,0.12485914093916464,0.0005187511444091797,0.1897523611746837,0.46220891377119566,0.11917088401090466,2.450356960296631,0.04731600310264932,0.23634514629854603,0.01836939255935055,0.4406400203704834,0.1602067957693985,0.4989878962362015,0.062453451269552394,0.4456371784210205,0.17913376872336376,0.5315224225662863,0.0650061359626,2.6722710132598877,0.08302910738647264,0.2882747906543238,0.041897146453249656,0.37083740234375,0.17742353112652504,0.4897905305351289,0.06895269056916939,0.23914675712585448,0.1542854770809136,0.4297376760268731,0.07185476362334076,12.729850769042969,0.0698755,0.2586052,0.022348732,0.8799637794494629,0.1602354,0.46508408,0.058823824,0.942800760269165,0.15171376,0.47608098,0.05935244,0.8974220752716064,0.04857071175537384,0.23649948751160976,0.02329046677653715,0.18454365730285643,0.16164617225440786,0.5435614044900198,0.06451233312945251,0.17988224029541017,0.16812464412886657,0.5407020222041529,0.06313560653938868
