N,Norm,Lambda,Gamma,K,LR_Entire_Time,LR_Entire_MAE,LR_Entire_RMSE,LR_Entire_MAD,LR_Cluster_Time_Avg,LR_Cluster_MAE_Avg,LR_Cluster_RMSE_Avg,LR_Cluster_MAD_Avg,LR_Euc_Time_Avg,LR_Euc_MAE_Avg,LR_Euc_RMSE_Avg,LR_Euc_MAD_Avg,RF_Entire_Time,RF_Entire_MAE,RF_Entire_RMSE,RF_Entire_MAD,RF_Cluster_Time_Avg,RF_Cluster_MAE_Avg,RF_Cluster_RMSE_Avg,RF_Cluster_MAD_Avg,RF_Euc_Time_Avg,RF_Euc_MAE_Avg,RF_Euc_RMSE_Avg,RF_Euc_MAD_Avg,NN_Entire_Time,NN_Entire_MAE,NN_Entire_RMSE,NN_Entire_MAD,NN_Cluster_Time_Avg,NN_Cluster_MAE_Avg,NN_Cluster_RMSE_Avg,NN_Cluster_MAD_Avg,NN_Euc_Time_Avg,NN_Euc_MAE_Avg,NN_Euc_RMSE_Avg,NN_Euc_MAD_Avg,GP_Entire_Time,GP_Entire_MAE,GP_Entire_RMSE,GP_Entire_MAD,GP_Cluster_Time_Avg,GP_Cluster_MAE_Avg,GP_Cluster_RMSE_Avg,GP_Cluster_MAD_Avg,GP_Euc_Time_Avg,GP_Euc_MAE_Avg,GP_Euc_RMSE_Avg,GP_Euc_MAD_Avg,GB_Entire_Time,GB_Entire_MAE,GB_Entire_RMSE,GB_Entire_MAD,GB_Cluster_Time_Avg,GB_Cluster_MAE_Avg,GB_Cluster_RMSE_Avg,GB_Cluster_MAD_Avg,GB_Euc_Time_Avg,GB_Euc_MAE_Avg,GB_Euc_RMSE_Avg,GB_Euc_MAD_Avg
500,1,0.5,0.5,3,0.00048279762268066406,0.04554139396076337,0.06322217389655631,0.03166617154606036,0.0004074573516845703,0.1074894934028268,0.34712811407786576,0.043495797090600245,0.0003322760264078776,0.27618815225710247,1.0147403203107357,0.05580047882265921,0.0842440128326416,0.03448114203866648,0.05433666153611199,0.0224627777000016,0.05134805043538412,0.10705854452510806,0.2288289737262974,0.05547933256251066,0.05022573471069336,0.27742220693627667,1.0122053423982658,0.04758496520380003,0.05809307098388672,0.07201868855593657,0.10210493881259868,0.05332145690944823,0.01997796694437663,0.1355767221388358,0.3636395180066468,0.062444572458858545,0.018849690755208332,0.29880523597466613,1.0387950899792815,0.07763889848946715,0.08849978446960449,0.07147561,0.10188179,0.046482205,0.04955522219340006,0.15433902,0.3164414,0.07122023,0.04193218549092611,0.28728575,1.0126005,0.061822545,0.036099910736083984,0.03306803711130154,0.05432719808708904,0.020239565209988458,0.019011656443277996,0.08635023552506431,0.15631544734206362,0.046283885357686495,0.017841577529907227,0.28129137070137045,1.0126805288871163,0.05413528569285205
