N,Norm,Lambda,Gamma,K,LR_Entire_Time,LR_Entire_MAE,LR_Entire_RMSE,LR_Entire_MAD,LR_Cluster_Time_Avg,LR_Cluster_MAE_Avg,LR_Cluster_RMSE_Avg,LR_Cluster_MAD_Avg,LR_Euc_Time_Avg,LR_Euc_MAE_Avg,LR_Euc_RMSE_Avg,LR_Euc_MAD_Avg,RF_Entire_Time,RF_Entire_MAE,RF_Entire_RMSE,RF_Entire_MAD,RF_Cluster_Time_Avg,RF_Cluster_MAE_Avg,RF_Cluster_RMSE_Avg,RF_Cluster_MAD_Avg,RF_Euc_Time_Avg,RF_Euc_MAE_Avg,RF_Euc_RMSE_Avg,RF_Euc_MAD_Avg,NN_Entire_Time,NN_Entire_MAE,NN_Entire_RMSE,NN_Entire_MAD,NN_Cluster_Time_Avg,NN_Cluster_MAE_Avg,NN_Cluster_RMSE_Avg,NN_Cluster_MAD_Avg,NN_Euc_Time_Avg,NN_Euc_MAE_Avg,NN_Euc_RMSE_Avg,NN_Euc_MAD_Avg,GP_Entire_Time,GP_Entire_MAE,GP_Entire_RMSE,GP_Entire_MAD,GP_Cluster_Time_Avg,GP_Cluster_MAE_Avg,GP_Cluster_RMSE_Avg,GP_Cluster_MAD_Avg,GP_Euc_Time_Avg,GP_Euc_MAE_Avg,GP_Euc_RMSE_Avg,GP_Euc_MAD_Avg,GB_Entire_Time,GB_Entire_MAE,GB_Entire_RMSE,GB_Entire_MAD,GB_Cluster_Time_Avg,GB_Cluster_MAE_Avg,GB_Cluster_RMSE_Avg,GB_Cluster_MAD_Avg,GB_Euc_Time_Avg,GB_Euc_MAE_Avg,GB_Euc_RMSE_Avg,GB_Euc_MAD_Avg
5000,2,0.1,2.0,5,0.0006000995635986328,0.06606716257040125,0.2627241057286416,0.044473382092633296,0.0003397941589355469,0.15036185846475641,0.38415746101712145,0.09758007468593236,0.00029044151306152345,0.18805691562304158,0.4693379241917447,0.1169846877214776,0.7756831645965576,0.04167223899736393,0.18937808329926847,0.02007355191376589,0.16195321083068848,0.1266839308128836,0.3710496675286479,0.0636506560338265,0.15870122909545897,0.18328224701414744,0.591030381591375,0.06663474315644372,1.1241052150726318,0.06989645767789204,0.24336811309380732,0.028058409621051383,0.1806708812713623,0.14316579427051515,0.3765416722658722,0.06831938653049793,0.13388876914978026,0.16472426514468086,0.4526385905104998,0.07601613745535336,2.7361459732055664,0.073925614,0.24595083,0.026979879,0.22018489837646485,0.1259059,0.3581726,0.06358439,0.18868498802185057,0.17002288,0.50202954,0.06675933,0.30738115310668945,0.04364533539551092,0.1868949084130069,0.02446869807213966,0.06553292274475098,0.11682302365980528,0.367011135276813,0.05905414025697329,0.06616530418395997,0.17862219065139046,0.5941680783511398,0.06629625535288483
