N,Norm,Lambda,Gamma,K,LR_Entire_Time,LR_Entire_MAE,LR_Entire_RMSE,LR_Entire_MAD,LR_Cluster_Time_Avg,LR_Cluster_MAE_Avg,LR_Cluster_RMSE_Avg,LR_Cluster_MAD_Avg,LR_Euc_Time_Avg,LR_Euc_MAE_Avg,LR_Euc_RMSE_Avg,LR_Euc_MAD_Avg,RF_Entire_Time,RF_Entire_MAE,RF_Entire_RMSE,RF_Entire_MAD,RF_Cluster_Time_Avg,RF_Cluster_MAE_Avg,RF_Cluster_RMSE_Avg,RF_Cluster_MAD_Avg,RF_Euc_Time_Avg,RF_Euc_MAE_Avg,RF_Euc_RMSE_Avg,RF_Euc_MAD_Avg,NN_Entire_Time,NN_Entire_MAE,NN_Entire_RMSE,NN_Entire_MAD,NN_Cluster_Time_Avg,NN_Cluster_MAE_Avg,NN_Cluster_RMSE_Avg,NN_Cluster_MAD_Avg,NN_Euc_Time_Avg,NN_Euc_MAE_Avg,NN_Euc_RMSE_Avg,NN_Euc_MAD_Avg,GB_Entire_Time,GB_Entire_MAE,GB_Entire_RMSE,GB_Entire_MAD,GB_Cluster_Time_Avg,GB_Cluster_MAE_Avg,GB_Cluster_RMSE_Avg,GB_Cluster_MAD_Avg,GB_Euc_Time_Avg,GB_Euc_MAE_Avg,GB_Euc_RMSE_Avg,GB_Euc_MAD_Avg
100000,2,0.9,0.5,6,0.006079912185668945,0.0643103041422581,0.30043950634238437,0.03601264487927863,0.0017911990483601887,0.16764776785176197,0.3929271346255098,0.12132528962183631,0.0015529394149780273,0.19833764315984814,0.4302280975120915,0.13404918249230613,26.47833800315857,0.03974040691386723,0.19238341572454168,0.014999566126236319,3.824663201967875,0.13728129989947072,0.36704916943206783,0.07572413612246069,3.780259370803833,0.14267047084014375,0.41386466517941284,0.0618847046064628,13.037940979003906,0.04894707247886505,0.20231851978927912,0.020359223764357337,1.4691274166107178,0.11536384135118327,0.3389391991015045,0.06439188543449542,0.8493796586990356,0.12606924850195184,0.36356120389090035,0.06569163896050775,6.617461919784546,0.04390040012929578,0.19092981641479492,0.021574883164357895,1.0636470715204875,0.13564196487069186,0.3599379067718007,0.08672232461043296,1.060900092124939,0.13859694814264278,0.392402271314658,0.07075714770921454
