N,Norm,Lambda,Gamma,K,LR_Entire_Time,LR_Entire_MAE,LR_Entire_RMSE,LR_Entire_MAD,LR_Cluster_Time_Avg,LR_Cluster_MAE_Avg,LR_Cluster_RMSE_Avg,LR_Cluster_MAD_Avg,LR_Cluster_MAE_Median,LR_Cluster_RMSE_Median,LR_Cluster_MAD_Median,RF_Entire_Time,RF_Entire_MAE,RF_Entire_RMSE,RF_Entire_MAD,RF_Cluster_Time_Avg,RF_Cluster_MAE_Avg,RF_Cluster_RMSE_Avg,RF_Cluster_MAD_Avg,RF_Cluster_MAE_Median,RF_Cluster_RMSE_Median,RF_Cluster_MAD_Median,NN_Entire_Time,NN_Entire_MAE,NN_Entire_RMSE,NN_Entire_MAD,NN_Cluster_Time_Avg,NN_Cluster_MAE_Avg,NN_Cluster_RMSE_Avg,NN_Cluster_MAD_Avg,NN_Cluster_MAE_Median,NN_Cluster_RMSE_Median,NN_Cluster_MAD_Median,GP_Entire_Time,GP_Entire_MAE,GP_Entire_RMSE,GP_Entire_MAD,GP_Cluster_Time_Avg,GP_Cluster_MAE_Avg,GP_Cluster_RMSE_Avg,GP_Cluster_MAD_Avg,GP_Cluster_MAE_Median,GP_Cluster_RMSE_Median,GP_Cluster_MAD_Median,GB_Entire_Time,GB_Entire_MAE,GB_Entire_RMSE,GB_Entire_MAD,GB_Cluster_Time_Avg,GB_Cluster_MAE_Avg,GB_Cluster_RMSE_Avg,GB_Cluster_MAD_Avg,GB_Cluster_MAE_Median,GB_Cluster_RMSE_Median,GB_Cluster_MAD_Median
10000,2,0.5,2.0,6,0.0013210773468017578,0.0711493164406142,0.34865177023578486,0.037222118158097006,0.0007317860921223959,0.07274195738615229,0.24970012260160854,0.04674835906493604,0.07210657745978806,0.2503566496622536,0.04326179093182089,1.604917287826538,0.04317697481089452,0.20757796097195838,0.01721880647992574,0.21647401650746664,0.05410129987486386,0.2646409818968925,0.016962860596380375,0.05478026861886707,0.2714843480461306,0.016852944910695382,1.7299680709838867,0.07810254596365658,0.30106628670913327,0.03205889267847435,0.20447810490926108,0.07983902550299828,0.27817057270010537,0.03339403017333229,0.07317751194094341,0.3074771774545726,0.03128589249527692,9.316580295562744,0.059547357,0.2526903,0.018088073,0.6238808234532675,0.07665793,0.2766246,0.023161823,0.07403112947940826,0.2803195118904114,0.02253289334475994,0.5907478332519531,0.04605503631045363,0.19541226571833362,0.02291651168796993,0.09034502506256104,0.0559475180805416,0.28353520058218423,0.019340588491861117,0.0551546577115941,0.29341679102691864,0.019083565151846005
