N,Norm,Lambda,Gamma,K,LR_Entire_Time,LR_Entire_MAE,LR_Entire_RMSE,LR_Entire_MAD,LR_Cluster_Time_Avg,LR_Cluster_MAE_Avg,LR_Cluster_RMSE_Avg,LR_Cluster_MAD_Avg,LR_Euc_Time_Avg,LR_Euc_MAE_Avg,LR_Euc_RMSE_Avg,LR_Euc_MAD_Avg,RF_Entire_Time,RF_Entire_MAE,RF_Entire_RMSE,RF_Entire_MAD,RF_Cluster_Time_Avg,RF_Cluster_MAE_Avg,RF_Cluster_RMSE_Avg,RF_Cluster_MAD_Avg,RF_Euc_Time_Avg,RF_Euc_MAE_Avg,RF_Euc_RMSE_Avg,RF_Euc_MAD_Avg,NN_Entire_Time,NN_Entire_MAE,NN_Entire_RMSE,NN_Entire_MAD,NN_Cluster_Time_Avg,NN_Cluster_MAE_Avg,NN_Cluster_RMSE_Avg,NN_Cluster_MAD_Avg,NN_Euc_Time_Avg,NN_Euc_MAE_Avg,NN_Euc_RMSE_Avg,NN_Euc_MAD_Avg,GP_Entire_Time,GP_Entire_MAE,GP_Entire_RMSE,GP_Entire_MAD,GP_Cluster_Time_Avg,GP_Cluster_MAE_Avg,GP_Cluster_RMSE_Avg,GP_Cluster_MAD_Avg,GP_Euc_Time_Avg,GP_Euc_MAE_Avg,GP_Euc_RMSE_Avg,GP_Euc_MAD_Avg,GB_Entire_Time,GB_Entire_MAE,GB_Entire_RMSE,GB_Entire_MAD,GB_Cluster_Time_Avg,GB_Cluster_MAE_Avg,GB_Cluster_RMSE_Avg,GB_Cluster_MAD_Avg,GB_Euc_Time_Avg,GB_Euc_MAE_Avg,GB_Euc_RMSE_Avg,GB_Euc_MAD_Avg
500,2,0.9,1.0,7,0.0005059242248535156,0.04554139396076337,0.06322217389655631,0.03166617154606036,0.00038616997855050225,0.20435520913626318,0.2747157369115812,0.15247922615453655,0.00029199463980538506,0.20348369378037243,0.2748482688447117,0.15414652866212655,0.0841212272644043,0.0345163635423732,0.05503352366031561,0.022726488739440553,0.04235649108886719,0.18146395025797588,0.24554003232185742,0.1402627543649786,0.04206810678754534,0.20255782353867732,0.2799954558803884,0.1494313708310404,0.044812679290771484,0.06517182608697471,0.09226403535540727,0.046994895015466776,0.015725203922816684,0.18380319098453604,0.2618529105936246,0.14392498753720048,0.016050202505929128,0.27322335489514793,0.40768833304937135,0.18147992563059437,0.0881037712097168,0.07147561,0.10188179,0.046482205,0.03780606814793178,0.22329982,0.32585615,0.15931603,0.034119095121111186,0.2248474,0.3449585,0.15436625,0.035681962966918945,0.03300927371983941,0.05434994473374682,0.020239565209988458,0.012996264866420202,0.17886796503377508,0.2547247992482977,0.12426070990583267,0.01284268924168178,0.18521386330308953,0.2757986167251721,0.12872121555667088
