N,Norm,Lambda,Gamma,K,LR_Entire_Time,LR_Entire_MAE,LR_Entire_RMSE,LR_Entire_MAD,LR_Cluster_Time_Avg,LR_Cluster_MAE_Avg,LR_Cluster_RMSE_Avg,LR_Cluster_MAD_Avg,LR_Euc_Time_Avg,LR_Euc_MAE_Avg,LR_Euc_RMSE_Avg,LR_Euc_MAD_Avg,RF_Entire_Time,RF_Entire_MAE,RF_Entire_RMSE,RF_Entire_MAD,RF_Cluster_Time_Avg,RF_Cluster_MAE_Avg,RF_Cluster_RMSE_Avg,RF_Cluster_MAD_Avg,RF_Euc_Time_Avg,RF_Euc_MAE_Avg,RF_Euc_RMSE_Avg,RF_Euc_MAD_Avg,NN_Entire_Time,NN_Entire_MAE,NN_Entire_RMSE,NN_Entire_MAD,NN_Cluster_Time_Avg,NN_Cluster_MAE_Avg,NN_Cluster_RMSE_Avg,NN_Cluster_MAD_Avg,NN_Euc_Time_Avg,NN_Euc_MAE_Avg,NN_Euc_RMSE_Avg,NN_Euc_MAD_Avg,GP_Entire_Time,GP_Entire_MAE,GP_Entire_RMSE,GP_Entire_MAD,GP_Cluster_Time_Avg,GP_Cluster_MAE_Avg,GP_Cluster_RMSE_Avg,GP_Cluster_MAD_Avg,GP_Euc_Time_Avg,GP_Euc_MAE_Avg,GP_Euc_RMSE_Avg,GP_Euc_MAD_Avg,GB_Entire_Time,GB_Entire_MAE,GB_Entire_RMSE,GB_Entire_MAD,GB_Cluster_Time_Avg,GB_Cluster_MAE_Avg,GB_Cluster_RMSE_Avg,GB_Cluster_MAD_Avg,GB_Euc_Time_Avg,GB_Euc_MAE_Avg,GB_Euc_RMSE_Avg,GB_Euc_MAD_Avg
1000,1,0.1,2.0,4,0.0003478527069091797,0.03174555839505721,0.043465480669550194,0.023354845822268516,0.000293731689453125,0.09382534242809296,0.13102556231420276,0.07650186720028314,0.0003400444984436035,0.11933357968464367,0.15914693815912323,0.09691046142812622,0.14171695709228516,0.02751121779748693,0.036372223798131556,0.020757275501654293,0.060752689838409424,0.0982615039000774,0.14839201221728698,0.07079971640164881,0.058542490005493164,0.0774461476545558,0.11206587923337495,0.05319351691476742,0.050271034240722656,0.04514215717890508,0.06411923312588955,0.034075466273993216,0.0399165153503418,0.12043958520842458,0.18615130268323257,0.07860819932846969,0.03310418128967285,0.12923246883696118,0.18764408116449788,0.10060865228114718,0.1980268955230713,0.047523502,0.08538143,0.030398354,0.05890268087387085,0.103373095,0.17265856,0.06926249,0.049952924251556396,0.10506934,0.17928883,0.0619057,0.06546306610107422,0.02296766891555847,0.029820287603413393,0.019896181155514697,0.022823810577392578,0.0919367301909091,0.13527782520405568,0.06281743509597788,0.022371292114257812,0.07400336453924737,0.11085566778453623,0.052093323957532724
