N,Norm,Lambda,Gamma,K,LR_Entire_Time,LR_Entire_MAE,LR_Entire_RMSE,LR_Entire_MAD,LR_Cluster_Time_Avg,LR_Cluster_MAE_Avg,LR_Cluster_RMSE_Avg,LR_Cluster_MAD_Avg,LR_Euc_Time_Avg,LR_Euc_MAE_Avg,LR_Euc_RMSE_Avg,LR_Euc_MAD_Avg,RF_Entire_Time,RF_Entire_MAE,RF_Entire_RMSE,RF_Entire_MAD,RF_Cluster_Time_Avg,RF_Cluster_MAE_Avg,RF_Cluster_RMSE_Avg,RF_Cluster_MAD_Avg,RF_Euc_Time_Avg,RF_Euc_MAE_Avg,RF_Euc_RMSE_Avg,RF_Euc_MAD_Avg,NN_Entire_Time,NN_Entire_MAE,NN_Entire_RMSE,NN_Entire_MAD,NN_Cluster_Time_Avg,NN_Cluster_MAE_Avg,NN_Cluster_RMSE_Avg,NN_Cluster_MAD_Avg,NN_Euc_Time_Avg,NN_Euc_MAE_Avg,NN_Euc_RMSE_Avg,NN_Euc_MAD_Avg,GB_Entire_Time,GB_Entire_MAE,GB_Entire_RMSE,GB_Entire_MAD,GB_Cluster_Time_Avg,GB_Cluster_MAE_Avg,GB_Cluster_RMSE_Avg,GB_Cluster_MAD_Avg,GB_Euc_Time_Avg,GB_Euc_MAE_Avg,GB_Euc_RMSE_Avg,GB_Euc_MAD_Avg
50000,2,0.5,1.0,7,0.0036630630493164062,0.06625561675942009,0.3233405659660932,0.03390383380555034,0.0006890296936035156,0.20758317926933598,0.5448880855274293,0.14523227693278556,0.0006479876382010323,0.22819507705703262,0.5462331196419586,0.15223612816696705,11.37782096862793,0.042662063386338,0.21611721871396689,0.01586537791716071,1.3834448201315743,0.1748387475342588,0.5233476812245623,0.09454407891840343,1.349006141935076,0.1727807707008457,0.5219445140583581,0.07901371470204044,9.15999722480774,0.05484059199184719,0.23305516653664507,0.017880213057963362,0.7386325427464077,0.1438128835223476,0.4940657624176587,0.0735577541574207,0.5805486270359584,0.15421732194007068,0.4918064508474832,0.07280116102747503,3.3569700717926025,0.04825746432670875,0.2211892045773255,0.022824623588756116,0.46485992840358187,0.17069878949275585,0.5146030416292925,0.10321566233179695,0.4782388550894601,0.1717143468816786,0.5223778071930549,0.08604476685480014
