N,Norm,Lambda,Gamma,K,LR_Entire_Time,LR_Entire_MAE,LR_Entire_RMSE,LR_Entire_MAD,LR_Cluster_Time_Avg,LR_Cluster_MAE_Avg,LR_Cluster_RMSE_Avg,LR_Cluster_MAD_Avg,LR_Euc_Time_Avg,LR_Euc_MAE_Avg,LR_Euc_RMSE_Avg,LR_Euc_MAD_Avg,RF_Entire_Time,RF_Entire_MAE,RF_Entire_RMSE,RF_Entire_MAD,RF_Cluster_Time_Avg,RF_Cluster_MAE_Avg,RF_Cluster_RMSE_Avg,RF_Cluster_MAD_Avg,RF_Euc_Time_Avg,RF_Euc_MAE_Avg,RF_Euc_RMSE_Avg,RF_Euc_MAD_Avg,NN_Entire_Time,NN_Entire_MAE,NN_Entire_RMSE,NN_Entire_MAD,NN_Cluster_Time_Avg,NN_Cluster_MAE_Avg,NN_Cluster_RMSE_Avg,NN_Cluster_MAD_Avg,NN_Euc_Time_Avg,NN_Euc_MAE_Avg,NN_Euc_RMSE_Avg,NN_Euc_MAD_Avg,GP_Entire_Time,GP_Entire_MAE,GP_Entire_RMSE,GP_Entire_MAD,GP_Cluster_Time_Avg,GP_Cluster_MAE_Avg,GP_Cluster_RMSE_Avg,GP_Cluster_MAD_Avg,GP_Euc_Time_Avg,GP_Euc_MAE_Avg,GP_Euc_RMSE_Avg,GP_Euc_MAD_Avg,GB_Entire_Time,GB_Entire_MAE,GB_Entire_RMSE,GB_Entire_MAD,GB_Cluster_Time_Avg,GB_Cluster_MAE_Avg,GB_Cluster_RMSE_Avg,GB_Cluster_MAD_Avg,GB_Euc_Time_Avg,GB_Euc_MAE_Avg,GB_Euc_RMSE_Avg,GB_Euc_MAD_Avg
500,2,0.9,1.0,6,0.0005450248718261719,0.04554139396076337,0.06322217389655631,0.03166617154606036,0.00035059452056884766,0.1760974524289212,0.31830583599309886,0.1233304401198712,0.0003802776336669922,0.19921843298696848,0.25486940794286467,0.17387360374618732,0.0837259292602539,0.03494163554213256,0.055084865480417126,0.023754061316539246,0.04353197415669759,0.1785219334250923,0.2855013062410682,0.11547981182958196,0.04286849498748779,0.17025200053350745,0.2338024345944545,0.12888310109292467,0.05485892295837402,0.06426059795882287,0.09734171762288972,0.04019590040673254,0.015036622683207193,0.19353359337943354,0.35434106064679055,0.1203395820249595,0.017857869466145832,0.1614187075492095,0.234193251947154,0.12192228098078844,0.08839297294616699,0.07147561,0.10188179,0.046482205,0.038265387217203774,0.21956277,0.3699956,0.14871815,0.03450481096903483,0.13239518,0.21830045,0.07401103,0.03594708442687988,0.03299581553137934,0.05425608841821429,0.02023956520998843,0.013853828112284342,0.16331038416213087,0.23870859542121295,0.11305053231817193,0.013350923856099447,0.14259230454636382,0.2229557269183021,0.09956371345107377
