N,Norm,Lambda,Gamma,K,LR_Entire_Time,LR_Entire_MAE,LR_Entire_RMSE,LR_Entire_MAD,LR_Cluster_Time_Avg,LR_Cluster_MAE_Avg,LR_Cluster_RMSE_Avg,LR_Cluster_MAD_Avg,LR_Euc_Time_Avg,LR_Euc_MAE_Avg,LR_Euc_RMSE_Avg,LR_Euc_MAD_Avg,RF_Entire_Time,RF_Entire_MAE,RF_Entire_RMSE,RF_Entire_MAD,RF_Cluster_Time_Avg,RF_Cluster_MAE_Avg,RF_Cluster_RMSE_Avg,RF_Cluster_MAD_Avg,RF_Euc_Time_Avg,RF_Euc_MAE_Avg,RF_Euc_RMSE_Avg,RF_Euc_MAD_Avg,NN_Entire_Time,NN_Entire_MAE,NN_Entire_RMSE,NN_Entire_MAD,NN_Cluster_Time_Avg,NN_Cluster_MAE_Avg,NN_Cluster_RMSE_Avg,NN_Cluster_MAD_Avg,NN_Euc_Time_Avg,NN_Euc_MAE_Avg,NN_Euc_RMSE_Avg,NN_Euc_MAD_Avg,GP_Entire_Time,GP_Entire_MAE,GP_Entire_RMSE,GP_Entire_MAD,GP_Cluster_Time_Avg,GP_Cluster_MAE_Avg,GP_Cluster_RMSE_Avg,GP_Cluster_MAD_Avg,GP_Euc_Time_Avg,GP_Euc_MAE_Avg,GP_Euc_RMSE_Avg,GP_Euc_MAD_Avg,GB_Entire_Time,GB_Entire_MAE,GB_Entire_RMSE,GB_Entire_MAD,GB_Cluster_Time_Avg,GB_Cluster_MAE_Avg,GB_Cluster_RMSE_Avg,GB_Cluster_MAD_Avg,GB_Euc_Time_Avg,GB_Euc_MAE_Avg,GB_Euc_RMSE_Avg,GB_Euc_MAD_Avg
100,1,0.5,0.5,6,0.0003428459167480469,0.19598571368711998,0.2658167496676893,0.12690348231686688,0.0003218253453572591,0.4626228328241404,0.5355071554047552,0.41513809234109195,0.00024660428365071613,0.4626228328241404,0.5355071554047552,0.41513809234109195,0.04472088813781738,0.02961328304559293,0.03879541187818886,0.026537462213417462,0.03912830352783203,0.35230260905201966,0.39603010124630256,0.33619981561589923,0.039035399754842125,0.3524260198786129,0.40407078055973394,0.3172960374289197,0.024239778518676758,0.2479508438579102,0.36730737561285304,0.09492729079322638,0.00911275545756022,0.5707270063967657,0.6226890892887655,0.6117669168639907,0.00825349489847819,0.5087257733574103,0.5663338494789636,0.5102087651055476,0.03799104690551758,0.14043128,0.21644284,0.062149398,0.029653628667195637,0.34983072,0.41411725,0.3093361,0.029047171274820965,0.34983072,0.41411725,0.3093361,0.013823986053466797,0.035234690194619576,0.047580802279112704,0.024786531045285484,0.010690410931905111,0.3403144751082585,0.4003303392329824,0.33817709410045493,0.010251084963480631,0.3299050978646471,0.39130132717717786,0.3345174418898191
