N,Norm,Lambda,Gamma,K,LR_Entire_Time,LR_Entire_MAE,LR_Entire_RMSE,LR_Entire_MAD,LR_Cluster_Time_Avg,LR_Cluster_MAE_Avg,LR_Cluster_RMSE_Avg,LR_Cluster_MAD_Avg,LR_Euc_Time_Avg,LR_Euc_MAE_Avg,LR_Euc_RMSE_Avg,LR_Euc_MAD_Avg,RF_Entire_Time,RF_Entire_MAE,RF_Entire_RMSE,RF_Entire_MAD,RF_Cluster_Time_Avg,RF_Cluster_MAE_Avg,RF_Cluster_RMSE_Avg,RF_Cluster_MAD_Avg,RF_Euc_Time_Avg,RF_Euc_MAE_Avg,RF_Euc_RMSE_Avg,RF_Euc_MAD_Avg,NN_Entire_Time,NN_Entire_MAE,NN_Entire_RMSE,NN_Entire_MAD,NN_Cluster_Time_Avg,NN_Cluster_MAE_Avg,NN_Cluster_RMSE_Avg,NN_Cluster_MAD_Avg,NN_Euc_Time_Avg,NN_Euc_MAE_Avg,NN_Euc_RMSE_Avg,NN_Euc_MAD_Avg,GP_Entire_Time,GP_Entire_MAE,GP_Entire_RMSE,GP_Entire_MAD,GP_Cluster_Time_Avg,GP_Cluster_MAE_Avg,GP_Cluster_RMSE_Avg,GP_Cluster_MAD_Avg,GP_Euc_Time_Avg,GP_Euc_MAE_Avg,GP_Euc_RMSE_Avg,GP_Euc_MAD_Avg,GB_Entire_Time,GB_Entire_MAE,GB_Entire_RMSE,GB_Entire_MAD,GB_Cluster_Time_Avg,GB_Cluster_MAE_Avg,GB_Cluster_RMSE_Avg,GB_Cluster_MAD_Avg,GB_Euc_Time_Avg,GB_Euc_MAE_Avg,GB_Euc_RMSE_Avg,GB_Euc_MAD_Avg
10000,1,0.5,1.0,3,0.0010688304901123047,0.06792803101151079,0.3219772320780228,0.0359716131146422,0.0008080800374348959,0.09673842157375756,0.2759004119682224,0.0602257405304506,0.0007332960764567057,0.1339008915097624,0.3611311607589738,0.0870481855744885,2.4107167720794678,0.04720361774741288,0.23715747165271076,0.01839290030852689,0.7749714056650797,0.08685963337148424,0.24818566317061297,0.043166034225434614,0.7720557848612467,0.09178955906675028,0.34541075357500556,0.038419197676953246,3.0043630599975586,0.07814135422753098,0.2873519952642387,0.031056042357549163,0.6758106549580892,0.0921128512662907,0.2416199866945601,0.0454904064842804,0.6252779960632324,0.12110321109674728,0.34655762334057133,0.05718604488041449,12.528942108154297,0.06968634,0.25752565,0.022127822,1.9988786379496257,0.07675755,0.20857786,0.037476737,1.8006800015767415,0.090935886,0.33377102,0.034792572,0.8903958797454834,0.04879143523168649,0.23695651922270777,0.023290466776537067,0.2988533178965251,0.07982676786013027,0.23690882743177044,0.04375898317522057,0.29837600390116376,0.0852679296371232,0.3232172492088737,0.04211910576713183
