N,Norm,Lambda,Gamma,K,LR_Entire_Time,LR_Entire_MAE,LR_Entire_RMSE,LR_Entire_MAD,LR_Cluster_Time_Avg,LR_Cluster_MAE_Avg,LR_Cluster_RMSE_Avg,LR_Cluster_MAD_Avg,LR_Cluster_MAE_Median,LR_Cluster_RMSE_Median,LR_Cluster_MAD_Median,RF_Entire_Time,RF_Entire_MAE,RF_Entire_RMSE,RF_Entire_MAD,RF_Cluster_Time_Avg,RF_Cluster_MAE_Avg,RF_Cluster_RMSE_Avg,RF_Cluster_MAD_Avg,RF_Cluster_MAE_Median,RF_Cluster_RMSE_Median,RF_Cluster_MAD_Median,NN_Entire_Time,NN_Entire_MAE,NN_Entire_RMSE,NN_Entire_MAD,NN_Cluster_Time_Avg,NN_Cluster_MAE_Avg,NN_Cluster_RMSE_Avg,NN_Cluster_MAD_Avg,NN_Cluster_MAE_Median,NN_Cluster_RMSE_Median,NN_Cluster_MAD_Median,GP_Entire_Time,GP_Entire_MAE,GP_Entire_RMSE,GP_Entire_MAD,GP_Cluster_Time_Avg,GP_Cluster_MAE_Avg,GP_Cluster_RMSE_Avg,GP_Cluster_MAD_Avg,GP_Cluster_MAE_Median,GP_Cluster_RMSE_Median,GP_Cluster_MAD_Median,GB_Entire_Time,GB_Entire_MAE,GB_Entire_RMSE,GB_Entire_MAD,GB_Cluster_Time_Avg,GB_Cluster_MAE_Avg,GB_Cluster_RMSE_Avg,GB_Cluster_MAD_Avg,GB_Cluster_MAE_Median,GB_Cluster_RMSE_Median,GB_Cluster_MAD_Median
10000,2,0.9,0.5,6,0.0011069774627685547,0.0711493164406142,0.34865177023578486,0.037222118158097006,0.0008206764856974283,0.06269860542657803,0.14542439586668385,0.047688694684174214,0.057065815607090106,0.09870767732033764,0.0481879835131466,1.606231927871704,0.0433176443394605,0.21330863009699863,0.017166790801942722,0.21947526931762695,0.03743851399971985,0.1514817656169508,0.017675717944897584,0.03550554518488694,0.13511967830672025,0.017137818338817612,1.8432791233062744,0.07757893007991062,0.3014662352424392,0.03129799103806258,0.2760616938273112,0.06877062894172838,0.18015295384270338,0.029641678199979204,0.06754237613856673,0.18124431440272892,0.02362093020986819,9.383193969726562,0.05994663,0.25197127,0.018785566,0.5675355990727743,0.06260395,0.18808216,0.02475745,0.06059175729751587,0.1916043609380722,0.0241757333278656,0.5874550342559814,0.046020301723614154,0.1952048775082219,0.022916511687970043,0.09090852737426758,0.04083213371798474,0.17001844264052168,0.019513557275223012,0.040460821279449596,0.1541334873803908,0.019387112448969013
