N,Norm,Lambda,Gamma,K,LR_Entire_Time,LR_Entire_MAE,LR_Entire_RMSE,LR_Entire_MAD,LR_Cluster_Time_Avg,LR_Cluster_MAE_Avg,LR_Cluster_RMSE_Avg,LR_Cluster_MAD_Avg,LR_Euc_Time_Avg,LR_Euc_MAE_Avg,LR_Euc_RMSE_Avg,LR_Euc_MAD_Avg,RF_Entire_Time,RF_Entire_MAE,RF_Entire_RMSE,RF_Entire_MAD,RF_Cluster_Time_Avg,RF_Cluster_MAE_Avg,RF_Cluster_RMSE_Avg,RF_Cluster_MAD_Avg,RF_Euc_Time_Avg,RF_Euc_MAE_Avg,RF_Euc_RMSE_Avg,RF_Euc_MAD_Avg,NN_Entire_Time,NN_Entire_MAE,NN_Entire_RMSE,NN_Entire_MAD,NN_Cluster_Time_Avg,NN_Cluster_MAE_Avg,NN_Cluster_RMSE_Avg,NN_Cluster_MAD_Avg,NN_Euc_Time_Avg,NN_Euc_MAE_Avg,NN_Euc_RMSE_Avg,NN_Euc_MAD_Avg,GB_Entire_Time,GB_Entire_MAE,GB_Entire_RMSE,GB_Entire_MAD,GB_Cluster_Time_Avg,GB_Cluster_MAE_Avg,GB_Cluster_RMSE_Avg,GB_Cluster_MAD_Avg,GB_Euc_Time_Avg,GB_Euc_MAE_Avg,GB_Euc_RMSE_Avg,GB_Euc_MAD_Avg
100000,1,0.9,0.5,3,0.0061528682708740234,0.0643103041422581,0.30043950634238437,0.03601264487927863,0.004578828811645508,0.09465387088189753,0.30150522372655003,0.060083243941045715,0.0024144649505615234,0.13700685445944463,0.42404110391471833,0.08132741789522079,25.421571016311646,0.03963920137066515,0.19027138028304327,0.015063308948144949,7.833705345789592,0.07277345943195074,0.25185999188967584,0.034529049346288775,7.600153764088948,0.08384786395349787,0.3362911314460328,0.03303408199581317,13.661344051361084,0.04779861062255219,0.19557077955101304,0.024025615162451275,3.3205482959747314,0.07000835135649534,0.23312810004793524,0.03800255776323592,2.9914984703063965,0.08828945013555532,0.3249811707291528,0.04377337618024302,6.618739128112793,0.04384015529004489,0.19001586233608195,0.02157488316435797,2.144900401433309,0.07329450064269787,0.24410292139902257,0.04186543692830774,2.1384130318959556,0.08429375935975247,0.32987880061243785,0.04067719294935002
