N,Norm,Lambda,Gamma,K,LR_Entire_Time,LR_Entire_MAE,LR_Entire_RMSE,LR_Entire_MAD,LR_Cluster_Time_Avg,LR_Cluster_MAE_Avg,LR_Cluster_RMSE_Avg,LR_Cluster_MAD_Avg,LR_Euc_Time_Avg,LR_Euc_MAE_Avg,LR_Euc_RMSE_Avg,LR_Euc_MAD_Avg,RF_Entire_Time,RF_Entire_MAE,RF_Entire_RMSE,RF_Entire_MAD,RF_Cluster_Time_Avg,RF_Cluster_MAE_Avg,RF_Cluster_RMSE_Avg,RF_Cluster_MAD_Avg,RF_Euc_Time_Avg,RF_Euc_MAE_Avg,RF_Euc_RMSE_Avg,RF_Euc_MAD_Avg,NN_Entire_Time,NN_Entire_MAE,NN_Entire_RMSE,NN_Entire_MAD,NN_Cluster_Time_Avg,NN_Cluster_MAE_Avg,NN_Cluster_RMSE_Avg,NN_Cluster_MAD_Avg,NN_Euc_Time_Avg,NN_Euc_MAE_Avg,NN_Euc_RMSE_Avg,NN_Euc_MAD_Avg,GB_Entire_Time,GB_Entire_MAE,GB_Entire_RMSE,GB_Entire_MAD,GB_Cluster_Time_Avg,GB_Cluster_MAE_Avg,GB_Cluster_RMSE_Avg,GB_Cluster_MAD_Avg,GB_Euc_Time_Avg,GB_Euc_MAE_Avg,GB_Euc_RMSE_Avg,GB_Euc_MAD_Avg
50000,2,0.9,2.0,6,0.003300905227661133,0.06625561675942009,0.3233405659660932,0.03390383380555034,0.001195669174194336,0.17258108353688772,0.39582592319354126,0.12260504357056475,0.0008865197499593099,0.20122471643992257,0.43971392570599005,0.13565499272950057,11.243209838867188,0.04295032872518207,0.21648112293855717,0.01566988802632785,1.6395926078160603,0.14501012585048637,0.3696194889731892,0.08147380776052544,1.5964511632919312,0.14207421982002535,0.40224903642719223,0.06611772463063598,9.421249151229858,0.05858154626376309,0.22987380026929333,0.025343249863553963,0.9097060362497965,0.1251477985765457,0.3431938103444616,0.06802725608406301,0.5747179587682089,0.12529484542444946,0.37232231156371237,0.059721798331401364,3.255707263946533,0.048152962383120244,0.22077192550272984,0.022824623588756338,0.5291785399119059,0.1412471449159929,0.3616575087254809,0.08951947816713442,0.5274676481882731,0.1419244504147417,0.3986187077788242,0.07458878425083455
