N,Norm,Lambda,Gamma,K,LR_Entire_Time,LR_Entire_MAE,LR_Entire_RMSE,LR_Entire_MAD,LR_Cluster_Time_Avg,LR_Cluster_MAE_Avg,LR_Cluster_RMSE_Avg,LR_Cluster_MAD_Avg,LR_Euc_Time_Avg,LR_Euc_MAE_Avg,LR_Euc_RMSE_Avg,LR_Euc_MAD_Avg,RF_Entire_Time,RF_Entire_MAE,RF_Entire_RMSE,RF_Entire_MAD,RF_Cluster_Time_Avg,RF_Cluster_MAE_Avg,RF_Cluster_RMSE_Avg,RF_Cluster_MAD_Avg,RF_Euc_Time_Avg,RF_Euc_MAE_Avg,RF_Euc_RMSE_Avg,RF_Euc_MAD_Avg,NN_Entire_Time,NN_Entire_MAE,NN_Entire_RMSE,NN_Entire_MAD,NN_Cluster_Time_Avg,NN_Cluster_MAE_Avg,NN_Cluster_RMSE_Avg,NN_Cluster_MAD_Avg,NN_Euc_Time_Avg,NN_Euc_MAE_Avg,NN_Euc_RMSE_Avg,NN_Euc_MAD_Avg,GB_Entire_Time,GB_Entire_MAE,GB_Entire_RMSE,GB_Entire_MAD,GB_Cluster_Time_Avg,GB_Cluster_MAE_Avg,GB_Cluster_RMSE_Avg,GB_Cluster_MAD_Avg,GB_Euc_Time_Avg,GB_Euc_MAE_Avg,GB_Euc_RMSE_Avg,GB_Euc_MAD_Avg
50000,2,0.1,2.0,3,0.003226041793823242,0.06625561675942009,0.3233405659660932,0.03390383380555034,0.0016663074493408203,0.09483840000843202,0.30101783662847664,0.05952675784536687,0.0019300778706868489,0.13539184417959435,0.3931635208263831,0.08229257984802939,11.061348915100098,0.04275230855729178,0.21619438988142195,0.015828487951535353,3.3942387104034424,0.07606600904860551,0.26608312970490333,0.035974885611934106,3.3159801959991455,0.08558257392523255,0.3192080209439123,0.03547881078485394,10.849612951278687,0.05362436347709377,0.23294633794828312,0.02238041605506741,1.9413939317067463,0.07788289753415935,0.2601033655654512,0.038080688238740466,2.011511246363322,0.09091837386671951,0.3063896161654616,0.03930539232025524,3.1913890838623047,0.048109577277076605,0.2204851469893688,0.022824623588756254,1.048242410024007,0.07569433482334618,0.26140889899521497,0.04273537443033281,1.045474370320638,0.08727212861997242,0.31595227321949326,0.0423946776725883
