N,Norm,Lambda,Gamma,K,LR_Entire_Time,LR_Entire_MAE,LR_Entire_RMSE,LR_Entire_MAD,LR_Cluster_Time_Avg,LR_Cluster_MAE_Avg,LR_Cluster_RMSE_Avg,LR_Cluster_MAD_Avg,LR_Euc_Time_Avg,LR_Euc_MAE_Avg,LR_Euc_RMSE_Avg,LR_Euc_MAD_Avg,RF_Entire_Time,RF_Entire_MAE,RF_Entire_RMSE,RF_Entire_MAD,RF_Cluster_Time_Avg,RF_Cluster_MAE_Avg,RF_Cluster_RMSE_Avg,RF_Cluster_MAD_Avg,RF_Euc_Time_Avg,RF_Euc_MAE_Avg,RF_Euc_RMSE_Avg,RF_Euc_MAD_Avg,NN_Entire_Time,NN_Entire_MAE,NN_Entire_RMSE,NN_Entire_MAD,NN_Cluster_Time_Avg,NN_Cluster_MAE_Avg,NN_Cluster_RMSE_Avg,NN_Cluster_MAD_Avg,NN_Euc_Time_Avg,NN_Euc_MAE_Avg,NN_Euc_RMSE_Avg,NN_Euc_MAD_Avg,GP_Entire_Time,GP_Entire_MAE,GP_Entire_RMSE,GP_Entire_MAD,GP_Cluster_Time_Avg,GP_Cluster_MAE_Avg,GP_Cluster_RMSE_Avg,GP_Cluster_MAD_Avg,GP_Euc_Time_Avg,GP_Euc_MAE_Avg,GP_Euc_RMSE_Avg,GP_Euc_MAD_Avg,GB_Entire_Time,GB_Entire_MAE,GB_Entire_RMSE,GB_Entire_MAD,GB_Cluster_Time_Avg,GB_Cluster_MAE_Avg,GB_Cluster_RMSE_Avg,GB_Cluster_MAD_Avg,GB_Euc_Time_Avg,GB_Euc_MAE_Avg,GB_Euc_RMSE_Avg,GB_Euc_MAD_Avg
1000,1,0.5,1.0,4,0.0003249645233154297,0.03174555839505721,0.043465480669550194,0.023354845822268516,0.0002945065498352051,0.09382534242809296,0.13102556231420276,0.07650186720028314,0.00030052661895751953,0.11933357968464367,0.15914693815912323,0.09691046142812622,0.14057588577270508,0.027258701292045103,0.036126940462206845,0.021672584024346922,0.060143232345581055,0.09863245168428085,0.14883839317193467,0.06802601890893661,0.05882686376571655,0.07556888686794153,0.10984417539886177,0.0520333350431976,0.052941083908081055,0.057774060786465437,0.07886869783162587,0.050538608501694504,0.03953957557678223,0.12441697495928725,0.18252353315362507,0.08707860979640938,0.032724738121032715,0.12356132117086993,0.1943981277519947,0.07804562814605712,0.19451379776000977,0.047523502,0.08538143,0.030398354,0.058551251888275146,0.103373095,0.17265856,0.06926249,0.04971569776535034,0.10506934,0.17928883,0.0619057,0.06334114074707031,0.022999862905908247,0.029856126481691964,0.01989618115551464,0.02260589599609375,0.09091940401666332,0.13301844312649239,0.06306163766529514,0.022140026092529297,0.07407741538153141,0.11119826726990746,0.05209332395753277
