N,Norm,Lambda,Gamma,K,LR_Entire_Time,LR_Entire_MAE,LR_Entire_RMSE,LR_Entire_MAD,LR_Cluster_Time_Avg,LR_Cluster_MAE_Avg,LR_Cluster_RMSE_Avg,LR_Cluster_MAD_Avg,LR_Euc_Time_Avg,LR_Euc_MAE_Avg,LR_Euc_RMSE_Avg,LR_Euc_MAD_Avg,RF_Entire_Time,RF_Entire_MAE,RF_Entire_RMSE,RF_Entire_MAD,RF_Cluster_Time_Avg,RF_Cluster_MAE_Avg,RF_Cluster_RMSE_Avg,RF_Cluster_MAD_Avg,RF_Euc_Time_Avg,RF_Euc_MAE_Avg,RF_Euc_RMSE_Avg,RF_Euc_MAD_Avg,NN_Entire_Time,NN_Entire_MAE,NN_Entire_RMSE,NN_Entire_MAD,NN_Cluster_Time_Avg,NN_Cluster_MAE_Avg,NN_Cluster_RMSE_Avg,NN_Cluster_MAD_Avg,NN_Euc_Time_Avg,NN_Euc_MAE_Avg,NN_Euc_RMSE_Avg,NN_Euc_MAD_Avg,GP_Entire_Time,GP_Entire_MAE,GP_Entire_RMSE,GP_Entire_MAD,GP_Cluster_Time_Avg,GP_Cluster_MAE_Avg,GP_Cluster_RMSE_Avg,GP_Cluster_MAD_Avg,GP_Euc_Time_Avg,GP_Euc_MAE_Avg,GP_Euc_RMSE_Avg,GP_Euc_MAD_Avg,GB_Entire_Time,GB_Entire_MAE,GB_Entire_RMSE,GB_Entire_MAD,GB_Cluster_Time_Avg,GB_Cluster_MAE_Avg,GB_Cluster_RMSE_Avg,GB_Cluster_MAD_Avg,GB_Euc_Time_Avg,GB_Euc_MAE_Avg,GB_Euc_RMSE_Avg,GB_Euc_MAD_Avg
10000,1,0.9,0.5,6,0.0012769699096679688,0.06792803101151079,0.3219772320780228,0.0359716131146422,0.0005098183949788412,0.15259791489141525,0.3365610805372525,0.10496233119876379,0.0005906820297241211,0.18291379200091848,0.33942034202576615,0.13675693104402126,2.5504980087280273,0.04595143839910354,0.23617954040876749,0.017910171412663514,0.3803004026412964,0.15256486267226474,0.37799930760501715,0.08048061926365951,0.3778376579284668,0.13209434369496903,0.3055935801109826,0.07364891963276432,2.330826997756958,0.07782791943329613,0.28548125386857853,0.03169435816829627,0.3065275351206462,0.1317862430179511,0.3040676081244149,0.0714836953338876,0.2524835268656413,0.13992305233162483,0.3109309104492381,0.07278588960514941,12.945152044296265,0.07000641,0.2601071,0.021455124,0.6044177611668905,0.123351015,0.27850637,0.069418274,0.6901707251866659,0.1289304,0.30290934,0.06945144,0.8930759429931641,0.04883387095726966,0.23735340320038703,0.023290466776537067,0.1521827777226766,0.14484927219778443,0.37865587952463603,0.07610403958279309,0.15235586961110434,0.13024475378506048,0.31820601054807457,0.0726520080905269
