N,Norm,Lambda,Gamma,K,LR_Entire_Time,LR_Entire_MAE,LR_Entire_RMSE,LR_Entire_MAD,LR_Cluster_Time_Avg,LR_Cluster_MAE_Avg,LR_Cluster_RMSE_Avg,LR_Cluster_MAD_Avg,LR_Euc_Time_Avg,LR_Euc_MAE_Avg,LR_Euc_RMSE_Avg,LR_Euc_MAD_Avg,RF_Entire_Time,RF_Entire_MAE,RF_Entire_RMSE,RF_Entire_MAD,RF_Cluster_Time_Avg,RF_Cluster_MAE_Avg,RF_Cluster_RMSE_Avg,RF_Cluster_MAD_Avg,RF_Euc_Time_Avg,RF_Euc_MAE_Avg,RF_Euc_RMSE_Avg,RF_Euc_MAD_Avg,NN_Entire_Time,NN_Entire_MAE,NN_Entire_RMSE,NN_Entire_MAD,NN_Cluster_Time_Avg,NN_Cluster_MAE_Avg,NN_Cluster_RMSE_Avg,NN_Cluster_MAD_Avg,NN_Euc_Time_Avg,NN_Euc_MAE_Avg,NN_Euc_RMSE_Avg,NN_Euc_MAD_Avg,GP_Entire_Time,GP_Entire_MAE,GP_Entire_RMSE,GP_Entire_MAD,GP_Cluster_Time_Avg,GP_Cluster_MAE_Avg,GP_Cluster_RMSE_Avg,GP_Cluster_MAD_Avg,GP_Euc_Time_Avg,GP_Euc_MAE_Avg,GP_Euc_RMSE_Avg,GP_Euc_MAD_Avg,GB_Entire_Time,GB_Entire_MAE,GB_Entire_RMSE,GB_Entire_MAD,GB_Cluster_Time_Avg,GB_Cluster_MAE_Avg,GB_Cluster_RMSE_Avg,GB_Cluster_MAD_Avg,GB_Euc_Time_Avg,GB_Euc_MAE_Avg,GB_Euc_RMSE_Avg,GB_Euc_MAD_Avg
1000,2,0.9,0.5,3,0.0004379749298095703,0.03174555839505721,0.043465480669550194,0.023354845822268516,0.0004493395487467448,0.07452498042771533,0.10859604046442277,0.05252846897306126,0.00038631757100423175,0.1329384955209603,0.48559749515247447,0.06925113678467147,0.1441957950592041,0.02709895497698559,0.03587190118354261,0.021566940004578775,0.0696115493774414,0.06841261288624804,0.10492895128805856,0.04379684151646038,0.06658625602722168,0.09249731083203334,0.21912312631570194,0.054258619795802265,0.06015801429748535,0.05100154339015088,0.06883804227944872,0.03981956122935615,0.052878379821777344,0.08447150772642338,0.13254133006990607,0.05369317157402129,0.06332993507385254,0.1494140663108377,0.503622579635206,0.06380068451132852,0.24707484245300293,0.047523502,0.08538143,0.030398354,0.07093993822733562,0.09565455,0.1672859,0.052626017,0.06615328788757324,0.1241591,0.38527405,0.052032042,0.06432390213012695,0.02293585032655135,0.0298471843049747,0.019598714559076302,0.02713433901468913,0.07009515138482371,0.10070879112827363,0.05123504179223298,0.026830514272054035,0.07292035183985063,0.10818466138928413,0.051314196179049865
