N,Norm,Lambda,Gamma,K,LR_Entire_Time,LR_Entire_MAE,LR_Entire_RMSE,LR_Entire_MAD,LR_Cluster_Time_Avg,LR_Cluster_MAE_Avg,LR_Cluster_RMSE_Avg,LR_Cluster_MAD_Avg,LR_Euc_Time_Avg,LR_Euc_MAE_Avg,LR_Euc_RMSE_Avg,LR_Euc_MAD_Avg,RF_Entire_Time,RF_Entire_MAE,RF_Entire_RMSE,RF_Entire_MAD,RF_Cluster_Time_Avg,RF_Cluster_MAE_Avg,RF_Cluster_RMSE_Avg,RF_Cluster_MAD_Avg,RF_Euc_Time_Avg,RF_Euc_MAE_Avg,RF_Euc_RMSE_Avg,RF_Euc_MAD_Avg,NN_Entire_Time,NN_Entire_MAE,NN_Entire_RMSE,NN_Entire_MAD,NN_Cluster_Time_Avg,NN_Cluster_MAE_Avg,NN_Cluster_RMSE_Avg,NN_Cluster_MAD_Avg,NN_Euc_Time_Avg,NN_Euc_MAE_Avg,NN_Euc_RMSE_Avg,NN_Euc_MAD_Avg,GP_Entire_Time,GP_Entire_MAE,GP_Entire_RMSE,GP_Entire_MAD,GP_Cluster_Time_Avg,GP_Cluster_MAE_Avg,GP_Cluster_RMSE_Avg,GP_Cluster_MAD_Avg,GP_Euc_Time_Avg,GP_Euc_MAE_Avg,GP_Euc_RMSE_Avg,GP_Euc_MAD_Avg,GB_Entire_Time,GB_Entire_MAE,GB_Entire_RMSE,GB_Entire_MAD,GB_Cluster_Time_Avg,GB_Cluster_MAE_Avg,GB_Cluster_RMSE_Avg,GB_Cluster_MAD_Avg,GB_Euc_Time_Avg,GB_Euc_MAE_Avg,GB_Euc_RMSE_Avg,GB_Euc_MAD_Avg
100,1,0.9,1.0,4,0.0003859996795654297,0.19598571368711998,0.2658167496676893,0.12690348231686688,0.000308990478515625,0.20608208184274573,0.28054223856080396,0.15403454944364975,0.00025975704193115234,0.2636792202538578,0.27544820109858575,0.2646526185300492,0.04443502426147461,0.035290998243252644,0.0437875916926825,0.032125463869512316,0.03957873582839966,0.3083107539741468,0.39383265537081963,0.24380462721151322,0.04041951894760132,0.38632696638663294,0.5637148909502282,0.1667162768153904,0.024065017700195312,0.2430100105998291,0.3595175141343365,0.13592067088102797,0.009919881820678711,0.2668676810835405,0.3213635600527019,0.22724768542624674,0.009424269199371338,0.16993670789316,0.21437982529898986,0.11994338952601896,0.037584781646728516,0.14043128,0.21644284,0.062149398,0.03190642595291138,0.48863697,0.55369157,0.4811833,0.028980135917663574,0.54975957,0.67998046,0.4185274,0.014925956726074219,0.03514748265883052,0.047474512905749534,0.02389865190063803,0.011199712753295898,0.21949958817438467,0.26852143198555734,0.19519265171202616,0.010713577270507812,0.4356230837855778,0.6899020143578561,0.10376464421607329
