N,Norm,Lambda,Gamma,K,LR_Entire_Time,LR_Entire_MAE,LR_Entire_RMSE,LR_Entire_MAD,LR_Cluster_Time_Avg,LR_Cluster_MAE_Avg,LR_Cluster_RMSE_Avg,LR_Cluster_MAD_Avg,LR_Euc_Time_Avg,LR_Euc_MAE_Avg,LR_Euc_RMSE_Avg,LR_Euc_MAD_Avg,RF_Entire_Time,RF_Entire_MAE,RF_Entire_RMSE,RF_Entire_MAD,RF_Cluster_Time_Avg,RF_Cluster_MAE_Avg,RF_Cluster_RMSE_Avg,RF_Cluster_MAD_Avg,RF_Euc_Time_Avg,RF_Euc_MAE_Avg,RF_Euc_RMSE_Avg,RF_Euc_MAD_Avg,NN_Entire_Time,NN_Entire_MAE,NN_Entire_RMSE,NN_Entire_MAD,NN_Cluster_Time_Avg,NN_Cluster_MAE_Avg,NN_Cluster_RMSE_Avg,NN_Cluster_MAD_Avg,NN_Euc_Time_Avg,NN_Euc_MAE_Avg,NN_Euc_RMSE_Avg,NN_Euc_MAD_Avg,GP_Entire_Time,GP_Entire_MAE,GP_Entire_RMSE,GP_Entire_MAD,GP_Cluster_Time_Avg,GP_Cluster_MAE_Avg,GP_Cluster_RMSE_Avg,GP_Cluster_MAD_Avg,GP_Euc_Time_Avg,GP_Euc_MAE_Avg,GP_Euc_RMSE_Avg,GP_Euc_MAD_Avg,GB_Entire_Time,GB_Entire_MAE,GB_Entire_RMSE,GB_Entire_MAD,GB_Cluster_Time_Avg,GB_Cluster_MAE_Avg,GB_Cluster_RMSE_Avg,GB_Cluster_MAD_Avg,GB_Euc_Time_Avg,GB_Euc_MAE_Avg,GB_Euc_RMSE_Avg,GB_Euc_MAD_Avg
10000,2,0.1,0.5,6,0.0008099079132080078,0.06792803101151079,0.3219772320780228,0.0359716131146422,0.0004001458485921224,0.1506750907335291,0.3265600166461726,0.10680814009949792,0.00036966800689697266,0.18291379200091848,0.33942034202576615,0.13675693104402126,1.715385913848877,0.046482868790956866,0.23263059534719932,0.01827180806568085,0.2646963993708293,0.14759764349814913,0.3630772830385836,0.07893851649758045,0.26505319277445477,0.13217849633960868,0.3093477244224464,0.07355609081516308,1.9422798156738281,0.07498406654682413,0.278516551948486,0.030246360259538085,0.22736438115437826,0.13161362028632825,0.30443729047741996,0.07221661803467294,0.14757704734802246,0.14325390142274527,0.310683446934157,0.07911308068087976,9.209728002548218,0.07076902,0.2577642,0.024489075,0.4241761366526286,0.124067664,0.29579088,0.06802959,0.4646880229314168,0.12883581,0.3027322,0.06912663,0.6327369213104248,0.04870811355110102,0.23667653050629264,0.023290466776537094,0.10692203044891357,0.14576092570609492,0.3832900751557487,0.07717605678533755,0.107148011525472,0.1294304382252703,0.3169832974973221,0.07225607748767973
