N,Norm,Lambda,Gamma,K,LR_Entire_Time,LR_Entire_MAE,LR_Entire_RMSE,LR_Entire_MAD,LR_Cluster_Time_Avg,LR_Cluster_MAE_Avg,LR_Cluster_RMSE_Avg,LR_Cluster_MAD_Avg,LR_Euc_Time_Avg,LR_Euc_MAE_Avg,LR_Euc_RMSE_Avg,LR_Euc_MAD_Avg,RF_Entire_Time,RF_Entire_MAE,RF_Entire_RMSE,RF_Entire_MAD,RF_Cluster_Time_Avg,RF_Cluster_MAE_Avg,RF_Cluster_RMSE_Avg,RF_Cluster_MAD_Avg,RF_Euc_Time_Avg,RF_Euc_MAE_Avg,RF_Euc_RMSE_Avg,RF_Euc_MAD_Avg,NN_Entire_Time,NN_Entire_MAE,NN_Entire_RMSE,NN_Entire_MAD,NN_Cluster_Time_Avg,NN_Cluster_MAE_Avg,NN_Cluster_RMSE_Avg,NN_Cluster_MAD_Avg,NN_Euc_Time_Avg,NN_Euc_MAE_Avg,NN_Euc_RMSE_Avg,NN_Euc_MAD_Avg,GB_Entire_Time,GB_Entire_MAE,GB_Entire_RMSE,GB_Entire_MAD,GB_Cluster_Time_Avg,GB_Cluster_MAE_Avg,GB_Cluster_RMSE_Avg,GB_Cluster_MAD_Avg,GB_Euc_Time_Avg,GB_Euc_MAE_Avg,GB_Euc_RMSE_Avg,GB_Euc_MAD_Avg
100000,2,0.9,2.0,6,0.006202220916748047,0.0643103041422581,0.30043950634238437,0.03601264487927863,0.0015308062235514324,0.16764776785176197,0.3929271346255098,0.12132528962183631,0.001357118288675944,0.19833764315984814,0.4302280975120915,0.13404918249230613,25.384782791137695,0.0396473034638944,0.1915486631606981,0.014921421160464854,3.6559098958969116,0.13753803815171675,0.3688294073760152,0.07580973040601717,3.6216864585876465,0.14179049885439368,0.4092484835476122,0.06215777757218461,14.505035161972046,0.042088923508948904,0.19150489029403625,0.016513489841178064,1.3204420804977417,0.11542261536900722,0.3408010371861552,0.06422110444283248,0.83540940284729,0.12556958397371054,0.3637347236279013,0.062420515290652366,6.586366891860962,0.04386961436761833,0.19113945262077098,0.021572383600055877,1.0634557008743286,0.13568945038123664,0.36019710113740294,0.08670039947087833,1.0655958652496338,0.13878377621124313,0.3930001924162057,0.07077793662643041
