N,Norm,Lambda,Gamma,K,LR_Entire_Time,LR_Entire_MAE,LR_Entire_RMSE,LR_Entire_MAD,LR_Cluster_Time_Avg,LR_Cluster_MAE_Avg,LR_Cluster_RMSE_Avg,LR_Cluster_MAD_Avg,LR_Euc_Time_Avg,LR_Euc_MAE_Avg,LR_Euc_RMSE_Avg,LR_Euc_MAD_Avg,RF_Entire_Time,RF_Entire_MAE,RF_Entire_RMSE,RF_Entire_MAD,RF_Cluster_Time_Avg,RF_Cluster_MAE_Avg,RF_Cluster_RMSE_Avg,RF_Cluster_MAD_Avg,RF_Euc_Time_Avg,RF_Euc_MAE_Avg,RF_Euc_RMSE_Avg,RF_Euc_MAD_Avg,NN_Entire_Time,NN_Entire_MAE,NN_Entire_RMSE,NN_Entire_MAD,NN_Cluster_Time_Avg,NN_Cluster_MAE_Avg,NN_Cluster_RMSE_Avg,NN_Cluster_MAD_Avg,NN_Euc_Time_Avg,NN_Euc_MAE_Avg,NN_Euc_RMSE_Avg,NN_Euc_MAD_Avg,GP_Entire_Time,GP_Entire_MAE,GP_Entire_RMSE,GP_Entire_MAD,GP_Cluster_Time_Avg,GP_Cluster_MAE_Avg,GP_Cluster_RMSE_Avg,GP_Cluster_MAD_Avg,GP_Euc_Time_Avg,GP_Euc_MAE_Avg,GP_Euc_RMSE_Avg,GP_Euc_MAD_Avg,GB_Entire_Time,GB_Entire_MAE,GB_Entire_RMSE,GB_Entire_MAD,GB_Cluster_Time_Avg,GB_Cluster_MAE_Avg,GB_Cluster_RMSE_Avg,GB_Cluster_MAD_Avg,GB_Euc_Time_Avg,GB_Euc_MAE_Avg,GB_Euc_RMSE_Avg,GB_Euc_MAD_Avg
100,1,0.5,1.0,4,0.00032782554626464844,0.19598571368711998,0.2658167496676893,0.12690348231686688,0.00028896331787109375,0.20608208184274573,0.28054223856080396,0.15403454944364975,0.00025653839111328125,0.2636792202538578,0.27544820109858575,0.2646526185300492,0.04434990882873535,0.034254616521452216,0.042484480663286486,0.03172340402462489,0.03958028554916382,0.3065812177857348,0.3864241292407581,0.2568751433125159,0.03861546516418457,0.3746437819068612,0.5534231121544135,0.1513965098710145,0.025207996368408203,0.26107914254802206,0.3784442642176581,0.12244355511371996,0.010288655757904053,0.353157361401022,0.4109808399305828,0.2897189699023834,0.01062476634979248,0.25278811259165324,0.29914763544205986,0.2810406508614419,0.03796982765197754,0.14043128,0.21644284,0.062149398,0.030727028846740723,0.48863697,0.55369157,0.4811833,0.029706299304962158,0.54975957,0.67998046,0.4185274,0.014297246932983398,0.038090390161478346,0.05437792319925472,0.02389865190063803,0.010885417461395264,0.21623747557679684,0.26333973359789264,0.19640555950813954,0.01075601577758789,0.41493347233597994,0.6667899192776904,0.09649299295910314
