N,Norm,Lambda,Gamma,K,LR_Entire_Time,LR_Entire_MAE,LR_Entire_RMSE,LR_Entire_MAD,LR_Cluster_Time_Avg,LR_Cluster_MAE_Avg,LR_Cluster_RMSE_Avg,LR_Cluster_MAD_Avg,LR_Euc_Time_Avg,LR_Euc_MAE_Avg,LR_Euc_RMSE_Avg,LR_Euc_MAD_Avg,RF_Entire_Time,RF_Entire_MAE,RF_Entire_RMSE,RF_Entire_MAD,RF_Cluster_Time_Avg,RF_Cluster_MAE_Avg,RF_Cluster_RMSE_Avg,RF_Cluster_MAD_Avg,RF_Euc_Time_Avg,RF_Euc_MAE_Avg,RF_Euc_RMSE_Avg,RF_Euc_MAD_Avg,NN_Entire_Time,NN_Entire_MAE,NN_Entire_RMSE,NN_Entire_MAD,NN_Cluster_Time_Avg,NN_Cluster_MAE_Avg,NN_Cluster_RMSE_Avg,NN_Cluster_MAD_Avg,NN_Euc_Time_Avg,NN_Euc_MAE_Avg,NN_Euc_RMSE_Avg,NN_Euc_MAD_Avg,GP_Entire_Time,GP_Entire_MAE,GP_Entire_RMSE,GP_Entire_MAD,GP_Cluster_Time_Avg,GP_Cluster_MAE_Avg,GP_Cluster_RMSE_Avg,GP_Cluster_MAD_Avg,GP_Euc_Time_Avg,GP_Euc_MAE_Avg,GP_Euc_RMSE_Avg,GP_Euc_MAD_Avg,GB_Entire_Time,GB_Entire_MAE,GB_Entire_RMSE,GB_Entire_MAD,GB_Cluster_Time_Avg,GB_Cluster_MAE_Avg,GB_Cluster_RMSE_Avg,GB_Cluster_MAD_Avg,GB_Euc_Time_Avg,GB_Euc_MAE_Avg,GB_Euc_RMSE_Avg,GB_Euc_MAD_Avg
100,1,0.1,0.5,7,0.0003681182861328125,0.19598571368711998,0.2658167496676893,0.12690348231686688,0.0003498622349330357,0.8051280140671405,0.8813763482494312,0.782391666866949,0.0003379753657749721,3.464056694251362,4.825607233579463,3.458347885607932,0.04590487480163574,0.03922495846724721,0.045703115119337466,0.03406845903214206,0.040184225354875834,0.42002299895850304,0.4816350815362762,0.3997781042993183,0.038970232009887695,3.4157855999430184,4.679070183880959,3.419437236615519,0.025227069854736328,0.17619482647255413,0.2582691262849699,0.08300698230215638,0.010244710104806083,0.5041428279491861,0.5720014007784027,0.4355197500588201,0.009862116404942103,3.4695534777200256,4.766011961600244,3.414202484783647,0.03545999526977539,0.14043128,0.21644284,0.062149398,0.03024867602757045,0.47487572,0.59043974,0.37599114,0.028477770941598073,3.3999727,4.7306705,3.366795,0.014451980590820312,0.03490743544173017,0.047676971551275725,0.023898651900638015,0.010278497423444475,0.35726906705299016,0.41524430313758237,0.37484240929053575,0.01021167210170201,3.418741940444858,4.6492844799685455,3.4550690155844075
