N,Norm,Lambda,Gamma,K,LR_Entire_Time,LR_Entire_MAE,LR_Entire_RMSE,LR_Entire_MAD,LR_Cluster_Time_Avg,LR_Cluster_MAE_Avg,LR_Cluster_RMSE_Avg,LR_Cluster_MAD_Avg,LR_Euc_Time_Avg,LR_Euc_MAE_Avg,LR_Euc_RMSE_Avg,LR_Euc_MAD_Avg,RF_Entire_Time,RF_Entire_MAE,RF_Entire_RMSE,RF_Entire_MAD,RF_Cluster_Time_Avg,RF_Cluster_MAE_Avg,RF_Cluster_RMSE_Avg,RF_Cluster_MAD_Avg,RF_Euc_Time_Avg,RF_Euc_MAE_Avg,RF_Euc_RMSE_Avg,RF_Euc_MAD_Avg,NN_Entire_Time,NN_Entire_MAE,NN_Entire_RMSE,NN_Entire_MAD,NN_Cluster_Time_Avg,NN_Cluster_MAE_Avg,NN_Cluster_RMSE_Avg,NN_Cluster_MAD_Avg,NN_Euc_Time_Avg,NN_Euc_MAE_Avg,NN_Euc_RMSE_Avg,NN_Euc_MAD_Avg,GP_Entire_Time,GP_Entire_MAE,GP_Entire_RMSE,GP_Entire_MAD,GP_Cluster_Time_Avg,GP_Cluster_MAE_Avg,GP_Cluster_RMSE_Avg,GP_Cluster_MAD_Avg,GP_Euc_Time_Avg,GP_Euc_MAE_Avg,GP_Euc_RMSE_Avg,GP_Euc_MAD_Avg,GB_Entire_Time,GB_Entire_MAE,GB_Entire_RMSE,GB_Entire_MAD,GB_Cluster_Time_Avg,GB_Cluster_MAE_Avg,GB_Cluster_RMSE_Avg,GB_Cluster_MAD_Avg,GB_Euc_Time_Avg,GB_Euc_MAE_Avg,GB_Euc_RMSE_Avg,GB_Euc_MAD_Avg
5000,2,0.9,2.0,5,0.0006482601165771484,0.06606716257040125,0.2627241057286416,0.044473382092633296,0.00044946670532226564,0.14892705451847657,0.399186523376894,0.09814376816453359,0.00030760765075683595,0.18805691562304158,0.4693379241917447,0.1169846877214776,0.7827279567718506,0.04252011689295645,0.19747559948434248,0.020013727594142383,0.16287460327148437,0.12809298284264314,0.39593885477734814,0.06881620420742274,0.15922918319702148,0.1841020707909303,0.5931150108202834,0.06804941639964375,0.9488089084625244,0.08180694289724798,0.24741699309024176,0.04296045459432429,0.11622238159179688,0.14655001559112002,0.39766254029742354,0.07275731878114047,0.09946341514587402,0.1716714324788764,0.46129250026993296,0.07637030755669108,2.8495218753814697,0.07465646,0.24581294,0.0278707,0.18629794120788573,0.1255135,0.37540835,0.062184878,0.1926300048828125,0.1702378,0.5019008,0.067538604,0.30516910552978516,0.04396218819732153,0.1904379076498436,0.02448690356161353,0.06671271324157715,0.12337870043631693,0.40542520899382284,0.06314130268145085,0.0659210205078125,0.17883829521443304,0.5948016261497593,0.06658663377295296
