N,Norm,Lambda,Gamma,K,LR_Entire_Time,LR_Entire_MAE,LR_Entire_RMSE,LR_Entire_MAD,LR_Cluster_Time_Avg,LR_Cluster_MAE_Avg,LR_Cluster_RMSE_Avg,LR_Cluster_MAD_Avg,LR_Euc_Time_Avg,LR_Euc_MAE_Avg,LR_Euc_RMSE_Avg,LR_Euc_MAD_Avg,RF_Entire_Time,RF_Entire_MAE,RF_Entire_RMSE,RF_Entire_MAD,RF_Cluster_Time_Avg,RF_Cluster_MAE_Avg,RF_Cluster_RMSE_Avg,RF_Cluster_MAD_Avg,RF_Euc_Time_Avg,RF_Euc_MAE_Avg,RF_Euc_RMSE_Avg,RF_Euc_MAD_Avg,NN_Entire_Time,NN_Entire_MAE,NN_Entire_RMSE,NN_Entire_MAD,NN_Cluster_Time_Avg,NN_Cluster_MAE_Avg,NN_Cluster_RMSE_Avg,NN_Cluster_MAD_Avg,NN_Euc_Time_Avg,NN_Euc_MAE_Avg,NN_Euc_RMSE_Avg,NN_Euc_MAD_Avg,GP_Entire_Time,GP_Entire_MAE,GP_Entire_RMSE,GP_Entire_MAD,GP_Cluster_Time_Avg,GP_Cluster_MAE_Avg,GP_Cluster_RMSE_Avg,GP_Cluster_MAD_Avg,GP_Euc_Time_Avg,GP_Euc_MAE_Avg,GP_Euc_RMSE_Avg,GP_Euc_MAD_Avg,GB_Entire_Time,GB_Entire_MAE,GB_Entire_RMSE,GB_Entire_MAD,GB_Cluster_Time_Avg,GB_Cluster_MAE_Avg,GB_Cluster_RMSE_Avg,GB_Cluster_MAD_Avg,GB_Euc_Time_Avg,GB_Euc_MAE_Avg,GB_Euc_RMSE_Avg,GB_Euc_MAD_Avg
5000,1,0.1,2.0,4,0.0007278919219970703,0.06606716257040125,0.2627241057286416,0.044473382092633296,0.0003720521926879883,0.12932281660197595,0.36209258624243645,0.08155493542861761,0.0003147125244140625,0.18254281304083378,0.5535900442820251,0.10327444653981978,0.7740027904510498,0.0427354384675046,0.2009758487249639,0.02034636188982797,0.19760942459106445,0.11837877740629914,0.36130500312880326,0.059854696163609195,0.19152379035949707,0.14000479730399393,0.5217243045790708,0.0520578725612036,0.8567850589752197,0.07440160220244227,0.24870325835947957,0.03472530641016362,0.1736355423927307,0.12267446127155046,0.3470291014406225,0.06029329295905554,0.11946487426757812,0.1598285240624046,0.5294282116850907,0.06178092787313504,2.7952990531921387,0.07513832,0.24538521,0.029462107,0.266094446182251,0.11555846,0.34028366,0.055922776,0.255046010017395,0.15037228,0.5649056,0.046905257,0.311816930770874,0.04375367845806808,0.18639275419807813,0.024486903561613503,0.0809970498085022,0.11224327983523696,0.352437974779797,0.0577395959010497,0.0824960470199585,0.13102990113158045,0.5160544388316672,0.04814177261346292
