N,Norm,Lambda,Gamma,K,LR_Entire_Time,LR_Entire_MAE,LR_Entire_RMSE,LR_Entire_MAD,LR_Cluster_Time_Avg,LR_Cluster_MAE_Avg,LR_Cluster_RMSE_Avg,LR_Cluster_MAD_Avg,LR_Euc_Time_Avg,LR_Euc_MAE_Avg,LR_Euc_RMSE_Avg,LR_Euc_MAD_Avg,RF_Entire_Time,RF_Entire_MAE,RF_Entire_RMSE,RF_Entire_MAD,RF_Cluster_Time_Avg,RF_Cluster_MAE_Avg,RF_Cluster_RMSE_Avg,RF_Cluster_MAD_Avg,RF_Euc_Time_Avg,RF_Euc_MAE_Avg,RF_Euc_RMSE_Avg,RF_Euc_MAD_Avg,NN_Entire_Time,NN_Entire_MAE,NN_Entire_RMSE,NN_Entire_MAD,NN_Cluster_Time_Avg,NN_Cluster_MAE_Avg,NN_Cluster_RMSE_Avg,NN_Cluster_MAD_Avg,NN_Euc_Time_Avg,NN_Euc_MAE_Avg,NN_Euc_RMSE_Avg,NN_Euc_MAD_Avg,GB_Entire_Time,GB_Entire_MAE,GB_Entire_RMSE,GB_Entire_MAD,GB_Cluster_Time_Avg,GB_Cluster_MAE_Avg,GB_Cluster_RMSE_Avg,GB_Cluster_MAD_Avg,GB_Euc_Time_Avg,GB_Euc_MAE_Avg,GB_Euc_RMSE_Avg,GB_Euc_MAD_Avg
100000,1,0.9,0.5,6,0.00742793083190918,0.0643103041422581,0.30043950634238437,0.03601264487927863,0.0016989707946777344,0.16764776785176197,0.3929271346255098,0.12132528962183631,0.001465121905008952,0.19833764315984814,0.4302280975120915,0.13404918249230613,25.905070066452026,0.039565905965515694,0.1917191725945108,0.014934756478855643,3.6602487564086914,0.13844566748394901,0.3711459916174899,0.07607903393038841,3.602868358294169,0.14230865602251794,0.4124119180241532,0.06197397712284238,12.792232990264893,0.043365077325547535,0.1960598377875313,0.015463308104122997,1.3987108866373699,0.12004613471196417,0.34155943268945294,0.07027785409434079,0.7638121048609415,0.12303182147299323,0.36339297221892775,0.0585985913843022,6.6073479652404785,0.04387455369853747,0.19041373926516275,0.021574883164357968,1.065885027249654,0.13561820813750283,0.36001399536653844,0.08670237811405934,1.063176115353902,0.1385590344913045,0.3923942751722273,0.07077462343795125
