N,Norm,Lambda,Gamma,K,LR_Entire_Time,LR_Entire_MAE,LR_Entire_RMSE,LR_Entire_MAD,LR_Cluster_Time_Avg,LR_Cluster_MAE_Avg,LR_Cluster_RMSE_Avg,LR_Cluster_MAD_Avg,LR_Euc_Time_Avg,LR_Euc_MAE_Avg,LR_Euc_RMSE_Avg,LR_Euc_MAD_Avg,RF_Entire_Time,RF_Entire_MAE,RF_Entire_RMSE,RF_Entire_MAD,RF_Cluster_Time_Avg,RF_Cluster_MAE_Avg,RF_Cluster_RMSE_Avg,RF_Cluster_MAD_Avg,RF_Euc_Time_Avg,RF_Euc_MAE_Avg,RF_Euc_RMSE_Avg,RF_Euc_MAD_Avg,NN_Entire_Time,NN_Entire_MAE,NN_Entire_RMSE,NN_Entire_MAD,NN_Cluster_Time_Avg,NN_Cluster_MAE_Avg,NN_Cluster_RMSE_Avg,NN_Cluster_MAD_Avg,NN_Euc_Time_Avg,NN_Euc_MAE_Avg,NN_Euc_RMSE_Avg,NN_Euc_MAD_Avg,GB_Entire_Time,GB_Entire_MAE,GB_Entire_RMSE,GB_Entire_MAD,GB_Cluster_Time_Avg,GB_Cluster_MAE_Avg,GB_Cluster_RMSE_Avg,GB_Cluster_MAD_Avg,GB_Euc_Time_Avg,GB_Euc_MAE_Avg,GB_Euc_RMSE_Avg,GB_Euc_MAD_Avg
100000,2,0.5,2.0,4,0.006183147430419922,0.0643103041422581,0.30043950634238437,0.03601264487927863,0.0025432705879211426,0.11474804169357891,0.31877721766135586,0.07885722292792399,0.0018364787101745605,0.1551439489605722,0.4137185066125712,0.09434256602327316,25.371484994888306,0.03947018937703466,0.18856996084508854,0.015051307161593197,5.797029972076416,0.09158185371965663,0.2844342469223895,0.04709196292884226,5.604521036148071,0.09626865033533695,0.3354152470388354,0.03862000636171683,10.290866136550903,0.0507143865986715,0.20328709153211916,0.02300321273886996,1.9417577981948853,0.0778420508878325,0.26446512791381194,0.03903714503766443,1.5794579982757568,0.09143315016248321,0.32281750417336696,0.038623118613202896,6.589462995529175,0.043855997336544925,0.190266163588605,0.021574883164358058,1.5978620052337646,0.09038300407397284,0.2725444708942659,0.054901860827035485,1.599448561668396,0.09740075276441304,0.33281482744320795,0.04658897690455262
