N,Norm,Lambda,Gamma,K,LR_Entire_Time,LR_Entire_MAE,LR_Entire_RMSE,LR_Entire_MAD,LR_Cluster_Time_Avg,LR_Cluster_MAE_Avg,LR_Cluster_RMSE_Avg,LR_Cluster_MAD_Avg,LR_Euc_Time_Avg,LR_Euc_MAE_Avg,LR_Euc_RMSE_Avg,LR_Euc_MAD_Avg,RF_Entire_Time,RF_Entire_MAE,RF_Entire_RMSE,RF_Entire_MAD,RF_Cluster_Time_Avg,RF_Cluster_MAE_Avg,RF_Cluster_RMSE_Avg,RF_Cluster_MAD_Avg,RF_Euc_Time_Avg,RF_Euc_MAE_Avg,RF_Euc_RMSE_Avg,RF_Euc_MAD_Avg,NN_Entire_Time,NN_Entire_MAE,NN_Entire_RMSE,NN_Entire_MAD,NN_Cluster_Time_Avg,NN_Cluster_MAE_Avg,NN_Cluster_RMSE_Avg,NN_Cluster_MAD_Avg,NN_Euc_Time_Avg,NN_Euc_MAE_Avg,NN_Euc_RMSE_Avg,NN_Euc_MAD_Avg,GP_Entire_Time,GP_Entire_MAE,GP_Entire_RMSE,GP_Entire_MAD,GP_Cluster_Time_Avg,GP_Cluster_MAE_Avg,GP_Cluster_RMSE_Avg,GP_Cluster_MAD_Avg,GP_Euc_Time_Avg,GP_Euc_MAE_Avg,GP_Euc_RMSE_Avg,GP_Euc_MAD_Avg,GB_Entire_Time,GB_Entire_MAE,GB_Entire_RMSE,GB_Entire_MAD,GB_Cluster_Time_Avg,GB_Cluster_MAE_Avg,GB_Cluster_RMSE_Avg,GB_Cluster_MAD_Avg,GB_Euc_Time_Avg,GB_Euc_MAE_Avg,GB_Euc_RMSE_Avg,GB_Euc_MAD_Avg
500,2,0.1,0.5,5,0.0004899501800537109,0.04554139396076337,0.06322217389655631,0.03166617154606036,0.00028924942016601564,0.19424805381119917,0.2531774730441877,0.17907504217975787,0.00025844573974609375,0.19080010923943722,0.2665041350634091,0.15492469542293597,0.08535599708557129,0.034821640587210635,0.05509034588091264,0.02193072459798851,0.04444398880004883,0.14346179879886484,0.20098558010443277,0.08749628671368806,0.04514236450195312,0.12152012123718219,0.19682458423639634,0.07141544187205376,0.07080602645874023,0.07467352687585971,0.10743346212980362,0.0511724738134154,0.01794443130493164,0.19117628833135777,0.2512263478870432,0.15133935663845172,0.023225164413452147,0.17600699133368786,0.2560958355601124,0.11429849296158356,0.08440017700195312,0.07147561,0.10188179,0.046482205,0.04161839485168457,0.15359145,0.21348114,0.112929784,0.0355135440826416,0.14958923,0.27006802,0.09142039,0.03543400764465332,0.03299982165726281,0.054349767815494596,0.020239565209988514,0.014596033096313476,0.14520178107055154,0.21563341594838303,0.08086095516756751,0.014743947982788086,0.11689562972089904,0.18010989384112994,0.06636196359697936
