N,Norm,Lambda,Gamma,K,LR_Entire_Time,LR_Entire_MAE,LR_Entire_RMSE,LR_Entire_MAD,LR_Cluster_Time_Avg,LR_Cluster_MAE_Avg,LR_Cluster_RMSE_Avg,LR_Cluster_MAD_Avg,LR_Euc_Time_Avg,LR_Euc_MAE_Avg,LR_Euc_RMSE_Avg,LR_Euc_MAD_Avg,RF_Entire_Time,RF_Entire_MAE,RF_Entire_RMSE,RF_Entire_MAD,RF_Cluster_Time_Avg,RF_Cluster_MAE_Avg,RF_Cluster_RMSE_Avg,RF_Cluster_MAD_Avg,RF_Euc_Time_Avg,RF_Euc_MAE_Avg,RF_Euc_RMSE_Avg,RF_Euc_MAD_Avg,NN_Entire_Time,NN_Entire_MAE,NN_Entire_RMSE,NN_Entire_MAD,NN_Cluster_Time_Avg,NN_Cluster_MAE_Avg,NN_Cluster_RMSE_Avg,NN_Cluster_MAD_Avg,NN_Euc_Time_Avg,NN_Euc_MAE_Avg,NN_Euc_RMSE_Avg,NN_Euc_MAD_Avg,GP_Entire_Time,GP_Entire_MAE,GP_Entire_RMSE,GP_Entire_MAD,GP_Cluster_Time_Avg,GP_Cluster_MAE_Avg,GP_Cluster_RMSE_Avg,GP_Cluster_MAD_Avg,GP_Euc_Time_Avg,GP_Euc_MAE_Avg,GP_Euc_RMSE_Avg,GP_Euc_MAD_Avg,GB_Entire_Time,GB_Entire_MAE,GB_Entire_RMSE,GB_Entire_MAD,GB_Cluster_Time_Avg,GB_Cluster_MAE_Avg,GB_Cluster_RMSE_Avg,GB_Cluster_MAD_Avg,GB_Euc_Time_Avg,GB_Euc_MAE_Avg,GB_Euc_RMSE_Avg,GB_Euc_MAD_Avg
5000,1,0.1,1.0,4,0.0008881092071533203,0.06606716257040125,0.2627241057286416,0.044473382092633296,0.000363767147064209,0.12932281660197595,0.36209258624243645,0.08155493542861761,0.0003102421760559082,0.18254281304083378,0.5535900442820251,0.10327444653981978,0.7713718414306641,0.04250149768133131,0.19270216326540054,0.02002591402962109,0.19654631614685059,0.1190918103707618,0.36642457382664967,0.059884348958130364,0.18982821702957153,0.1404739000447963,0.5278156070337862,0.05162017311717445,0.8474030494689941,0.0770257135993014,0.2511239481686958,0.03387183283046399,0.2305203080177307,0.12157320337572522,0.34911578863782694,0.054631202545487326,0.12765944004058838,0.16557132073481098,0.5290580654617615,0.07010623577163079,2.697171926498413,0.073840946,0.24552548,0.028560758,0.263500452041626,0.11513241,0.34153733,0.05361209,0.25022202730178833,0.15080747,0.566095,0.047398545,0.30617332458496094,0.043856962165884354,0.18867335044038525,0.024486903561613548,0.07910645008087158,0.11267764846887793,0.35425990562416665,0.0578546735244794,0.07992434501647949,0.1299593629082663,0.5128673079713343,0.04819978476734817
