N,Norm,Lambda,Gamma,K,LR_Entire_Time,LR_Entire_MAE,LR_Entire_RMSE,LR_Entire_MAD,LR_Cluster_Time_Avg,LR_Cluster_MAE_Avg,LR_Cluster_RMSE_Avg,LR_Cluster_MAD_Avg,LR_Euc_Time_Avg,LR_Euc_MAE_Avg,LR_Euc_RMSE_Avg,LR_Euc_MAD_Avg,RF_Entire_Time,RF_Entire_MAE,RF_Entire_RMSE,RF_Entire_MAD,RF_Cluster_Time_Avg,RF_Cluster_MAE_Avg,RF_Cluster_RMSE_Avg,RF_Cluster_MAD_Avg,RF_Euc_Time_Avg,RF_Euc_MAE_Avg,RF_Euc_RMSE_Avg,RF_Euc_MAD_Avg,NN_Entire_Time,NN_Entire_MAE,NN_Entire_RMSE,NN_Entire_MAD,NN_Cluster_Time_Avg,NN_Cluster_MAE_Avg,NN_Cluster_RMSE_Avg,NN_Cluster_MAD_Avg,NN_Euc_Time_Avg,NN_Euc_MAE_Avg,NN_Euc_RMSE_Avg,NN_Euc_MAD_Avg,GB_Entire_Time,GB_Entire_MAE,GB_Entire_RMSE,GB_Entire_MAD,GB_Cluster_Time_Avg,GB_Cluster_MAE_Avg,GB_Cluster_RMSE_Avg,GB_Cluster_MAD_Avg,GB_Euc_Time_Avg,GB_Euc_MAE_Avg,GB_Euc_RMSE_Avg,GB_Euc_MAD_Avg
50000,1,0.9,2.0,5,0.0031812191009521484,0.06625561675942009,0.3233405659660932,0.03390383380555034,0.0008750438690185546,0.14171690664156503,0.35104013995179517,0.09893981873930807,0.001209115982055664,0.1801006369020747,0.4476572912709266,0.11853718463557242,11.296005249023438,0.04267257753122984,0.21654345182805812,0.016024785651834933,1.9662888050079346,0.12000109308936771,0.32236850706146425,0.06616932708446861,1.9461390018463134,0.11888644973299238,0.3912739540611212,0.05356449067407663,9.307656049728394,0.056624847798021266,0.238538728426768,0.021047352854264678,1.0575448513031005,0.10438392395390686,0.2976154065064512,0.0576970007057519,0.6708998203277587,0.11778707869029277,0.37360538445706964,0.05589340157288024,3.2675259113311768,0.04826589754631488,0.22164325898510887,0.022824623588756282,0.64339280128479,0.11578070260805287,0.30861535396118706,0.07271560179145224,0.6358705520629883,0.12006875327437465,0.3876727805629275,0.0619186509087553
