N,Norm,Lambda,Gamma,K,LR_Entire_Time,LR_Entire_MAE,LR_Entire_RMSE,LR_Entire_MAD,LR_Cluster_Time_Avg,LR_Cluster_MAE_Avg,LR_Cluster_RMSE_Avg,LR_Cluster_MAD_Avg,LR_Euc_Time_Avg,LR_Euc_MAE_Avg,LR_Euc_RMSE_Avg,LR_Euc_MAD_Avg,RF_Entire_Time,RF_Entire_MAE,RF_Entire_RMSE,RF_Entire_MAD,RF_Cluster_Time_Avg,RF_Cluster_MAE_Avg,RF_Cluster_RMSE_Avg,RF_Cluster_MAD_Avg,RF_Euc_Time_Avg,RF_Euc_MAE_Avg,RF_Euc_RMSE_Avg,RF_Euc_MAD_Avg,NN_Entire_Time,NN_Entire_MAE,NN_Entire_RMSE,NN_Entire_MAD,NN_Cluster_Time_Avg,NN_Cluster_MAE_Avg,NN_Cluster_RMSE_Avg,NN_Cluster_MAD_Avg,NN_Euc_Time_Avg,NN_Euc_MAE_Avg,NN_Euc_RMSE_Avg,NN_Euc_MAD_Avg,GB_Entire_Time,GB_Entire_MAE,GB_Entire_RMSE,GB_Entire_MAD,GB_Cluster_Time_Avg,GB_Cluster_MAE_Avg,GB_Cluster_RMSE_Avg,GB_Cluster_MAD_Avg,GB_Euc_Time_Avg,GB_Euc_MAE_Avg,GB_Euc_RMSE_Avg,GB_Euc_MAD_Avg
100000,1,0.5,2.0,5,0.005959987640380859,0.0643103041422581,0.30043950634238437,0.03601264487927863,0.0019295692443847656,0.14402314814026926,0.38876448789592855,0.1002329513142524,0.0017452239990234375,0.1810003097263652,0.43049108119569157,0.11850972218814104,25.535505294799805,0.03957390938088143,0.1913432131208007,0.014972362076718093,4.492039585113526,0.11698108665135973,0.3627855573872215,0.060738603898829666,4.4447441577911375,0.1162720701306225,0.3734271001496551,0.04994470631909986,12.063955307006836,0.044421612465252704,0.19413038325547105,0.017761399501670883,1.752497148513794,0.10009817330517871,0.33370801609188133,0.055955140699483,1.1317205429077148,0.11148269002991598,0.35235129876049787,0.0535623206363081,6.611412048339844,0.043866130124957575,0.19056975838438872,0.021574883164357926,1.278229570388794,0.11497089357143868,0.36157206685344623,0.07085284678081535,1.2767573356628419,0.11622569826599818,0.3646335035427219,0.05879813314083089
