N,Norm,Lambda,Gamma,K,LR_Entire_Time,LR_Entire_MAE,LR_Entire_RMSE,LR_Entire_MAD,LR_Cluster_Time_Avg,LR_Cluster_MAE_Avg,LR_Cluster_RMSE_Avg,LR_Cluster_MAD_Avg,LR_Cluster_MAE_Median,LR_Cluster_RMSE_Median,LR_Cluster_MAD_Median,RF_Entire_Time,RF_Entire_MAE,RF_Entire_RMSE,RF_Entire_MAD,RF_Cluster_Time_Avg,RF_Cluster_MAE_Avg,RF_Cluster_RMSE_Avg,RF_Cluster_MAD_Avg,RF_Cluster_MAE_Median,RF_Cluster_RMSE_Median,RF_Cluster_MAD_Median,NN_Entire_Time,NN_Entire_MAE,NN_Entire_RMSE,NN_Entire_MAD,NN_Cluster_Time_Avg,NN_Cluster_MAE_Avg,NN_Cluster_RMSE_Avg,NN_Cluster_MAD_Avg,NN_Cluster_MAE_Median,NN_Cluster_RMSE_Median,NN_Cluster_MAD_Median,GP_Entire_Time,GP_Entire_MAE,GP_Entire_RMSE,GP_Entire_MAD,GP_Cluster_Time_Avg,GP_Cluster_MAE_Avg,GP_Cluster_RMSE_Avg,GP_Cluster_MAD_Avg,GP_Cluster_MAE_Median,GP_Cluster_RMSE_Median,GP_Cluster_MAD_Median,GB_Entire_Time,GB_Entire_MAE,GB_Entire_RMSE,GB_Entire_MAD,GB_Cluster_Time_Avg,GB_Cluster_MAE_Avg,GB_Cluster_RMSE_Avg,GB_Cluster_MAD_Avg,GB_Cluster_MAE_Median,GB_Cluster_RMSE_Median,GB_Cluster_MAD_Median
10000,1,0.9,2.0,6,0.0012001991271972656,0.0711493164406142,0.34865177023578486,0.037222118158097006,0.0007830063501993815,0.08410425733320838,0.3816225758902021,0.041116639965467716,0.06903582224866449,0.32375237699206255,0.03557600670117261,1.6048359870910645,0.04361814268432352,0.2099764276485731,0.017186465125738903,0.21661587556203207,0.06131553349844632,0.3223233563562398,0.017414381835655288,0.048772922903982954,0.2920386521488442,0.015518459783594715,2.205605983734131,0.0717199046508322,0.27600517354666043,0.031149299203555025,0.19993933041890463,0.08957853700463665,0.37387110958569125,0.03052252946317856,0.07887563429045594,0.32747163457604367,0.03153092789030919,9.196579933166504,0.0613487,0.25237077,0.021118745,0.5545533895492554,0.08172168,0.35512444,0.021647774,0.07215981930494308,0.31969571113586426,0.021923452615737915,0.5852630138397217,0.046019501922328516,0.19524189323583058,0.022916511687970098,0.09055384000142415,0.06077391424897354,0.3247206729771402,0.019253006110814725,0.0446462683864353,0.2980935645033552,0.018229332424280403
