N,Norm,Lambda,Gamma,K,LR_Entire_Time,LR_Entire_MAE,LR_Entire_RMSE,LR_Entire_MAD,LR_Cluster_Time_Avg,LR_Cluster_MAE_Avg,LR_Cluster_RMSE_Avg,LR_Cluster_MAD_Avg,LR_Euc_Time_Avg,LR_Euc_MAE_Avg,LR_Euc_RMSE_Avg,LR_Euc_MAD_Avg,RF_Entire_Time,RF_Entire_MAE,RF_Entire_RMSE,RF_Entire_MAD,RF_Cluster_Time_Avg,RF_Cluster_MAE_Avg,RF_Cluster_RMSE_Avg,RF_Cluster_MAD_Avg,RF_Euc_Time_Avg,RF_Euc_MAE_Avg,RF_Euc_RMSE_Avg,RF_Euc_MAD_Avg,NN_Entire_Time,NN_Entire_MAE,NN_Entire_RMSE,NN_Entire_MAD,NN_Cluster_Time_Avg,NN_Cluster_MAE_Avg,NN_Cluster_RMSE_Avg,NN_Cluster_MAD_Avg,NN_Euc_Time_Avg,NN_Euc_MAE_Avg,NN_Euc_RMSE_Avg,NN_Euc_MAD_Avg,GP_Entire_Time,GP_Entire_MAE,GP_Entire_RMSE,GP_Entire_MAD,GP_Cluster_Time_Avg,GP_Cluster_MAE_Avg,GP_Cluster_RMSE_Avg,GP_Cluster_MAD_Avg,GP_Euc_Time_Avg,GP_Euc_MAE_Avg,GP_Euc_RMSE_Avg,GP_Euc_MAD_Avg,GB_Entire_Time,GB_Entire_MAE,GB_Entire_RMSE,GB_Entire_MAD,GB_Cluster_Time_Avg,GB_Cluster_MAE_Avg,GB_Cluster_RMSE_Avg,GB_Cluster_MAD_Avg,GB_Euc_Time_Avg,GB_Euc_MAE_Avg,GB_Euc_RMSE_Avg,GB_Euc_MAD_Avg
1000,2,0.5,1.0,7,0.0003311634063720703,0.03174555839505721,0.043465480669550194,0.023354845822268516,0.00027639525277273994,0.17999935904036884,0.3338014969627681,0.11519308458585284,0.0002911431448800223,0.24114744200741556,0.497433010418103,0.13447214769055482,0.14252281188964844,0.026407830161771447,0.03506582996106968,0.021678862609501234,0.04933878353663853,0.20501254270898994,0.3091628019156233,0.14531889586151453,0.04833582469395229,0.1810453906514927,0.34528665816452525,0.10506312578588665,0.06617593765258789,0.04907305046037484,0.07308816070223306,0.032672164416129,0.03078702517918178,0.1849384468288078,0.33501036099608766,0.11092042799690104,0.02665182522365025,0.21027435214658996,0.4473107094156186,0.10909470870726244,0.25964903831481934,0.047523502,0.08538143,0.030398354,0.042711223874773295,0.21108648,0.3717451,0.13055821,0.03855507714407785,0.22839884,0.5366344,0.09300195,0.06277704238891602,0.02297511691702804,0.029841294996372468,0.019896181155514614,0.01685401371547154,0.1745413906068792,0.25385929553276376,0.11599950889482033,0.016391686030796597,0.1568970997652903,0.2456180686435381,0.10225959636188543
