N,Norm,Lambda,Gamma,K,LR_Entire_Time,LR_Entire_MAE,LR_Entire_RMSE,LR_Entire_MAD,LR_Cluster_Time_Avg,LR_Cluster_MAE_Avg,LR_Cluster_RMSE_Avg,LR_Cluster_MAD_Avg,LR_Euc_Time_Avg,LR_Euc_MAE_Avg,LR_Euc_RMSE_Avg,LR_Euc_MAD_Avg,RF_Entire_Time,RF_Entire_MAE,RF_Entire_RMSE,RF_Entire_MAD,RF_Cluster_Time_Avg,RF_Cluster_MAE_Avg,RF_Cluster_RMSE_Avg,RF_Cluster_MAD_Avg,RF_Euc_Time_Avg,RF_Euc_MAE_Avg,RF_Euc_RMSE_Avg,RF_Euc_MAD_Avg,NN_Entire_Time,NN_Entire_MAE,NN_Entire_RMSE,NN_Entire_MAD,NN_Cluster_Time_Avg,NN_Cluster_MAE_Avg,NN_Cluster_RMSE_Avg,NN_Cluster_MAD_Avg,NN_Euc_Time_Avg,NN_Euc_MAE_Avg,NN_Euc_RMSE_Avg,NN_Euc_MAD_Avg,GB_Entire_Time,GB_Entire_MAE,GB_Entire_RMSE,GB_Entire_MAD,GB_Cluster_Time_Avg,GB_Cluster_MAE_Avg,GB_Cluster_RMSE_Avg,GB_Cluster_MAD_Avg,GB_Euc_Time_Avg,GB_Euc_MAE_Avg,GB_Euc_RMSE_Avg,GB_Euc_MAD_Avg
50000,1,0.5,0.5,4,0.0031919479370117188,0.06625561675942009,0.3233405659660932,0.03390383380555034,0.0015655755996704102,0.11808091399843576,0.3161499872057069,0.0797465410162005,0.0013778209686279297,0.15681437021266262,0.40509421674927343,0.09586607981260689,11.71079683303833,0.042582305513476436,0.2135941443605738,0.015951813530049652,2.615361988544464,0.09731142352616176,0.2842989180377226,0.04958978911596359,2.5814629197120667,0.09896054413313782,0.3394192434496154,0.04057089080916969,10.632951021194458,0.05941345692693758,0.2317397939117933,0.02581054879969591,1.4407391548156738,0.09275402361677959,0.2648301759347979,0.04902712964139187,1.0546744465827942,0.0985773870410857,0.3185117622807022,0.04092077555247599,3.307912826538086,0.04824267096315681,0.22115300153620115,0.022824623588756282,0.8002695441246033,0.09531020829822151,0.27323199498710743,0.05622559471595052,0.795035183429718,0.09902416010011772,0.3333854898259665,0.046584575625633756
