N,Norm,Lambda,Gamma,K,LR_Entire_Time,LR_Entire_MAE,LR_Entire_RMSE,LR_Entire_MAD,LR_Cluster_Time_Avg,LR_Cluster_MAE_Avg,LR_Cluster_RMSE_Avg,LR_Cluster_MAD_Avg,LR_Euc_Time_Avg,LR_Euc_MAE_Avg,LR_Euc_RMSE_Avg,LR_Euc_MAD_Avg,RF_Entire_Time,RF_Entire_MAE,RF_Entire_RMSE,RF_Entire_MAD,RF_Cluster_Time_Avg,RF_Cluster_MAE_Avg,RF_Cluster_RMSE_Avg,RF_Cluster_MAD_Avg,RF_Euc_Time_Avg,RF_Euc_MAE_Avg,RF_Euc_RMSE_Avg,RF_Euc_MAD_Avg,NN_Entire_Time,NN_Entire_MAE,NN_Entire_RMSE,NN_Entire_MAD,NN_Cluster_Time_Avg,NN_Cluster_MAE_Avg,NN_Cluster_RMSE_Avg,NN_Cluster_MAD_Avg,NN_Euc_Time_Avg,NN_Euc_MAE_Avg,NN_Euc_RMSE_Avg,NN_Euc_MAD_Avg,GP_Entire_Time,GP_Entire_MAE,GP_Entire_RMSE,GP_Entire_MAD,GP_Cluster_Time_Avg,GP_Cluster_MAE_Avg,GP_Cluster_RMSE_Avg,GP_Cluster_MAD_Avg,GP_Euc_Time_Avg,GP_Euc_MAE_Avg,GP_Euc_RMSE_Avg,GP_Euc_MAD_Avg,GB_Entire_Time,GB_Entire_MAE,GB_Entire_RMSE,GB_Entire_MAD,GB_Cluster_Time_Avg,GB_Cluster_MAE_Avg,GB_Cluster_RMSE_Avg,GB_Cluster_MAD_Avg,GB_Euc_Time_Avg,GB_Euc_MAE_Avg,GB_Euc_RMSE_Avg,GB_Euc_MAD_Avg
100,1,0.1,2.0,5,0.0002701282501220703,0.19598571368711998,0.2658167496676893,0.12690348231686688,0.00030117034912109376,0.38004057672611,0.41121368324713287,0.34886090017975613,0.00030536651611328124,0.4007447265730434,0.4565610032085704,0.3078634957211154,0.044786930084228516,0.033233964288254494,0.04134802136520921,0.033773279045707684,0.039896059036254886,0.4065377206427495,0.5592829422021299,0.23356994929140332,0.03954992294311523,0.24229957743526714,0.29480803741980877,0.18672565561666316,0.025769948959350586,0.3002359785160646,0.45156219677159737,0.12443107039288233,0.009808683395385742,0.18520094854181818,0.2215101331563849,0.14786907130202717,0.009503793716430665,0.4974083881933824,0.5304877573155246,0.4689194186704932,0.0367429256439209,0.14043128,0.21644284,0.062149398,0.028620815277099608,0.40731353,0.51633525,0.2800881,0.02836923599243164,0.26822087,0.30627936,0.24485402,0.014239311218261719,0.03506589111225745,0.04732447870704509,0.023898651900637988,0.010501813888549805,0.46858593725578696,0.6835039381950778,0.20318106025425808,0.010491704940795899,0.21689132510578107,0.2624826425623029,0.16440499224315808
