N,Norm,Lambda,Gamma,K,LR_Entire_Time,LR_Entire_MAE,LR_Entire_RMSE,LR_Entire_MAD,LR_Cluster_Time_Avg,LR_Cluster_MAE_Avg,LR_Cluster_RMSE_Avg,LR_Cluster_MAD_Avg,LR_Euc_Time_Avg,LR_Euc_MAE_Avg,LR_Euc_RMSE_Avg,LR_Euc_MAD_Avg,RF_Entire_Time,RF_Entire_MAE,RF_Entire_RMSE,RF_Entire_MAD,RF_Cluster_Time_Avg,RF_Cluster_MAE_Avg,RF_Cluster_RMSE_Avg,RF_Cluster_MAD_Avg,RF_Euc_Time_Avg,RF_Euc_MAE_Avg,RF_Euc_RMSE_Avg,RF_Euc_MAD_Avg,NN_Entire_Time,NN_Entire_MAE,NN_Entire_RMSE,NN_Entire_MAD,NN_Cluster_Time_Avg,NN_Cluster_MAE_Avg,NN_Cluster_RMSE_Avg,NN_Cluster_MAD_Avg,NN_Euc_Time_Avg,NN_Euc_MAE_Avg,NN_Euc_RMSE_Avg,NN_Euc_MAD_Avg,GB_Entire_Time,GB_Entire_MAE,GB_Entire_RMSE,GB_Entire_MAD,GB_Cluster_Time_Avg,GB_Cluster_MAE_Avg,GB_Cluster_RMSE_Avg,GB_Cluster_MAD_Avg,GB_Euc_Time_Avg,GB_Euc_MAE_Avg,GB_Euc_RMSE_Avg,GB_Euc_MAD_Avg
50000,2,0.9,0.5,7,0.0031070709228515625,0.06625561675942009,0.3233405659660932,0.03390383380555034,0.000927107674734933,0.20714580447054395,0.5269106401391692,0.1436807516155172,0.0006326947893415179,0.22819507705703262,0.5462331196419586,0.15223612816696705,11.517704963684082,0.04273567027774891,0.21672828029657823,0.01578540478000104,1.3603028569902693,0.17529954870749004,0.49787193568681465,0.09549574145271869,1.3389273030417306,0.17337984533731352,0.5219622894822146,0.07868140169261903,7.336216926574707,0.05676950325639076,0.2364344782978141,0.019650381774832443,0.6455802236284528,0.14589476705931026,0.4643334496398239,0.07939554803581791,0.4840482303074428,0.14935261935494712,0.4898185002004682,0.06769684572121462,3.312619924545288,0.04809332413519369,0.22060112226272943,0.022824623588756282,0.45670853342328754,0.1685022499170365,0.48411083959669116,0.10267649991814641,0.4593006542750767,0.17174341939153281,0.5223783459919105,0.08610083913073265
