N,Norm,Lambda,Gamma,K,LR_Entire_Time,LR_Entire_MAE,LR_Entire_RMSE,LR_Entire_MAD,LR_Cluster_Time_Avg,LR_Cluster_MAE_Avg,LR_Cluster_RMSE_Avg,LR_Cluster_MAD_Avg,LR_Euc_Time_Avg,LR_Euc_MAE_Avg,LR_Euc_RMSE_Avg,LR_Euc_MAD_Avg,RF_Entire_Time,RF_Entire_MAE,RF_Entire_RMSE,RF_Entire_MAD,RF_Cluster_Time_Avg,RF_Cluster_MAE_Avg,RF_Cluster_RMSE_Avg,RF_Cluster_MAD_Avg,RF_Euc_Time_Avg,RF_Euc_MAE_Avg,RF_Euc_RMSE_Avg,RF_Euc_MAD_Avg,NN_Entire_Time,NN_Entire_MAE,NN_Entire_RMSE,NN_Entire_MAD,NN_Cluster_Time_Avg,NN_Cluster_MAE_Avg,NN_Cluster_RMSE_Avg,NN_Cluster_MAD_Avg,NN_Euc_Time_Avg,NN_Euc_MAE_Avg,NN_Euc_RMSE_Avg,NN_Euc_MAD_Avg,GP_Entire_Time,GP_Entire_MAE,GP_Entire_RMSE,GP_Entire_MAD,GP_Cluster_Time_Avg,GP_Cluster_MAE_Avg,GP_Cluster_RMSE_Avg,GP_Cluster_MAD_Avg,GP_Euc_Time_Avg,GP_Euc_MAE_Avg,GP_Euc_RMSE_Avg,GP_Euc_MAD_Avg,GB_Entire_Time,GB_Entire_MAE,GB_Entire_RMSE,GB_Entire_MAD,GB_Cluster_Time_Avg,GB_Cluster_MAE_Avg,GB_Cluster_RMSE_Avg,GB_Cluster_MAD_Avg,GB_Euc_Time_Avg,GB_Euc_MAE_Avg,GB_Euc_RMSE_Avg,GB_Euc_MAD_Avg
1000,1,0.5,2.0,6,0.0005192756652832031,0.03174555839505721,0.043465480669550194,0.023354845822268516,0.00039203961690266925,0.14356254574605654,0.27089227297577106,0.10643137743054822,0.0003473361333211263,0.14349864537881704,0.17935176655810428,0.12963595028592503,0.14312195777893066,0.026706404184048623,0.03540314368105128,0.021890150649037154,0.05192097028096517,0.13882344476086797,0.2130616905327295,0.1040976532794305,0.05126257737477621,0.11128224376174221,0.15874580228680066,0.07934650467475067,0.09434318542480469,0.05898212495826477,0.08354883332266863,0.04593572155067793,0.03797014554341634,0.15423671266165442,0.2837150940253444,0.11127982901393561,0.04448632399241129,0.15162674330112524,0.20369931457332577,0.1266370153556081,0.19453072547912598,0.047523502,0.08538143,0.030398354,0.04626329739888509,0.16579486,0.29034373,0.1116874,0.04071247577667236,0.11792902,0.17825367,0.08120518,0.06442618370056152,0.02297682238172629,0.029883027333832485,0.01989618115551456,0.01792256037394206,0.13208861078363127,0.1803630406620704,0.09971672101902802,0.017826000849405926,0.10770219991733042,0.1464723412688224,0.08324705214331475
