N,Norm,Lambda,Gamma,K,LR_Entire_Time,LR_Entire_MAE,LR_Entire_RMSE,LR_Entire_MAD,LR_Cluster_Time_Avg,LR_Cluster_MAE_Avg,LR_Cluster_RMSE_Avg,LR_Cluster_MAD_Avg,LR_Euc_Time_Avg,LR_Euc_MAE_Avg,LR_Euc_RMSE_Avg,LR_Euc_MAD_Avg,RF_Entire_Time,RF_Entire_MAE,RF_Entire_RMSE,RF_Entire_MAD,RF_Cluster_Time_Avg,RF_Cluster_MAE_Avg,RF_Cluster_RMSE_Avg,RF_Cluster_MAD_Avg,RF_Euc_Time_Avg,RF_Euc_MAE_Avg,RF_Euc_RMSE_Avg,RF_Euc_MAD_Avg,NN_Entire_Time,NN_Entire_MAE,NN_Entire_RMSE,NN_Entire_MAD,NN_Cluster_Time_Avg,NN_Cluster_MAE_Avg,NN_Cluster_RMSE_Avg,NN_Cluster_MAD_Avg,NN_Euc_Time_Avg,NN_Euc_MAE_Avg,NN_Euc_RMSE_Avg,NN_Euc_MAD_Avg,GB_Entire_Time,GB_Entire_MAE,GB_Entire_RMSE,GB_Entire_MAD,GB_Cluster_Time_Avg,GB_Cluster_MAE_Avg,GB_Cluster_RMSE_Avg,GB_Cluster_MAD_Avg,GB_Euc_Time_Avg,GB_Euc_MAE_Avg,GB_Euc_RMSE_Avg,GB_Euc_MAD_Avg
50000,1,0.1,1.0,6,0.0033309459686279297,0.06625561675942009,0.3233405659660932,0.03390383380555034,0.0010973612467447917,0.17078101030468584,0.4154191518417247,0.12254709072907888,0.0010349750518798828,0.20122471643992257,0.43971392570599005,0.13565499272950057,11.208148002624512,0.042882977967267165,0.21737316421207678,0.015858107631964324,1.6089916626612346,0.14598526184146454,0.39204868193371895,0.08227016922181947,1.583061655362447,0.14170266665787912,0.40042737794010713,0.06591352424517836,7.497961044311523,0.05463951127456641,0.23371060132301041,0.020488931688785184,1.0285503069559734,0.12514174973998166,0.3649586027441381,0.07121129656117134,0.5294650395711263,0.1280701446109677,0.37143511102533333,0.06354914640127994,3.270164966583252,0.04820319602196977,0.22092859623357453,0.02282462358875617,0.531587560971578,0.13943843066129682,0.37831089680787305,0.08859633559407805,0.5272759199142456,0.14215303174761473,0.40016348563957016,0.07455861721343791
