N,Norm,Lambda,Gamma,K,LR_Entire_Time,LR_Entire_MAE,LR_Entire_RMSE,LR_Entire_MAD,LR_Cluster_Time_Avg,LR_Cluster_MAE_Avg,LR_Cluster_RMSE_Avg,LR_Cluster_MAD_Avg,LR_Euc_Time_Avg,LR_Euc_MAE_Avg,LR_Euc_RMSE_Avg,LR_Euc_MAD_Avg,RF_Entire_Time,RF_Entire_MAE,RF_Entire_RMSE,RF_Entire_MAD,RF_Cluster_Time_Avg,RF_Cluster_MAE_Avg,RF_Cluster_RMSE_Avg,RF_Cluster_MAD_Avg,RF_Euc_Time_Avg,RF_Euc_MAE_Avg,RF_Euc_RMSE_Avg,RF_Euc_MAD_Avg,NN_Entire_Time,NN_Entire_MAE,NN_Entire_RMSE,NN_Entire_MAD,NN_Cluster_Time_Avg,NN_Cluster_MAE_Avg,NN_Cluster_RMSE_Avg,NN_Cluster_MAD_Avg,NN_Euc_Time_Avg,NN_Euc_MAE_Avg,NN_Euc_RMSE_Avg,NN_Euc_MAD_Avg,GP_Entire_Time,GP_Entire_MAE,GP_Entire_RMSE,GP_Entire_MAD,GP_Cluster_Time_Avg,GP_Cluster_MAE_Avg,GP_Cluster_RMSE_Avg,GP_Cluster_MAD_Avg,GP_Euc_Time_Avg,GP_Euc_MAE_Avg,GP_Euc_RMSE_Avg,GP_Euc_MAD_Avg,GB_Entire_Time,GB_Entire_MAE,GB_Entire_RMSE,GB_Entire_MAD,GB_Cluster_Time_Avg,GB_Cluster_MAE_Avg,GB_Cluster_RMSE_Avg,GB_Cluster_MAD_Avg,GB_Euc_Time_Avg,GB_Euc_MAE_Avg,GB_Euc_RMSE_Avg,GB_Euc_MAD_Avg
500,1,0.5,1.0,4,0.00041103363037109375,0.04554139396076337,0.06322217389655631,0.03166617154606036,0.0002861618995666504,0.14766683900483232,0.40729910785468043,0.07245678959517823,0.0002480149269104004,0.1579505206000498,0.20729605280178617,0.11993514337159093,0.08498930931091309,0.03387963902642329,0.054488907828212536,0.021800541392177034,0.04737651348114014,0.135696348873935,0.2683421525119619,0.08468582441457813,0.04653376340866089,0.07829902708482288,0.10388925476664952,0.05691388729241352,0.03986811637878418,0.07092306357554937,0.09790908299622661,0.04716684429542428,0.029965758323669434,0.19199864669813893,0.4415931253917711,0.0813514524200554,0.02073347568511963,0.21269495952647233,0.30340893255998025,0.14104674955731633,0.08940601348876953,0.07147561,0.10188179,0.046482205,0.043624699115753174,0.14361505,0.29546657,0.070677884,0.03761404752731323,0.14690587,0.24036019,0.07968679,0.03624081611633301,0.0330093845674399,0.054289236068716565,0.020239565209988458,0.016166985034942627,0.0984867998782402,0.1437619346960332,0.07223361911073581,0.016270935535430908,0.08206211073230582,0.11022446112559846,0.056820466070707815
