N,Norm,Lambda,Gamma,K,LR_Entire_Time,LR_Entire_MAE,LR_Entire_RMSE,LR_Entire_MAD,LR_Cluster_Time_Avg,LR_Cluster_MAE_Avg,LR_Cluster_RMSE_Avg,LR_Cluster_MAD_Avg,LR_Euc_Time_Avg,LR_Euc_MAE_Avg,LR_Euc_RMSE_Avg,LR_Euc_MAD_Avg,RF_Entire_Time,RF_Entire_MAE,RF_Entire_RMSE,RF_Entire_MAD,RF_Cluster_Time_Avg,RF_Cluster_MAE_Avg,RF_Cluster_RMSE_Avg,RF_Cluster_MAD_Avg,RF_Euc_Time_Avg,RF_Euc_MAE_Avg,RF_Euc_RMSE_Avg,RF_Euc_MAD_Avg,NN_Entire_Time,NN_Entire_MAE,NN_Entire_RMSE,NN_Entire_MAD,NN_Cluster_Time_Avg,NN_Cluster_MAE_Avg,NN_Cluster_RMSE_Avg,NN_Cluster_MAD_Avg,NN_Euc_Time_Avg,NN_Euc_MAE_Avg,NN_Euc_RMSE_Avg,NN_Euc_MAD_Avg,GP_Entire_Time,GP_Entire_MAE,GP_Entire_RMSE,GP_Entire_MAD,GP_Cluster_Time_Avg,GP_Cluster_MAE_Avg,GP_Cluster_RMSE_Avg,GP_Cluster_MAD_Avg,GP_Euc_Time_Avg,GP_Euc_MAE_Avg,GP_Euc_RMSE_Avg,GP_Euc_MAD_Avg,GB_Entire_Time,GB_Entire_MAE,GB_Entire_RMSE,GB_Entire_MAD,GB_Cluster_Time_Avg,GB_Cluster_MAE_Avg,GB_Cluster_RMSE_Avg,GB_Cluster_MAD_Avg,GB_Euc_Time_Avg,GB_Euc_MAE_Avg,GB_Euc_RMSE_Avg,GB_Euc_MAD_Avg
1000,2,0.9,1.0,4,0.0003719329833984375,0.03174555839505721,0.043465480669550194,0.023354845822268516,0.00030219554901123047,0.09382534242809296,0.13102556231420276,0.07650186720028314,0.00029224157333374023,0.11933357968464367,0.15914693815912323,0.09691046142812622,0.1416029930114746,0.027115331164959428,0.03615252696380955,0.021441914265422052,0.06039470434188843,0.09748204090586494,0.1453865980530452,0.06963009323160171,0.0588836669921875,0.0744736556722507,0.10854360598915337,0.05354289991899995,0.055380821228027344,0.061371781489535454,0.09680653301362598,0.039612705907739576,0.051931679248809814,0.11092519781249068,0.16997645614084694,0.07030660733157154,0.035511314868927,0.13141297296205037,0.18906594573978147,0.09943433051117065,0.22723984718322754,0.047523502,0.08538143,0.030398354,0.06478708982467651,0.103373095,0.17265856,0.06926249,0.05276364088058472,0.10506934,0.17928883,0.0619057,0.06286120414733887,0.02303393459530589,0.0299828790654456,0.01989618115551456,0.022309839725494385,0.09128408916944676,0.13378218515999576,0.06306163766529513,0.022328197956085205,0.07404961113831793,0.11120482292077442,0.05087788399413491
