N,Norm,Lambda,Gamma,K,LR_Entire_Time,LR_Entire_MAE,LR_Entire_RMSE,LR_Entire_MAD,LR_Cluster_Time_Avg,LR_Cluster_MAE_Avg,LR_Cluster_RMSE_Avg,LR_Cluster_MAD_Avg,LR_Euc_Time_Avg,LR_Euc_MAE_Avg,LR_Euc_RMSE_Avg,LR_Euc_MAD_Avg,RF_Entire_Time,RF_Entire_MAE,RF_Entire_RMSE,RF_Entire_MAD,RF_Cluster_Time_Avg,RF_Cluster_MAE_Avg,RF_Cluster_RMSE_Avg,RF_Cluster_MAD_Avg,RF_Euc_Time_Avg,RF_Euc_MAE_Avg,RF_Euc_RMSE_Avg,RF_Euc_MAD_Avg,NN_Entire_Time,NN_Entire_MAE,NN_Entire_RMSE,NN_Entire_MAD,NN_Cluster_Time_Avg,NN_Cluster_MAE_Avg,NN_Cluster_RMSE_Avg,NN_Cluster_MAD_Avg,NN_Euc_Time_Avg,NN_Euc_MAE_Avg,NN_Euc_RMSE_Avg,NN_Euc_MAD_Avg,GP_Entire_Time,GP_Entire_MAE,GP_Entire_RMSE,GP_Entire_MAD,GP_Cluster_Time_Avg,GP_Cluster_MAE_Avg,GP_Cluster_RMSE_Avg,GP_Cluster_MAD_Avg,GP_Euc_Time_Avg,GP_Euc_MAE_Avg,GP_Euc_RMSE_Avg,GP_Euc_MAD_Avg,GB_Entire_Time,GB_Entire_MAE,GB_Entire_RMSE,GB_Entire_MAD,GB_Cluster_Time_Avg,GB_Cluster_MAE_Avg,GB_Cluster_RMSE_Avg,GB_Cluster_MAD_Avg,GB_Euc_Time_Avg,GB_Euc_MAE_Avg,GB_Euc_RMSE_Avg,GB_Euc_MAD_Avg
5000,2,0.5,1.0,4,0.000823974609375,0.06606716257040125,0.2627241057286416,0.044473382092633296,0.00046497583389282227,0.1315942780558317,0.37017842407047036,0.07823408172238662,0.0003037452697753906,0.18254281304083378,0.5535900442820251,0.10327444653981978,0.7759709358215332,0.042660332357790265,0.19584414762890065,0.02012091283346784,0.1986837387084961,0.1344031809557575,0.40323721562377013,0.06454506117733921,0.1918582320213318,0.1416510980750628,0.5275601680563523,0.05221324091086531,0.9138522148132324,0.07780147476093689,0.2451092335898272,0.03875026916783789,0.15614944696426392,0.13205396339754008,0.35968920978832014,0.06866514616364301,0.11650186777114868,0.16220401401131454,0.5251712723211037,0.06945799872716063,2.9562182426452637,0.07479799,0.24537796,0.029245585,0.2823810577392578,0.12428902,0.33783135,0.061291143,0.2630002498626709,0.15136251,0.56736845,0.04662996,0.31023597717285156,0.043906218834393,0.18724162479467127,0.024486903561613538,0.09466367959976196,0.12564765207577852,0.4092074593215085,0.06281886131946987,0.08301037549972534,0.1304419036358535,0.5142438179386665,0.04814177261346294
