N,Norm,Lambda,Gamma,K,LR_Entire_Time,LR_Entire_MAE,LR_Entire_RMSE,LR_Entire_MAD,LR_Cluster_Time_Avg,LR_Cluster_MAE_Avg,LR_Cluster_RMSE_Avg,LR_Cluster_MAD_Avg,LR_Cluster_MAE_Median,LR_Cluster_RMSE_Median,LR_Cluster_MAD_Median,RF_Entire_Time,RF_Entire_MAE,RF_Entire_RMSE,RF_Entire_MAD,RF_Cluster_Time_Avg,RF_Cluster_MAE_Avg,RF_Cluster_RMSE_Avg,RF_Cluster_MAD_Avg,RF_Cluster_MAE_Median,RF_Cluster_RMSE_Median,RF_Cluster_MAD_Median,NN_Entire_Time,NN_Entire_MAE,NN_Entire_RMSE,NN_Entire_MAD,NN_Cluster_Time_Avg,NN_Cluster_MAE_Avg,NN_Cluster_RMSE_Avg,NN_Cluster_MAD_Avg,NN_Cluster_MAE_Median,NN_Cluster_RMSE_Median,NN_Cluster_MAD_Median,GP_Entire_Time,GP_Entire_MAE,GP_Entire_RMSE,GP_Entire_MAD,GP_Cluster_Time_Avg,GP_Cluster_MAE_Avg,GP_Cluster_RMSE_Avg,GP_Cluster_MAD_Avg,GP_Cluster_MAE_Median,GP_Cluster_RMSE_Median,GP_Cluster_MAD_Median,GB_Entire_Time,GB_Entire_MAE,GB_Entire_RMSE,GB_Entire_MAD,GB_Cluster_Time_Avg,GB_Cluster_MAE_Avg,GB_Cluster_RMSE_Avg,GB_Cluster_MAD_Avg,GB_Cluster_MAE_Median,GB_Cluster_RMSE_Median,GB_Cluster_MAD_Median
1000,2,0.5,2.0,6,0.0010356903076171875,0.07572404595198262,0.3176633156201745,0.045674406410488144,0.0007555484771728516,0.14332246647575372,0.46002404156061233,0.05307010236082701,0.1186754396224024,0.44296326421016985,0.014327691384906893,0.14360404014587402,0.022293247400653388,0.031017679042901404,0.017238924339463085,0.051363190015157066,0.1150658185841104,0.351800895292301,0.030918280579709734,0.08678640718415201,0.20642378430769065,0.031946129639151166,0.2532622814178467,0.09301560212170411,0.3033285314026728,0.035771828586236315,0.022887825965881348,0.15341931617808163,0.4393071370259052,0.06047357704659906,0.11412483143448576,0.3456470461178152,0.05169643596965885,0.28576111793518066,0.09063805,0.28110394,0.036968112,0.05272523562113444,0.12531531,0.36536512,0.032485906,0.08250358700752258,0.23741976916790009,0.028077736496925354,0.06071877479553223,0.02222890343871975,0.029642353831021945,0.017535934789829483,0.017091552416483562,0.10577167404110348,0.33353266739868714,0.02274555504646306,0.0710981060516738,0.13991451917759756,0.02141016384404701
