N,Norm,Lambda,Gamma,K,LR_Entire_Time,LR_Entire_MAE,LR_Entire_RMSE,LR_Entire_MAD,LR_Cluster_Time_Avg,LR_Cluster_MAE_Avg,LR_Cluster_RMSE_Avg,LR_Cluster_MAD_Avg,LR_Cluster_MAE_Median,LR_Cluster_RMSE_Median,LR_Cluster_MAD_Median,RF_Entire_Time,RF_Entire_MAE,RF_Entire_RMSE,RF_Entire_MAD,RF_Cluster_Time_Avg,RF_Cluster_MAE_Avg,RF_Cluster_RMSE_Avg,RF_Cluster_MAD_Avg,RF_Cluster_MAE_Median,RF_Cluster_RMSE_Median,RF_Cluster_MAD_Median,NN_Entire_Time,NN_Entire_MAE,NN_Entire_RMSE,NN_Entire_MAD,NN_Cluster_Time_Avg,NN_Cluster_MAE_Avg,NN_Cluster_RMSE_Avg,NN_Cluster_MAD_Avg,NN_Cluster_MAE_Median,NN_Cluster_RMSE_Median,NN_Cluster_MAD_Median,GP_Entire_Time,GP_Entire_MAE,GP_Entire_RMSE,GP_Entire_MAD,GP_Cluster_Time_Avg,GP_Cluster_MAE_Avg,GP_Cluster_RMSE_Avg,GP_Cluster_MAD_Avg,GP_Cluster_MAE_Median,GP_Cluster_RMSE_Median,GP_Cluster_MAD_Median,GB_Entire_Time,GB_Entire_MAE,GB_Entire_RMSE,GB_Entire_MAD,GB_Cluster_Time_Avg,GB_Cluster_MAE_Avg,GB_Cluster_RMSE_Avg,GB_Cluster_MAD_Avg,GB_Cluster_MAE_Median,GB_Cluster_RMSE_Median,GB_Cluster_MAD_Median
10000,2,0.5,0.5,6,0.0012531280517578125,0.0711493164406142,0.34865177023578486,0.037222118158097006,0.0008887449900309244,0.06876749068805758,0.225143768175037,0.043820612036054835,0.062425918633973135,0.1815750067944835,0.03603046268717145,1.6223421096801758,0.04299990347112447,0.20860499378849506,0.017088902040611004,0.21883134047190347,0.04605127964024149,0.2046521576707103,0.01752016501497233,0.04271226212170155,0.16369596408780424,0.017107633074910547,2.374000072479248,0.07751933471021528,0.2947966099411983,0.03230622697901975,0.3101939757664998,0.07308923669662505,0.25401035515289355,0.02816306035014217,0.0645783528380477,0.22199963013635746,0.02866967345164305,9.368607997894287,0.061292373,0.25286943,0.020469427,0.6247087319691976,0.06809365,0.2461678,0.023504034,0.06309641897678375,0.1989801824092865,0.0234527587890625,0.5890707969665527,0.04599186917143526,0.1950173984800038,0.022916511687969987,0.09097874164581299,0.04630375990962645,0.19655273799371786,0.019706215899316898,0.04295883075645522,0.1623311091652137,0.020526632959665045
