N,Norm,Lambda,Gamma,K,LR_Entire_Time,LR_Entire_MAE,LR_Entire_RMSE,LR_Entire_MAD,LR_Cluster_Time_Avg,LR_Cluster_MAE_Avg,LR_Cluster_RMSE_Avg,LR_Cluster_MAD_Avg,LR_Euc_Time_Avg,LR_Euc_MAE_Avg,LR_Euc_RMSE_Avg,LR_Euc_MAD_Avg,RF_Entire_Time,RF_Entire_MAE,RF_Entire_RMSE,RF_Entire_MAD,RF_Cluster_Time_Avg,RF_Cluster_MAE_Avg,RF_Cluster_RMSE_Avg,RF_Cluster_MAD_Avg,RF_Euc_Time_Avg,RF_Euc_MAE_Avg,RF_Euc_RMSE_Avg,RF_Euc_MAD_Avg,NN_Entire_Time,NN_Entire_MAE,NN_Entire_RMSE,NN_Entire_MAD,NN_Cluster_Time_Avg,NN_Cluster_MAE_Avg,NN_Cluster_RMSE_Avg,NN_Cluster_MAD_Avg,NN_Euc_Time_Avg,NN_Euc_MAE_Avg,NN_Euc_RMSE_Avg,NN_Euc_MAD_Avg,GP_Entire_Time,GP_Entire_MAE,GP_Entire_RMSE,GP_Entire_MAD,GP_Cluster_Time_Avg,GP_Cluster_MAE_Avg,GP_Cluster_RMSE_Avg,GP_Cluster_MAD_Avg,GP_Euc_Time_Avg,GP_Euc_MAE_Avg,GP_Euc_RMSE_Avg,GP_Euc_MAD_Avg,GB_Entire_Time,GB_Entire_MAE,GB_Entire_RMSE,GB_Entire_MAD,GB_Cluster_Time_Avg,GB_Cluster_MAE_Avg,GB_Cluster_RMSE_Avg,GB_Cluster_MAD_Avg,GB_Euc_Time_Avg,GB_Euc_MAE_Avg,GB_Euc_RMSE_Avg,GB_Euc_MAD_Avg
1000,1,0.1,2.0,6,0.0003037452697753906,0.03174555839505721,0.043465480669550194,0.023354845822268516,0.0002816518147786458,0.14132281235769864,0.2772904597421649,0.09866567043989072,0.00025582313537597656,0.14349864537881704,0.17935176655810428,0.12963595028592503,0.14025497436523438,0.026934698999893588,0.03535810999495004,0.02091314820265555,0.05276978015899658,0.14859391987172102,0.2294112548212943,0.10552974102629954,0.05068866411844889,0.10965748456041535,0.16353988598209554,0.07456624398337695,0.05090188980102539,0.0587407154350288,0.08213079007100708,0.044841696578488244,0.024261871973673504,0.14233734021301261,0.2919837249238894,0.09058834853965281,0.031104365984598797,0.13959625783254326,0.18954132031230983,0.11795816645987507,0.19450902938842773,0.047523502,0.08538143,0.030398354,0.044850667317708336,0.16269179,0.29358503,0.10691571,0.041168808937072754,0.11792902,0.17825367,0.08120518,0.06403398513793945,0.023042659366536888,0.02998090306687977,0.01989618115551467,0.01887222131093343,0.13022016326635347,0.18000428901362156,0.09907196536105523,0.018380006154378254,0.10958978840735857,0.14974755766312875,0.08143881768043204
