N,Norm,Lambda,Gamma,K,LR_Entire_Time,LR_Entire_MAE,LR_Entire_RMSE,LR_Entire_MAD,LR_Cluster_Time_Avg,LR_Cluster_MAE_Avg,LR_Cluster_RMSE_Avg,LR_Cluster_MAD_Avg,LR_Euc_Time_Avg,LR_Euc_MAE_Avg,LR_Euc_RMSE_Avg,LR_Euc_MAD_Avg,RF_Entire_Time,RF_Entire_MAE,RF_Entire_RMSE,RF_Entire_MAD,RF_Cluster_Time_Avg,RF_Cluster_MAE_Avg,RF_Cluster_RMSE_Avg,RF_Cluster_MAD_Avg,RF_Euc_Time_Avg,RF_Euc_MAE_Avg,RF_Euc_RMSE_Avg,RF_Euc_MAD_Avg,NN_Entire_Time,NN_Entire_MAE,NN_Entire_RMSE,NN_Entire_MAD,NN_Cluster_Time_Avg,NN_Cluster_MAE_Avg,NN_Cluster_RMSE_Avg,NN_Cluster_MAD_Avg,NN_Euc_Time_Avg,NN_Euc_MAE_Avg,NN_Euc_RMSE_Avg,NN_Euc_MAD_Avg,GP_Entire_Time,GP_Entire_MAE,GP_Entire_RMSE,GP_Entire_MAD,GP_Cluster_Time_Avg,GP_Cluster_MAE_Avg,GP_Cluster_RMSE_Avg,GP_Cluster_MAD_Avg,GP_Euc_Time_Avg,GP_Euc_MAE_Avg,GP_Euc_RMSE_Avg,GP_Euc_MAD_Avg,GB_Entire_Time,GB_Entire_MAE,GB_Entire_RMSE,GB_Entire_MAD,GB_Cluster_Time_Avg,GB_Cluster_MAE_Avg,GB_Cluster_RMSE_Avg,GB_Cluster_MAD_Avg,GB_Euc_Time_Avg,GB_Euc_MAE_Avg,GB_Euc_RMSE_Avg,GB_Euc_MAD_Avg
500,1,0.1,2.0,4,0.0002837181091308594,0.04554139396076337,0.06322217389655631,0.03166617154606036,0.00028955936431884766,0.30531306008656045,0.37953645118079327,0.2688274628492543,0.000247955322265625,0.1579505206000498,0.20729605280178617,0.11993514337159093,0.08488607406616211,0.034249385058834354,0.05514756452067208,0.019335550690831038,0.046362876892089844,0.13194960794636967,0.2035562731174414,0.07059502000325103,0.046652257442474365,0.07980531152661291,0.10724973894481007,0.055403909511971126,0.06310606002807617,0.061255076476925525,0.08983516991633637,0.04117387164054093,0.019940495491027832,0.17162316675728811,0.2453269279088783,0.11265450868696911,0.018732964992523193,0.2152746867144973,0.31343679217427667,0.13297281991381088,0.09036684036254883,0.07147561,0.10188179,0.046482205,0.04326426982879639,0.11960563,0.17290221,0.07765533,0.0377160906791687,0.14690587,0.24036019,0.07968679,0.036364078521728516,0.03301672410703235,0.054302802146445284,0.020239565209988486,0.016090452671051025,0.10838386107397,0.15951609733050096,0.07399261527580231,0.015557348728179932,0.08223618844503258,0.11057111759441114,0.053076205278021295
