N,Norm,Lambda,Gamma,K,LR_Entire_Time,LR_Entire_MAE,LR_Entire_RMSE,LR_Entire_MAD,LR_Cluster_Time_Avg,LR_Cluster_MAE_Avg,LR_Cluster_RMSE_Avg,LR_Cluster_MAD_Avg,LR_Euc_Time_Avg,LR_Euc_MAE_Avg,LR_Euc_RMSE_Avg,LR_Euc_MAD_Avg,RF_Entire_Time,RF_Entire_MAE,RF_Entire_RMSE,RF_Entire_MAD,RF_Cluster_Time_Avg,RF_Cluster_MAE_Avg,RF_Cluster_RMSE_Avg,RF_Cluster_MAD_Avg,RF_Euc_Time_Avg,RF_Euc_MAE_Avg,RF_Euc_RMSE_Avg,RF_Euc_MAD_Avg,NN_Entire_Time,NN_Entire_MAE,NN_Entire_RMSE,NN_Entire_MAD,NN_Cluster_Time_Avg,NN_Cluster_MAE_Avg,NN_Cluster_RMSE_Avg,NN_Cluster_MAD_Avg,NN_Euc_Time_Avg,NN_Euc_MAE_Avg,NN_Euc_RMSE_Avg,NN_Euc_MAD_Avg,GB_Entire_Time,GB_Entire_MAE,GB_Entire_RMSE,GB_Entire_MAD,GB_Cluster_Time_Avg,GB_Cluster_MAE_Avg,GB_Cluster_RMSE_Avg,GB_Cluster_MAD_Avg,GB_Euc_Time_Avg,GB_Euc_MAE_Avg,GB_Euc_RMSE_Avg,GB_Euc_MAD_Avg
100000,2,0.9,2.0,4,0.0059473514556884766,0.0643103041422581,0.30043950634238437,0.03601264487927863,0.002203702926635742,0.11758049613097925,0.3441187296380447,0.07970368029118852,0.0017868280410766602,0.1551439489605722,0.4137185066125712,0.09434256602327316,25.381892204284668,0.03962861222379158,0.19023421955919545,0.015080111449317812,5.742352485656738,0.09298589585485702,0.30668249060282315,0.04776035713572106,5.596837997436523,0.09614777869304834,0.3365632982827994,0.038710226424530085,9.344862937927246,0.05174370283916584,0.20259528754231965,0.02286616606058378,1.8678722977638245,0.08133611369875104,0.2926268943860848,0.042193053283757276,1.6429298520088196,0.10224317528042158,0.3214956624461248,0.04737483269097892,6.626848936080933,0.043877347979132106,0.19056774947005817,0.021574883164357978,1.6028938293457031,0.09236513341660879,0.30331434795826523,0.05446466745675757,1.5955109596252441,0.09737547737574767,0.3327495516620527,0.0465889769045527
