N,Norm,Lambda,Gamma,K,LR_Entire_Time,LR_Entire_MAE,LR_Entire_RMSE,LR_Entire_MAD,LR_Cluster_Time_Avg,LR_Cluster_MAE_Avg,LR_Cluster_RMSE_Avg,LR_Cluster_MAD_Avg,LR_Euc_Time_Avg,LR_Euc_MAE_Avg,LR_Euc_RMSE_Avg,LR_Euc_MAD_Avg,RF_Entire_Time,RF_Entire_MAE,RF_Entire_RMSE,RF_Entire_MAD,RF_Cluster_Time_Avg,RF_Cluster_MAE_Avg,RF_Cluster_RMSE_Avg,RF_Cluster_MAD_Avg,RF_Euc_Time_Avg,RF_Euc_MAE_Avg,RF_Euc_RMSE_Avg,RF_Euc_MAD_Avg,NN_Entire_Time,NN_Entire_MAE,NN_Entire_RMSE,NN_Entire_MAD,NN_Cluster_Time_Avg,NN_Cluster_MAE_Avg,NN_Cluster_RMSE_Avg,NN_Cluster_MAD_Avg,NN_Euc_Time_Avg,NN_Euc_MAE_Avg,NN_Euc_RMSE_Avg,NN_Euc_MAD_Avg,GP_Entire_Time,GP_Entire_MAE,GP_Entire_RMSE,GP_Entire_MAD,GP_Cluster_Time_Avg,GP_Cluster_MAE_Avg,GP_Cluster_RMSE_Avg,GP_Cluster_MAD_Avg,GP_Euc_Time_Avg,GP_Euc_MAE_Avg,GP_Euc_RMSE_Avg,GP_Euc_MAD_Avg,GB_Entire_Time,GB_Entire_MAE,GB_Entire_RMSE,GB_Entire_MAD,GB_Cluster_Time_Avg,GB_Cluster_MAE_Avg,GB_Cluster_RMSE_Avg,GB_Cluster_MAD_Avg,GB_Euc_Time_Avg,GB_Euc_MAE_Avg,GB_Euc_RMSE_Avg,GB_Euc_MAD_Avg
500,1,0.1,1.0,5,0.0003120899200439453,0.04554139396076337,0.06322217389655631,0.03166617154606036,0.00028119087219238283,0.19424805381119917,0.2531774730441877,0.17907504217975787,0.0003485679626464844,0.19080010923943722,0.2665041350634091,0.15492469542293597,0.08599305152893066,0.034428796040535205,0.054772136254507005,0.021590087118750156,0.04481377601623535,0.1465885592354862,0.20289548071735758,0.091000367145961,0.04451560974121094,0.1246025195336224,0.20704364635233627,0.07272497789673797,0.05445504188537598,0.06542808598156497,0.09855368724681926,0.040574610527202626,0.018238639831542967,0.1928646088362331,0.2587430155328957,0.1608772910552292,0.018131160736083986,0.1735751286573912,0.2608607416901858,0.11841445717353012,0.08970999717712402,0.07147561,0.10188179,0.046482205,0.039719247817993165,0.15359145,0.21348114,0.112929784,0.03482098579406738,0.14958923,0.27006802,0.09142039,0.036193132400512695,0.032876537439500905,0.05427320541466791,0.020239565209988458,0.014369392395019531,0.15497715484038113,0.23399803487452875,0.08166477477041842,0.014478540420532227,0.11620217838846351,0.1794699396737079,0.06650993678487142
