N,Norm,Lambda,Gamma,K,LR_Entire_Time,LR_Entire_MAE,LR_Entire_RMSE,LR_Entire_MAD,LR_Cluster_Time_Avg,LR_Cluster_MAE_Avg,LR_Cluster_RMSE_Avg,LR_Cluster_MAD_Avg,LR_Euc_Time_Avg,LR_Euc_MAE_Avg,LR_Euc_RMSE_Avg,LR_Euc_MAD_Avg,RF_Entire_Time,RF_Entire_MAE,RF_Entire_RMSE,RF_Entire_MAD,RF_Cluster_Time_Avg,RF_Cluster_MAE_Avg,RF_Cluster_RMSE_Avg,RF_Cluster_MAD_Avg,RF_Euc_Time_Avg,RF_Euc_MAE_Avg,RF_Euc_RMSE_Avg,RF_Euc_MAD_Avg,NN_Entire_Time,NN_Entire_MAE,NN_Entire_RMSE,NN_Entire_MAD,NN_Cluster_Time_Avg,NN_Cluster_MAE_Avg,NN_Cluster_RMSE_Avg,NN_Cluster_MAD_Avg,NN_Euc_Time_Avg,NN_Euc_MAE_Avg,NN_Euc_RMSE_Avg,NN_Euc_MAD_Avg,GP_Entire_Time,GP_Entire_MAE,GP_Entire_RMSE,GP_Entire_MAD,GP_Cluster_Time_Avg,GP_Cluster_MAE_Avg,GP_Cluster_RMSE_Avg,GP_Cluster_MAD_Avg,GP_Euc_Time_Avg,GP_Euc_MAE_Avg,GP_Euc_RMSE_Avg,GP_Euc_MAD_Avg,GB_Entire_Time,GB_Entire_MAE,GB_Entire_RMSE,GB_Entire_MAD,GB_Cluster_Time_Avg,GB_Cluster_MAE_Avg,GB_Cluster_RMSE_Avg,GB_Cluster_MAD_Avg,GB_Euc_Time_Avg,GB_Euc_MAE_Avg,GB_Euc_RMSE_Avg,GB_Euc_MAD_Avg
500,2,0.1,1.0,4,0.00029206275939941406,0.04554139396076337,0.06322217389655631,0.03166617154606036,0.0002995133399963379,0.14766683900483232,0.40729910785468043,0.07245678959517823,0.00026047229766845703,0.1579505206000498,0.20729605280178617,0.11993514337159093,0.08722996711730957,0.03509176816647897,0.05535458601018848,0.0218123762290683,0.05032813549041748,0.12097776910424837,0.22741602653823847,0.07847737618264082,0.04813450574874878,0.07750981130550072,0.10392034772794562,0.06316204679384765,0.05044722557067871,0.08016538037370101,0.10671069527382634,0.06084709179161313,0.032407164573669434,0.18140569603595952,0.4303139021777157,0.0853644886431577,0.022698521614074707,0.2256698735359079,0.324292242096337,0.13135099726441943,0.08712196350097656,0.07147561,0.10188179,0.046482205,0.04271417856216431,0.14361505,0.29546657,0.070677884,0.03713083267211914,0.14690587,0.24036019,0.07968679,0.03583097457885742,0.03297463260822342,0.05427947929604919,0.020239565209988486,0.015996992588043213,0.09879805922048979,0.14071588900940077,0.07210039849325361,0.016237735748291016,0.08249970218527439,0.1108419720499054,0.05457091795878509
