N,Norm,Lambda,Gamma,K,LR_Entire_Time,LR_Entire_MAE,LR_Entire_RMSE,LR_Entire_MAD,LR_Cluster_Time_Avg,LR_Cluster_MAE_Avg,LR_Cluster_RMSE_Avg,LR_Cluster_MAD_Avg,LR_Euc_Time_Avg,LR_Euc_MAE_Avg,LR_Euc_RMSE_Avg,LR_Euc_MAD_Avg,RF_Entire_Time,RF_Entire_MAE,RF_Entire_RMSE,RF_Entire_MAD,RF_Cluster_Time_Avg,RF_Cluster_MAE_Avg,RF_Cluster_RMSE_Avg,RF_Cluster_MAD_Avg,RF_Euc_Time_Avg,RF_Euc_MAE_Avg,RF_Euc_RMSE_Avg,RF_Euc_MAD_Avg,NN_Entire_Time,NN_Entire_MAE,NN_Entire_RMSE,NN_Entire_MAD,NN_Cluster_Time_Avg,NN_Cluster_MAE_Avg,NN_Cluster_RMSE_Avg,NN_Cluster_MAD_Avg,NN_Euc_Time_Avg,NN_Euc_MAE_Avg,NN_Euc_RMSE_Avg,NN_Euc_MAD_Avg,GB_Entire_Time,GB_Entire_MAE,GB_Entire_RMSE,GB_Entire_MAD,GB_Cluster_Time_Avg,GB_Cluster_MAE_Avg,GB_Cluster_RMSE_Avg,GB_Cluster_MAD_Avg,GB_Euc_Time_Avg,GB_Euc_MAE_Avg,GB_Euc_RMSE_Avg,GB_Euc_MAD_Avg
50000,2,0.1,0.5,7,0.0038890838623046875,0.06625561675942009,0.3233405659660932,0.03390383380555034,0.0007734979901994978,0.19349760294091123,0.4051776476815766,0.14141177925928186,0.0006681169782366071,0.22819507705703262,0.5462331196419586,0.15223612816696705,11.264348983764648,0.04321822757492588,0.21658662920605887,0.01587668724968823,1.3466952868870325,0.16530451740444804,0.40195719630715193,0.09468127740428309,1.316594123840332,0.17387897313621467,0.5258297098691166,0.0794518648663888,9.65229082107544,0.05341649768947293,0.23383633694278882,0.01828022312067283,0.9577738557543073,0.13561658302344543,0.34872341312715044,0.07461714377190598,0.652282680783953,0.1510600207182236,0.49194533924668404,0.06898321241175019,3.198390007019043,0.0481351501807223,0.22055248028489685,0.022824623588756282,0.45539140701293945,0.16022163440137088,0.3882775867191608,0.10109669550182611,0.4453918933868408,0.17198837174722548,0.523162918353896,0.08607872040667519
