N,Norm,Lambda,Gamma,K,LR_Entire_Time,LR_Entire_MAE,LR_Entire_RMSE,LR_Entire_MAD,LR_Cluster_Time_Avg,LR_Cluster_MAE_Avg,LR_Cluster_RMSE_Avg,LR_Cluster_MAD_Avg,LR_Euc_Time_Avg,LR_Euc_MAE_Avg,LR_Euc_RMSE_Avg,LR_Euc_MAD_Avg,RF_Entire_Time,RF_Entire_MAE,RF_Entire_RMSE,RF_Entire_MAD,RF_Cluster_Time_Avg,RF_Cluster_MAE_Avg,RF_Cluster_RMSE_Avg,RF_Cluster_MAD_Avg,RF_Euc_Time_Avg,RF_Euc_MAE_Avg,RF_Euc_RMSE_Avg,RF_Euc_MAD_Avg,NN_Entire_Time,NN_Entire_MAE,NN_Entire_RMSE,NN_Entire_MAD,NN_Cluster_Time_Avg,NN_Cluster_MAE_Avg,NN_Cluster_RMSE_Avg,NN_Cluster_MAD_Avg,NN_Euc_Time_Avg,NN_Euc_MAE_Avg,NN_Euc_RMSE_Avg,NN_Euc_MAD_Avg,GB_Entire_Time,GB_Entire_MAE,GB_Entire_RMSE,GB_Entire_MAD,GB_Cluster_Time_Avg,GB_Cluster_MAE_Avg,GB_Cluster_RMSE_Avg,GB_Cluster_MAD_Avg,GB_Euc_Time_Avg,GB_Euc_MAE_Avg,GB_Euc_RMSE_Avg,GB_Euc_MAD_Avg
50000,2,0.5,1.0,4,0.003512144088745117,0.06625561675942009,0.3233405659660932,0.03390383380555034,0.0014355182647705078,0.11808091399843576,0.3161499872057069,0.0797465410162005,0.0012359023094177246,0.15681437021266262,0.40509421674927343,0.09586607981260689,11.204586029052734,0.04285486779397057,0.21500404529605302,0.01591142305673686,2.560591995716095,0.0969598570960335,0.28318604235659595,0.04975218636277571,2.46401846408844,0.09899120665456793,0.3401766822807136,0.040055616486214446,7.800951719284058,0.05883244552910098,0.2310546298063314,0.0265386487609518,1.2817761898040771,0.0864954633869329,0.2593152165444346,0.04347243067481546,0.9680721163749695,0.09847905599410811,0.3144077935104959,0.043719218802966184,3.2999207973480225,0.048253871035948775,0.22107256369542674,0.022824623588756282,0.7915470004081726,0.09533987774554198,0.2732608582743796,0.056227255711684875,0.791191816329956,0.09927254771120272,0.33382357210268915,0.046584575625633826
