N,Norm,Lambda,Gamma,K,LR_Entire_Time,LR_Entire_MAE,LR_Entire_RMSE,LR_Entire_MAD,LR_Cluster_Time_Avg,LR_Cluster_MAE_Avg,LR_Cluster_RMSE_Avg,LR_Cluster_MAD_Avg,LR_Euc_Time_Avg,LR_Euc_MAE_Avg,LR_Euc_RMSE_Avg,LR_Euc_MAD_Avg,RF_Entire_Time,RF_Entire_MAE,RF_Entire_RMSE,RF_Entire_MAD,RF_Cluster_Time_Avg,RF_Cluster_MAE_Avg,RF_Cluster_RMSE_Avg,RF_Cluster_MAD_Avg,RF_Euc_Time_Avg,RF_Euc_MAE_Avg,RF_Euc_RMSE_Avg,RF_Euc_MAD_Avg,NN_Entire_Time,NN_Entire_MAE,NN_Entire_RMSE,NN_Entire_MAD,NN_Cluster_Time_Avg,NN_Cluster_MAE_Avg,NN_Cluster_RMSE_Avg,NN_Cluster_MAD_Avg,NN_Euc_Time_Avg,NN_Euc_MAE_Avg,NN_Euc_RMSE_Avg,NN_Euc_MAD_Avg,GB_Entire_Time,GB_Entire_MAE,GB_Entire_RMSE,GB_Entire_MAD,GB_Cluster_Time_Avg,GB_Cluster_MAE_Avg,GB_Cluster_RMSE_Avg,GB_Cluster_MAD_Avg,GB_Euc_Time_Avg,GB_Euc_MAE_Avg,GB_Euc_RMSE_Avg,GB_Euc_MAD_Avg
50000,1,0.1,2.0,4,0.003870248794555664,0.06625561675942009,0.3233405659660932,0.03390383380555034,0.0010957121849060059,0.11240967126516291,0.30145287204738813,0.07995313422317796,0.001644730567932129,0.15681437021266262,0.40509421674927343,0.09586607981260689,11.216360092163086,0.04317820961247711,0.21673713215748577,0.01592003969104344,2.540302276611328,0.09231963752765504,0.2706800964175418,0.049155147859399353,2.4646998047828674,0.09877880132010408,0.3377681205983469,0.04050749032433437,6.980971097946167,0.0645277974774994,0.24019514999785463,0.02897905348889407,1.2805321216583252,0.08639400549531752,0.25157112017482797,0.04695275684224876,0.9273797869682312,0.09821541586744373,0.31811836519598896,0.04252648878030511,3.296894073486328,0.04812127734430527,0.22055753024832442,0.022824623588756615,0.7983800768852234,0.09091735566076412,0.25471897329330523,0.05689979622705213,0.8010059595108032,0.09883481288391138,0.3331612340637588,0.04656722637292467
