N,Norm,Lambda,Gamma,K,LR_Entire_Time,LR_Entire_MAE,LR_Entire_RMSE,LR_Entire_MAD,LR_Cluster_Time_Avg,LR_Cluster_MAE_Avg,LR_Cluster_RMSE_Avg,LR_Cluster_MAD_Avg,LR_Euc_Time_Avg,LR_Euc_MAE_Avg,LR_Euc_RMSE_Avg,LR_Euc_MAD_Avg,RF_Entire_Time,RF_Entire_MAE,RF_Entire_RMSE,RF_Entire_MAD,RF_Cluster_Time_Avg,RF_Cluster_MAE_Avg,RF_Cluster_RMSE_Avg,RF_Cluster_MAD_Avg,RF_Euc_Time_Avg,RF_Euc_MAE_Avg,RF_Euc_RMSE_Avg,RF_Euc_MAD_Avg,NN_Entire_Time,NN_Entire_MAE,NN_Entire_RMSE,NN_Entire_MAD,NN_Cluster_Time_Avg,NN_Cluster_MAE_Avg,NN_Cluster_RMSE_Avg,NN_Cluster_MAD_Avg,NN_Euc_Time_Avg,NN_Euc_MAE_Avg,NN_Euc_RMSE_Avg,NN_Euc_MAD_Avg,GB_Entire_Time,GB_Entire_MAE,GB_Entire_RMSE,GB_Entire_MAD,GB_Cluster_Time_Avg,GB_Cluster_MAE_Avg,GB_Cluster_RMSE_Avg,GB_Cluster_MAD_Avg,GB_Euc_Time_Avg,GB_Euc_MAE_Avg,GB_Euc_RMSE_Avg,GB_Euc_MAD_Avg
100000,2,0.5,1.0,7,0.006415128707885742,0.0643103041422581,0.30043950634238437,0.03601264487927863,0.002002341406685965,0.19054612745799018,0.4472731043821397,0.13800453456706527,0.001138312476021903,0.21916092885132782,0.5380078145111772,0.14733366206872503,25.374221801757812,0.03960567204847417,0.18920925444551992,0.015068643075501487,3.069467238017491,0.15596123703348405,0.4342778046364266,0.08613828341780905,3.0285798822130476,0.16570795745326877,0.536125329909899,0.07407794460791206,18.64704203605652,0.04320751896879459,0.18906765805817344,0.018276701888588154,1.0600224563053675,0.12752590018030024,0.3849861853269977,0.0704333410553214,0.7561438764844622,0.14194459675969942,0.48058183202692295,0.06794898635171485,6.594357013702393,0.04388143365954745,0.1907135148838767,0.021574883164358002,0.9090811865670341,0.15213633439816762,0.41072724347326645,0.09685105832707376,0.9140159402574811,0.16283111209661977,0.5341087361703513,0.08487570730021395
