N,Norm,Lambda,Gamma,K,LR_Entire_Time,LR_Entire_MAE,LR_Entire_RMSE,LR_Entire_MAD,LR_Cluster_Time_Avg,LR_Cluster_MAE_Avg,LR_Cluster_RMSE_Avg,LR_Cluster_MAD_Avg,LR_Euc_Time_Avg,LR_Euc_MAE_Avg,LR_Euc_RMSE_Avg,LR_Euc_MAD_Avg,RF_Entire_Time,RF_Entire_MAE,RF_Entire_RMSE,RF_Entire_MAD,RF_Cluster_Time_Avg,RF_Cluster_MAE_Avg,RF_Cluster_RMSE_Avg,RF_Cluster_MAD_Avg,RF_Euc_Time_Avg,RF_Euc_MAE_Avg,RF_Euc_RMSE_Avg,RF_Euc_MAD_Avg,NN_Entire_Time,NN_Entire_MAE,NN_Entire_RMSE,NN_Entire_MAD,NN_Cluster_Time_Avg,NN_Cluster_MAE_Avg,NN_Cluster_RMSE_Avg,NN_Cluster_MAD_Avg,NN_Euc_Time_Avg,NN_Euc_MAE_Avg,NN_Euc_RMSE_Avg,NN_Euc_MAD_Avg,GP_Entire_Time,GP_Entire_MAE,GP_Entire_RMSE,GP_Entire_MAD,GP_Cluster_Time_Avg,GP_Cluster_MAE_Avg,GP_Cluster_RMSE_Avg,GP_Cluster_MAD_Avg,GP_Euc_Time_Avg,GP_Euc_MAE_Avg,GP_Euc_RMSE_Avg,GP_Euc_MAD_Avg,GB_Entire_Time,GB_Entire_MAE,GB_Entire_RMSE,GB_Entire_MAD,GB_Cluster_Time_Avg,GB_Cluster_MAE_Avg,GB_Cluster_RMSE_Avg,GB_Cluster_MAD_Avg,GB_Euc_Time_Avg,GB_Euc_MAE_Avg,GB_Euc_RMSE_Avg,GB_Euc_MAD_Avg
1000,2,0.5,0.5,6,0.0003859996795654297,0.03174555839505721,0.043465480669550194,0.023354845822268516,0.00027565161387125653,0.14356254574605654,0.27089227297577106,0.10643137743054822,0.00032206376393636066,0.14349864537881704,0.17935176655810428,0.12963595028592503,0.1397697925567627,0.02751025963079607,0.03643391879318224,0.020811052948409348,0.051307996114095054,0.14329053828604074,0.2261913116484061,0.1100564668437652,0.04998433589935303,0.11054590265157849,0.1585206082705747,0.07939007074870058,0.054998159408569336,0.05686897865971332,0.07934204671523791,0.043822955895099325,0.03473671277364095,0.14112742993815994,0.2767092655236089,0.09660864050230562,0.03337367375691732,0.14260864138418708,0.19440291022184944,0.11708507264983359,0.1793830394744873,0.047523502,0.08538143,0.030398354,0.04464101791381836,0.16579486,0.29034373,0.1116874,0.03982206185658773,0.11792902,0.17825367,0.08120518,0.06389403343200684,0.02303533202491761,0.029955253128889813,0.019896181155514503,0.01803267002105713,0.13299882294500912,0.1816788227051542,0.09837127969805737,0.017924706141153973,0.10646329653370866,0.1447410505032545,0.08050544938612332
