N,Norm,Lambda,Gamma,K,LR_Entire_Time,LR_Entire_MAE,LR_Entire_RMSE,LR_Entire_MAD,LR_Cluster_Time_Avg,LR_Cluster_MAE_Avg,LR_Cluster_RMSE_Avg,LR_Cluster_MAD_Avg,LR_Euc_Time_Avg,LR_Euc_MAE_Avg,LR_Euc_RMSE_Avg,LR_Euc_MAD_Avg,RF_Entire_Time,RF_Entire_MAE,RF_Entire_RMSE,RF_Entire_MAD,RF_Cluster_Time_Avg,RF_Cluster_MAE_Avg,RF_Cluster_RMSE_Avg,RF_Cluster_MAD_Avg,RF_Euc_Time_Avg,RF_Euc_MAE_Avg,RF_Euc_RMSE_Avg,RF_Euc_MAD_Avg,NN_Entire_Time,NN_Entire_MAE,NN_Entire_RMSE,NN_Entire_MAD,NN_Cluster_Time_Avg,NN_Cluster_MAE_Avg,NN_Cluster_RMSE_Avg,NN_Cluster_MAD_Avg,NN_Euc_Time_Avg,NN_Euc_MAE_Avg,NN_Euc_RMSE_Avg,NN_Euc_MAD_Avg,GB_Entire_Time,GB_Entire_MAE,GB_Entire_RMSE,GB_Entire_MAD,GB_Cluster_Time_Avg,GB_Cluster_MAE_Avg,GB_Cluster_RMSE_Avg,GB_Cluster_MAD_Avg,GB_Euc_Time_Avg,GB_Euc_MAE_Avg,GB_Euc_RMSE_Avg,GB_Euc_MAD_Avg
100000,2,0.1,1.0,3,0.006002187728881836,0.0643103041422581,0.30043950634238437,0.03601264487927863,0.00324400266011556,0.09555783153970086,0.2980577533729614,0.06075349108139585,0.0023670196533203125,0.13700685445944463,0.42404110391471833,0.08132741789522079,25.44423198699951,0.03940708153047153,0.1912166354170824,0.015109982562513669,7.833953698476155,0.0727389737034191,0.24577709651716706,0.034525934024096115,7.607606569925944,0.08373136922622589,0.3365526670278405,0.032708652861609504,11.251183271408081,0.04383410182643742,0.20575948950876993,0.0159444502985793,3.388918399810791,0.06828997209890343,0.23152474058452613,0.03405454262378791,2.4798033237457275,0.08765592987998029,0.32493655988082576,0.04022429316307852,6.598317861557007,0.04383809924504992,0.1902409028987881,0.021572383600056366,2.1508113543192544,0.07436848068514625,0.2411111131960748,0.042660988456381554,2.1383776664733887,0.08420307790127883,0.32965420987164756,0.04067719294935008
