N,Norm,Lambda,Gamma,K,LR_Entire_Time,LR_Entire_MAE,LR_Entire_RMSE,LR_Entire_MAD,LR_Cluster_Time_Avg,LR_Cluster_MAE_Avg,LR_Cluster_RMSE_Avg,LR_Cluster_MAD_Avg,LR_Euc_Time_Avg,LR_Euc_MAE_Avg,LR_Euc_RMSE_Avg,LR_Euc_MAD_Avg,RF_Entire_Time,RF_Entire_MAE,RF_Entire_RMSE,RF_Entire_MAD,RF_Cluster_Time_Avg,RF_Cluster_MAE_Avg,RF_Cluster_RMSE_Avg,RF_Cluster_MAD_Avg,RF_Euc_Time_Avg,RF_Euc_MAE_Avg,RF_Euc_RMSE_Avg,RF_Euc_MAD_Avg,NN_Entire_Time,NN_Entire_MAE,NN_Entire_RMSE,NN_Entire_MAD,NN_Cluster_Time_Avg,NN_Cluster_MAE_Avg,NN_Cluster_RMSE_Avg,NN_Cluster_MAD_Avg,NN_Euc_Time_Avg,NN_Euc_MAE_Avg,NN_Euc_RMSE_Avg,NN_Euc_MAD_Avg,GP_Entire_Time,GP_Entire_MAE,GP_Entire_RMSE,GP_Entire_MAD,GP_Cluster_Time_Avg,GP_Cluster_MAE_Avg,GP_Cluster_RMSE_Avg,GP_Cluster_MAD_Avg,GP_Euc_Time_Avg,GP_Euc_MAE_Avg,GP_Euc_RMSE_Avg,GP_Euc_MAD_Avg,GB_Entire_Time,GB_Entire_MAE,GB_Entire_RMSE,GB_Entire_MAD,GB_Cluster_Time_Avg,GB_Cluster_MAE_Avg,GB_Cluster_RMSE_Avg,GB_Cluster_MAD_Avg,GB_Euc_Time_Avg,GB_Euc_MAE_Avg,GB_Euc_RMSE_Avg,GB_Euc_MAD_Avg
500,1,0.9,0.5,5,0.00029587745666503906,0.04554139396076337,0.06322217389655631,0.03166617154606036,0.0003455162048339844,0.2836211971336922,0.39273535441209645,0.2678250448213969,0.000278472900390625,0.19080010923943722,0.2665041350634091,0.15492469542293597,0.08592891693115234,0.03576477932145584,0.055579490366813984,0.024767483545178534,0.04425654411315918,0.2439846048470479,0.3541592926289959,0.1754476500099253,0.044576597213745114,0.12395805526849808,0.21494451590775832,0.06523506065929152,0.042559146881103516,0.0720959942654395,0.1041062741095327,0.045311503440741405,0.017418622970581055,0.17921570075818213,0.2606186656920103,0.12064233707559709,0.019672918319702148,0.18541498917470262,0.2705576805437544,0.11592432489408377,0.08687210083007812,0.07147561,0.10188179,0.046482205,0.04361114501953125,0.13953441,0.20892927,0.09499812,0.034694671630859375,0.14958923,0.27006802,0.09142039,0.03643608093261719,0.0330224314576434,0.05437237905006552,0.020239565209988486,0.014736080169677734,0.14041359019912694,0.22211730604578528,0.08339997007183671,0.01441798210144043,0.11461430776039683,0.1790004617476678,0.06431457320664617
