N,Norm,Lambda,Gamma,K,LR_Entire_Time,LR_Entire_MAE,LR_Entire_RMSE,LR_Entire_MAD,LR_Cluster_Time_Avg,LR_Cluster_MAE_Avg,LR_Cluster_RMSE_Avg,LR_Cluster_MAD_Avg,LR_Euc_Time_Avg,LR_Euc_MAE_Avg,LR_Euc_RMSE_Avg,LR_Euc_MAD_Avg,RF_Entire_Time,RF_Entire_MAE,RF_Entire_RMSE,RF_Entire_MAD,RF_Cluster_Time_Avg,RF_Cluster_MAE_Avg,RF_Cluster_RMSE_Avg,RF_Cluster_MAD_Avg,RF_Euc_Time_Avg,RF_Euc_MAE_Avg,RF_Euc_RMSE_Avg,RF_Euc_MAD_Avg,NN_Entire_Time,NN_Entire_MAE,NN_Entire_RMSE,NN_Entire_MAD,NN_Cluster_Time_Avg,NN_Cluster_MAE_Avg,NN_Cluster_RMSE_Avg,NN_Cluster_MAD_Avg,NN_Euc_Time_Avg,NN_Euc_MAE_Avg,NN_Euc_RMSE_Avg,NN_Euc_MAD_Avg,GP_Entire_Time,GP_Entire_MAE,GP_Entire_RMSE,GP_Entire_MAD,GP_Cluster_Time_Avg,GP_Cluster_MAE_Avg,GP_Cluster_RMSE_Avg,GP_Cluster_MAD_Avg,GP_Euc_Time_Avg,GP_Euc_MAE_Avg,GP_Euc_RMSE_Avg,GP_Euc_MAD_Avg,GB_Entire_Time,GB_Entire_MAE,GB_Entire_RMSE,GB_Entire_MAD,GB_Cluster_Time_Avg,GB_Cluster_MAE_Avg,GB_Cluster_RMSE_Avg,GB_Cluster_MAD_Avg,GB_Euc_Time_Avg,GB_Euc_MAE_Avg,GB_Euc_RMSE_Avg,GB_Euc_MAD_Avg
1000,2,0.5,2.0,6,0.0005931854248046875,0.03174555839505721,0.043465480669550194,0.023354845822268516,0.0003654956817626953,0.14356254574605654,0.27089227297577106,0.10643137743054822,0.00038301944732666016,0.14349864537881704,0.17935176655810428,0.12963595028592503,0.1437530517578125,0.027118213854491077,0.036128428875960815,0.022068953834949154,0.05218076705932617,0.14384643130214583,0.22355662282061006,0.10788760583576262,0.050354997316996254,0.10734693937230333,0.1559269197328558,0.07954565777989762,0.09227275848388672,0.047940818661260945,0.07107748850122128,0.03457394486746418,0.028142293294270832,0.16090146376328243,0.304674422111938,0.09764431619612829,0.029520034790039062,0.15414189505246426,0.19499621733194938,0.1304909080182283,0.2437610626220703,0.047523502,0.08538143,0.030398354,0.04607073465983073,0.16579486,0.29034373,0.1116874,0.040625294049580894,0.11792902,0.17825367,0.08120518,0.06449508666992188,0.02292194503966307,0.02981008712200918,0.019896181155514614,0.01803894837697347,0.13250672151817125,0.1819387705378058,0.09907401529877054,0.01800994078318278,0.10551491677501527,0.1448274573363768,0.0774725719294209
