N,Norm,Lambda,Gamma,K,LR_Entire_Time,LR_Entire_MAE,LR_Entire_RMSE,LR_Entire_MAD,LR_Cluster_Time_Avg,LR_Cluster_MAE_Avg,LR_Cluster_RMSE_Avg,LR_Cluster_MAD_Avg,LR_Euc_Time_Avg,LR_Euc_MAE_Avg,LR_Euc_RMSE_Avg,LR_Euc_MAD_Avg,RF_Entire_Time,RF_Entire_MAE,RF_Entire_RMSE,RF_Entire_MAD,RF_Cluster_Time_Avg,RF_Cluster_MAE_Avg,RF_Cluster_RMSE_Avg,RF_Cluster_MAD_Avg,RF_Euc_Time_Avg,RF_Euc_MAE_Avg,RF_Euc_RMSE_Avg,RF_Euc_MAD_Avg,NN_Entire_Time,NN_Entire_MAE,NN_Entire_RMSE,NN_Entire_MAD,NN_Cluster_Time_Avg,NN_Cluster_MAE_Avg,NN_Cluster_RMSE_Avg,NN_Cluster_MAD_Avg,NN_Euc_Time_Avg,NN_Euc_MAE_Avg,NN_Euc_RMSE_Avg,NN_Euc_MAD_Avg,GB_Entire_Time,GB_Entire_MAE,GB_Entire_RMSE,GB_Entire_MAD,GB_Cluster_Time_Avg,GB_Cluster_MAE_Avg,GB_Cluster_RMSE_Avg,GB_Cluster_MAD_Avg,GB_Euc_Time_Avg,GB_Euc_MAE_Avg,GB_Euc_RMSE_Avg,GB_Euc_MAD_Avg
100000,1,0.9,1.0,5,0.006779193878173828,0.0643103041422581,0.30043950634238437,0.03601264487927863,0.0021390438079833983,0.14170812844699518,0.35608050154026805,0.10125110996282316,0.0023508071899414062,0.1810003097263652,0.43049108119569157,0.11850972218814104,25.361883878707886,0.03925948918759526,0.18908548528290017,0.015023836405707647,4.472290897369385,0.11575192564497754,0.3337333937408742,0.0618347964198457,4.402964925765991,0.11623542222979655,0.374779046235319,0.05036022196646929,15.145030975341797,0.045878834605205726,0.19216113675536067,0.02307161281551262,1.5909605503082276,0.0944650487398985,0.29822963662113333,0.05069417251253705,1.0074574947357178,0.1112405640325093,0.3501899885773671,0.05455542611556945,6.618576765060425,0.043880644071023996,0.19100838222168962,0.021574883164357975,1.2787136554718017,0.1131103748876359,0.3330165710834416,0.07098113417972299,1.2754595756530762,0.1163864657950839,0.36515607892962376,0.05879076653138775
