N,Norm,Lambda,Gamma,K,LR_Entire_Time,LR_Entire_MAE,LR_Entire_RMSE,LR_Entire_MAD,LR_Cluster_Time_Avg,LR_Cluster_MAE_Avg,LR_Cluster_RMSE_Avg,LR_Cluster_MAD_Avg,LR_Euc_Time_Avg,LR_Euc_MAE_Avg,LR_Euc_RMSE_Avg,LR_Euc_MAD_Avg,RF_Entire_Time,RF_Entire_MAE,RF_Entire_RMSE,RF_Entire_MAD,RF_Cluster_Time_Avg,RF_Cluster_MAE_Avg,RF_Cluster_RMSE_Avg,RF_Cluster_MAD_Avg,RF_Euc_Time_Avg,RF_Euc_MAE_Avg,RF_Euc_RMSE_Avg,RF_Euc_MAD_Avg,NN_Entire_Time,NN_Entire_MAE,NN_Entire_RMSE,NN_Entire_MAD,NN_Cluster_Time_Avg,NN_Cluster_MAE_Avg,NN_Cluster_RMSE_Avg,NN_Cluster_MAD_Avg,NN_Euc_Time_Avg,NN_Euc_MAE_Avg,NN_Euc_RMSE_Avg,NN_Euc_MAD_Avg,GB_Entire_Time,GB_Entire_MAE,GB_Entire_RMSE,GB_Entire_MAD,GB_Cluster_Time_Avg,GB_Cluster_MAE_Avg,GB_Cluster_RMSE_Avg,GB_Cluster_MAD_Avg,GB_Euc_Time_Avg,GB_Euc_MAE_Avg,GB_Euc_RMSE_Avg,GB_Euc_MAD_Avg
50000,1,0.5,1.0,4,0.0031502246856689453,0.06625561675942009,0.3233405659660932,0.03390383380555034,0.001159369945526123,0.11808091399843576,0.3161499872057069,0.0797465410162005,0.0016917586326599121,0.15681437021266262,0.40509421674927343,0.09586607981260689,11.261399269104004,0.04288379248334712,0.21788366772082102,0.015655347455935442,2.5557581782341003,0.09737055514148106,0.28348876229213904,0.04949071782480018,2.481710731983185,0.09881107442696206,0.33963663952012807,0.040346153302604965,8.133153915405273,0.05638566489386464,0.22143739219612638,0.024983329372199103,1.3885865807533264,0.0916968200526124,0.26226977361111037,0.0505860599824915,0.8030375242233276,0.09924806119822929,0.32016646665721454,0.045274208204284544,3.288940191268921,0.04807660156111935,0.22038842927256103,0.022824623588756254,0.7993400692939758,0.09542020697202663,0.2737362274004801,0.05621977490910996,0.792074978351593,0.09890966730957551,0.33316097065967265,0.0465838533379903
