N,Norm,Lambda,Gamma,K,LR_Entire_Time,LR_Entire_MAE,LR_Entire_RMSE,LR_Entire_MAD,LR_Cluster_Time_Avg,LR_Cluster_MAE_Avg,LR_Cluster_RMSE_Avg,LR_Cluster_MAD_Avg,LR_Euc_Time_Avg,LR_Euc_MAE_Avg,LR_Euc_RMSE_Avg,LR_Euc_MAD_Avg,RF_Entire_Time,RF_Entire_MAE,RF_Entire_RMSE,RF_Entire_MAD,RF_Cluster_Time_Avg,RF_Cluster_MAE_Avg,RF_Cluster_RMSE_Avg,RF_Cluster_MAD_Avg,RF_Euc_Time_Avg,RF_Euc_MAE_Avg,RF_Euc_RMSE_Avg,RF_Euc_MAD_Avg,NN_Entire_Time,NN_Entire_MAE,NN_Entire_RMSE,NN_Entire_MAD,NN_Cluster_Time_Avg,NN_Cluster_MAE_Avg,NN_Cluster_RMSE_Avg,NN_Cluster_MAD_Avg,NN_Euc_Time_Avg,NN_Euc_MAE_Avg,NN_Euc_RMSE_Avg,NN_Euc_MAD_Avg,GP_Entire_Time,GP_Entire_MAE,GP_Entire_RMSE,GP_Entire_MAD,GP_Cluster_Time_Avg,GP_Cluster_MAE_Avg,GP_Cluster_RMSE_Avg,GP_Cluster_MAD_Avg,GP_Euc_Time_Avg,GP_Euc_MAE_Avg,GP_Euc_RMSE_Avg,GP_Euc_MAD_Avg,GB_Entire_Time,GB_Entire_MAE,GB_Entire_RMSE,GB_Entire_MAD,GB_Cluster_Time_Avg,GB_Cluster_MAE_Avg,GB_Cluster_RMSE_Avg,GB_Cluster_MAD_Avg,GB_Euc_Time_Avg,GB_Euc_MAE_Avg,GB_Euc_RMSE_Avg,GB_Euc_MAD_Avg
10000,1,0.9,0.5,3,0.0011742115020751953,0.06792803101151079,0.3219772320780228,0.0359716131146422,0.0007272561391194662,0.09673842157375756,0.2759004119682224,0.0602257405304506,0.0006416638692220052,0.1339008915097624,0.3611311607589738,0.0870481855744885,2.4345269203186035,0.0471291277038854,0.23376824005706132,0.018083472726354688,0.772503137588501,0.08530696424362698,0.2375714440099708,0.043204638348692065,0.7599489688873291,0.0914384946337825,0.341054636301904,0.03898214611777282,3.4945600032806396,0.07729319618565829,0.2832256160037309,0.03114657301947319,0.6358559131622314,0.0936776349850179,0.2449248978737748,0.04626689751761087,0.5012108484903971,0.11680206058700067,0.3426983797094954,0.04898672714876979,13.527651071548462,0.070496865,0.25910532,0.022871047,2.086675008138021,0.076814435,0.20950902,0.03735091,1.9871327877044678,0.09069457,0.33305436,0.035385076,0.8928346633911133,0.04869517998452933,0.23671588517407902,0.023290466776537067,0.2959197362263997,0.07988049496575694,0.23862164414415535,0.0437124818251975,0.2955513000488281,0.08595640879094056,0.32868397983631353,0.042101294056144746
