N,Norm,Lambda,Gamma,K,LR_Entire_Time,LR_Entire_MAE,LR_Entire_RMSE,LR_Entire_MAD,LR_Cluster_Time_Avg,LR_Cluster_MAE_Avg,LR_Cluster_RMSE_Avg,LR_Cluster_MAD_Avg,LR_Euc_Time_Avg,LR_Euc_MAE_Avg,LR_Euc_RMSE_Avg,LR_Euc_MAD_Avg,RF_Entire_Time,RF_Entire_MAE,RF_Entire_RMSE,RF_Entire_MAD,RF_Cluster_Time_Avg,RF_Cluster_MAE_Avg,RF_Cluster_RMSE_Avg,RF_Cluster_MAD_Avg,RF_Euc_Time_Avg,RF_Euc_MAE_Avg,RF_Euc_RMSE_Avg,RF_Euc_MAD_Avg,NN_Entire_Time,NN_Entire_MAE,NN_Entire_RMSE,NN_Entire_MAD,NN_Cluster_Time_Avg,NN_Cluster_MAE_Avg,NN_Cluster_RMSE_Avg,NN_Cluster_MAD_Avg,NN_Euc_Time_Avg,NN_Euc_MAE_Avg,NN_Euc_RMSE_Avg,NN_Euc_MAD_Avg,GB_Entire_Time,GB_Entire_MAE,GB_Entire_RMSE,GB_Entire_MAD,GB_Cluster_Time_Avg,GB_Cluster_MAE_Avg,GB_Cluster_RMSE_Avg,GB_Cluster_MAD_Avg,GB_Euc_Time_Avg,GB_Euc_MAE_Avg,GB_Euc_RMSE_Avg,GB_Euc_MAD_Avg
100000,1,0.5,2.0,4,0.005998134613037109,0.0643103041422581,0.30043950634238437,0.03601264487927863,0.001986861228942871,0.11474804169357891,0.31877721766135586,0.07885722292792399,0.0025188326835632324,0.1551439489605722,0.4137185066125712,0.09434256602327316,25.372122049331665,0.039598517174467524,0.19086508705615202,0.014973428902189778,5.803121268749237,0.09198558416835843,0.28453618254812285,0.047507618906741,5.650992751121521,0.09626758185720408,0.33473401057840746,0.03866636265486331,13.448675155639648,0.042758325929015906,0.19248331690177783,0.016181911012246697,2.0760509967803955,0.08199058679496915,0.265449135917344,0.044557371709156,1.8637615442276,0.10126328230918036,0.3225817632286511,0.051178414748974596,6.592061996459961,0.043900023508272434,0.19105076899392062,0.02157488316435795,1.6025462746620178,0.09042844312673332,0.2726227732153311,0.05490186082703558,1.6031538844108582,0.09739054136254854,0.33281450827598286,0.04658897690455277
