N,Norm,Lambda,Gamma,K,LR_Entire_Time,LR_Entire_MAE,LR_Entire_RMSE,LR_Entire_MAD,LR_Cluster_Time_Avg,LR_Cluster_MAE_Avg,LR_Cluster_RMSE_Avg,LR_Cluster_MAD_Avg,LR_Euc_Time_Avg,LR_Euc_MAE_Avg,LR_Euc_RMSE_Avg,LR_Euc_MAD_Avg,RF_Entire_Time,RF_Entire_MAE,RF_Entire_RMSE,RF_Entire_MAD,RF_Cluster_Time_Avg,RF_Cluster_MAE_Avg,RF_Cluster_RMSE_Avg,RF_Cluster_MAD_Avg,RF_Euc_Time_Avg,RF_Euc_MAE_Avg,RF_Euc_RMSE_Avg,RF_Euc_MAD_Avg,NN_Entire_Time,NN_Entire_MAE,NN_Entire_RMSE,NN_Entire_MAD,NN_Cluster_Time_Avg,NN_Cluster_MAE_Avg,NN_Cluster_RMSE_Avg,NN_Cluster_MAD_Avg,NN_Euc_Time_Avg,NN_Euc_MAE_Avg,NN_Euc_RMSE_Avg,NN_Euc_MAD_Avg,GP_Entire_Time,GP_Entire_MAE,GP_Entire_RMSE,GP_Entire_MAD,GP_Cluster_Time_Avg,GP_Cluster_MAE_Avg,GP_Cluster_RMSE_Avg,GP_Cluster_MAD_Avg,GP_Euc_Time_Avg,GP_Euc_MAE_Avg,GP_Euc_RMSE_Avg,GP_Euc_MAD_Avg,GB_Entire_Time,GB_Entire_MAE,GB_Entire_RMSE,GB_Entire_MAD,GB_Cluster_Time_Avg,GB_Cluster_MAE_Avg,GB_Cluster_RMSE_Avg,GB_Cluster_MAD_Avg,GB_Euc_Time_Avg,GB_Euc_MAE_Avg,GB_Euc_RMSE_Avg,GB_Euc_MAD_Avg
500,2,0.1,0.5,6,0.0003020763397216797,0.04554139396076337,0.06322217389655631,0.03166617154606036,0.0002706448237101237,0.1760974524289212,0.31830583599309886,0.1233304401198712,0.00030350685119628906,0.19921843298696848,0.25486940794286467,0.17387360374618732,0.08320903778076172,0.03473731994714606,0.05446993945638652,0.022783861970461117,0.04296485582987467,0.1808528175976221,0.27951797841649184,0.11465268971273267,0.04354087511698405,0.16065359479063376,0.22639356911681655,0.12402673261590841,0.04558682441711426,0.06686082860425512,0.10103734704544583,0.044616814669505137,0.014934698740641275,0.18776613499778763,0.3453727076232065,0.11887773915137993,0.017293612162272137,0.16069507328481017,0.22418476976098503,0.13152750052345255,0.08353495597839355,0.07147561,0.10188179,0.046482205,0.039780497550964355,0.21956277,0.3699956,0.14871815,0.03456377983093262,0.13239518,0.21830045,0.07401103,0.03632307052612305,0.033047018794018744,0.054368395211390044,0.020239565209988458,0.013594269752502441,0.15965285897641718,0.23632355681044737,0.10649746135972954,0.013544201850891113,0.13483057702047307,0.21156918353291077,0.08920919265088707
