N,Norm,Lambda,Gamma,K,LR_Entire_Time,LR_Entire_MAE,LR_Entire_RMSE,LR_Entire_MAD,LR_Cluster_Time_Avg,LR_Cluster_MAE_Avg,LR_Cluster_RMSE_Avg,LR_Cluster_MAD_Avg,LR_Euc_Time_Avg,LR_Euc_MAE_Avg,LR_Euc_RMSE_Avg,LR_Euc_MAD_Avg,RF_Entire_Time,RF_Entire_MAE,RF_Entire_RMSE,RF_Entire_MAD,RF_Cluster_Time_Avg,RF_Cluster_MAE_Avg,RF_Cluster_RMSE_Avg,RF_Cluster_MAD_Avg,RF_Euc_Time_Avg,RF_Euc_MAE_Avg,RF_Euc_RMSE_Avg,RF_Euc_MAD_Avg,NN_Entire_Time,NN_Entire_MAE,NN_Entire_RMSE,NN_Entire_MAD,NN_Cluster_Time_Avg,NN_Cluster_MAE_Avg,NN_Cluster_RMSE_Avg,NN_Cluster_MAD_Avg,NN_Euc_Time_Avg,NN_Euc_MAE_Avg,NN_Euc_RMSE_Avg,NN_Euc_MAD_Avg,GP_Entire_Time,GP_Entire_MAE,GP_Entire_RMSE,GP_Entire_MAD,GP_Cluster_Time_Avg,GP_Cluster_MAE_Avg,GP_Cluster_RMSE_Avg,GP_Cluster_MAD_Avg,GP_Euc_Time_Avg,GP_Euc_MAE_Avg,GP_Euc_RMSE_Avg,GP_Euc_MAD_Avg,GB_Entire_Time,GB_Entire_MAE,GB_Entire_RMSE,GB_Entire_MAD,GB_Cluster_Time_Avg,GB_Cluster_MAE_Avg,GB_Cluster_RMSE_Avg,GB_Cluster_MAD_Avg,GB_Euc_Time_Avg,GB_Euc_MAE_Avg,GB_Euc_RMSE_Avg,GB_Euc_MAD_Avg
10000,1,0.9,0.5,7,0.0011420249938964844,0.06792803101151079,0.3219772320780228,0.0359716131146422,0.0005511556352887835,0.16991516765651132,0.3078838689328987,0.12354114065726761,0.0004754066467285156,0.2171414784446725,0.402775286262579,0.15111334666271622,2.428131103515625,0.04716173021853286,0.23706640640781107,0.018294222431172846,0.32597793851579937,0.1643282841981562,0.34410842156611376,0.09806949719462824,0.3214294229234968,0.18404375754831365,0.409848125685047,0.09375679520712783,2.7878639698028564,0.07922797147920282,0.2791774216750408,0.03054311247791859,0.2796146869659424,0.13961165776516143,0.2754644695291692,0.08481358190993626,0.23594811984470912,0.16583439906895267,0.36115697541136366,0.08189603497088502,12.505949974060059,0.070327505,0.25979164,0.022541128,0.4245372840336391,0.13743505,0.26271608,0.08247769,0.45006401198250906,0.16241494,0.3655191,0.08015556,0.884096622467041,0.048790012417084735,0.23713143160618905,0.02329046677653704,0.13242145947047643,0.14634282681384989,0.3379989930027269,0.08945787622024737,0.13140136854989187,0.17508907045175248,0.4123930609615747,0.09106088031447192
