N,Norm,Lambda,Gamma,K,LR_Entire_Time,LR_Entire_MAE,LR_Entire_RMSE,LR_Entire_MAD,LR_Cluster_Time_Avg,LR_Cluster_MAE_Avg,LR_Cluster_RMSE_Avg,LR_Cluster_MAD_Avg,LR_Euc_Time_Avg,LR_Euc_MAE_Avg,LR_Euc_RMSE_Avg,LR_Euc_MAD_Avg,RF_Entire_Time,RF_Entire_MAE,RF_Entire_RMSE,RF_Entire_MAD,RF_Cluster_Time_Avg,RF_Cluster_MAE_Avg,RF_Cluster_RMSE_Avg,RF_Cluster_MAD_Avg,RF_Euc_Time_Avg,RF_Euc_MAE_Avg,RF_Euc_RMSE_Avg,RF_Euc_MAD_Avg,NN_Entire_Time,NN_Entire_MAE,NN_Entire_RMSE,NN_Entire_MAD,NN_Cluster_Time_Avg,NN_Cluster_MAE_Avg,NN_Cluster_RMSE_Avg,NN_Cluster_MAD_Avg,NN_Euc_Time_Avg,NN_Euc_MAE_Avg,NN_Euc_RMSE_Avg,NN_Euc_MAD_Avg,GB_Entire_Time,GB_Entire_MAE,GB_Entire_RMSE,GB_Entire_MAD,GB_Cluster_Time_Avg,GB_Cluster_MAE_Avg,GB_Cluster_RMSE_Avg,GB_Cluster_MAD_Avg,GB_Euc_Time_Avg,GB_Euc_MAE_Avg,GB_Euc_RMSE_Avg,GB_Euc_MAD_Avg
100000,2,0.5,0.5,3,0.011292219161987305,0.0643103041422581,0.30043950634238437,0.03601264487927863,0.0024036566416422525,0.09513655670211725,0.3032277680744298,0.059911553419951635,0.0033243497212727866,0.13700685445944463,0.42404110391471833,0.08132741789522079,25.403263092041016,0.0396111844748796,0.19041555398196355,0.014989431284258975,7.8323915004730225,0.07176663692165046,0.24893274259432552,0.0340250783384835,7.603721539179484,0.08380136256841003,0.337177537706905,0.03289866749286171,13.699208974838257,0.048025765663986475,0.21406925989660516,0.01895664144032181,3.149596929550171,0.07024181192262727,0.23636895653134124,0.03837420106527196,3.077919085820516,0.08248451257007111,0.3225053603361515,0.03670726160373904,6.584451675415039,0.043907952036356813,0.19080747121759523,0.02157488316435798,2.1454010804494223,0.07341277518846823,0.2431481658693606,0.0425627566254706,2.1378044287363687,0.08414058899579706,0.3294801629736554,0.04067719294934994
