N,Norm,Lambda,Gamma,K,LR_Entire_Time,LR_Entire_MAE,LR_Entire_RMSE,LR_Entire_MAD,LR_Cluster_Time_Avg,LR_Cluster_MAE_Avg,LR_Cluster_RMSE_Avg,LR_Cluster_MAD_Avg,LR_Euc_Time_Avg,LR_Euc_MAE_Avg,LR_Euc_RMSE_Avg,LR_Euc_MAD_Avg,RF_Entire_Time,RF_Entire_MAE,RF_Entire_RMSE,RF_Entire_MAD,RF_Cluster_Time_Avg,RF_Cluster_MAE_Avg,RF_Cluster_RMSE_Avg,RF_Cluster_MAD_Avg,RF_Euc_Time_Avg,RF_Euc_MAE_Avg,RF_Euc_RMSE_Avg,RF_Euc_MAD_Avg,NN_Entire_Time,NN_Entire_MAE,NN_Entire_RMSE,NN_Entire_MAD,NN_Cluster_Time_Avg,NN_Cluster_MAE_Avg,NN_Cluster_RMSE_Avg,NN_Cluster_MAD_Avg,NN_Euc_Time_Avg,NN_Euc_MAE_Avg,NN_Euc_RMSE_Avg,NN_Euc_MAD_Avg,GB_Entire_Time,GB_Entire_MAE,GB_Entire_RMSE,GB_Entire_MAD,GB_Cluster_Time_Avg,GB_Cluster_MAE_Avg,GB_Cluster_RMSE_Avg,GB_Cluster_MAD_Avg,GB_Euc_Time_Avg,GB_Euc_MAE_Avg,GB_Euc_RMSE_Avg,GB_Euc_MAD_Avg
50000,1,0.5,2.0,3,0.003412961959838867,0.06625561675942009,0.3233405659660932,0.03390383380555034,0.0019463698069254558,0.09469318536668257,0.2997412119186648,0.059541385148824046,0.0014216899871826172,0.13539184417959435,0.3931635208263831,0.08229257984802939,11.158372163772583,0.04280553554278476,0.21404550473642608,0.015853530044988753,3.426670948664347,0.07588633965677379,0.26888860605085957,0.03557138182393888,3.3563899993896484,0.08650099114632948,0.3242827095271607,0.03517929153629643,7.243545055389404,0.05554031682315564,0.23212552513932475,0.020046829603088234,1.937862475713094,0.07275594522780217,0.2500472841780378,0.0357875237281847,1.6790286699930828,0.0906534758946055,0.3051092795407182,0.03942352126568818,3.239348888397217,0.04830442125248227,0.2219793939852623,0.022824623588756282,1.060465892155965,0.07549814620253038,0.25928991662696577,0.04285385106144445,1.0561198393503826,0.08734226576054198,0.31598601671847726,0.04239467767258837
