N,Norm,Lambda,Gamma,K,LR_Entire_Time,LR_Entire_MAE,LR_Entire_RMSE,LR_Entire_MAD,LR_Cluster_Time_Avg,LR_Cluster_MAE_Avg,LR_Cluster_RMSE_Avg,LR_Cluster_MAD_Avg,LR_Euc_Time_Avg,LR_Euc_MAE_Avg,LR_Euc_RMSE_Avg,LR_Euc_MAD_Avg,RF_Entire_Time,RF_Entire_MAE,RF_Entire_RMSE,RF_Entire_MAD,RF_Cluster_Time_Avg,RF_Cluster_MAE_Avg,RF_Cluster_RMSE_Avg,RF_Cluster_MAD_Avg,RF_Euc_Time_Avg,RF_Euc_MAE_Avg,RF_Euc_RMSE_Avg,RF_Euc_MAD_Avg,NN_Entire_Time,NN_Entire_MAE,NN_Entire_RMSE,NN_Entire_MAD,NN_Cluster_Time_Avg,NN_Cluster_MAE_Avg,NN_Cluster_RMSE_Avg,NN_Cluster_MAD_Avg,NN_Euc_Time_Avg,NN_Euc_MAE_Avg,NN_Euc_RMSE_Avg,NN_Euc_MAD_Avg,GB_Entire_Time,GB_Entire_MAE,GB_Entire_RMSE,GB_Entire_MAD,GB_Cluster_Time_Avg,GB_Cluster_MAE_Avg,GB_Cluster_RMSE_Avg,GB_Cluster_MAD_Avg,GB_Euc_Time_Avg,GB_Euc_MAE_Avg,GB_Euc_RMSE_Avg,GB_Euc_MAD_Avg
100000,2,0.1,2.0,5,0.005682945251464844,0.0643103041422581,0.30043950634238437,0.03601264487927863,0.0016336441040039062,0.1405555516297259,0.34729950510749924,0.09877077533869974,0.0015743732452392577,0.1810003097263652,0.43049108119569157,0.11850972218814104,25.346181869506836,0.03965404561595648,0.19127178192422145,0.015054507638007086,4.473882007598877,0.1164920586958222,0.32571150015430134,0.061693475323946964,4.407574462890625,0.1170570546743058,0.3748158228764874,0.050687612607912394,12.176321744918823,0.05250548901354031,0.20608718907777826,0.022926146333420938,1.303271436691284,0.0979086203495196,0.2896292804782645,0.05443056869374226,1.0715584754943848,0.1094323647206155,0.3520964394352807,0.04976626309048526,6.60465931892395,0.043855354385110415,0.19055348191771623,0.021574883164358013,1.2753643989562988,0.11174784705420249,0.3013023333087267,0.07139218922396304,1.2744579792022706,0.11624130743122407,0.3647585045552861,0.058801929256890186
