N,Norm,Lambda,Gamma,K,LR_Entire_Time,LR_Entire_MAE,LR_Entire_RMSE,LR_Entire_MAD,LR_Cluster_Time_Avg,LR_Cluster_MAE_Avg,LR_Cluster_RMSE_Avg,LR_Cluster_MAD_Avg,LR_Euc_Time_Avg,LR_Euc_MAE_Avg,LR_Euc_RMSE_Avg,LR_Euc_MAD_Avg,RF_Entire_Time,RF_Entire_MAE,RF_Entire_RMSE,RF_Entire_MAD,RF_Cluster_Time_Avg,RF_Cluster_MAE_Avg,RF_Cluster_RMSE_Avg,RF_Cluster_MAD_Avg,RF_Euc_Time_Avg,RF_Euc_MAE_Avg,RF_Euc_RMSE_Avg,RF_Euc_MAD_Avg,NN_Entire_Time,NN_Entire_MAE,NN_Entire_RMSE,NN_Entire_MAD,NN_Cluster_Time_Avg,NN_Cluster_MAE_Avg,NN_Cluster_RMSE_Avg,NN_Cluster_MAD_Avg,NN_Euc_Time_Avg,NN_Euc_MAE_Avg,NN_Euc_RMSE_Avg,NN_Euc_MAD_Avg,GB_Entire_Time,GB_Entire_MAE,GB_Entire_RMSE,GB_Entire_MAD,GB_Cluster_Time_Avg,GB_Cluster_MAE_Avg,GB_Cluster_RMSE_Avg,GB_Cluster_MAD_Avg,GB_Euc_Time_Avg,GB_Euc_MAE_Avg,GB_Euc_RMSE_Avg,GB_Euc_MAD_Avg
50000,1,0.5,0.5,7,0.0032796859741210938,0.06625561675942009,0.3233405659660932,0.03390383380555034,0.0007644380841936384,0.19845653326383644,0.4460455473028445,0.14280949880099547,0.0006156648908342634,0.22819507705703262,0.5462331196419586,0.15223612816696705,11.382261991500854,0.042849009245316746,0.2174225742127908,0.015899844454387274,1.3801429612295968,0.16836018905193198,0.4199444023974398,0.09566521512014574,1.3271654333387102,0.17204729878010042,0.5205826481266657,0.07947150340623743,8.336400032043457,0.05945871455796828,0.24178516020753726,0.024424550084395258,0.6981503282274518,0.1434844878987168,0.3905101453395726,0.08017398062638241,0.49367148535592215,0.15185105944183847,0.4909115823485099,0.07159371789547726,3.309126138687134,0.04816708789899224,0.22141863332815975,0.022824623588756643,0.462277889251709,0.16188996937556174,0.40705457810318885,0.10170827186334715,0.45859687668936594,0.17218965690541446,0.5239528722835592,0.08606983579098482
