N,Norm,Lambda,Gamma,K,LR_Entire_Time,LR_Entire_MAE,LR_Entire_RMSE,LR_Entire_MAD,LR_Cluster_Time_Avg,LR_Cluster_MAE_Avg,LR_Cluster_RMSE_Avg,LR_Cluster_MAD_Avg,LR_Euc_Time_Avg,LR_Euc_MAE_Avg,LR_Euc_RMSE_Avg,LR_Euc_MAD_Avg,RF_Entire_Time,RF_Entire_MAE,RF_Entire_RMSE,RF_Entire_MAD,RF_Cluster_Time_Avg,RF_Cluster_MAE_Avg,RF_Cluster_RMSE_Avg,RF_Cluster_MAD_Avg,RF_Euc_Time_Avg,RF_Euc_MAE_Avg,RF_Euc_RMSE_Avg,RF_Euc_MAD_Avg,NN_Entire_Time,NN_Entire_MAE,NN_Entire_RMSE,NN_Entire_MAD,NN_Cluster_Time_Avg,NN_Cluster_MAE_Avg,NN_Cluster_RMSE_Avg,NN_Cluster_MAD_Avg,NN_Euc_Time_Avg,NN_Euc_MAE_Avg,NN_Euc_RMSE_Avg,NN_Euc_MAD_Avg,GB_Entire_Time,GB_Entire_MAE,GB_Entire_RMSE,GB_Entire_MAD,GB_Cluster_Time_Avg,GB_Cluster_MAE_Avg,GB_Cluster_RMSE_Avg,GB_Cluster_MAD_Avg,GB_Euc_Time_Avg,GB_Euc_MAE_Avg,GB_Euc_RMSE_Avg,GB_Euc_MAD_Avg
100000,1,0.5,1.0,4,0.007484912872314453,0.0643103041422581,0.30043950634238437,0.03601264487927863,0.002658069133758545,0.11474804169357891,0.31877721766135586,0.07885722292792399,0.0018182992935180664,0.1551439489605722,0.4137185066125712,0.09434256602327316,25.404863834381104,0.03987504581278452,0.19184002599298267,0.014953959337338826,5.729793906211853,0.09149142928801417,0.28256472831461865,0.04740088879893277,5.605108976364136,0.0966381762568991,0.3367825952733661,0.03867772226764636,14.035422086715698,0.041551945055111096,0.1937256852393724,0.013841118064784323,3.1089812517166138,0.08169534643876572,0.26387339439257745,0.04474168383566922,2.2519667744636536,0.09588701830671859,0.3224864342729873,0.04159781987242683,6.608227729797363,0.043866983862505204,0.19096493943397683,0.021574883164357985,1.6066030263900757,0.09042899027695991,0.2726256633261748,0.05489994176485988,1.6002271175384521,0.09740834474719999,0.33288154673133846,0.04658897690455263
