N,Norm,Lambda,Gamma,K,LR_Entire_Time,LR_Entire_MAE,LR_Entire_RMSE,LR_Entire_MAD,LR_Cluster_Time_Avg,LR_Cluster_MAE_Avg,LR_Cluster_RMSE_Avg,LR_Cluster_MAD_Avg,LR_Euc_Time_Avg,LR_Euc_MAE_Avg,LR_Euc_RMSE_Avg,LR_Euc_MAD_Avg,RF_Entire_Time,RF_Entire_MAE,RF_Entire_RMSE,RF_Entire_MAD,RF_Cluster_Time_Avg,RF_Cluster_MAE_Avg,RF_Cluster_RMSE_Avg,RF_Cluster_MAD_Avg,RF_Euc_Time_Avg,RF_Euc_MAE_Avg,RF_Euc_RMSE_Avg,RF_Euc_MAD_Avg,NN_Entire_Time,NN_Entire_MAE,NN_Entire_RMSE,NN_Entire_MAD,NN_Cluster_Time_Avg,NN_Cluster_MAE_Avg,NN_Cluster_RMSE_Avg,NN_Cluster_MAD_Avg,NN_Euc_Time_Avg,NN_Euc_MAE_Avg,NN_Euc_RMSE_Avg,NN_Euc_MAD_Avg,GP_Entire_Time,GP_Entire_MAE,GP_Entire_RMSE,GP_Entire_MAD,GP_Cluster_Time_Avg,GP_Cluster_MAE_Avg,GP_Cluster_RMSE_Avg,GP_Cluster_MAD_Avg,GP_Euc_Time_Avg,GP_Euc_MAE_Avg,GP_Euc_RMSE_Avg,GP_Euc_MAD_Avg,GB_Entire_Time,GB_Entire_MAE,GB_Entire_RMSE,GB_Entire_MAD,GB_Cluster_Time_Avg,GB_Cluster_MAE_Avg,GB_Cluster_RMSE_Avg,GB_Cluster_MAD_Avg,GB_Euc_Time_Avg,GB_Euc_MAE_Avg,GB_Euc_RMSE_Avg,GB_Euc_MAD_Avg
5000,2,0.5,0.5,7,0.0006558895111083984,0.06606716257040125,0.2627241057286416,0.044473382092633296,0.0003255435398646763,0.1688677182814112,0.26906878813223417,0.1397882007344117,0.00031886781964983257,0.2309213956600825,0.4281767200218489,0.16803380215287375,0.7684891223907471,0.042374280157793535,0.19548400883747752,0.019820129448693186,0.11946725845336914,0.1496067862967839,0.2791120001889063,0.1011280294814658,0.11757557732718331,0.18894486283209974,0.43663664481913017,0.09932918654530588,0.9916620254516602,0.07307769520885946,0.2479019205400224,0.029642233146097208,0.11393434660775321,0.14930446714913984,0.2663941597492306,0.10027385847775547,0.11042758396693639,0.17887727656296123,0.40101708995202817,0.09715177939632617,2.73327898979187,0.0749203,0.24635783,0.029083252,0.1480116503579276,0.1444885,0.2666355,0.09647175,0.15072856630597795,0.18625943,0.42731166,0.098997764,0.30604004859924316,0.043745017301672205,0.1870205636699626,0.024486903561613566,0.048184292657034736,0.13927377175189348,0.25575383703887006,0.09451085573450464,0.04886484146118164,0.175420058384023,0.4225020985026083,0.09850617670150699
