N,Norm,Lambda,Gamma,K,LR_Entire_Time,LR_Entire_MAE,LR_Entire_RMSE,LR_Entire_MAD,LR_Cluster_Time_Avg,LR_Cluster_MAE_Avg,LR_Cluster_RMSE_Avg,LR_Cluster_MAD_Avg,LR_Euc_Time_Avg,LR_Euc_MAE_Avg,LR_Euc_RMSE_Avg,LR_Euc_MAD_Avg,RF_Entire_Time,RF_Entire_MAE,RF_Entire_RMSE,RF_Entire_MAD,RF_Cluster_Time_Avg,RF_Cluster_MAE_Avg,RF_Cluster_RMSE_Avg,RF_Cluster_MAD_Avg,RF_Euc_Time_Avg,RF_Euc_MAE_Avg,RF_Euc_RMSE_Avg,RF_Euc_MAD_Avg,NN_Entire_Time,NN_Entire_MAE,NN_Entire_RMSE,NN_Entire_MAD,NN_Cluster_Time_Avg,NN_Cluster_MAE_Avg,NN_Cluster_RMSE_Avg,NN_Cluster_MAD_Avg,NN_Euc_Time_Avg,NN_Euc_MAE_Avg,NN_Euc_RMSE_Avg,NN_Euc_MAD_Avg,GB_Entire_Time,GB_Entire_MAE,GB_Entire_RMSE,GB_Entire_MAD,GB_Cluster_Time_Avg,GB_Cluster_MAE_Avg,GB_Cluster_RMSE_Avg,GB_Cluster_MAD_Avg,GB_Euc_Time_Avg,GB_Euc_MAE_Avg,GB_Euc_RMSE_Avg,GB_Euc_MAD_Avg
100000,1,0.9,2.0,4,0.006249904632568359,0.0643103041422581,0.30043950634238437,0.03601264487927863,0.002528846263885498,0.11758049613097925,0.3441187296380447,0.07970368029118852,0.0017402172088623047,0.1551439489605722,0.4137185066125712,0.09434256602327316,25.358694314956665,0.03968661887316369,0.190175912824042,0.015127851889157884,5.753557741641998,0.09335236019124662,0.3071393687594722,0.047227200378961096,5.602675080299377,0.09652658745618427,0.3368096362724245,0.03853159750296144,13.419528007507324,0.046909953194635964,0.19552107331931884,0.018678989515313105,2.4161144495010376,0.08023285690689444,0.29333613432494,0.038801803255827425,1.7534040212631226,0.09681044143638862,0.3240177455994073,0.0445879582613303,6.589288234710693,0.04382257612684327,0.189984624929638,0.021572383600056096,1.5997945666313171,0.09241045988170125,0.3034713791035115,0.054458412781611745,1.5944907665252686,0.0973901396531803,0.3327946485267625,0.04658741036697836
