N,Norm,Lambda,Gamma,K,LR_Entire_Time,LR_Entire_MAE,LR_Entire_RMSE,LR_Entire_MAD,LR_Cluster_Time_Avg,LR_Cluster_MAE_Avg,LR_Cluster_RMSE_Avg,LR_Cluster_MAD_Avg,LR_Euc_Time_Avg,LR_Euc_MAE_Avg,LR_Euc_RMSE_Avg,LR_Euc_MAD_Avg,RF_Entire_Time,RF_Entire_MAE,RF_Entire_RMSE,RF_Entire_MAD,RF_Cluster_Time_Avg,RF_Cluster_MAE_Avg,RF_Cluster_RMSE_Avg,RF_Cluster_MAD_Avg,RF_Euc_Time_Avg,RF_Euc_MAE_Avg,RF_Euc_RMSE_Avg,RF_Euc_MAD_Avg,NN_Entire_Time,NN_Entire_MAE,NN_Entire_RMSE,NN_Entire_MAD,NN_Cluster_Time_Avg,NN_Cluster_MAE_Avg,NN_Cluster_RMSE_Avg,NN_Cluster_MAD_Avg,NN_Euc_Time_Avg,NN_Euc_MAE_Avg,NN_Euc_RMSE_Avg,NN_Euc_MAD_Avg,GP_Entire_Time,GP_Entire_MAE,GP_Entire_RMSE,GP_Entire_MAD,GP_Cluster_Time_Avg,GP_Cluster_MAE_Avg,GP_Cluster_RMSE_Avg,GP_Cluster_MAD_Avg,GP_Euc_Time_Avg,GP_Euc_MAE_Avg,GP_Euc_RMSE_Avg,GP_Euc_MAD_Avg,GB_Entire_Time,GB_Entire_MAE,GB_Entire_RMSE,GB_Entire_MAD,GB_Cluster_Time_Avg,GB_Cluster_MAE_Avg,GB_Cluster_RMSE_Avg,GB_Cluster_MAD_Avg,GB_Euc_Time_Avg,GB_Euc_MAE_Avg,GB_Euc_RMSE_Avg,GB_Euc_MAD_Avg
100,1,0.1,0.5,6,0.000308990478515625,0.19598571368711998,0.2658167496676893,0.12690348231686688,0.00032130877176920575,0.4626228328241404,0.5355071554047552,0.41513809234109195,0.00024704138437906903,0.4626228328241404,0.5355071554047552,0.41513809234109195,0.04451394081115723,0.03596560172719525,0.045319267739331336,0.03322930089820447,0.03913565476735433,0.3272959102059239,0.38257237766457347,0.29730524773650857,0.03941667079925537,0.34113948122315835,0.39334324891399014,0.3117648992248419,0.023498058319091797,0.26824721634669124,0.41160731448746224,0.11418151149960085,0.009451826413472494,0.49883045677631405,0.5961583395947152,0.48637022105690364,0.008700887362162272,0.5226054688361983,0.6019020459330858,0.5308376757751097,0.03963518142700195,0.14043128,0.21644284,0.062149398,0.028963724772135418,0.34983072,0.41411725,0.3093361,0.028698325157165527,0.34983072,0.41411725,0.3093361,0.014224052429199219,0.03483879716665999,0.04724355621417407,0.02389865190063803,0.010520656903584799,0.28940347033561925,0.33952773324486824,0.27955507335004937,0.010298649470011393,0.3370357911431621,0.39887864177559446,0.344429452296594
