N,Norm,Lambda,Gamma,K,LR_Entire_Time,LR_Entire_MAE,LR_Entire_RMSE,LR_Entire_MAD,LR_Cluster_Time_Avg,LR_Cluster_MAE_Avg,LR_Cluster_RMSE_Avg,LR_Cluster_MAD_Avg,LR_Euc_Time_Avg,LR_Euc_MAE_Avg,LR_Euc_RMSE_Avg,LR_Euc_MAD_Avg,RF_Entire_Time,RF_Entire_MAE,RF_Entire_RMSE,RF_Entire_MAD,RF_Cluster_Time_Avg,RF_Cluster_MAE_Avg,RF_Cluster_RMSE_Avg,RF_Cluster_MAD_Avg,RF_Euc_Time_Avg,RF_Euc_MAE_Avg,RF_Euc_RMSE_Avg,RF_Euc_MAD_Avg,NN_Entire_Time,NN_Entire_MAE,NN_Entire_RMSE,NN_Entire_MAD,NN_Cluster_Time_Avg,NN_Cluster_MAE_Avg,NN_Cluster_RMSE_Avg,NN_Cluster_MAD_Avg,NN_Euc_Time_Avg,NN_Euc_MAE_Avg,NN_Euc_RMSE_Avg,NN_Euc_MAD_Avg,GP_Entire_Time,GP_Entire_MAE,GP_Entire_RMSE,GP_Entire_MAD,GP_Cluster_Time_Avg,GP_Cluster_MAE_Avg,GP_Cluster_RMSE_Avg,GP_Cluster_MAD_Avg,GP_Euc_Time_Avg,GP_Euc_MAE_Avg,GP_Euc_RMSE_Avg,GP_Euc_MAD_Avg,GB_Entire_Time,GB_Entire_MAE,GB_Entire_RMSE,GB_Entire_MAD,GB_Cluster_Time_Avg,GB_Cluster_MAE_Avg,GB_Cluster_RMSE_Avg,GB_Cluster_MAD_Avg,GB_Euc_Time_Avg,GB_Euc_MAE_Avg,GB_Euc_RMSE_Avg,GB_Euc_MAD_Avg
500,2,0.5,0.5,4,0.0002980232238769531,0.04554139396076337,0.06322217389655631,0.03166617154606036,0.0003319978713989258,0.14766683900483232,0.40729910785468043,0.07245678959517823,0.00026279687881469727,0.1579505206000498,0.20729605280178617,0.11993514337159093,0.08394289016723633,0.03463788158934732,0.05504295692707618,0.022242804101248126,0.04704093933105469,0.11961505773668463,0.22099969000152325,0.07846662762171754,0.04688382148742676,0.07707979424518387,0.10353378718374914,0.06154904875505138,0.05776190757751465,0.0717855559399827,0.09733489115689575,0.04737164018726493,0.030281245708465576,0.209758485238246,0.4655053478381074,0.10547654993244326,0.021077990531921387,0.19093589862845722,0.25802003049204236,0.13934619596189682,0.09684419631958008,0.07147561,0.10188179,0.046482205,0.042109906673431396,0.14361505,0.29546657,0.070677884,0.03689098358154297,0.14690587,0.24036019,0.07968679,0.035820960998535156,0.03294674182722458,0.05425252268123342,0.020239565209988458,0.016116619110107422,0.09665392229179133,0.13599190196595362,0.07240801838485868,0.015813350677490234,0.08233091609829143,0.11127478937569939,0.052254780076511555
