N,Norm,Lambda,Gamma,K,LR_Entire_Time,LR_Entire_MAE,LR_Entire_RMSE,LR_Entire_MAD,LR_Cluster_Time_Avg,LR_Cluster_MAE_Avg,LR_Cluster_RMSE_Avg,LR_Cluster_MAD_Avg,LR_Euc_Time_Avg,LR_Euc_MAE_Avg,LR_Euc_RMSE_Avg,LR_Euc_MAD_Avg,RF_Entire_Time,RF_Entire_MAE,RF_Entire_RMSE,RF_Entire_MAD,RF_Cluster_Time_Avg,RF_Cluster_MAE_Avg,RF_Cluster_RMSE_Avg,RF_Cluster_MAD_Avg,RF_Euc_Time_Avg,RF_Euc_MAE_Avg,RF_Euc_RMSE_Avg,RF_Euc_MAD_Avg,NN_Entire_Time,NN_Entire_MAE,NN_Entire_RMSE,NN_Entire_MAD,NN_Cluster_Time_Avg,NN_Cluster_MAE_Avg,NN_Cluster_RMSE_Avg,NN_Cluster_MAD_Avg,NN_Euc_Time_Avg,NN_Euc_MAE_Avg,NN_Euc_RMSE_Avg,NN_Euc_MAD_Avg,GP_Entire_Time,GP_Entire_MAE,GP_Entire_RMSE,GP_Entire_MAD,GP_Cluster_Time_Avg,GP_Cluster_MAE_Avg,GP_Cluster_RMSE_Avg,GP_Cluster_MAD_Avg,GP_Euc_Time_Avg,GP_Euc_MAE_Avg,GP_Euc_RMSE_Avg,GP_Euc_MAD_Avg,GB_Entire_Time,GB_Entire_MAE,GB_Entire_RMSE,GB_Entire_MAD,GB_Cluster_Time_Avg,GB_Cluster_MAE_Avg,GB_Cluster_RMSE_Avg,GB_Cluster_MAD_Avg,GB_Euc_Time_Avg,GB_Euc_MAE_Avg,GB_Euc_RMSE_Avg,GB_Euc_MAD_Avg
1000,2,0.5,2.0,4,0.00035190582275390625,0.03174555839505721,0.043465480669550194,0.023354845822268516,0.00032973289489746094,0.09382534242809296,0.13102556231420276,0.07650186720028314,0.00027054548263549805,0.11933357968464367,0.15914693815912323,0.09691046142812622,0.14990711212158203,0.027113837953620577,0.035898398309461996,0.02236295540934302,0.060105741024017334,0.0980705895718541,0.14787634337303807,0.06907753792064672,0.060612261295318604,0.07490393019845151,0.10828706148201508,0.05278716895386236,0.06937217712402344,0.052300339009693345,0.07621960025131681,0.0391301569744149,0.04903692007064819,0.11468796553566048,0.17586871704874407,0.07716526898124967,0.033758699893951416,0.12194056195969513,0.17718050209343228,0.08225080042677038,0.2661440372467041,0.047523502,0.08538143,0.030398354,0.06361532211303711,0.103373095,0.17265856,0.06926249,0.05623704195022583,0.10506934,0.17928883,0.0619057,0.06313610076904297,0.02300972490316929,0.029887296096978818,0.019598714559076302,0.022623300552368164,0.09178880499259102,0.13491123975751734,0.06336711629915717,0.022096455097198486,0.0740703130624075,0.11115300285440231,0.05087788399413489
