N,Norm,Lambda,Gamma,K,LR_Entire_Time,LR_Entire_MAE,LR_Entire_RMSE,LR_Entire_MAD,LR_Cluster_Time_Avg,LR_Cluster_MAE_Avg,LR_Cluster_RMSE_Avg,LR_Cluster_MAD_Avg,LR_Euc_Time_Avg,LR_Euc_MAE_Avg,LR_Euc_RMSE_Avg,LR_Euc_MAD_Avg,RF_Entire_Time,RF_Entire_MAE,RF_Entire_RMSE,RF_Entire_MAD,RF_Cluster_Time_Avg,RF_Cluster_MAE_Avg,RF_Cluster_RMSE_Avg,RF_Cluster_MAD_Avg,RF_Euc_Time_Avg,RF_Euc_MAE_Avg,RF_Euc_RMSE_Avg,RF_Euc_MAD_Avg,NN_Entire_Time,NN_Entire_MAE,NN_Entire_RMSE,NN_Entire_MAD,NN_Cluster_Time_Avg,NN_Cluster_MAE_Avg,NN_Cluster_RMSE_Avg,NN_Cluster_MAD_Avg,NN_Euc_Time_Avg,NN_Euc_MAE_Avg,NN_Euc_RMSE_Avg,NN_Euc_MAD_Avg,GB_Entire_Time,GB_Entire_MAE,GB_Entire_RMSE,GB_Entire_MAD,GB_Cluster_Time_Avg,GB_Cluster_MAE_Avg,GB_Cluster_RMSE_Avg,GB_Cluster_MAD_Avg,GB_Euc_Time_Avg,GB_Euc_MAE_Avg,GB_Euc_RMSE_Avg,GB_Euc_MAD_Avg
50000,2,0.1,2.0,5,0.003480195999145508,0.06625561675942009,0.3233405659660932,0.03390383380555034,0.0014832973480224609,0.14443324093417798,0.357791351498303,0.10077676344519948,0.0012518405914306641,0.1801006369020747,0.4476572912709266,0.11853718463557242,11.080179929733276,0.04291002560953924,0.2173729586196257,0.01572508833985431,1.9609954833984375,0.12224325163773116,0.34424684218856266,0.06422282777429833,1.9142422199249267,0.12028278105972516,0.39448462691687497,0.053184253803674184,5.778264284133911,0.053808071677519796,0.2459387808216228,0.020591855701641987,0.9478301048278809,0.10958195711115579,0.3164057911123373,0.05939172000586579,0.6133952140808105,0.1166888778495823,0.37704063331719523,0.050264651269040186,3.200093984603882,0.048119220018012436,0.22055058797992674,0.022824623588756088,0.6262054920196534,0.11822832736909117,0.329975916402208,0.07092779829229304,0.626177978515625,0.12008251413027216,0.38803564585179123,0.06190237397184446
