N,Norm,Lambda,Gamma,K,LR_Entire_Time,LR_Entire_MAE,LR_Entire_RMSE,LR_Entire_MAD,LR_Cluster_Time_Avg,LR_Cluster_MAE_Avg,LR_Cluster_RMSE_Avg,LR_Cluster_MAD_Avg,LR_Euc_Time_Avg,LR_Euc_MAE_Avg,LR_Euc_RMSE_Avg,LR_Euc_MAD_Avg,RF_Entire_Time,RF_Entire_MAE,RF_Entire_RMSE,RF_Entire_MAD,RF_Cluster_Time_Avg,RF_Cluster_MAE_Avg,RF_Cluster_RMSE_Avg,RF_Cluster_MAD_Avg,RF_Euc_Time_Avg,RF_Euc_MAE_Avg,RF_Euc_RMSE_Avg,RF_Euc_MAD_Avg,NN_Entire_Time,NN_Entire_MAE,NN_Entire_RMSE,NN_Entire_MAD,NN_Cluster_Time_Avg,NN_Cluster_MAE_Avg,NN_Cluster_RMSE_Avg,NN_Cluster_MAD_Avg,NN_Euc_Time_Avg,NN_Euc_MAE_Avg,NN_Euc_RMSE_Avg,NN_Euc_MAD_Avg,GP_Entire_Time,GP_Entire_MAE,GP_Entire_RMSE,GP_Entire_MAD,GP_Cluster_Time_Avg,GP_Cluster_MAE_Avg,GP_Cluster_RMSE_Avg,GP_Cluster_MAD_Avg,GP_Euc_Time_Avg,GP_Euc_MAE_Avg,GP_Euc_RMSE_Avg,GP_Euc_MAD_Avg,GB_Entire_Time,GB_Entire_MAE,GB_Entire_RMSE,GB_Entire_MAD,GB_Cluster_Time_Avg,GB_Cluster_MAE_Avg,GB_Cluster_RMSE_Avg,GB_Cluster_MAD_Avg,GB_Euc_Time_Avg,GB_Euc_MAE_Avg,GB_Euc_RMSE_Avg,GB_Euc_MAD_Avg
10000,2,0.1,0.5,3,0.0008559226989746094,0.06792803101151079,0.3219772320780228,0.0359716131146422,0.0010019938151041667,0.09673842157375756,0.2759004119682224,0.0602257405304506,0.00045990943908691406,0.1339008915097624,0.3611311607589738,0.0870481855744885,1.7258577346801758,0.04687663288341083,0.2344436894729347,0.017954726797728943,0.5472923119862875,0.08574242829858736,0.23763466052080262,0.0432287503009057,0.5396239757537842,0.09197661695972235,0.346222543947557,0.038442305909207435,1.2217919826507568,0.08100643489837114,0.2959938968766157,0.030828125155084762,0.5047384103139242,0.09412352400398116,0.24554468566831025,0.045803503449179404,0.34302496910095215,0.12781509729408855,0.34994495762045447,0.060898661491580325,9.549139976501465,0.07003188,0.25866264,0.022359237,1.6542315483093262,0.07753168,0.20793325,0.03873136,1.4980072975158691,0.091148295,0.33385706,0.03436457,0.6305968761444092,0.04869599255994764,0.23672448887592656,0.023290466776537094,0.208664337793986,0.07987810178508736,0.23767044791994518,0.0437746807982082,0.20915603637695312,0.08587573918328313,0.3290969086356446,0.04211910576713174
