N,Norm,Lambda,Gamma,K,LR_Entire_Time,LR_Entire_MAE,LR_Entire_RMSE,LR_Entire_MAD,LR_Cluster_Time_Avg,LR_Cluster_MAE_Avg,LR_Cluster_RMSE_Avg,LR_Cluster_MAD_Avg,LR_Euc_Time_Avg,LR_Euc_MAE_Avg,LR_Euc_RMSE_Avg,LR_Euc_MAD_Avg,RF_Entire_Time,RF_Entire_MAE,RF_Entire_RMSE,RF_Entire_MAD,RF_Cluster_Time_Avg,RF_Cluster_MAE_Avg,RF_Cluster_RMSE_Avg,RF_Cluster_MAD_Avg,RF_Euc_Time_Avg,RF_Euc_MAE_Avg,RF_Euc_RMSE_Avg,RF_Euc_MAD_Avg,NN_Entire_Time,NN_Entire_MAE,NN_Entire_RMSE,NN_Entire_MAD,NN_Cluster_Time_Avg,NN_Cluster_MAE_Avg,NN_Cluster_RMSE_Avg,NN_Cluster_MAD_Avg,NN_Euc_Time_Avg,NN_Euc_MAE_Avg,NN_Euc_RMSE_Avg,NN_Euc_MAD_Avg,GP_Entire_Time,GP_Entire_MAE,GP_Entire_RMSE,GP_Entire_MAD,GP_Cluster_Time_Avg,GP_Cluster_MAE_Avg,GP_Cluster_RMSE_Avg,GP_Cluster_MAD_Avg,GP_Euc_Time_Avg,GP_Euc_MAE_Avg,GP_Euc_RMSE_Avg,GP_Euc_MAD_Avg,GB_Entire_Time,GB_Entire_MAE,GB_Entire_RMSE,GB_Entire_MAD,GB_Cluster_Time_Avg,GB_Cluster_MAE_Avg,GB_Cluster_RMSE_Avg,GB_Cluster_MAD_Avg,GB_Euc_Time_Avg,GB_Euc_MAE_Avg,GB_Euc_RMSE_Avg,GB_Euc_MAD_Avg
5000,1,0.5,2.0,5,0.0007278919219970703,0.06606716257040125,0.2627241057286416,0.044473382092633296,0.0004456043243408203,0.17242684841137948,0.4624237403954369,0.09643984983011705,0.0003361701965332031,0.18805691562304158,0.4693379241917447,0.1169846877214776,0.7676749229431152,0.041521764769572415,0.18932110030523117,0.01977027584900659,0.16665024757385255,0.15125300974023917,0.4301418728617471,0.07271310419601121,0.15799694061279296,0.18307358027559895,0.58879769600389,0.07067038527643207,0.3178071975708008,0.07163120756239465,0.25238707163294244,0.033598525299184334,0.12430706024169921,0.1610051204731068,0.43734446310743574,0.07139994894361416,0.11331863403320312,0.1652325441900014,0.457878194082569,0.07687713842967422,2.667698860168457,0.07350342,0.24597195,0.026603013,0.19457011222839354,0.15360393,0.47113132,0.067791976,0.1915792465209961,0.17039199,0.502143,0.06788097,0.30745601654052734,0.043977959086119595,0.18829358603383678,0.024486903561613566,0.06471648216247558,0.1418226793376964,0.44318297587638106,0.06605945558168272,0.06542248725891113,0.17874565341131987,0.5977412550698301,0.0673013626115729
