N,Norm,Lambda,Gamma,K,LR_Entire_Time,LR_Entire_MAE,LR_Entire_RMSE,LR_Entire_MAD,LR_Cluster_Time_Avg,LR_Cluster_MAE_Avg,LR_Cluster_RMSE_Avg,LR_Cluster_MAD_Avg,LR_Euc_Time_Avg,LR_Euc_MAE_Avg,LR_Euc_RMSE_Avg,LR_Euc_MAD_Avg,RF_Entire_Time,RF_Entire_MAE,RF_Entire_RMSE,RF_Entire_MAD,RF_Cluster_Time_Avg,RF_Cluster_MAE_Avg,RF_Cluster_RMSE_Avg,RF_Cluster_MAD_Avg,RF_Euc_Time_Avg,RF_Euc_MAE_Avg,RF_Euc_RMSE_Avg,RF_Euc_MAD_Avg,NN_Entire_Time,NN_Entire_MAE,NN_Entire_RMSE,NN_Entire_MAD,NN_Cluster_Time_Avg,NN_Cluster_MAE_Avg,NN_Cluster_RMSE_Avg,NN_Cluster_MAD_Avg,NN_Euc_Time_Avg,NN_Euc_MAE_Avg,NN_Euc_RMSE_Avg,NN_Euc_MAD_Avg,GP_Entire_Time,GP_Entire_MAE,GP_Entire_RMSE,GP_Entire_MAD,GP_Cluster_Time_Avg,GP_Cluster_MAE_Avg,GP_Cluster_RMSE_Avg,GP_Cluster_MAD_Avg,GP_Euc_Time_Avg,GP_Euc_MAE_Avg,GP_Euc_RMSE_Avg,GP_Euc_MAD_Avg,GB_Entire_Time,GB_Entire_MAE,GB_Entire_RMSE,GB_Entire_MAD,GB_Cluster_Time_Avg,GB_Cluster_MAE_Avg,GB_Cluster_RMSE_Avg,GB_Cluster_MAD_Avg,GB_Euc_Time_Avg,GB_Euc_MAE_Avg,GB_Euc_RMSE_Avg,GB_Euc_MAD_Avg
100,1,0.9,0.5,3,0.00040793418884277344,0.19598571368711998,0.2658167496676893,0.12690348231686688,0.0002979437510172526,0.13833994956657233,0.15878494071142032,0.1329869330474561,0.0002480347951253255,0.21199546172254302,0.2537019055645321,0.16563578698744988,0.048526763916015625,0.03572512204567606,0.045900480343711664,0.031094224480524686,0.04007077217102051,0.09518636146396102,0.11530148910541138,0.08601117306156991,0.03900933265686035,0.30611693576842625,0.5597679478207066,0.12698286243449855,0.02399301528930664,0.19793020239554232,0.2753926219139929,0.1241568340557993,0.01305699348449707,0.129471523756441,0.1606439819436508,0.11154996091662213,0.012178659439086914,0.16551379655794196,0.22188844652184359,0.13562524780420085,0.03617382049560547,0.14043128,0.21644284,0.062149398,0.030575275421142578,0.1008965,0.11475891,0.100225784,0.030512332916259766,0.1699987,0.20305915,0.1855737,0.014878034591674805,0.038120484553416344,0.054131654213834327,0.023898651900638,0.011366764704386393,0.11035674326820373,0.12512599505948083,0.10256785585435861,0.011208136876424154,0.4193609864861989,0.9412597014593773,0.06523770618780433
