N,Norm,Lambda,Gamma,K,LR_Entire_Time,LR_Entire_MAE,LR_Entire_RMSE,LR_Entire_MAD,LR_Cluster_Time_Avg,LR_Cluster_MAE_Avg,LR_Cluster_RMSE_Avg,LR_Cluster_MAD_Avg,LR_Euc_Time_Avg,LR_Euc_MAE_Avg,LR_Euc_RMSE_Avg,LR_Euc_MAD_Avg,RF_Entire_Time,RF_Entire_MAE,RF_Entire_RMSE,RF_Entire_MAD,RF_Cluster_Time_Avg,RF_Cluster_MAE_Avg,RF_Cluster_RMSE_Avg,RF_Cluster_MAD_Avg,RF_Euc_Time_Avg,RF_Euc_MAE_Avg,RF_Euc_RMSE_Avg,RF_Euc_MAD_Avg,NN_Entire_Time,NN_Entire_MAE,NN_Entire_RMSE,NN_Entire_MAD,NN_Cluster_Time_Avg,NN_Cluster_MAE_Avg,NN_Cluster_RMSE_Avg,NN_Cluster_MAD_Avg,NN_Euc_Time_Avg,NN_Euc_MAE_Avg,NN_Euc_RMSE_Avg,NN_Euc_MAD_Avg,GB_Entire_Time,GB_Entire_MAE,GB_Entire_RMSE,GB_Entire_MAD,GB_Cluster_Time_Avg,GB_Cluster_MAE_Avg,GB_Cluster_RMSE_Avg,GB_Cluster_MAD_Avg,GB_Euc_Time_Avg,GB_Euc_MAE_Avg,GB_Euc_RMSE_Avg,GB_Euc_MAD_Avg
50000,1,0.1,2.0,7,0.004068851470947266,0.06625561675942009,0.3233405659660932,0.03390383380555034,0.0009934561593191965,0.19721334885762304,0.4234241993323584,0.1429142297731883,0.0006661415100097656,0.22819507705703262,0.5462331196419586,0.15223612816696705,11.298396110534668,0.042612412650371835,0.2144641043108953,0.01588261118577392,1.3643948010035925,0.16389824982708426,0.39246535114421144,0.09349648712410903,1.3473046166556222,0.17220817824649193,0.5206904803473348,0.07831547291650871,7.881461143493652,0.05344082318252724,0.22773024278798565,0.022835176403104618,0.8137010165623256,0.13979421200306147,0.35732998786767556,0.07949983755975855,0.7322580473763602,0.15183156599654285,0.48891276604300044,0.0713223151033201,3.3402419090270996,0.04836605480003036,0.2221672270699148,0.022824623588756254,0.45421130316598074,0.1633391649190217,0.39401414984990923,0.10300188235357265,0.463324819292341,0.17146753963295333,0.52181271166358,0.08609863643985412
