N,Norm,Lambda,Gamma,K,LR_Entire_Time,LR_Entire_MAE,LR_Entire_RMSE,LR_Entire_MAD,LR_Cluster_Time_Avg,LR_Cluster_MAE_Avg,LR_Cluster_RMSE_Avg,LR_Cluster_MAD_Avg,LR_Euc_Time_Avg,LR_Euc_MAE_Avg,LR_Euc_RMSE_Avg,LR_Euc_MAD_Avg,RF_Entire_Time,RF_Entire_MAE,RF_Entire_RMSE,RF_Entire_MAD,RF_Cluster_Time_Avg,RF_Cluster_MAE_Avg,RF_Cluster_RMSE_Avg,RF_Cluster_MAD_Avg,RF_Euc_Time_Avg,RF_Euc_MAE_Avg,RF_Euc_RMSE_Avg,RF_Euc_MAD_Avg,NN_Entire_Time,NN_Entire_MAE,NN_Entire_RMSE,NN_Entire_MAD,NN_Cluster_Time_Avg,NN_Cluster_MAE_Avg,NN_Cluster_RMSE_Avg,NN_Cluster_MAD_Avg,NN_Euc_Time_Avg,NN_Euc_MAE_Avg,NN_Euc_RMSE_Avg,NN_Euc_MAD_Avg,GB_Entire_Time,GB_Entire_MAE,GB_Entire_RMSE,GB_Entire_MAD,GB_Cluster_Time_Avg,GB_Cluster_MAE_Avg,GB_Cluster_RMSE_Avg,GB_Cluster_MAD_Avg,GB_Euc_Time_Avg,GB_Euc_MAE_Avg,GB_Euc_RMSE_Avg,GB_Euc_MAD_Avg
100000,1,0.9,2.0,7,0.006218910217285156,0.0643103041422581,0.30043950634238437,0.03601264487927863,0.0018791471208844865,0.19608801716122495,0.5080252290648436,0.14029668084199948,0.0012463501521519252,0.21916092885132782,0.5380078145111772,0.14733366206872503,25.39255118370056,0.039622856847475275,0.19168848362561708,0.01499449870524755,3.090090138571603,0.15866946969325665,0.4873501531583791,0.08591442600651833,3.030814068658011,0.16593647065720768,0.5392104511716235,0.0739795120779285,10.47297978401184,0.05095654733181515,0.19796057772396264,0.02464131559750249,1.1702217033931188,0.13253287753988657,0.45216640655163204,0.07237686110986487,0.7536148684365409,0.1460332708414809,0.4811534342628448,0.0720708531892155,6.634291887283325,0.043879643836684495,0.19069825406802826,0.021574883164358113,0.9083227430071149,0.1556018735193217,0.4683161305541426,0.09633911296900811,0.9084833349500384,0.1627892120691559,0.5340976192036883,0.08489771583713314
