N,Norm,Lambda,Gamma,K,LR_Entire_Time,LR_Entire_MAE,LR_Entire_RMSE,LR_Entire_MAD,LR_Cluster_Time_Avg,LR_Cluster_MAE_Avg,LR_Cluster_RMSE_Avg,LR_Cluster_MAD_Avg,LR_Cluster_MAE_Median,LR_Cluster_RMSE_Median,LR_Cluster_MAD_Median,RF_Entire_Time,RF_Entire_MAE,RF_Entire_RMSE,RF_Entire_MAD,RF_Cluster_Time_Avg,RF_Cluster_MAE_Avg,RF_Cluster_RMSE_Avg,RF_Cluster_MAD_Avg,RF_Cluster_MAE_Median,RF_Cluster_RMSE_Median,RF_Cluster_MAD_Median,NN_Entire_Time,NN_Entire_MAE,NN_Entire_RMSE,NN_Entire_MAD,NN_Cluster_Time_Avg,NN_Cluster_MAE_Avg,NN_Cluster_RMSE_Avg,NN_Cluster_MAD_Avg,NN_Cluster_MAE_Median,NN_Cluster_RMSE_Median,NN_Cluster_MAD_Median,GP_Entire_Time,GP_Entire_MAE,GP_Entire_RMSE,GP_Entire_MAD,GP_Cluster_Time_Avg,GP_Cluster_MAE_Avg,GP_Cluster_RMSE_Avg,GP_Cluster_MAD_Avg,GP_Cluster_MAE_Median,GP_Cluster_RMSE_Median,GP_Cluster_MAD_Median,GB_Entire_Time,GB_Entire_MAE,GB_Entire_RMSE,GB_Entire_MAD,GB_Cluster_Time_Avg,GB_Cluster_MAE_Avg,GB_Cluster_RMSE_Avg,GB_Cluster_MAD_Avg,GB_Cluster_MAE_Median,GB_Cluster_RMSE_Median,GB_Cluster_MAD_Median
1000,2,0.9,2.0,6,0.0006349086761474609,0.07572404595198262,0.3176633156201745,0.045674406410488144,0.0006285508473714193,0.1371784600715006,0.3673265998898685,0.06388429135975217,0.1012051128573998,0.24573547117614153,0.013323566403696085,0.14215922355651855,0.02224514136776701,0.031084415756848963,0.01637850809712199,0.051105101903279625,0.10975800065408954,0.31898854858412434,0.03139460403795941,0.0654757647849509,0.10842578820921374,0.02577786835270042,0.11616015434265137,0.09693904805894374,0.3117805533796993,0.0411061005282799,0.025036732355753582,0.13142328119487748,0.3479355738433751,0.05346573895340808,0.08877918745062868,0.14683426064414,0.05059342205325655,0.24916625022888184,0.09063805,0.28110394,0.036968112,0.052248875300089516,0.117181085,0.32445943,0.032554198,0.05926242843270302,0.09503373503684998,0.03039500117301941,0.0620112419128418,0.022106256278171105,0.029489535926987966,0.017535934789829705,0.017965157826741535,0.10431452070271789,0.3196431856825395,0.02533628917118001,0.059291772944157474,0.08887304908313895,0.02486848845648374
