N,Norm,Lambda,Gamma,K,LR_Entire_Time,LR_Entire_MAE,LR_Entire_RMSE,LR_Entire_MAD,LR_Cluster_Time_Avg,LR_Cluster_MAE_Avg,LR_Cluster_RMSE_Avg,LR_Cluster_MAD_Avg,LR_Euc_Time_Avg,LR_Euc_MAE_Avg,LR_Euc_RMSE_Avg,LR_Euc_MAD_Avg,RF_Entire_Time,RF_Entire_MAE,RF_Entire_RMSE,RF_Entire_MAD,RF_Cluster_Time_Avg,RF_Cluster_MAE_Avg,RF_Cluster_RMSE_Avg,RF_Cluster_MAD_Avg,RF_Euc_Time_Avg,RF_Euc_MAE_Avg,RF_Euc_RMSE_Avg,RF_Euc_MAD_Avg,NN_Entire_Time,NN_Entire_MAE,NN_Entire_RMSE,NN_Entire_MAD,NN_Cluster_Time_Avg,NN_Cluster_MAE_Avg,NN_Cluster_RMSE_Avg,NN_Cluster_MAD_Avg,NN_Euc_Time_Avg,NN_Euc_MAE_Avg,NN_Euc_RMSE_Avg,NN_Euc_MAD_Avg,GB_Entire_Time,GB_Entire_MAE,GB_Entire_RMSE,GB_Entire_MAD,GB_Cluster_Time_Avg,GB_Cluster_MAE_Avg,GB_Cluster_RMSE_Avg,GB_Cluster_MAD_Avg,GB_Euc_Time_Avg,GB_Euc_MAE_Avg,GB_Euc_RMSE_Avg,GB_Euc_MAD_Avg
100000,1,0.5,0.5,5,0.006293296813964844,0.0643103041422581,0.30043950634238437,0.03601264487927863,0.001761150360107422,0.14402314814026926,0.38876448789592855,0.1002329513142524,0.0015495777130126952,0.1810003097263652,0.43049108119569157,0.11850972218814104,25.350945949554443,0.039209514177218754,0.18771591084157813,0.015008367436374126,4.464422798156738,0.11665080711177789,0.3607036588587717,0.06067864031921845,4.4008495807647705,0.11603723947183482,0.3719563978856664,0.05025154482043137,11.449185132980347,0.04200850674570604,0.19963252854628663,0.0134046629214431,1.722985029220581,0.09994163088077906,0.33271810699031396,0.052768185713100865,1.0857827186584472,0.10868947653453549,0.351117773278527,0.05317424669768346,6.57898211479187,0.043827400890310265,0.1901235200401957,0.021572383600055884,1.2773118495941163,0.11486032471067942,0.3610730262701368,0.07085476531169657,1.27297682762146,0.11632247172822559,0.3648151007748187,0.05880192925689028
