N,Norm,Lambda,Gamma,K,LR_Entire_Time,LR_Entire_MAE,LR_Entire_RMSE,LR_Entire_MAD,LR_Cluster_Time_Avg,LR_Cluster_MAE_Avg,LR_Cluster_RMSE_Avg,LR_Cluster_MAD_Avg,LR_Euc_Time_Avg,LR_Euc_MAE_Avg,LR_Euc_RMSE_Avg,LR_Euc_MAD_Avg,RF_Entire_Time,RF_Entire_MAE,RF_Entire_RMSE,RF_Entire_MAD,RF_Cluster_Time_Avg,RF_Cluster_MAE_Avg,RF_Cluster_RMSE_Avg,RF_Cluster_MAD_Avg,RF_Euc_Time_Avg,RF_Euc_MAE_Avg,RF_Euc_RMSE_Avg,RF_Euc_MAD_Avg,NN_Entire_Time,NN_Entire_MAE,NN_Entire_RMSE,NN_Entire_MAD,NN_Cluster_Time_Avg,NN_Cluster_MAE_Avg,NN_Cluster_RMSE_Avg,NN_Cluster_MAD_Avg,NN_Euc_Time_Avg,NN_Euc_MAE_Avg,NN_Euc_RMSE_Avg,NN_Euc_MAD_Avg,GB_Entire_Time,GB_Entire_MAE,GB_Entire_RMSE,GB_Entire_MAD,GB_Cluster_Time_Avg,GB_Cluster_MAE_Avg,GB_Cluster_RMSE_Avg,GB_Cluster_MAD_Avg,GB_Euc_Time_Avg,GB_Euc_MAE_Avg,GB_Euc_RMSE_Avg,GB_Euc_MAD_Avg
50000,1,0.9,2.0,6,0.0036590099334716797,0.06625561675942009,0.3233405659660932,0.03390383380555034,0.001262942949930827,0.17258108353688772,0.39582592319354126,0.12260504357056475,0.0008154710133870443,0.20122471643992257,0.43971392570599005,0.13565499272950057,11.10209584236145,0.04253624719057788,0.21456377642343114,0.015935657340724274,1.5943108002344768,0.1445893906198283,0.36683041389725424,0.08074981080634658,1.5651204586029053,0.1417769976794147,0.40002710744700626,0.06537461038078068,10.176574945449829,0.06530864549079686,0.23788608446234852,0.030402904915749665,0.9805448849995931,0.12452028923451142,0.34087534477550435,0.06933292581219766,0.6391739845275879,0.12713399938257872,0.37179579780797134,0.06216374559515877,3.214219808578491,0.04807959429627931,0.22041044862843656,0.02282462358875645,0.5213145017623901,0.1418819911864216,0.3675501469607809,0.08955613251392591,0.52441934744517,0.1414235197947571,0.3971046233060596,0.07451188015738545
