N,Norm,Lambda,Gamma,K,LR_Entire_Time,LR_Entire_MAE,LR_Entire_RMSE,LR_Entire_MAD,LR_Cluster_Time_Avg,LR_Cluster_MAE_Avg,LR_Cluster_RMSE_Avg,LR_Cluster_MAD_Avg,LR_Euc_Time_Avg,LR_Euc_MAE_Avg,LR_Euc_RMSE_Avg,LR_Euc_MAD_Avg,RF_Entire_Time,RF_Entire_MAE,RF_Entire_RMSE,RF_Entire_MAD,RF_Cluster_Time_Avg,RF_Cluster_MAE_Avg,RF_Cluster_RMSE_Avg,RF_Cluster_MAD_Avg,RF_Euc_Time_Avg,RF_Euc_MAE_Avg,RF_Euc_RMSE_Avg,RF_Euc_MAD_Avg,NN_Entire_Time,NN_Entire_MAE,NN_Entire_RMSE,NN_Entire_MAD,NN_Cluster_Time_Avg,NN_Cluster_MAE_Avg,NN_Cluster_RMSE_Avg,NN_Cluster_MAD_Avg,NN_Euc_Time_Avg,NN_Euc_MAE_Avg,NN_Euc_RMSE_Avg,NN_Euc_MAD_Avg,GP_Entire_Time,GP_Entire_MAE,GP_Entire_RMSE,GP_Entire_MAD,GP_Cluster_Time_Avg,GP_Cluster_MAE_Avg,GP_Cluster_RMSE_Avg,GP_Cluster_MAD_Avg,GP_Euc_Time_Avg,GP_Euc_MAE_Avg,GP_Euc_RMSE_Avg,GP_Euc_MAD_Avg,GB_Entire_Time,GB_Entire_MAE,GB_Entire_RMSE,GB_Entire_MAD,GB_Cluster_Time_Avg,GB_Cluster_MAE_Avg,GB_Cluster_RMSE_Avg,GB_Cluster_MAD_Avg,GB_Euc_Time_Avg,GB_Euc_MAE_Avg,GB_Euc_RMSE_Avg,GB_Euc_MAD_Avg
10000,1,0.5,0.5,6,0.0012569427490234375,0.06792803101151079,0.3219772320780228,0.0359716131146422,0.000523686408996582,0.14950485837755342,0.32428222455054606,0.10731179112956858,0.000500639279683431,0.18291379200091848,0.33942034202576615,0.13675693104402126,2.429018974304199,0.04734767214097778,0.23778798374807655,0.018563741508931364,0.3778051535288493,0.14024977320868057,0.3418854478732518,0.07961815775577226,0.37059998512268066,0.13370591365478232,0.3135848262599837,0.0748597278340991,2.673062801361084,0.07603597108693046,0.2784453346070404,0.028751182992481056,0.3538641532262166,0.12854159796294154,0.30321131182215366,0.0697695642398326,0.23338778813680014,0.14452229654122176,0.3133251209978762,0.0781072241762558,12.444431781768799,0.06956445,0.25973707,0.021990236,0.5555101633071899,0.123204134,0.29417872,0.06655795,0.63144584496816,0.12898608,0.30249807,0.06923252,0.887763261795044,0.048583225686872566,0.23655005954447153,0.023290466776537094,0.1512448787689209,0.1369623072782653,0.35543930440915644,0.07545292178859477,0.15072794755299887,0.1300831514122923,0.3167637084110622,0.07240508714667962
