N,Norm,Lambda,Gamma,K,LR_Entire_Time,LR_Entire_MAE,LR_Entire_RMSE,LR_Entire_MAD,LR_Cluster_Time_Avg,LR_Cluster_MAE_Avg,LR_Cluster_RMSE_Avg,LR_Cluster_MAD_Avg,LR_Euc_Time_Avg,LR_Euc_MAE_Avg,LR_Euc_RMSE_Avg,LR_Euc_MAD_Avg,RF_Entire_Time,RF_Entire_MAE,RF_Entire_RMSE,RF_Entire_MAD,RF_Cluster_Time_Avg,RF_Cluster_MAE_Avg,RF_Cluster_RMSE_Avg,RF_Cluster_MAD_Avg,RF_Euc_Time_Avg,RF_Euc_MAE_Avg,RF_Euc_RMSE_Avg,RF_Euc_MAD_Avg,NN_Entire_Time,NN_Entire_MAE,NN_Entire_RMSE,NN_Entire_MAD,NN_Cluster_Time_Avg,NN_Cluster_MAE_Avg,NN_Cluster_RMSE_Avg,NN_Cluster_MAD_Avg,NN_Euc_Time_Avg,NN_Euc_MAE_Avg,NN_Euc_RMSE_Avg,NN_Euc_MAD_Avg,GB_Entire_Time,GB_Entire_MAE,GB_Entire_RMSE,GB_Entire_MAD,GB_Cluster_Time_Avg,GB_Cluster_MAE_Avg,GB_Cluster_RMSE_Avg,GB_Cluster_MAD_Avg,GB_Euc_Time_Avg,GB_Euc_MAE_Avg,GB_Euc_RMSE_Avg,GB_Euc_MAD_Avg
100000,1,0.5,2.0,3,0.0065348148345947266,0.0643103041422581,0.30043950634238437,0.03601264487927863,0.0025267601013183594,0.09388022987294593,0.2962626388511143,0.06003389371179533,0.003391265869140625,0.13700685445944463,0.42404110391471833,0.08132741789522079,25.36261296272278,0.039726617199201134,0.19054583318165225,0.015124118000008402,7.836118300755818,0.07149579522235366,0.243701822690474,0.03455949472054836,7.599413235982259,0.08349504654882871,0.33415677904583907,0.03275504201859799,9.903039932250977,0.05119581936162706,0.19786996715376723,0.025859996596045876,2.9982758363087973,0.06767357927935842,0.22667805672007857,0.0338328949764734,3.1400129000345864,0.08334679690346379,0.32144867409693956,0.035134823182453624,6.653807163238525,0.043845045534895016,0.19001003947612993,0.021574883164358065,2.1593316396077475,0.07263534861386542,0.2385692949548673,0.04204799891560689,2.1446824073791504,0.08414180948176464,0.32948577577960336,0.040674361491817045
