N,Norm,Lambda,Gamma,K,LR_Entire_Time,LR_Entire_MAE,LR_Entire_RMSE,LR_Entire_MAD,LR_Cluster_Time_Avg,LR_Cluster_MAE_Avg,LR_Cluster_RMSE_Avg,LR_Cluster_MAD_Avg,LR_Cluster_MAE_Median,LR_Cluster_RMSE_Median,LR_Cluster_MAD_Median,RF_Entire_Time,RF_Entire_MAE,RF_Entire_RMSE,RF_Entire_MAD,RF_Cluster_Time_Avg,RF_Cluster_MAE_Avg,RF_Cluster_RMSE_Avg,RF_Cluster_MAD_Avg,RF_Cluster_MAE_Median,RF_Cluster_RMSE_Median,RF_Cluster_MAD_Median,NN_Entire_Time,NN_Entire_MAE,NN_Entire_RMSE,NN_Entire_MAD,NN_Cluster_Time_Avg,NN_Cluster_MAE_Avg,NN_Cluster_RMSE_Avg,NN_Cluster_MAD_Avg,NN_Cluster_MAE_Median,NN_Cluster_RMSE_Median,NN_Cluster_MAD_Median,GP_Entire_Time,GP_Entire_MAE,GP_Entire_RMSE,GP_Entire_MAD,GP_Cluster_Time_Avg,GP_Cluster_MAE_Avg,GP_Cluster_RMSE_Avg,GP_Cluster_MAD_Avg,GP_Cluster_MAE_Median,GP_Cluster_RMSE_Median,GP_Cluster_MAD_Median,GB_Entire_Time,GB_Entire_MAE,GB_Entire_RMSE,GB_Entire_MAD,GB_Cluster_Time_Avg,GB_Cluster_MAE_Avg,GB_Cluster_RMSE_Avg,GB_Cluster_MAD_Avg,GB_Cluster_MAE_Median,GB_Cluster_RMSE_Median,GB_Cluster_MAD_Median
10000,1,0.1,2.0,6,0.001094818115234375,0.0711493164406142,0.34865177023578486,0.037222118158097006,0.0007886886596679688,0.0771587551663157,0.3289375460458151,0.04197594139055014,0.07476978211513599,0.37670145231763463,0.03845936824609422,1.6072230339050293,0.04253673242688629,0.20649788333578525,0.01693339402923333,0.22233394781748453,0.046611871803406445,0.22249404140055318,0.016472889080462176,0.04464732787398856,0.2142216656262888,0.015231565020836127,2.179391860961914,0.07135079545505835,0.28150262217452565,0.02915092052265196,0.1285228729248047,0.08987697680406448,0.3377493206764281,0.03480042658214849,0.09375605159454661,0.3717858841780195,0.03664461210947273,10.542075872421265,0.060198646,0.25248376,0.018603072,0.568413257598877,0.07807058,0.29666713,0.02485311,0.07713314145803452,0.3059806227684021,0.025981247425079346,0.6057379245758057,0.04607684993115657,0.19556557094473256,0.022916511687969765,0.09197390079498291,0.04849989281474459,0.23857388950528782,0.01891005655129188,0.05070610238550717,0.19870083132904776,0.018690503490231214
