N,Norm,Lambda,Gamma,K,LR_Entire_Time,LR_Entire_MAE,LR_Entire_RMSE,LR_Entire_MAD,LR_Cluster_Time_Avg,LR_Cluster_MAE_Avg,LR_Cluster_RMSE_Avg,LR_Cluster_MAD_Avg,LR_Euc_Time_Avg,LR_Euc_MAE_Avg,LR_Euc_RMSE_Avg,LR_Euc_MAD_Avg,RF_Entire_Time,RF_Entire_MAE,RF_Entire_RMSE,RF_Entire_MAD,RF_Cluster_Time_Avg,RF_Cluster_MAE_Avg,RF_Cluster_RMSE_Avg,RF_Cluster_MAD_Avg,RF_Euc_Time_Avg,RF_Euc_MAE_Avg,RF_Euc_RMSE_Avg,RF_Euc_MAD_Avg,NN_Entire_Time,NN_Entire_MAE,NN_Entire_RMSE,NN_Entire_MAD,NN_Cluster_Time_Avg,NN_Cluster_MAE_Avg,NN_Cluster_RMSE_Avg,NN_Cluster_MAD_Avg,NN_Euc_Time_Avg,NN_Euc_MAE_Avg,NN_Euc_RMSE_Avg,NN_Euc_MAD_Avg,GP_Entire_Time,GP_Entire_MAE,GP_Entire_RMSE,GP_Entire_MAD,GP_Cluster_Time_Avg,GP_Cluster_MAE_Avg,GP_Cluster_RMSE_Avg,GP_Cluster_MAD_Avg,GP_Euc_Time_Avg,GP_Euc_MAE_Avg,GP_Euc_RMSE_Avg,GP_Euc_MAD_Avg,GB_Entire_Time,GB_Entire_MAE,GB_Entire_RMSE,GB_Entire_MAD,GB_Cluster_Time_Avg,GB_Cluster_MAE_Avg,GB_Cluster_RMSE_Avg,GB_Cluster_MAD_Avg,GB_Euc_Time_Avg,GB_Euc_MAE_Avg,GB_Euc_RMSE_Avg,GB_Euc_MAD_Avg
1000,1,0.5,0.5,7,0.0006258487701416016,0.03174555839505721,0.043465480669550194,0.023354845822268516,0.00037860870361328125,0.17999935904036884,0.3338014969627681,0.11519308458585284,0.00034938539777483257,0.24114744200741556,0.497433010418103,0.13447214769055482,0.1406230926513672,0.027304818864912303,0.036683144825100315,0.020892128591486897,0.049699442727225165,0.2016087787758672,0.3058865158810585,0.14802122374873725,0.04886112894330706,0.17925366408474167,0.33960579223463894,0.10937830653694214,0.053273916244506836,0.051575383118027736,0.07389425226464057,0.03560350476808663,0.027579784393310547,0.20693358298937628,0.3578410433967543,0.12772962308317773,0.027006047112601145,0.22217978385772455,0.46088315136303665,0.11587930769432742,0.19172310829162598,0.047523502,0.08538143,0.030398354,0.041354009083339145,0.21108648,0.3717451,0.13055821,0.03767994471958706,0.22839884,0.5366344,0.09300195,0.06289887428283691,0.022982573637421545,0.0298538636615281,0.01989618115551464,0.016945736748831614,0.1749176323267236,0.25094524763133563,0.12174304896526815,0.016817331314086914,0.15984102456615504,0.24799464402182494,0.11070132209949016
