N,Norm,Lambda,Gamma,K,LR_Entire_Time,LR_Entire_MAE,LR_Entire_RMSE,LR_Entire_MAD,LR_Cluster_Time_Avg,LR_Cluster_MAE_Avg,LR_Cluster_RMSE_Avg,LR_Cluster_MAD_Avg,LR_Euc_Time_Avg,LR_Euc_MAE_Avg,LR_Euc_RMSE_Avg,LR_Euc_MAD_Avg,RF_Entire_Time,RF_Entire_MAE,RF_Entire_RMSE,RF_Entire_MAD,RF_Cluster_Time_Avg,RF_Cluster_MAE_Avg,RF_Cluster_RMSE_Avg,RF_Cluster_MAD_Avg,RF_Euc_Time_Avg,RF_Euc_MAE_Avg,RF_Euc_RMSE_Avg,RF_Euc_MAD_Avg,NN_Entire_Time,NN_Entire_MAE,NN_Entire_RMSE,NN_Entire_MAD,NN_Cluster_Time_Avg,NN_Cluster_MAE_Avg,NN_Cluster_RMSE_Avg,NN_Cluster_MAD_Avg,NN_Euc_Time_Avg,NN_Euc_MAE_Avg,NN_Euc_RMSE_Avg,NN_Euc_MAD_Avg,GP_Entire_Time,GP_Entire_MAE,GP_Entire_RMSE,GP_Entire_MAD,GP_Cluster_Time_Avg,GP_Cluster_MAE_Avg,GP_Cluster_RMSE_Avg,GP_Cluster_MAD_Avg,GP_Euc_Time_Avg,GP_Euc_MAE_Avg,GP_Euc_RMSE_Avg,GP_Euc_MAD_Avg,GB_Entire_Time,GB_Entire_MAE,GB_Entire_RMSE,GB_Entire_MAD,GB_Cluster_Time_Avg,GB_Cluster_MAE_Avg,GB_Cluster_RMSE_Avg,GB_Cluster_MAD_Avg,GB_Euc_Time_Avg,GB_Euc_MAE_Avg,GB_Euc_RMSE_Avg,GB_Euc_MAD_Avg
5000,1,0.1,1.0,6,0.0007958412170410156,0.06606716257040125,0.2627241057286416,0.044473382092633296,0.000310818354288737,0.16781455291701294,0.4025073280139085,0.11133537265920153,0.0002791484196980794,0.22164609849587402,0.4643029753593615,0.14169759091135933,0.7659647464752197,0.042460149659680216,0.1912930043268533,0.01974174851140853,0.13731209437052408,0.1728406347210876,0.4291276769304549,0.08821466502836466,0.1338584820429484,0.18938104148060042,0.4758595693643101,0.08501032315184086,1.1343941688537598,0.07748564460833465,0.24670710400209783,0.0369261397327561,0.13903443018595377,0.15744894628312042,0.38705908557471586,0.08488241266152226,0.12109676996866862,0.1928841238005475,0.4318079701221517,0.09296490582159073,2.7280588150024414,0.07357996,0.24526545,0.026989728,0.16701936721801758,0.16173045,0.3985509,0.08423224,0.1500164270401001,0.18665676,0.4624523,0.09043897,0.30500197410583496,0.0437989091695807,0.18704555020959754,0.02448690356161354,0.05589024225870768,0.16013020350328414,0.43025542884759455,0.07947382024650275,0.0558011531829834,0.18490160659431687,0.49790254484619006,0.0788331649709236
