N,Norm,Lambda,Gamma,K,LR_Entire_Time,LR_Entire_MAE,LR_Entire_RMSE,LR_Entire_MAD,LR_Cluster_Time_Avg,LR_Cluster_MAE_Avg,LR_Cluster_RMSE_Avg,LR_Cluster_MAD_Avg,LR_Euc_Time_Avg,LR_Euc_MAE_Avg,LR_Euc_RMSE_Avg,LR_Euc_MAD_Avg,RF_Entire_Time,RF_Entire_MAE,RF_Entire_RMSE,RF_Entire_MAD,RF_Cluster_Time_Avg,RF_Cluster_MAE_Avg,RF_Cluster_RMSE_Avg,RF_Cluster_MAD_Avg,RF_Euc_Time_Avg,RF_Euc_MAE_Avg,RF_Euc_RMSE_Avg,RF_Euc_MAD_Avg,NN_Entire_Time,NN_Entire_MAE,NN_Entire_RMSE,NN_Entire_MAD,NN_Cluster_Time_Avg,NN_Cluster_MAE_Avg,NN_Cluster_RMSE_Avg,NN_Cluster_MAD_Avg,NN_Euc_Time_Avg,NN_Euc_MAE_Avg,NN_Euc_RMSE_Avg,NN_Euc_MAD_Avg,GB_Entire_Time,GB_Entire_MAE,GB_Entire_RMSE,GB_Entire_MAD,GB_Cluster_Time_Avg,GB_Cluster_MAE_Avg,GB_Cluster_RMSE_Avg,GB_Cluster_MAD_Avg,GB_Euc_Time_Avg,GB_Euc_MAE_Avg,GB_Euc_RMSE_Avg,GB_Euc_MAD_Avg
100000,2,0.1,1.0,4,0.00582575798034668,0.0643103041422581,0.30043950634238437,0.03601264487927863,0.0026310086250305176,0.11377701176474195,0.3035713697002163,0.07795346500137697,0.0022262930870056152,0.1551439489605722,0.4137185066125712,0.09434256602327316,25.345605850219727,0.03969175764826591,0.19034982922937768,0.014986764220580817,5.759275555610657,0.08972627092574784,0.26153080438220017,0.04693432388907555,5.610534071922302,0.09586817434999813,0.3332155513060856,0.038634512903729726,9.67140793800354,0.05807152562740719,0.20516924824893965,0.02943579208493352,2.232764959335327,0.07767252399019133,0.24154328401259062,0.04055844671741066,1.5505087971687317,0.0923292827174494,0.321536219271419,0.04186637110710013,6.581013917922974,0.04389355111250269,0.19092753405484092,0.02157488316435794,1.621642291545868,0.08975791388432826,0.2557753270424746,0.055153731068515136,1.6094430685043335,0.09735026112982269,0.33275276612279425,0.04658897690455269
