N,Norm,Lambda,Gamma,K,LR_Entire_Time,LR_Entire_MAE,LR_Entire_RMSE,LR_Entire_MAD,LR_Cluster_Time_Avg,LR_Cluster_MAE_Avg,LR_Cluster_RMSE_Avg,LR_Cluster_MAD_Avg,LR_Euc_Time_Avg,LR_Euc_MAE_Avg,LR_Euc_RMSE_Avg,LR_Euc_MAD_Avg,RF_Entire_Time,RF_Entire_MAE,RF_Entire_RMSE,RF_Entire_MAD,RF_Cluster_Time_Avg,RF_Cluster_MAE_Avg,RF_Cluster_RMSE_Avg,RF_Cluster_MAD_Avg,RF_Euc_Time_Avg,RF_Euc_MAE_Avg,RF_Euc_RMSE_Avg,RF_Euc_MAD_Avg,NN_Entire_Time,NN_Entire_MAE,NN_Entire_RMSE,NN_Entire_MAD,NN_Cluster_Time_Avg,NN_Cluster_MAE_Avg,NN_Cluster_RMSE_Avg,NN_Cluster_MAD_Avg,NN_Euc_Time_Avg,NN_Euc_MAE_Avg,NN_Euc_RMSE_Avg,NN_Euc_MAD_Avg,GB_Entire_Time,GB_Entire_MAE,GB_Entire_RMSE,GB_Entire_MAD,GB_Cluster_Time_Avg,GB_Cluster_MAE_Avg,GB_Cluster_RMSE_Avg,GB_Cluster_MAD_Avg,GB_Euc_Time_Avg,GB_Euc_MAE_Avg,GB_Euc_RMSE_Avg,GB_Euc_MAD_Avg
100000,1,0.1,0.5,5,0.007062196731567383,0.0643103041422581,0.30043950634238437,0.03601264487927863,0.002073240280151367,0.1418306054517799,0.348142236986169,0.09907632880301327,0.0017869949340820312,0.1810003097263652,0.43049108119569157,0.11850972218814104,25.805977821350098,0.0394687239395287,0.18988636596098382,0.01497609596586752,4.611726474761963,0.11617639286967862,0.3215490547272529,0.06165483152339807,4.513322830200195,0.11629132781131679,0.37254161939166824,0.05043379707673107,14.093678712844849,0.042977669546847064,0.204886328721507,0.015117008460246877,1.5607574462890625,0.09935075983012247,0.28748548461493795,0.056217666344053965,1.3429504871368407,0.10907863441700412,0.35101702371889687,0.050658733460948714,6.6525678634643555,0.04387003588235076,0.19042943494050277,0.02157238360005603,1.290589189529419,0.1125276269577928,0.30460277916909057,0.07075109747620503,1.3009322166442872,0.1164182238995699,0.36511272012872564,0.058790766531387616
