N,Norm,Lambda,Gamma,K,LR_Entire_Time,LR_Entire_MAE,LR_Entire_RMSE,LR_Entire_MAD,LR_Cluster_Time_Avg,LR_Cluster_MAE_Avg,LR_Cluster_RMSE_Avg,LR_Cluster_MAD_Avg,LR_Euc_Time_Avg,LR_Euc_MAE_Avg,LR_Euc_RMSE_Avg,LR_Euc_MAD_Avg,RF_Entire_Time,RF_Entire_MAE,RF_Entire_RMSE,RF_Entire_MAD,RF_Cluster_Time_Avg,RF_Cluster_MAE_Avg,RF_Cluster_RMSE_Avg,RF_Cluster_MAD_Avg,RF_Euc_Time_Avg,RF_Euc_MAE_Avg,RF_Euc_RMSE_Avg,RF_Euc_MAD_Avg,NN_Entire_Time,NN_Entire_MAE,NN_Entire_RMSE,NN_Entire_MAD,NN_Cluster_Time_Avg,NN_Cluster_MAE_Avg,NN_Cluster_RMSE_Avg,NN_Cluster_MAD_Avg,NN_Euc_Time_Avg,NN_Euc_MAE_Avg,NN_Euc_RMSE_Avg,NN_Euc_MAD_Avg,GP_Entire_Time,GP_Entire_MAE,GP_Entire_RMSE,GP_Entire_MAD,GP_Cluster_Time_Avg,GP_Cluster_MAE_Avg,GP_Cluster_RMSE_Avg,GP_Cluster_MAD_Avg,GP_Euc_Time_Avg,GP_Euc_MAE_Avg,GP_Euc_RMSE_Avg,GP_Euc_MAD_Avg,GB_Entire_Time,GB_Entire_MAE,GB_Entire_RMSE,GB_Entire_MAD,GB_Cluster_Time_Avg,GB_Cluster_MAE_Avg,GB_Cluster_RMSE_Avg,GB_Cluster_MAD_Avg,GB_Euc_Time_Avg,GB_Euc_MAE_Avg,GB_Euc_RMSE_Avg,GB_Euc_MAD_Avg
1000,1,0.1,2.0,5,0.00035691261291503906,0.03174555839505721,0.043465480669550194,0.023354845822268516,0.0002838134765625,0.4005573135250855,0.49430241703849837,0.3876116733620981,0.000308990478515625,0.20597234765336023,0.4975401491650316,0.11041285893666823,0.1439199447631836,0.026846558583607537,0.03536295903736207,0.021468939479781332,0.0537055492401123,0.22424115038853856,0.31229667834103,0.1525240199452712,0.05388932228088379,0.15117122535082533,0.3079890131900489,0.09483630627050425,0.0724179744720459,0.056889630334883465,0.07989543073605823,0.0453629600146232,0.026479148864746095,0.21336389419294344,0.2945624748983122,0.14577179731216497,0.03195953369140625,0.22236910159124118,0.48050833205465204,0.12850956191304938,0.20302510261535645,0.047523502,0.08538143,0.030398354,0.04941439628601074,0.18205574,0.2593207,0.111642346,0.046927452087402344,0.22937259,0.5676478,0.12303834,0.06419706344604492,0.02292507317427365,0.02983712916223923,0.01959871455907644,0.01977252960205078,0.1510675518566053,0.2292885311061686,0.1069474802694644,0.01970500946044922,0.10800592629968883,0.15346142859941705,0.07182059923353665
