N,Norm,Lambda,Gamma,K,LR_Entire_Time,LR_Entire_MAE,LR_Entire_RMSE,LR_Entire_MAD,LR_Cluster_Time_Avg,LR_Cluster_MAE_Avg,LR_Cluster_RMSE_Avg,LR_Cluster_MAD_Avg,LR_Euc_Time_Avg,LR_Euc_MAE_Avg,LR_Euc_RMSE_Avg,LR_Euc_MAD_Avg,RF_Entire_Time,RF_Entire_MAE,RF_Entire_RMSE,RF_Entire_MAD,RF_Cluster_Time_Avg,RF_Cluster_MAE_Avg,RF_Cluster_RMSE_Avg,RF_Cluster_MAD_Avg,RF_Euc_Time_Avg,RF_Euc_MAE_Avg,RF_Euc_RMSE_Avg,RF_Euc_MAD_Avg,NN_Entire_Time,NN_Entire_MAE,NN_Entire_RMSE,NN_Entire_MAD,NN_Cluster_Time_Avg,NN_Cluster_MAE_Avg,NN_Cluster_RMSE_Avg,NN_Cluster_MAD_Avg,NN_Euc_Time_Avg,NN_Euc_MAE_Avg,NN_Euc_RMSE_Avg,NN_Euc_MAD_Avg,GP_Entire_Time,GP_Entire_MAE,GP_Entire_RMSE,GP_Entire_MAD,GP_Cluster_Time_Avg,GP_Cluster_MAE_Avg,GP_Cluster_RMSE_Avg,GP_Cluster_MAD_Avg,GP_Euc_Time_Avg,GP_Euc_MAE_Avg,GP_Euc_RMSE_Avg,GP_Euc_MAD_Avg,GB_Entire_Time,GB_Entire_MAE,GB_Entire_RMSE,GB_Entire_MAD,GB_Cluster_Time_Avg,GB_Cluster_MAE_Avg,GB_Cluster_RMSE_Avg,GB_Cluster_MAD_Avg,GB_Euc_Time_Avg,GB_Euc_MAE_Avg,GB_Euc_RMSE_Avg,GB_Euc_MAD_Avg
1000,2,0.9,1.0,5,0.0005462169647216797,0.03174555839505721,0.043465480669550194,0.023354845822268516,0.00039505958557128906,0.39587051380361865,0.4828784659690985,0.38667956454285063,0.00034885406494140626,0.20597234765336023,0.4975401491650316,0.11041285893666823,0.14212298393249512,0.02743180188474568,0.03602060650349064,0.022085332752743853,0.05401501655578613,0.19991578851285402,0.27183554457715864,0.151037514160783,0.05304431915283203,0.15408767749274208,0.29065430203489806,0.09803003128003329,0.05039501190185547,0.05595556748737618,0.07712082998441007,0.04233123581698521,0.025690317153930664,0.20952652503239033,0.28876291947163263,0.14169059119875307,0.03188180923461914,0.22692289686960568,0.5064278599959775,0.12119152143405196,0.21657991409301758,0.047523502,0.08538143,0.030398354,0.053334522247314456,0.18008465,0.25275615,0.11172855,0.048341560363769534,0.22937259,0.5676478,0.12303834,0.06413793563842773,0.02298381729536106,0.029855196667411103,0.01989618115551464,0.02000107765197754,0.14744259408993482,0.21973728371468745,0.1103155485708357,0.019555187225341795,0.10746301855020937,0.15211011843881872,0.06727476414771946
