N,Norm,Lambda,Gamma,K,LR_Entire_Time,LR_Entire_MAE,LR_Entire_RMSE,LR_Entire_MAD,LR_Cluster_Time_Avg,LR_Cluster_MAE_Avg,LR_Cluster_RMSE_Avg,LR_Cluster_MAD_Avg,LR_Euc_Time_Avg,LR_Euc_MAE_Avg,LR_Euc_RMSE_Avg,LR_Euc_MAD_Avg,RF_Entire_Time,RF_Entire_MAE,RF_Entire_RMSE,RF_Entire_MAD,RF_Cluster_Time_Avg,RF_Cluster_MAE_Avg,RF_Cluster_RMSE_Avg,RF_Cluster_MAD_Avg,RF_Euc_Time_Avg,RF_Euc_MAE_Avg,RF_Euc_RMSE_Avg,RF_Euc_MAD_Avg,NN_Entire_Time,NN_Entire_MAE,NN_Entire_RMSE,NN_Entire_MAD,NN_Cluster_Time_Avg,NN_Cluster_MAE_Avg,NN_Cluster_RMSE_Avg,NN_Cluster_MAD_Avg,NN_Euc_Time_Avg,NN_Euc_MAE_Avg,NN_Euc_RMSE_Avg,NN_Euc_MAD_Avg,GP_Entire_Time,GP_Entire_MAE,GP_Entire_RMSE,GP_Entire_MAD,GP_Cluster_Time_Avg,GP_Cluster_MAE_Avg,GP_Cluster_RMSE_Avg,GP_Cluster_MAD_Avg,GP_Euc_Time_Avg,GP_Euc_MAE_Avg,GP_Euc_RMSE_Avg,GP_Euc_MAD_Avg,GB_Entire_Time,GB_Entire_MAE,GB_Entire_RMSE,GB_Entire_MAD,GB_Cluster_Time_Avg,GB_Cluster_MAE_Avg,GB_Cluster_RMSE_Avg,GB_Cluster_MAD_Avg,GB_Euc_Time_Avg,GB_Euc_MAE_Avg,GB_Euc_RMSE_Avg,GB_Euc_MAD_Avg
500,1,0.5,2.0,4,0.00028395652770996094,0.04554139396076337,0.06322217389655631,0.03166617154606036,0.0002849698066711426,0.14766683900483232,0.40729910785468043,0.07245678959517823,0.0002474784851074219,0.1579505206000498,0.20729605280178617,0.11993514337159093,0.0828859806060791,0.035621835074126015,0.05552382096060094,0.024170596119322763,0.04708796739578247,0.12407910782515175,0.2363428686402874,0.0690718796736853,0.046664297580718994,0.07661138932691436,0.1016237674506223,0.05850888652480693,0.04958796501159668,0.06763365585337622,0.09990610879909008,0.04141938441249285,0.029914379119873047,0.20179322604103284,0.45408565578609994,0.10556763146275963,0.024433672428131104,0.19498509482538406,0.2628405001597647,0.16372273343153337,0.08656620979309082,0.07147561,0.10188179,0.046482205,0.043476641178131104,0.14361505,0.29546657,0.070677884,0.038513362407684326,0.14690587,0.24036019,0.07968679,0.03609299659729004,0.032876015852383464,0.054196995489554076,0.02023956520998854,0.016210436820983887,0.09728989584031593,0.1414182669031039,0.07254501208109834,0.015723824501037598,0.0815242426283742,0.11040877682005523,0.05155905711889014
