N,Norm,Lambda,Gamma,K,LR_Entire_Time,LR_Entire_MAE,LR_Entire_RMSE,LR_Entire_MAD,LR_Cluster_Time_Avg,LR_Cluster_MAE_Avg,LR_Cluster_RMSE_Avg,LR_Cluster_MAD_Avg,LR_Euc_Time_Avg,LR_Euc_MAE_Avg,LR_Euc_RMSE_Avg,LR_Euc_MAD_Avg,RF_Entire_Time,RF_Entire_MAE,RF_Entire_RMSE,RF_Entire_MAD,RF_Cluster_Time_Avg,RF_Cluster_MAE_Avg,RF_Cluster_RMSE_Avg,RF_Cluster_MAD_Avg,RF_Euc_Time_Avg,RF_Euc_MAE_Avg,RF_Euc_RMSE_Avg,RF_Euc_MAD_Avg,NN_Entire_Time,NN_Entire_MAE,NN_Entire_RMSE,NN_Entire_MAD,NN_Cluster_Time_Avg,NN_Cluster_MAE_Avg,NN_Cluster_RMSE_Avg,NN_Cluster_MAD_Avg,NN_Euc_Time_Avg,NN_Euc_MAE_Avg,NN_Euc_RMSE_Avg,NN_Euc_MAD_Avg,GP_Entire_Time,GP_Entire_MAE,GP_Entire_RMSE,GP_Entire_MAD,GP_Cluster_Time_Avg,GP_Cluster_MAE_Avg,GP_Cluster_RMSE_Avg,GP_Cluster_MAD_Avg,GP_Euc_Time_Avg,GP_Euc_MAE_Avg,GP_Euc_RMSE_Avg,GP_Euc_MAD_Avg,GB_Entire_Time,GB_Entire_MAE,GB_Entire_RMSE,GB_Entire_MAD,GB_Cluster_Time_Avg,GB_Cluster_MAE_Avg,GB_Cluster_RMSE_Avg,GB_Cluster_MAD_Avg,GB_Euc_Time_Avg,GB_Euc_MAE_Avg,GB_Euc_RMSE_Avg,GB_Euc_MAD_Avg
10000,2,0.5,1.0,5,0.0009453296661376953,0.06792803101151079,0.3219772320780228,0.0359716131146422,0.0004146575927734375,0.19999987528310006,0.5120071337322039,0.12246561804766402,0.0005498409271240234,0.1897523611746837,0.46220891377119566,0.11917088401090466,1.7193751335144043,0.04676913358650599,0.23509587450642058,0.01812584134405404,0.31354780197143556,0.1651924122018168,0.5271633560161095,0.061816904916075145,0.3188446044921875,0.18082909903120975,0.5308562737818439,0.06455791455149226,2.0647637844085693,0.07343995706778898,0.28648338850302996,0.028879019451890697,0.22450647354125977,0.17206191889143058,0.5236450042335921,0.06496995959396468,0.18724579811096193,0.1561361212219352,0.42699659769627224,0.07010417018193006,9.123140811920166,0.071108356,0.26003492,0.024336696,0.6921339988708496,0.1633858,0.51326096,0.054894574,0.7495110511779786,0.1520375,0.47659722,0.059535515,0.6239771842956543,0.04869608284610524,0.236725445167844,0.023290466776537094,0.12918429374694823,0.16117409252439802,0.551648453078404,0.06165808735325194,0.12781734466552735,0.16853193603458305,0.5417412326833785,0.0632451021477058
