N,Norm,Lambda,Gamma,K,LR_Entire_Time,LR_Entire_MAE,LR_Entire_RMSE,LR_Entire_MAD,LR_Cluster_Time_Avg,LR_Cluster_MAE_Avg,LR_Cluster_RMSE_Avg,LR_Cluster_MAD_Avg,LR_Cluster_MAE_Median,LR_Cluster_RMSE_Median,LR_Cluster_MAD_Median,RF_Entire_Time,RF_Entire_MAE,RF_Entire_RMSE,RF_Entire_MAD,RF_Cluster_Time_Avg,RF_Cluster_MAE_Avg,RF_Cluster_RMSE_Avg,RF_Cluster_MAD_Avg,RF_Cluster_MAE_Median,RF_Cluster_RMSE_Median,RF_Cluster_MAD_Median,NN_Entire_Time,NN_Entire_MAE,NN_Entire_RMSE,NN_Entire_MAD,NN_Cluster_Time_Avg,NN_Cluster_MAE_Avg,NN_Cluster_RMSE_Avg,NN_Cluster_MAD_Avg,NN_Cluster_MAE_Median,NN_Cluster_RMSE_Median,NN_Cluster_MAD_Median,GP_Entire_Time,GP_Entire_MAE,GP_Entire_RMSE,GP_Entire_MAD,GP_Cluster_Time_Avg,GP_Cluster_MAE_Avg,GP_Cluster_RMSE_Avg,GP_Cluster_MAD_Avg,GP_Cluster_MAE_Median,GP_Cluster_RMSE_Median,GP_Cluster_MAD_Median,GB_Entire_Time,GB_Entire_MAE,GB_Entire_RMSE,GB_Entire_MAD,GB_Cluster_Time_Avg,GB_Cluster_MAE_Avg,GB_Cluster_RMSE_Avg,GB_Cluster_MAD_Avg,GB_Cluster_MAE_Median,GB_Cluster_RMSE_Median,GB_Cluster_MAD_Median
1000,1,0.1,1.0,6,0.000990152359008789,0.07572404595198262,0.3176633156201745,0.045674406410488144,0.0007343292236328125,0.1356663135176979,0.3783075815611465,0.0563779308394197,0.09557420320796167,0.198017262002708,0.02337313023007167,0.14248204231262207,0.022052779472478114,0.03109628153445243,0.0163110854862088,0.05120217800140381,0.10406243971856466,0.2680501110814038,0.03326925515869227,0.05778646807731727,0.09944287111408368,0.02893934051017638,0.21717619895935059,0.0905180599104694,0.3049065897414092,0.029556680619766018,0.020589033762613933,0.13307431351328594,0.35210289661306615,0.05462975990117395,0.08354334293803387,0.1180140512172954,0.05167876775581981,0.25229597091674805,0.09063805,0.28110394,0.036968112,0.04539938767751058,0.12374958,0.3084164,0.035091486,0.076817087829113,0.13737118244171143,0.03438260033726692,0.06052827835083008,0.02222207597142938,0.02963875908792831,0.01727889609153979,0.017288843790690105,0.09847022732555344,0.2651746939416038,0.022868205957207562,0.05410782155155573,0.09167388073701965,0.020637510671486226
