N,Norm,Lambda,Gamma,K,LR_Entire_Time,LR_Entire_MAE,LR_Entire_RMSE,LR_Entire_MAD,LR_Cluster_Time_Avg,LR_Cluster_MAE_Avg,LR_Cluster_RMSE_Avg,LR_Cluster_MAD_Avg,LR_Euc_Time_Avg,LR_Euc_MAE_Avg,LR_Euc_RMSE_Avg,LR_Euc_MAD_Avg,RF_Entire_Time,RF_Entire_MAE,RF_Entire_RMSE,RF_Entire_MAD,RF_Cluster_Time_Avg,RF_Cluster_MAE_Avg,RF_Cluster_RMSE_Avg,RF_Cluster_MAD_Avg,RF_Euc_Time_Avg,RF_Euc_MAE_Avg,RF_Euc_RMSE_Avg,RF_Euc_MAD_Avg,NN_Entire_Time,NN_Entire_MAE,NN_Entire_RMSE,NN_Entire_MAD,NN_Cluster_Time_Avg,NN_Cluster_MAE_Avg,NN_Cluster_RMSE_Avg,NN_Cluster_MAD_Avg,NN_Euc_Time_Avg,NN_Euc_MAE_Avg,NN_Euc_RMSE_Avg,NN_Euc_MAD_Avg,GP_Entire_Time,GP_Entire_MAE,GP_Entire_RMSE,GP_Entire_MAD,GP_Cluster_Time_Avg,GP_Cluster_MAE_Avg,GP_Cluster_RMSE_Avg,GP_Cluster_MAD_Avg,GP_Euc_Time_Avg,GP_Euc_MAE_Avg,GP_Euc_RMSE_Avg,GP_Euc_MAD_Avg,GB_Entire_Time,GB_Entire_MAE,GB_Entire_RMSE,GB_Entire_MAD,GB_Cluster_Time_Avg,GB_Cluster_MAE_Avg,GB_Cluster_RMSE_Avg,GB_Cluster_MAD_Avg,GB_Euc_Time_Avg,GB_Euc_MAE_Avg,GB_Euc_RMSE_Avg,GB_Euc_MAD_Avg
5000,2,0.9,1.0,5,0.0007379055023193359,0.06606716257040125,0.2627241057286416,0.044473382092633296,0.0003451824188232422,0.14892705451847657,0.399186523376894,0.09814376816453359,0.0003424167633056641,0.18805691562304158,0.4693379241917447,0.1169846877214776,0.7665390968322754,0.041913824002155826,0.18847401782326864,0.020142239095556458,0.16287508010864257,0.12987894160588595,0.40047282748181895,0.06843374593560878,0.15729708671569825,0.18478390098872127,0.6055833241448308,0.06913097973931406,0.5906288623809814,0.07272331791827605,0.2506023353200963,0.031053814239874133,0.13130149841308594,0.13953013869706976,0.39027850747068427,0.06921698816361307,0.09785194396972656,0.17512917038795447,0.4587170491039944,0.08964315271513737,2.6461119651794434,0.07389552,0.24563795,0.028781831,0.18990774154663087,0.1251723,0.37492082,0.06256785,0.20410704612731934,0.17021771,0.502136,0.06788228,0.30478906631469727,0.043876334856337476,0.18869318875155303,0.024468698072139798,0.06659498214721679,0.12333504680543514,0.40379075899595057,0.06318593075622145,0.06678051948547363,0.17855678339268893,0.5927434668799864,0.06637992500053011
