N,Norm,Lambda,Gamma,K,LR_Entire_Time,LR_Entire_MAE,LR_Entire_RMSE,LR_Entire_MAD,LR_Cluster_Time_Avg,LR_Cluster_MAE_Avg,LR_Cluster_RMSE_Avg,LR_Cluster_MAD_Avg,LR_Euc_Time_Avg,LR_Euc_MAE_Avg,LR_Euc_RMSE_Avg,LR_Euc_MAD_Avg,RF_Entire_Time,RF_Entire_MAE,RF_Entire_RMSE,RF_Entire_MAD,RF_Cluster_Time_Avg,RF_Cluster_MAE_Avg,RF_Cluster_RMSE_Avg,RF_Cluster_MAD_Avg,RF_Euc_Time_Avg,RF_Euc_MAE_Avg,RF_Euc_RMSE_Avg,RF_Euc_MAD_Avg,NN_Entire_Time,NN_Entire_MAE,NN_Entire_RMSE,NN_Entire_MAD,NN_Cluster_Time_Avg,NN_Cluster_MAE_Avg,NN_Cluster_RMSE_Avg,NN_Cluster_MAD_Avg,NN_Euc_Time_Avg,NN_Euc_MAE_Avg,NN_Euc_RMSE_Avg,NN_Euc_MAD_Avg,GB_Entire_Time,GB_Entire_MAE,GB_Entire_RMSE,GB_Entire_MAD,GB_Cluster_Time_Avg,GB_Cluster_MAE_Avg,GB_Cluster_RMSE_Avg,GB_Cluster_MAD_Avg,GB_Euc_Time_Avg,GB_Euc_MAE_Avg,GB_Euc_RMSE_Avg,GB_Euc_MAD_Avg
50000,1,0.5,0.5,6,0.003268718719482422,0.06625561675942009,0.3233405659660932,0.03390383380555034,0.0008705457051595052,0.17067027062082687,0.3929667284530078,0.1220691580206113,0.0008054971694946289,0.20122471643992257,0.43971392570599005,0.13565499272950057,11.414400100708008,0.04285335478543272,0.2163618639406994,0.015915731373890463,1.6479356288909912,0.14238217446028198,0.36474005086809563,0.0803844281061996,1.609534740447998,0.14120040235366557,0.3991216032649987,0.06527581979421944,9.867362976074219,0.06638005063364635,0.2244265369770985,0.03789623574314169,0.9332623481750488,0.12478573093621391,0.342854858709648,0.06723968266383233,0.6338601509730021,0.1252926009754683,0.37106497947335687,0.05927826743840444,3.3015542030334473,0.04822535577392292,0.2216752397453633,0.02282462358875645,0.5324464639027914,0.1397475183566447,0.35565426684751467,0.0883452966710599,0.5376514991124471,0.1416696417400501,0.39714815536337644,0.07454567727754559
