N,Norm,Lambda,Gamma,K,LR_Entire_Time,LR_Entire_MAE,LR_Entire_RMSE,LR_Entire_MAD,LR_Cluster_Time_Avg,LR_Cluster_MAE_Avg,LR_Cluster_RMSE_Avg,LR_Cluster_MAD_Avg,LR_Euc_Time_Avg,LR_Euc_MAE_Avg,LR_Euc_RMSE_Avg,LR_Euc_MAD_Avg,RF_Entire_Time,RF_Entire_MAE,RF_Entire_RMSE,RF_Entire_MAD,RF_Cluster_Time_Avg,RF_Cluster_MAE_Avg,RF_Cluster_RMSE_Avg,RF_Cluster_MAD_Avg,RF_Euc_Time_Avg,RF_Euc_MAE_Avg,RF_Euc_RMSE_Avg,RF_Euc_MAD_Avg,NN_Entire_Time,NN_Entire_MAE,NN_Entire_RMSE,NN_Entire_MAD,NN_Cluster_Time_Avg,NN_Cluster_MAE_Avg,NN_Cluster_RMSE_Avg,NN_Cluster_MAD_Avg,NN_Euc_Time_Avg,NN_Euc_MAE_Avg,NN_Euc_RMSE_Avg,NN_Euc_MAD_Avg,GB_Entire_Time,GB_Entire_MAE,GB_Entire_RMSE,GB_Entire_MAD,GB_Cluster_Time_Avg,GB_Cluster_MAE_Avg,GB_Cluster_RMSE_Avg,GB_Cluster_MAD_Avg,GB_Euc_Time_Avg,GB_Euc_MAE_Avg,GB_Euc_RMSE_Avg,GB_Euc_MAD_Avg
50000,2,0.5,1.0,3,0.0031213760375976562,0.06625561675942009,0.3233405659660932,0.03390383380555034,0.0014376640319824219,0.0952368668739448,0.31813996474979694,0.057111782091600116,0.001476287841796875,0.13539184417959435,0.3931635208263831,0.08229257984802939,11.231694221496582,0.04281739530860447,0.21503355561908497,0.01585756909232028,3.424715836842855,0.07726256562448797,0.27606426582979327,0.035184294114628804,3.3522044022878013,0.08595252616474765,0.3207600669357544,0.03526309788537189,10.219218730926514,0.059781651171012626,0.22866906396005823,0.02810952261824018,1.9374563694000244,0.07246337721447296,0.25871022178118436,0.032928462086499875,1.868425766626994,0.08814221146229752,0.3030947172442408,0.03737539503326576,3.2482118606567383,0.04818862801955603,0.220640417431332,0.022824623588756365,1.061346451441447,0.07586825147785409,0.2662072924128051,0.042054857014092735,1.0502409934997559,0.0873523116396855,0.3157872170167664,0.0424028061665963
