N,Norm,Lambda,Gamma,K,LR_Entire_Time,LR_Entire_MAE,LR_Entire_RMSE,LR_Entire_MAD,LR_Cluster_Time_Avg,LR_Cluster_MAE_Avg,LR_Cluster_RMSE_Avg,LR_Cluster_MAD_Avg,LR_Euc_Time_Avg,LR_Euc_MAE_Avg,LR_Euc_RMSE_Avg,LR_Euc_MAD_Avg,RF_Entire_Time,RF_Entire_MAE,RF_Entire_RMSE,RF_Entire_MAD,RF_Cluster_Time_Avg,RF_Cluster_MAE_Avg,RF_Cluster_RMSE_Avg,RF_Cluster_MAD_Avg,RF_Euc_Time_Avg,RF_Euc_MAE_Avg,RF_Euc_RMSE_Avg,RF_Euc_MAD_Avg,NN_Entire_Time,NN_Entire_MAE,NN_Entire_RMSE,NN_Entire_MAD,NN_Cluster_Time_Avg,NN_Cluster_MAE_Avg,NN_Cluster_RMSE_Avg,NN_Cluster_MAD_Avg,NN_Euc_Time_Avg,NN_Euc_MAE_Avg,NN_Euc_RMSE_Avg,NN_Euc_MAD_Avg,GP_Entire_Time,GP_Entire_MAE,GP_Entire_RMSE,GP_Entire_MAD,GP_Cluster_Time_Avg,GP_Cluster_MAE_Avg,GP_Cluster_RMSE_Avg,GP_Cluster_MAD_Avg,GP_Euc_Time_Avg,GP_Euc_MAE_Avg,GP_Euc_RMSE_Avg,GP_Euc_MAD_Avg,GB_Entire_Time,GB_Entire_MAE,GB_Entire_RMSE,GB_Entire_MAD,GB_Cluster_Time_Avg,GB_Cluster_MAE_Avg,GB_Cluster_RMSE_Avg,GB_Cluster_MAD_Avg,GB_Euc_Time_Avg,GB_Euc_MAE_Avg,GB_Euc_RMSE_Avg,GB_Euc_MAD_Avg
10000,2,0.5,1.0,3,0.0007939338684082031,0.06792803101151079,0.3219772320780228,0.0359716131146422,0.0005625089009602865,0.09673842157375756,0.2759004119682224,0.0602257405304506,0.0005763371785481771,0.1339008915097624,0.3611311607589738,0.0870481855744885,1.7148869037628174,0.04736665601516675,0.2372619755812637,0.018268254568711506,0.5419767697652181,0.08482171129009068,0.23864806228389565,0.041992645561249375,0.5306670665740967,0.09103295261421755,0.34004458368590856,0.03924951012697659,1.1418209075927734,0.0731386749302007,0.29084728365686857,0.02593834702473885,0.41401902834574383,0.09488830617022885,0.24746096852920094,0.047898365119502774,0.31944934527079266,0.11721333486018633,0.3405166495994934,0.05177940321137747,9.204878091812134,0.0693708,0.25909165,0.020559013,1.544071912765503,0.07680595,0.20857398,0.037827846,1.3914049466451008,0.091285795,0.33362806,0.035091568,0.625267744064331,0.04869517998452933,0.23671588517407904,0.023290466776537122,0.20697259902954102,0.08030304423142111,0.24034689426083888,0.043795978314362584,0.20678337415059408,0.08577124231513417,0.32681960504019447,0.04211910576713177
