N,Norm,Lambda,Gamma,K,LR_Entire_Time,LR_Entire_MAE,LR_Entire_RMSE,LR_Entire_MAD,LR_Cluster_Time_Avg,LR_Cluster_MAE_Avg,LR_Cluster_RMSE_Avg,LR_Cluster_MAD_Avg,LR_Euc_Time_Avg,LR_Euc_MAE_Avg,LR_Euc_RMSE_Avg,LR_Euc_MAD_Avg,RF_Entire_Time,RF_Entire_MAE,RF_Entire_RMSE,RF_Entire_MAD,RF_Cluster_Time_Avg,RF_Cluster_MAE_Avg,RF_Cluster_RMSE_Avg,RF_Cluster_MAD_Avg,RF_Euc_Time_Avg,RF_Euc_MAE_Avg,RF_Euc_RMSE_Avg,RF_Euc_MAD_Avg,NN_Entire_Time,NN_Entire_MAE,NN_Entire_RMSE,NN_Entire_MAD,NN_Cluster_Time_Avg,NN_Cluster_MAE_Avg,NN_Cluster_RMSE_Avg,NN_Cluster_MAD_Avg,NN_Euc_Time_Avg,NN_Euc_MAE_Avg,NN_Euc_RMSE_Avg,NN_Euc_MAD_Avg,GP_Entire_Time,GP_Entire_MAE,GP_Entire_RMSE,GP_Entire_MAD,GP_Cluster_Time_Avg,GP_Cluster_MAE_Avg,GP_Cluster_RMSE_Avg,GP_Cluster_MAD_Avg,GP_Euc_Time_Avg,GP_Euc_MAE_Avg,GP_Euc_RMSE_Avg,GP_Euc_MAD_Avg,GB_Entire_Time,GB_Entire_MAE,GB_Entire_RMSE,GB_Entire_MAD,GB_Cluster_Time_Avg,GB_Cluster_MAE_Avg,GB_Cluster_RMSE_Avg,GB_Cluster_MAD_Avg,GB_Euc_Time_Avg,GB_Euc_MAE_Avg,GB_Euc_RMSE_Avg,GB_Euc_MAD_Avg
500,2,0.9,2.0,4,0.0002949237823486328,0.04554139396076337,0.06322217389655631,0.03166617154606036,0.00031697750091552734,0.14766683900483232,0.40729910785468043,0.07245678959517823,0.00026476383209228516,0.1579505206000498,0.20729605280178617,0.11993514337159093,0.08436989784240723,0.03481975215888921,0.055088717211869406,0.020943802112823873,0.04734647274017334,0.1182359065458595,0.2096528117638518,0.07527518656316662,0.04603642225265503,0.08044324450789679,0.10702211301458672,0.05969733230957665,0.03825998306274414,0.07352781685648928,0.10289002485499345,0.04814522569250053,0.026278197765350342,0.1932492761780148,0.44210160291837947,0.09960934061763851,0.019619286060333252,0.21527636192664917,0.30046251436325055,0.16498355166530018,0.08829474449157715,0.07147561,0.10188179,0.046482205,0.04229635000228882,0.14361505,0.29546657,0.070677884,0.03972125053405762,0.14690587,0.24036019,0.07968679,0.0373837947845459,0.03293023300898455,0.054251328000066906,0.02023956520998843,0.016054809093475342,0.09660739764148558,0.13498707601286422,0.07147539033705469,0.017181754112243652,0.08279292928530207,0.11119208183371374,0.053529964821891644
