N,Norm,Lambda,Gamma,K,LR_Entire_Time,LR_Entire_MAE,LR_Entire_RMSE,LR_Entire_MAD,LR_Cluster_Time_Avg,LR_Cluster_MAE_Avg,LR_Cluster_RMSE_Avg,LR_Cluster_MAD_Avg,LR_Euc_Time_Avg,LR_Euc_MAE_Avg,LR_Euc_RMSE_Avg,LR_Euc_MAD_Avg,RF_Entire_Time,RF_Entire_MAE,RF_Entire_RMSE,RF_Entire_MAD,RF_Cluster_Time_Avg,RF_Cluster_MAE_Avg,RF_Cluster_RMSE_Avg,RF_Cluster_MAD_Avg,RF_Euc_Time_Avg,RF_Euc_MAE_Avg,RF_Euc_RMSE_Avg,RF_Euc_MAD_Avg,NN_Entire_Time,NN_Entire_MAE,NN_Entire_RMSE,NN_Entire_MAD,NN_Cluster_Time_Avg,NN_Cluster_MAE_Avg,NN_Cluster_RMSE_Avg,NN_Cluster_MAD_Avg,NN_Euc_Time_Avg,NN_Euc_MAE_Avg,NN_Euc_RMSE_Avg,NN_Euc_MAD_Avg,GB_Entire_Time,GB_Entire_MAE,GB_Entire_RMSE,GB_Entire_MAD,GB_Cluster_Time_Avg,GB_Cluster_MAE_Avg,GB_Cluster_RMSE_Avg,GB_Cluster_MAD_Avg,GB_Euc_Time_Avg,GB_Euc_MAE_Avg,GB_Euc_RMSE_Avg,GB_Euc_MAD_Avg
50000,1,0.9,0.5,7,0.0034477710723876953,0.06625561675942009,0.3233405659660932,0.03390383380555034,0.0009900501796177455,0.20714580447054395,0.5269106401391692,0.1436807516155172,0.0006891318729945592,0.22819507705703262,0.5462331196419586,0.15223612816696705,11.206120014190674,0.04280870508131675,0.21584729209949827,0.01578621258946806,1.3492416654314314,0.17592852536795084,0.49923344152403787,0.09570613645964476,1.3189291954040527,0.17390074101078973,0.5230421921121383,0.07926017386977328,11.984896183013916,0.059783418387246066,0.22769396001593242,0.024258013869801587,0.7322531768253872,0.1472716003915917,0.4640350037156861,0.08122768893892118,0.5470545291900635,0.15156684705947482,0.4913816350830305,0.07217650943203249,3.2332777976989746,0.04798641279049709,0.22006482356773138,0.022824623588756282,0.45662546157836914,0.16833238319166163,0.48381558819624787,0.10264224642998822,0.4509061404636928,0.1716329790044908,0.522298916072254,0.08610083913073255
