N,Norm,Lambda,Gamma,K,LR_Entire_Time,LR_Entire_MAE,LR_Entire_RMSE,LR_Entire_MAD,LR_Cluster_Time_Avg,LR_Cluster_MAE_Avg,LR_Cluster_RMSE_Avg,LR_Cluster_MAD_Avg,LR_Euc_Time_Avg,LR_Euc_MAE_Avg,LR_Euc_RMSE_Avg,LR_Euc_MAD_Avg,RF_Entire_Time,RF_Entire_MAE,RF_Entire_RMSE,RF_Entire_MAD,RF_Cluster_Time_Avg,RF_Cluster_MAE_Avg,RF_Cluster_RMSE_Avg,RF_Cluster_MAD_Avg,RF_Euc_Time_Avg,RF_Euc_MAE_Avg,RF_Euc_RMSE_Avg,RF_Euc_MAD_Avg,NN_Entire_Time,NN_Entire_MAE,NN_Entire_RMSE,NN_Entire_MAD,NN_Cluster_Time_Avg,NN_Cluster_MAE_Avg,NN_Cluster_RMSE_Avg,NN_Cluster_MAD_Avg,NN_Euc_Time_Avg,NN_Euc_MAE_Avg,NN_Euc_RMSE_Avg,NN_Euc_MAD_Avg,GB_Entire_Time,GB_Entire_MAE,GB_Entire_RMSE,GB_Entire_MAD,GB_Cluster_Time_Avg,GB_Cluster_MAE_Avg,GB_Cluster_RMSE_Avg,GB_Cluster_MAD_Avg,GB_Euc_Time_Avg,GB_Euc_MAE_Avg,GB_Euc_RMSE_Avg,GB_Euc_MAD_Avg
50000,1,0.9,2.0,7,0.00399017333984375,0.06625561675942009,0.3233405659660932,0.03390383380555034,0.0007835456303187779,0.20714580447054395,0.5269106401391692,0.1436807516155172,0.0007190704345703125,0.22819507705703262,0.5462331196419586,0.15223612816696705,11.089079856872559,0.04238902921150645,0.215091191409053,0.015707855071241783,1.3455414090837752,0.17483616183974762,0.4963515196825023,0.0959619449028163,1.3078569344111852,0.17336012298993125,0.5235136297707703,0.07898471683942941,6.617256164550781,0.049678728995306974,0.2355115792686648,0.016433303311498337,0.7191177095685687,0.14634270377208555,0.4680430700799457,0.0777152557681314,0.558685268674578,0.14948322627723026,0.4913184147237171,0.06748224714294672,3.2022950649261475,0.048130318300812644,0.22073711368208312,0.022824623588756587,0.44576048851013184,0.1684596549955896,0.4840003296127497,0.10267042589289273,0.44422783170427593,0.17152304970263485,0.5222783026308149,0.08609863643985406
