N,Norm,Lambda,Gamma,K,LR_Entire_Time,LR_Entire_MAE,LR_Entire_RMSE,LR_Entire_MAD,LR_Cluster_Time_Avg,LR_Cluster_MAE_Avg,LR_Cluster_RMSE_Avg,LR_Cluster_MAD_Avg,LR_Euc_Time_Avg,LR_Euc_MAE_Avg,LR_Euc_RMSE_Avg,LR_Euc_MAD_Avg,RF_Entire_Time,RF_Entire_MAE,RF_Entire_RMSE,RF_Entire_MAD,RF_Cluster_Time_Avg,RF_Cluster_MAE_Avg,RF_Cluster_RMSE_Avg,RF_Cluster_MAD_Avg,RF_Euc_Time_Avg,RF_Euc_MAE_Avg,RF_Euc_RMSE_Avg,RF_Euc_MAD_Avg,NN_Entire_Time,NN_Entire_MAE,NN_Entire_RMSE,NN_Entire_MAD,NN_Cluster_Time_Avg,NN_Cluster_MAE_Avg,NN_Cluster_RMSE_Avg,NN_Cluster_MAD_Avg,NN_Euc_Time_Avg,NN_Euc_MAE_Avg,NN_Euc_RMSE_Avg,NN_Euc_MAD_Avg,GP_Entire_Time,GP_Entire_MAE,GP_Entire_RMSE,GP_Entire_MAD,GP_Cluster_Time_Avg,GP_Cluster_MAE_Avg,GP_Cluster_RMSE_Avg,GP_Cluster_MAD_Avg,GP_Euc_Time_Avg,GP_Euc_MAE_Avg,GP_Euc_RMSE_Avg,GP_Euc_MAD_Avg,GB_Entire_Time,GB_Entire_MAE,GB_Entire_RMSE,GB_Entire_MAD,GB_Cluster_Time_Avg,GB_Cluster_MAE_Avg,GB_Cluster_RMSE_Avg,GB_Cluster_MAD_Avg,GB_Euc_Time_Avg,GB_Euc_MAE_Avg,GB_Euc_RMSE_Avg,GB_Euc_MAD_Avg
10000,1,0.5,1.0,4,0.0010528564453125,0.06792803101151079,0.3219772320780228,0.0359716131146422,0.0005582571029663086,0.11715966440717737,0.28872499929154555,0.08006792390960274,0.0005182623863220215,0.1527846860515306,0.3747429160175923,0.0943320350517892,2.4563510417938232,0.0479251889283982,0.23705168461958334,0.018450302951862396,0.5786342024803162,0.10415290532713425,0.26963776416546,0.05821557558321245,0.5559576153755188,0.1092840554121671,0.3459566769742335,0.05098290970371303,2.7393009662628174,0.08048295317953102,0.2756677027930549,0.033812151440559074,0.47597241401672363,0.10293096088596333,0.27170707793312154,0.055681961534226845,0.30979472398757935,0.1333423260301418,0.349425221663163,0.06447782024163091,12.730918884277344,0.069507286,0.2583883,0.021641448,1.1756354570388794,0.094553165,0.26311392,0.05049634,1.4604461193084717,0.102244064,0.33421105,0.04196329,0.8900392055511475,0.0485276657906072,0.23633556484880347,0.023290466776537067,0.22519451379776,0.09697967347956453,0.260348302214107,0.060877196792252335,0.22557514905929565,0.10430349649265272,0.35596231918882215,0.04915793556454265
