N,Norm,Lambda,Gamma,K,LR_Entire_Time,LR_Entire_MAE,LR_Entire_RMSE,LR_Entire_MAD,LR_Cluster_Time_Avg,LR_Cluster_MAE_Avg,LR_Cluster_RMSE_Avg,LR_Cluster_MAD_Avg,LR_Cluster_MAE_Median,LR_Cluster_RMSE_Median,LR_Cluster_MAD_Median,RF_Entire_Time,RF_Entire_MAE,RF_Entire_RMSE,RF_Entire_MAD,RF_Cluster_Time_Avg,RF_Cluster_MAE_Avg,RF_Cluster_RMSE_Avg,RF_Cluster_MAD_Avg,RF_Cluster_MAE_Median,RF_Cluster_RMSE_Median,RF_Cluster_MAD_Median,NN_Entire_Time,NN_Entire_MAE,NN_Entire_RMSE,NN_Entire_MAD,NN_Cluster_Time_Avg,NN_Cluster_MAE_Avg,NN_Cluster_RMSE_Avg,NN_Cluster_MAD_Avg,NN_Cluster_MAE_Median,NN_Cluster_RMSE_Median,NN_Cluster_MAD_Median,GP_Entire_Time,GP_Entire_MAE,GP_Entire_RMSE,GP_Entire_MAD,GP_Cluster_Time_Avg,GP_Cluster_MAE_Avg,GP_Cluster_RMSE_Avg,GP_Cluster_MAD_Avg,GP_Cluster_MAE_Median,GP_Cluster_RMSE_Median,GP_Cluster_MAD_Median,GB_Entire_Time,GB_Entire_MAE,GB_Entire_RMSE,GB_Entire_MAD,GB_Cluster_Time_Avg,GB_Cluster_MAE_Avg,GB_Cluster_RMSE_Avg,GB_Cluster_MAD_Avg,GB_Cluster_MAE_Median,GB_Cluster_RMSE_Median,GB_Cluster_MAD_Median
10000,1,0.5,2.0,3,0.0011162757873535156,0.0711493164406142,0.34865177023578486,0.037222118158097006,0.0015079975128173828,0.061095529703721285,0.20245951291875663,0.04171597546760536,0.06776208647110535,0.2623179982606368,0.04397761117555721,1.6171228885650635,0.043019123937917216,0.20991070058961483,0.017313674452203776,0.45024855931599933,0.030171484069853562,0.08293122881591386,0.016161693383516435,0.03172427804586815,0.08950292655142754,0.015061907667001884,2.1601178646087646,0.07093822730179798,0.28482138836066606,0.027795773109458244,0.6447289784749349,0.0627563597974367,0.2112724424050519,0.025633452950607722,0.06550289995667671,0.2525299417586951,0.02642528648285114,9.490602970123291,0.06046031,0.25190574,0.018770888,1.807528813680013,0.059626162,0.1958332,0.020251865,0.059700217097997665,0.19546709954738617,0.019854336977005005,0.5938620567321777,0.046009004691825665,0.1951260949490399,0.02291651168796993,0.18116386731465658,0.03133745325149211,0.08996649416775983,0.01948126642408406,0.032644998437904464,0.06006541908973282,0.018641612062475166
