N,Norm,Lambda,Gamma,K,LR_Entire_Time,LR_Entire_MAE,LR_Entire_RMSE,LR_Entire_MAD,LR_Cluster_Time_Avg,LR_Cluster_MAE_Avg,LR_Cluster_RMSE_Avg,LR_Cluster_MAD_Avg,LR_Cluster_MAE_Median,LR_Cluster_RMSE_Median,LR_Cluster_MAD_Median,RF_Entire_Time,RF_Entire_MAE,RF_Entire_RMSE,RF_Entire_MAD,RF_Cluster_Time_Avg,RF_Cluster_MAE_Avg,RF_Cluster_RMSE_Avg,RF_Cluster_MAD_Avg,RF_Cluster_MAE_Median,RF_Cluster_RMSE_Median,RF_Cluster_MAD_Median,NN_Entire_Time,NN_Entire_MAE,NN_Entire_RMSE,NN_Entire_MAD,NN_Cluster_Time_Avg,NN_Cluster_MAE_Avg,NN_Cluster_RMSE_Avg,NN_Cluster_MAD_Avg,NN_Cluster_MAE_Median,NN_Cluster_RMSE_Median,NN_Cluster_MAD_Median,GP_Entire_Time,GP_Entire_MAE,GP_Entire_RMSE,GP_Entire_MAD,GP_Cluster_Time_Avg,GP_Cluster_MAE_Avg,GP_Cluster_RMSE_Avg,GP_Cluster_MAD_Avg,GP_Cluster_MAE_Median,GP_Cluster_RMSE_Median,GP_Cluster_MAD_Median,GB_Entire_Time,GB_Entire_MAE,GB_Entire_RMSE,GB_Entire_MAD,GB_Cluster_Time_Avg,GB_Cluster_MAE_Avg,GB_Cluster_RMSE_Avg,GB_Cluster_MAD_Avg,GB_Cluster_MAE_Median,GB_Cluster_RMSE_Median,GB_Cluster_MAD_Median
10000,1,0.9,2.0,3,0.0011610984802246094,0.0711493164406142,0.34865177023578486,0.037222118158097006,0.0018118222554524739,0.06312441955126856,0.25296463321352775,0.03984480720256985,0.06697178404554757,0.2606803868180323,0.04177122522597321,1.5968959331512451,0.04311003871866957,0.21015696497763284,0.01736488159633215,0.4482351938883464,0.035752704024051125,0.16165255993730465,0.015740087896863764,0.03504836852735979,0.14992345465381268,0.015578291288838475,0.7015879154205322,0.07817815832949682,0.32471241134840156,0.029219867987341858,0.6603482564290365,0.06704210492174985,0.24484804320484654,0.02716041415711475,0.07170639980793296,0.2335368515299771,0.030359256359291598,9.3709077835083,0.062108874,0.25229514,0.021555036,1.7284812927246094,0.061552137,0.22100157,0.022011451,0.06048417091369629,0.21843251585960388,0.021088607609272003,0.586737871170044,0.04603540405182098,0.19527835490506223,0.022916511687969987,0.1806786855061849,0.04178372679702868,0.2240452242833566,0.018555410157438904,0.04493024209701686,0.23516579909724813,0.018621167112395837
