N,Norm,Lambda,Gamma,K,LR_Entire_Time,LR_Entire_MAE,LR_Entire_RMSE,LR_Entire_MAD,LR_Cluster_Time_Avg,LR_Cluster_MAE_Avg,LR_Cluster_RMSE_Avg,LR_Cluster_MAD_Avg,LR_Euc_Time_Avg,LR_Euc_MAE_Avg,LR_Euc_RMSE_Avg,LR_Euc_MAD_Avg,RF_Entire_Time,RF_Entire_MAE,RF_Entire_RMSE,RF_Entire_MAD,RF_Cluster_Time_Avg,RF_Cluster_MAE_Avg,RF_Cluster_RMSE_Avg,RF_Cluster_MAD_Avg,RF_Euc_Time_Avg,RF_Euc_MAE_Avg,RF_Euc_RMSE_Avg,RF_Euc_MAD_Avg,NN_Entire_Time,NN_Entire_MAE,NN_Entire_RMSE,NN_Entire_MAD,NN_Cluster_Time_Avg,NN_Cluster_MAE_Avg,NN_Cluster_RMSE_Avg,NN_Cluster_MAD_Avg,NN_Euc_Time_Avg,NN_Euc_MAE_Avg,NN_Euc_RMSE_Avg,NN_Euc_MAD_Avg,GP_Entire_Time,GP_Entire_MAE,GP_Entire_RMSE,GP_Entire_MAD,GP_Cluster_Time_Avg,GP_Cluster_MAE_Avg,GP_Cluster_RMSE_Avg,GP_Cluster_MAD_Avg,GP_Euc_Time_Avg,GP_Euc_MAE_Avg,GP_Euc_RMSE_Avg,GP_Euc_MAD_Avg,GB_Entire_Time,GB_Entire_MAE,GB_Entire_RMSE,GB_Entire_MAD,GB_Cluster_Time_Avg,GB_Cluster_MAE_Avg,GB_Cluster_RMSE_Avg,GB_Cluster_MAD_Avg,GB_Euc_Time_Avg,GB_Euc_MAE_Avg,GB_Euc_RMSE_Avg,GB_Euc_MAD_Avg
10000,2,0.5,2.0,4,0.0008289813995361328,0.06792803101151079,0.3219772320780228,0.0359716131146422,0.0008240342140197754,0.11715966440717737,0.28872499929154555,0.08006792390960274,0.0004419684410095215,0.1527846860515306,0.3747429160175923,0.0943320350517892,1.719886064529419,0.04660486635549289,0.23531859694252696,0.01807089881400381,0.4048353433609009,0.1048133092702918,0.270901097001082,0.05851960610631252,0.3892240524291992,0.10950287588726505,0.34320747880344116,0.05162859581633131,1.9497137069702148,0.07845421014715905,0.2805719841785803,0.03366062837359368,0.2874317765235901,0.10521657080643007,0.2715790752021602,0.056591242718971174,0.24328047037124634,0.132043232834411,0.35255151696877984,0.05738174934085247,9.511687755584717,0.06974986,0.26129675,0.02104795,0.9052137732505798,0.09468275,0.26375163,0.04986045,1.0910568237304688,0.10196086,0.33458742,0.041476186,0.6358919143676758,0.04870940272811416,0.2371375872996767,0.023290466776537067,0.16394805908203125,0.09713480948427423,0.2611072260356779,0.06087662945572193,0.1610962152481079,0.10576341868919792,0.3598227116124113,0.04917690831827771
