N,Norm,Lambda,Gamma,K,LR_Entire_Time,LR_Entire_MAE,LR_Entire_RMSE,LR_Entire_MAD,LR_Cluster_Time_Avg,LR_Cluster_MAE_Avg,LR_Cluster_RMSE_Avg,LR_Cluster_MAD_Avg,LR_Euc_Time_Avg,LR_Euc_MAE_Avg,LR_Euc_RMSE_Avg,LR_Euc_MAD_Avg,RF_Entire_Time,RF_Entire_MAE,RF_Entire_RMSE,RF_Entire_MAD,RF_Cluster_Time_Avg,RF_Cluster_MAE_Avg,RF_Cluster_RMSE_Avg,RF_Cluster_MAD_Avg,RF_Euc_Time_Avg,RF_Euc_MAE_Avg,RF_Euc_RMSE_Avg,RF_Euc_MAD_Avg,NN_Entire_Time,NN_Entire_MAE,NN_Entire_RMSE,NN_Entire_MAD,NN_Cluster_Time_Avg,NN_Cluster_MAE_Avg,NN_Cluster_RMSE_Avg,NN_Cluster_MAD_Avg,NN_Euc_Time_Avg,NN_Euc_MAE_Avg,NN_Euc_RMSE_Avg,NN_Euc_MAD_Avg,GP_Entire_Time,GP_Entire_MAE,GP_Entire_RMSE,GP_Entire_MAD,GP_Cluster_Time_Avg,GP_Cluster_MAE_Avg,GP_Cluster_RMSE_Avg,GP_Cluster_MAD_Avg,GP_Euc_Time_Avg,GP_Euc_MAE_Avg,GP_Euc_RMSE_Avg,GP_Euc_MAD_Avg,GB_Entire_Time,GB_Entire_MAE,GB_Entire_RMSE,GB_Entire_MAD,GB_Cluster_Time_Avg,GB_Cluster_MAE_Avg,GB_Cluster_RMSE_Avg,GB_Cluster_MAD_Avg,GB_Euc_Time_Avg,GB_Euc_MAE_Avg,GB_Euc_RMSE_Avg,GB_Euc_MAD_Avg
100,1,0.9,2.0,4,0.00030994415283203125,0.19598571368711998,0.2658167496676893,0.12690348231686688,0.00030219554901123047,0.20608208184274573,0.28054223856080396,0.15403454944364975,0.0012868046760559082,0.2636792202538578,0.27544820109858575,0.2646526185300492,0.0446319580078125,0.035483003875761046,0.04283792397563269,0.02713866141721627,0.04141920804977417,0.2871489395968445,0.36184722914272827,0.23190238215734058,0.040293335914611816,0.37796308776936016,0.5421459819168941,0.17429514724053638,0.02462172508239746,0.18436388552960165,0.2809876127967503,0.08606280115857703,0.010864675045013428,0.19728045831110727,0.2358226663657176,0.14627823074389665,0.009631037712097168,0.2581811239900659,0.28584479357683124,0.2465835504218363,0.03828716278076172,0.14043128,0.21644284,0.062149398,0.031239449977874756,0.48863697,0.55369157,0.4811833,0.028943538665771484,0.54975957,0.67998046,0.4185274,0.014776945114135742,0.03480921502656069,0.04749047662916426,0.023898651900638015,0.011176466941833496,0.22044565404272118,0.2682623920363521,0.20337367858033764,0.010995566844940186,0.4378525268450532,0.6945561764667871,0.10886991675915177
