N,Norm,Lambda,Gamma,K,LR_Entire_Time,LR_Entire_MAE,LR_Entire_RMSE,LR_Entire_MAD,LR_Cluster_Time_Avg,LR_Cluster_MAE_Avg,LR_Cluster_RMSE_Avg,LR_Cluster_MAD_Avg,LR_Cluster_MAE_Median,LR_Cluster_RMSE_Median,LR_Cluster_MAD_Median,RF_Entire_Time,RF_Entire_MAE,RF_Entire_RMSE,RF_Entire_MAD,RF_Cluster_Time_Avg,RF_Cluster_MAE_Avg,RF_Cluster_RMSE_Avg,RF_Cluster_MAD_Avg,RF_Cluster_MAE_Median,RF_Cluster_RMSE_Median,RF_Cluster_MAD_Median,NN_Entire_Time,NN_Entire_MAE,NN_Entire_RMSE,NN_Entire_MAD,NN_Cluster_Time_Avg,NN_Cluster_MAE_Avg,NN_Cluster_RMSE_Avg,NN_Cluster_MAD_Avg,NN_Cluster_MAE_Median,NN_Cluster_RMSE_Median,NN_Cluster_MAD_Median,GP_Entire_Time,GP_Entire_MAE,GP_Entire_RMSE,GP_Entire_MAD,GP_Cluster_Time_Avg,GP_Cluster_MAE_Avg,GP_Cluster_RMSE_Avg,GP_Cluster_MAD_Avg,GP_Cluster_MAE_Median,GP_Cluster_RMSE_Median,GP_Cluster_MAD_Median,GB_Entire_Time,GB_Entire_MAE,GB_Entire_RMSE,GB_Entire_MAD,GB_Cluster_Time_Avg,GB_Cluster_MAE_Avg,GB_Cluster_RMSE_Avg,GB_Cluster_MAD_Avg,GB_Cluster_MAE_Median,GB_Cluster_RMSE_Median,GB_Cluster_MAD_Median
1000,2,0.5,2.0,3,0.0008609294891357422,0.07572404595198262,0.3176633156201745,0.045674406410488144,0.0008702278137207031,0.08578402764896005,0.23180723967748654,0.05642961358196461,0.08853538707805389,0.1127923190990959,0.06972040358351161,0.1408848762512207,0.022653037791080015,0.03171041834998024,0.016184019796412222,0.06530197461446126,0.035484019804819585,0.058418259318045895,0.02335095689719639,0.03419696126596232,0.049523333943171544,0.021121429457101493,0.09261894226074219,0.09302997637754772,0.3060621480213674,0.0423279867989535,0.06452806790669759,0.09320710039477187,0.2508340565729385,0.04519554123529673,0.08573482793802634,0.14320373312128293,0.04054134654007546,0.18877577781677246,0.09063805,0.28110394,0.036968112,0.07378864288330078,0.09294874,0.29408494,0.030055432,0.10498074442148209,0.30025237798690796,0.025921575725078583,0.06181025505065918,0.02218429455482097,0.029596479558168114,0.017278896091539757,0.02611064910888672,0.03338452081358224,0.05054738455839916,0.023146911517289346,0.03208376875325337,0.04595691719228697,0.022317053275790477
