N,Norm,Lambda,Gamma,K,LR_Entire_Time,LR_Entire_MAE,LR_Entire_RMSE,LR_Entire_MAD,LR_Cluster_Time_Avg,LR_Cluster_MAE_Avg,LR_Cluster_RMSE_Avg,LR_Cluster_MAD_Avg,LR_Euc_Time_Avg,LR_Euc_MAE_Avg,LR_Euc_RMSE_Avg,LR_Euc_MAD_Avg,RF_Entire_Time,RF_Entire_MAE,RF_Entire_RMSE,RF_Entire_MAD,RF_Cluster_Time_Avg,RF_Cluster_MAE_Avg,RF_Cluster_RMSE_Avg,RF_Cluster_MAD_Avg,RF_Euc_Time_Avg,RF_Euc_MAE_Avg,RF_Euc_RMSE_Avg,RF_Euc_MAD_Avg,NN_Entire_Time,NN_Entire_MAE,NN_Entire_RMSE,NN_Entire_MAD,NN_Cluster_Time_Avg,NN_Cluster_MAE_Avg,NN_Cluster_RMSE_Avg,NN_Cluster_MAD_Avg,NN_Euc_Time_Avg,NN_Euc_MAE_Avg,NN_Euc_RMSE_Avg,NN_Euc_MAD_Avg,GB_Entire_Time,GB_Entire_MAE,GB_Entire_RMSE,GB_Entire_MAD,GB_Cluster_Time_Avg,GB_Cluster_MAE_Avg,GB_Cluster_RMSE_Avg,GB_Cluster_MAD_Avg,GB_Euc_Time_Avg,GB_Euc_MAE_Avg,GB_Euc_RMSE_Avg,GB_Euc_MAD_Avg
50000,1,0.9,2.0,3,0.003129720687866211,0.06625561675942009,0.3233405659660932,0.03390383380555034,0.001569668451944987,0.0952368668739448,0.31813996474979694,0.057111782091600116,0.0014333724975585938,0.13539184417959435,0.3931635208263831,0.08229257984802939,11.271759271621704,0.04266564261339067,0.21499118936873227,0.015972547306350168,3.4026694297790527,0.07693515522684202,0.2747169672589605,0.035430763019223606,3.3726483980814614,0.08655415075641228,0.32458782818773213,0.03528277933932467,7.128889083862305,0.05451078928198102,0.23166562081346725,0.01971746331273968,2.014978806177775,0.07647746043163059,0.2573931934115716,0.03809547293650099,1.4475701649983723,0.09190764827085528,0.30632617262275325,0.040387716560762635,3.2141900062561035,0.04816909648940653,0.22069906874752782,0.022824623588756365,1.0645910898844402,0.0758532159988066,0.26621002194633275,0.04205485701409275,1.056406021118164,0.08729415772040901,0.31598611760849055,0.04240280616659633
