N,Norm,Lambda,Gamma,K,LR_Entire_Time,LR_Entire_MAE,LR_Entire_RMSE,LR_Entire_MAD,LR_Cluster_Time_Avg,LR_Cluster_MAE_Avg,LR_Cluster_RMSE_Avg,LR_Cluster_MAD_Avg,LR_Euc_Time_Avg,LR_Euc_MAE_Avg,LR_Euc_RMSE_Avg,LR_Euc_MAD_Avg,RF_Entire_Time,RF_Entire_MAE,RF_Entire_RMSE,RF_Entire_MAD,RF_Cluster_Time_Avg,RF_Cluster_MAE_Avg,RF_Cluster_RMSE_Avg,RF_Cluster_MAD_Avg,RF_Euc_Time_Avg,RF_Euc_MAE_Avg,RF_Euc_RMSE_Avg,RF_Euc_MAD_Avg,NN_Entire_Time,NN_Entire_MAE,NN_Entire_RMSE,NN_Entire_MAD,NN_Cluster_Time_Avg,NN_Cluster_MAE_Avg,NN_Cluster_RMSE_Avg,NN_Cluster_MAD_Avg,NN_Euc_Time_Avg,NN_Euc_MAE_Avg,NN_Euc_RMSE_Avg,NN_Euc_MAD_Avg,GP_Entire_Time,GP_Entire_MAE,GP_Entire_RMSE,GP_Entire_MAD,GP_Cluster_Time_Avg,GP_Cluster_MAE_Avg,GP_Cluster_RMSE_Avg,GP_Cluster_MAD_Avg,GP_Euc_Time_Avg,GP_Euc_MAE_Avg,GP_Euc_RMSE_Avg,GP_Euc_MAD_Avg,GB_Entire_Time,GB_Entire_MAE,GB_Entire_RMSE,GB_Entire_MAD,GB_Cluster_Time_Avg,GB_Cluster_MAE_Avg,GB_Cluster_RMSE_Avg,GB_Cluster_MAD_Avg,GB_Euc_Time_Avg,GB_Euc_MAE_Avg,GB_Euc_RMSE_Avg,GB_Euc_MAD_Avg
10000,1,0.1,0.5,5,0.0011589527130126953,0.06792803101151079,0.3219772320780228,0.0359716131146422,0.0005327701568603515,0.19949138890835844,0.4662659875324506,0.12485914093916464,0.0004772186279296875,0.1897523611746837,0.46220891377119566,0.11917088401090466,2.4489190578460693,0.046602960587734124,0.23500037821109745,0.01825486061859971,0.4431939125061035,0.1613176767672047,0.5028624288733388,0.06303815655401855,0.44727697372436526,0.18192175073776848,0.5320955047604812,0.06433593836367797,3.2377307415008545,0.08469737621717835,0.287130446066666,0.03333763431471437,0.31934895515441897,0.17727563742705507,0.48903878627156894,0.07101345014927586,0.2345646381378174,0.1548081546961657,0.43206847026739925,0.07060855171986855,13.447842121124268,0.07018204,0.25795683,0.022791177,0.9599470615386962,0.1605477,0.46549863,0.05790499,1.166344404220581,0.15233094,0.47721648,0.059504323,0.903770923614502,0.048584769580167345,0.23656642254197086,0.023290466776536983,0.1972790241241455,0.16181552905273142,0.5442474993468774,0.0645464706703639,0.1847076416015625,0.1675298745121307,0.5409572139832558,0.06307252748998443
