N,Norm,Lambda,Gamma,K,LR_Entire_Time,LR_Entire_MAE,LR_Entire_RMSE,LR_Entire_MAD,LR_Cluster_Time_Avg,LR_Cluster_MAE_Avg,LR_Cluster_RMSE_Avg,LR_Cluster_MAD_Avg,LR_Euc_Time_Avg,LR_Euc_MAE_Avg,LR_Euc_RMSE_Avg,LR_Euc_MAD_Avg,RF_Entire_Time,RF_Entire_MAE,RF_Entire_RMSE,RF_Entire_MAD,RF_Cluster_Time_Avg,RF_Cluster_MAE_Avg,RF_Cluster_RMSE_Avg,RF_Cluster_MAD_Avg,RF_Euc_Time_Avg,RF_Euc_MAE_Avg,RF_Euc_RMSE_Avg,RF_Euc_MAD_Avg,NN_Entire_Time,NN_Entire_MAE,NN_Entire_RMSE,NN_Entire_MAD,NN_Cluster_Time_Avg,NN_Cluster_MAE_Avg,NN_Cluster_RMSE_Avg,NN_Cluster_MAD_Avg,NN_Euc_Time_Avg,NN_Euc_MAE_Avg,NN_Euc_RMSE_Avg,NN_Euc_MAD_Avg,GB_Entire_Time,GB_Entire_MAE,GB_Entire_RMSE,GB_Entire_MAD,GB_Cluster_Time_Avg,GB_Cluster_MAE_Avg,GB_Cluster_RMSE_Avg,GB_Cluster_MAD_Avg,GB_Euc_Time_Avg,GB_Euc_MAE_Avg,GB_Euc_RMSE_Avg,GB_Euc_MAD_Avg
100000,1,0.9,1.0,7,0.0056610107421875,0.0643103041422581,0.30043950634238437,0.03601264487927863,0.0013762201581682479,0.19608801716122495,0.5080252290648436,0.14029668084199948,0.0012255396161760604,0.21916092885132782,0.5380078145111772,0.14733366206872503,25.326937198638916,0.03970370749514974,0.19081933370578638,0.014962760647477757,3.0632238388061523,0.1585978483577064,0.4897453900977963,0.08580385896099173,3.0271006992885043,0.16534607104605856,0.531126272912994,0.07389900100515671,12.489704132080078,0.045740325356827906,0.19117654346147653,0.019646657598762052,1.099912098475865,0.13424457552906488,0.45223443318791917,0.07464439044533232,0.84428528376988,0.1378892992696552,0.47938824589816076,0.061989348319782527,6.583676099777222,0.04384600201893788,0.19039684914596366,0.02157238360005608,0.9093988282339913,0.1557292680637016,0.4688526432145375,0.09630772267610152,0.907702990940639,0.1627882022837181,0.5340660937564143,0.0849060289284096
