N,Norm,Lambda,Gamma,K,LR_Entire_Time,LR_Entire_MAE,LR_Entire_RMSE,LR_Entire_MAD,LR_Cluster_Time_Avg,LR_Cluster_MAE_Avg,LR_Cluster_RMSE_Avg,LR_Cluster_MAD_Avg,LR_Euc_Time_Avg,LR_Euc_MAE_Avg,LR_Euc_RMSE_Avg,LR_Euc_MAD_Avg,RF_Entire_Time,RF_Entire_MAE,RF_Entire_RMSE,RF_Entire_MAD,RF_Cluster_Time_Avg,RF_Cluster_MAE_Avg,RF_Cluster_RMSE_Avg,RF_Cluster_MAD_Avg,RF_Euc_Time_Avg,RF_Euc_MAE_Avg,RF_Euc_RMSE_Avg,RF_Euc_MAD_Avg,NN_Entire_Time,NN_Entire_MAE,NN_Entire_RMSE,NN_Entire_MAD,NN_Cluster_Time_Avg,NN_Cluster_MAE_Avg,NN_Cluster_RMSE_Avg,NN_Cluster_MAD_Avg,NN_Euc_Time_Avg,NN_Euc_MAE_Avg,NN_Euc_RMSE_Avg,NN_Euc_MAD_Avg,GP_Entire_Time,GP_Entire_MAE,GP_Entire_RMSE,GP_Entire_MAD,GP_Cluster_Time_Avg,GP_Cluster_MAE_Avg,GP_Cluster_RMSE_Avg,GP_Cluster_MAD_Avg,GP_Euc_Time_Avg,GP_Euc_MAE_Avg,GP_Euc_RMSE_Avg,GP_Euc_MAD_Avg,GB_Entire_Time,GB_Entire_MAE,GB_Entire_RMSE,GB_Entire_MAD,GB_Cluster_Time_Avg,GB_Cluster_MAE_Avg,GB_Cluster_RMSE_Avg,GB_Cluster_MAD_Avg,GB_Euc_Time_Avg,GB_Euc_MAE_Avg,GB_Euc_RMSE_Avg,GB_Euc_MAD_Avg
5000,1,0.9,2.0,4,0.0006530284881591797,0.06606716257040125,0.2627241057286416,0.044473382092633296,0.00033479928970336914,0.13728450227754072,0.39597207502523857,0.0790933592123008,0.00040602684020996094,0.18254281304083378,0.5535900442820251,0.10327444653981978,0.7675437927246094,0.04383647128051848,0.2084496877196232,0.01961074433000936,0.19647198915481567,0.13841587607830388,0.42524723885141547,0.06141006301356845,0.18919503688812256,0.13844437297839288,0.5152115238884207,0.05169456389304226,0.3399658203125,0.07774335819236203,0.2519888768263919,0.04220059105421875,0.1651698350906372,0.13452957151375755,0.38844128522134613,0.06606657025172338,0.12018507719039917,0.1603792407601944,0.5264877517294877,0.06429282691128584,2.6725142002105713,0.073507905,0.2458283,0.02655267,0.2668534517288208,0.12856182,0.36666554,0.054245986,0.24906444549560547,0.15124337,0.5657763,0.047773097,0.30690789222717285,0.043746959625293055,0.1864470751527511,0.024486903561613496,0.08081555366516113,0.12915369828330353,0.4183683985283441,0.05664055981812266,0.08040237426757812,0.13060047173317108,0.5138594013519466,0.04814177261346288
