N,Norm,Lambda,Gamma,K,LR_Entire_Time,LR_Entire_MAE,LR_Entire_RMSE,LR_Entire_MAD,LR_Cluster_Time_Avg,LR_Cluster_MAE_Avg,LR_Cluster_RMSE_Avg,LR_Cluster_MAD_Avg,LR_Euc_Time_Avg,LR_Euc_MAE_Avg,LR_Euc_RMSE_Avg,LR_Euc_MAD_Avg,RF_Entire_Time,RF_Entire_MAE,RF_Entire_RMSE,RF_Entire_MAD,RF_Cluster_Time_Avg,RF_Cluster_MAE_Avg,RF_Cluster_RMSE_Avg,RF_Cluster_MAD_Avg,RF_Euc_Time_Avg,RF_Euc_MAE_Avg,RF_Euc_RMSE_Avg,RF_Euc_MAD_Avg,NN_Entire_Time,NN_Entire_MAE,NN_Entire_RMSE,NN_Entire_MAD,NN_Cluster_Time_Avg,NN_Cluster_MAE_Avg,NN_Cluster_RMSE_Avg,NN_Cluster_MAD_Avg,NN_Euc_Time_Avg,NN_Euc_MAE_Avg,NN_Euc_RMSE_Avg,NN_Euc_MAD_Avg,GP_Entire_Time,GP_Entire_MAE,GP_Entire_RMSE,GP_Entire_MAD,GP_Cluster_Time_Avg,GP_Cluster_MAE_Avg,GP_Cluster_RMSE_Avg,GP_Cluster_MAD_Avg,GP_Euc_Time_Avg,GP_Euc_MAE_Avg,GP_Euc_RMSE_Avg,GP_Euc_MAD_Avg,GB_Entire_Time,GB_Entire_MAE,GB_Entire_RMSE,GB_Entire_MAD,GB_Cluster_Time_Avg,GB_Cluster_MAE_Avg,GB_Cluster_RMSE_Avg,GB_Cluster_MAD_Avg,GB_Euc_Time_Avg,GB_Euc_MAE_Avg,GB_Euc_RMSE_Avg,GB_Euc_MAD_Avg
500,1,0.5,0.5,5,0.0004200935363769531,0.04554139396076337,0.06322217389655631,0.03166617154606036,0.00040163993835449217,0.2836211971336922,0.39273535441209645,0.2678250448213969,0.00036644935607910156,0.19080010923943722,0.2665041350634091,0.15492469542293597,0.08341693878173828,0.034435804322207726,0.05389101707015812,0.023058378730541618,0.04397177696228027,0.2595265444159308,0.3609365216322571,0.20335254626766686,0.044608354568481445,0.12565563123954065,0.22247162379393312,0.06515418110219798,0.07471394538879395,0.06854891938685004,0.09838955500426023,0.042063130137918646,0.019093751907348633,0.20408316000434762,0.27667851356045664,0.14582370414000914,0.02179107666015625,0.19195242319112815,0.2658669337604564,0.13395657860127635,0.0866539478302002,0.07147561,0.10188179,0.046482205,0.039464378356933595,0.13953441,0.20892927,0.09499812,0.035232257843017575,0.14958923,0.27006802,0.09142039,0.03594183921813965,0.03303016508080164,0.054252138689802276,0.020239565209988458,0.01462254524230957,0.13881704901976427,0.21860903958295935,0.0841984133307346,0.014332723617553712,0.11475959194749108,0.17847593045431304,0.06366672832201693
