N,Norm,Lambda,Gamma,K,LR_Entire_Time,LR_Entire_MAE,LR_Entire_RMSE,LR_Entire_MAD,LR_Cluster_Time_Avg,LR_Cluster_MAE_Avg,LR_Cluster_RMSE_Avg,LR_Cluster_MAD_Avg,LR_Euc_Time_Avg,LR_Euc_MAE_Avg,LR_Euc_RMSE_Avg,LR_Euc_MAD_Avg,RF_Entire_Time,RF_Entire_MAE,RF_Entire_RMSE,RF_Entire_MAD,RF_Cluster_Time_Avg,RF_Cluster_MAE_Avg,RF_Cluster_RMSE_Avg,RF_Cluster_MAD_Avg,RF_Euc_Time_Avg,RF_Euc_MAE_Avg,RF_Euc_RMSE_Avg,RF_Euc_MAD_Avg,NN_Entire_Time,NN_Entire_MAE,NN_Entire_RMSE,NN_Entire_MAD,NN_Cluster_Time_Avg,NN_Cluster_MAE_Avg,NN_Cluster_RMSE_Avg,NN_Cluster_MAD_Avg,NN_Euc_Time_Avg,NN_Euc_MAE_Avg,NN_Euc_RMSE_Avg,NN_Euc_MAD_Avg,GB_Entire_Time,GB_Entire_MAE,GB_Entire_RMSE,GB_Entire_MAD,GB_Cluster_Time_Avg,GB_Cluster_MAE_Avg,GB_Cluster_RMSE_Avg,GB_Cluster_MAD_Avg,GB_Euc_Time_Avg,GB_Euc_MAE_Avg,GB_Euc_RMSE_Avg,GB_Euc_MAD_Avg
100000,2,0.1,0.5,3,0.005903959274291992,0.0643103041422581,0.30043950634238437,0.03601264487927863,0.002497116724650065,0.09446382064381303,0.28421164071824717,0.060919766183783884,0.002230405807495117,0.13700685445944463,0.42404110391471833,0.08132741789522079,25.5570170879364,0.03940761840283328,0.18989072016625785,0.014935823304326634,7.835230032602946,0.07184436962824488,0.23808317882239835,0.0352069949739764,7.592327117919922,0.08408173220022057,0.3363481677120961,0.033016616235455216,9.166967868804932,0.04759587149247498,0.20705535030489797,0.01656538505589983,3.789053757985433,0.07368081318970414,0.22380526852835425,0.041328871842897914,3.248913367589315,0.07812456962690668,0.3227232534681531,0.030419688458670973,6.623297929763794,0.04388061618160992,0.1904727514233029,0.02157488316435801,2.1485461393992105,0.0731700167991494,0.23287954000664932,0.0430122455440378,2.141209681828817,0.08425328288163403,0.3298032052152924,0.04067719294934996
