N,Norm,Lambda,Gamma,K,LR_Entire_Time,LR_Entire_MAE,LR_Entire_RMSE,LR_Entire_MAD,LR_Cluster_Time_Avg,LR_Cluster_MAE_Avg,LR_Cluster_RMSE_Avg,LR_Cluster_MAD_Avg,LR_Euc_Time_Avg,LR_Euc_MAE_Avg,LR_Euc_RMSE_Avg,LR_Euc_MAD_Avg,RF_Entire_Time,RF_Entire_MAE,RF_Entire_RMSE,RF_Entire_MAD,RF_Cluster_Time_Avg,RF_Cluster_MAE_Avg,RF_Cluster_RMSE_Avg,RF_Cluster_MAD_Avg,RF_Euc_Time_Avg,RF_Euc_MAE_Avg,RF_Euc_RMSE_Avg,RF_Euc_MAD_Avg,NN_Entire_Time,NN_Entire_MAE,NN_Entire_RMSE,NN_Entire_MAD,NN_Cluster_Time_Avg,NN_Cluster_MAE_Avg,NN_Cluster_RMSE_Avg,NN_Cluster_MAD_Avg,NN_Euc_Time_Avg,NN_Euc_MAE_Avg,NN_Euc_RMSE_Avg,NN_Euc_MAD_Avg,GP_Entire_Time,GP_Entire_MAE,GP_Entire_RMSE,GP_Entire_MAD,GP_Cluster_Time_Avg,GP_Cluster_MAE_Avg,GP_Cluster_RMSE_Avg,GP_Cluster_MAD_Avg,GP_Euc_Time_Avg,GP_Euc_MAE_Avg,GP_Euc_RMSE_Avg,GP_Euc_MAD_Avg,GB_Entire_Time,GB_Entire_MAE,GB_Entire_RMSE,GB_Entire_MAD,GB_Cluster_Time_Avg,GB_Cluster_MAE_Avg,GB_Cluster_RMSE_Avg,GB_Cluster_MAD_Avg,GB_Euc_Time_Avg,GB_Euc_MAE_Avg,GB_Euc_RMSE_Avg,GB_Euc_MAD_Avg
100,2,0.1,0.5,4,0.0003380775451660156,0.19598571368711998,0.2658167496676893,0.12690348231686688,0.0003007650375366211,0.20608208184274573,0.28054223856080396,0.15403454944364975,0.00026404857635498047,0.2636792202538578,0.27544820109858575,0.2646526185300492,0.04499197006225586,0.037287307297540075,0.04559058879364485,0.03361371548344143,0.03960329294204712,0.3074465143932616,0.39282038349287546,0.24717781088441335,0.040271759033203125,0.37164881475528067,0.5377791536660823,0.1593636192590491,0.024159908294677734,0.27546370538392917,0.40087387423574383,0.121178235660721,0.01043635606765747,0.25085672433962675,0.2886368812841964,0.2396747743878942,0.008944213390350342,0.20383109538632002,0.2502036154629048,0.16561037624081468,0.036245107650756836,0.14043128,0.21644284,0.062149398,0.03050631284713745,0.48863697,0.55369157,0.4811833,0.029266774654388428,0.54975957,0.67998046,0.4185274,0.014295101165771484,0.03809546519316768,0.05416411291710259,0.023898651900638015,0.010892927646636963,0.2242093204258514,0.27084166686557654,0.20623907347038598,0.010868310928344727,0.42340547478719803,0.6763359722529547,0.09924531118764242
