N,Norm,Lambda,Gamma,K,LR_Entire_Time,LR_Entire_MAE,LR_Entire_RMSE,LR_Entire_MAD,LR_Cluster_Time_Avg,LR_Cluster_MAE_Avg,LR_Cluster_RMSE_Avg,LR_Cluster_MAD_Avg,LR_Euc_Time_Avg,LR_Euc_MAE_Avg,LR_Euc_RMSE_Avg,LR_Euc_MAD_Avg,RF_Entire_Time,RF_Entire_MAE,RF_Entire_RMSE,RF_Entire_MAD,RF_Cluster_Time_Avg,RF_Cluster_MAE_Avg,RF_Cluster_RMSE_Avg,RF_Cluster_MAD_Avg,RF_Euc_Time_Avg,RF_Euc_MAE_Avg,RF_Euc_RMSE_Avg,RF_Euc_MAD_Avg,NN_Entire_Time,NN_Entire_MAE,NN_Entire_RMSE,NN_Entire_MAD,NN_Cluster_Time_Avg,NN_Cluster_MAE_Avg,NN_Cluster_RMSE_Avg,NN_Cluster_MAD_Avg,NN_Euc_Time_Avg,NN_Euc_MAE_Avg,NN_Euc_RMSE_Avg,NN_Euc_MAD_Avg,GB_Entire_Time,GB_Entire_MAE,GB_Entire_RMSE,GB_Entire_MAD,GB_Cluster_Time_Avg,GB_Cluster_MAE_Avg,GB_Cluster_RMSE_Avg,GB_Cluster_MAD_Avg,GB_Euc_Time_Avg,GB_Euc_MAE_Avg,GB_Euc_RMSE_Avg,GB_Euc_MAD_Avg
50000,1,0.1,1.0,7,0.00412297248840332,0.06625561675942009,0.3233405659660932,0.03390383380555034,0.0012001991271972656,0.19229697492669057,0.37536584931255373,0.1420345768115003,0.0010021754673549107,0.22819507705703262,0.5462331196419586,0.15223612816696705,11.230616092681885,0.04288331534171022,0.21751574083512715,0.015635960028745552,1.3532282284327917,0.16397116437154008,0.3698605814072885,0.09476407438194047,1.3105154037475586,0.17387572882859442,0.5253141564917903,0.07977154850229222,10.701075792312622,0.056488609384997286,0.231610376842992,0.020641323804426848,0.6989486217498779,0.13648626253486745,0.31046014490414137,0.08031691117410632,0.5199998106275286,0.15123022371456937,0.4920158224703158,0.0705995195618579,3.2478270530700684,0.04824390692913925,0.22125891681952495,0.022824623588756393,0.45793819427490234,0.15860061899887934,0.3458853800750332,0.10155480543532425,0.4550550324576242,0.1721175106583343,0.5235217390646062,0.08610083913073263
