N,Norm,Lambda,Gamma,K,LR_Entire_Time,LR_Entire_MAE,LR_Entire_RMSE,LR_Entire_MAD,LR_Cluster_Time_Avg,LR_Cluster_MAE_Avg,LR_Cluster_RMSE_Avg,LR_Cluster_MAD_Avg,LR_Euc_Time_Avg,LR_Euc_MAE_Avg,LR_Euc_RMSE_Avg,LR_Euc_MAD_Avg,RF_Entire_Time,RF_Entire_MAE,RF_Entire_RMSE,RF_Entire_MAD,RF_Cluster_Time_Avg,RF_Cluster_MAE_Avg,RF_Cluster_RMSE_Avg,RF_Cluster_MAD_Avg,RF_Euc_Time_Avg,RF_Euc_MAE_Avg,RF_Euc_RMSE_Avg,RF_Euc_MAD_Avg,NN_Entire_Time,NN_Entire_MAE,NN_Entire_RMSE,NN_Entire_MAD,NN_Cluster_Time_Avg,NN_Cluster_MAE_Avg,NN_Cluster_RMSE_Avg,NN_Cluster_MAD_Avg,NN_Euc_Time_Avg,NN_Euc_MAE_Avg,NN_Euc_RMSE_Avg,NN_Euc_MAD_Avg,GP_Entire_Time,GP_Entire_MAE,GP_Entire_RMSE,GP_Entire_MAD,GP_Cluster_Time_Avg,GP_Cluster_MAE_Avg,GP_Cluster_RMSE_Avg,GP_Cluster_MAD_Avg,GP_Euc_Time_Avg,GP_Euc_MAE_Avg,GP_Euc_RMSE_Avg,GP_Euc_MAD_Avg,GB_Entire_Time,GB_Entire_MAE,GB_Entire_RMSE,GB_Entire_MAD,GB_Cluster_Time_Avg,GB_Cluster_MAE_Avg,GB_Cluster_RMSE_Avg,GB_Cluster_MAD_Avg,GB_Euc_Time_Avg,GB_Euc_MAE_Avg,GB_Euc_RMSE_Avg,GB_Euc_MAD_Avg
100,1,0.9,2.0,5,0.00027489662170410156,0.19598571368711998,0.2658167496676893,0.12690348231686688,0.00030727386474609374,0.38004057672611,0.41121368324713287,0.34886090017975613,0.0002793788909912109,0.4007447265730434,0.4565610032085704,0.3078634957211154,0.04456186294555664,0.043962282155603626,0.054893898388624504,0.03215697326174455,0.03973031044006348,0.42875060530727016,0.577090607051067,0.25127069085222153,0.03880763053894043,0.20823788901467202,0.2720270881409583,0.14766108460670022,0.024176836013793945,0.27722445223657155,0.4118476369535507,0.1320668559753257,0.00983128547668457,0.6839530050471128,0.7134546073010797,0.6554249806132282,0.00977945327758789,0.4498629911000613,0.5088783694649881,0.39350130924185256,0.037500858306884766,0.14043128,0.21644284,0.062149398,0.027945804595947265,0.40731353,0.51633525,0.2800881,0.029197835922241212,0.26822087,0.30627936,0.24485402,0.014909982681274414,0.03504554015411767,0.04747935357798358,0.023898651900638,0.010948944091796874,0.45598048607716607,0.6666677292484428,0.20523318710862207,0.01074838638305664,0.2325424810721725,0.2769423197575428,0.18726658634069138
