N,Norm,Lambda,Gamma,K,LR_Entire_Time,LR_Entire_MAE,LR_Entire_RMSE,LR_Entire_MAD,LR_Cluster_Time_Avg,LR_Cluster_MAE_Avg,LR_Cluster_RMSE_Avg,LR_Cluster_MAD_Avg,LR_Euc_Time_Avg,LR_Euc_MAE_Avg,LR_Euc_RMSE_Avg,LR_Euc_MAD_Avg,RF_Entire_Time,RF_Entire_MAE,RF_Entire_RMSE,RF_Entire_MAD,RF_Cluster_Time_Avg,RF_Cluster_MAE_Avg,RF_Cluster_RMSE_Avg,RF_Cluster_MAD_Avg,RF_Euc_Time_Avg,RF_Euc_MAE_Avg,RF_Euc_RMSE_Avg,RF_Euc_MAD_Avg,NN_Entire_Time,NN_Entire_MAE,NN_Entire_RMSE,NN_Entire_MAD,NN_Cluster_Time_Avg,NN_Cluster_MAE_Avg,NN_Cluster_RMSE_Avg,NN_Cluster_MAD_Avg,NN_Euc_Time_Avg,NN_Euc_MAE_Avg,NN_Euc_RMSE_Avg,NN_Euc_MAD_Avg,GP_Entire_Time,GP_Entire_MAE,GP_Entire_RMSE,GP_Entire_MAD,GP_Cluster_Time_Avg,GP_Cluster_MAE_Avg,GP_Cluster_RMSE_Avg,GP_Cluster_MAD_Avg,GP_Euc_Time_Avg,GP_Euc_MAE_Avg,GP_Euc_RMSE_Avg,GP_Euc_MAD_Avg,GB_Entire_Time,GB_Entire_MAE,GB_Entire_RMSE,GB_Entire_MAD,GB_Cluster_Time_Avg,GB_Cluster_MAE_Avg,GB_Cluster_RMSE_Avg,GB_Cluster_MAD_Avg,GB_Euc_Time_Avg,GB_Euc_MAE_Avg,GB_Euc_RMSE_Avg,GB_Euc_MAD_Avg
1000,2,0.1,2.0,5,0.0006389617919921875,0.03174555839505721,0.043465480669550194,0.023354845822268516,0.00042924880981445315,0.4005573135250855,0.49430241703849837,0.3876116733620981,0.0003764629364013672,0.20597234765336023,0.4975401491650316,0.11041285893666823,0.14321494102478027,0.026623764354321566,0.035550616232760325,0.022256765425648084,0.05372829437255859,0.2036572049170447,0.28523423405433945,0.1339678165470807,0.053795385360717776,0.13998460592611464,0.25871795641461065,0.09525835520571987,0.047287940979003906,0.050844455056701855,0.07287017730138991,0.033929048562601524,0.031038808822631835,0.20458723972878853,0.28777303984055064,0.16991847640631547,0.027483224868774414,0.21793622767176615,0.4855346461112463,0.12616793176794477,0.18091821670532227,0.047523502,0.08538143,0.030398354,0.04853372573852539,0.18205574,0.2593207,0.111642346,0.043111133575439456,0.22937259,0.5676478,0.12303834,0.06312203407287598,0.023079699340326096,0.030025202331506483,0.01989618115551456,0.019817829132080078,0.15093039721985618,0.2287712126341063,0.10637488702618363,0.01949005126953125,0.10785102318445161,0.15195721166684417,0.06961791611989963
