N,Norm,Lambda,Gamma,K,LR_Entire_Time,LR_Entire_MAE,LR_Entire_RMSE,LR_Entire_MAD,LR_Cluster_Time_Avg,LR_Cluster_MAE_Avg,LR_Cluster_RMSE_Avg,LR_Cluster_MAD_Avg,LR_Euc_Time_Avg,LR_Euc_MAE_Avg,LR_Euc_RMSE_Avg,LR_Euc_MAD_Avg,RF_Entire_Time,RF_Entire_MAE,RF_Entire_RMSE,RF_Entire_MAD,RF_Cluster_Time_Avg,RF_Cluster_MAE_Avg,RF_Cluster_RMSE_Avg,RF_Cluster_MAD_Avg,RF_Euc_Time_Avg,RF_Euc_MAE_Avg,RF_Euc_RMSE_Avg,RF_Euc_MAD_Avg,NN_Entire_Time,NN_Entire_MAE,NN_Entire_RMSE,NN_Entire_MAD,NN_Cluster_Time_Avg,NN_Cluster_MAE_Avg,NN_Cluster_RMSE_Avg,NN_Cluster_MAD_Avg,NN_Euc_Time_Avg,NN_Euc_MAE_Avg,NN_Euc_RMSE_Avg,NN_Euc_MAD_Avg,GP_Entire_Time,GP_Entire_MAE,GP_Entire_RMSE,GP_Entire_MAD,GP_Cluster_Time_Avg,GP_Cluster_MAE_Avg,GP_Cluster_RMSE_Avg,GP_Cluster_MAD_Avg,GP_Euc_Time_Avg,GP_Euc_MAE_Avg,GP_Euc_RMSE_Avg,GP_Euc_MAD_Avg,GB_Entire_Time,GB_Entire_MAE,GB_Entire_RMSE,GB_Entire_MAD,GB_Cluster_Time_Avg,GB_Cluster_MAE_Avg,GB_Cluster_RMSE_Avg,GB_Cluster_MAD_Avg,GB_Euc_Time_Avg,GB_Euc_MAE_Avg,GB_Euc_RMSE_Avg,GB_Euc_MAD_Avg
5000,2,0.1,0.5,3,0.0007040500640869141,0.06606716257040125,0.2627241057286416,0.044473382092633296,0.0003827412923177083,0.0957937007913024,0.23236590168430446,0.06763045323497861,0.00032591819763183594,0.149733560456411,0.3647854157816206,0.09748775854860875,0.7758140563964844,0.042873448741445615,0.19541114590689754,0.0202840448902199,0.26521674791971844,0.10230897610717893,0.29448074336547625,0.04596844852239057,0.25837143262227374,0.10014534357427742,0.3076113504894635,0.0436913137417449,0.9448757171630859,0.07494326211583753,0.24614466304437446,0.033033955795736425,0.20245885848999023,0.09654583181467952,0.22605245208347177,0.051444870480332555,0.19001134236653647,0.13061790297043407,0.3493600063052738,0.05057841257875895,2.7470619678497314,0.07337901,0.24578615,0.026436195,0.4258853594462077,0.08895314,0.2344771,0.0439019,0.3652435938517253,0.113740444,0.34661862,0.04067401,0.30775904655456543,0.04382035935505381,0.19030738183863322,0.024468698072139687,0.10493731498718262,0.0929751097345473,0.26676971368596364,0.04784694934900041,0.10532371203104655,0.10163950985021764,0.33994734729724435,0.04466482854957884
