N,Norm,Lambda,Gamma,K,LR_Entire_Time,LR_Entire_MAE,LR_Entire_RMSE,LR_Entire_MAD,LR_Cluster_Time_Avg,LR_Cluster_MAE_Avg,LR_Cluster_RMSE_Avg,LR_Cluster_MAD_Avg,LR_Euc_Time_Avg,LR_Euc_MAE_Avg,LR_Euc_RMSE_Avg,LR_Euc_MAD_Avg,RF_Entire_Time,RF_Entire_MAE,RF_Entire_RMSE,RF_Entire_MAD,RF_Cluster_Time_Avg,RF_Cluster_MAE_Avg,RF_Cluster_RMSE_Avg,RF_Cluster_MAD_Avg,RF_Euc_Time_Avg,RF_Euc_MAE_Avg,RF_Euc_RMSE_Avg,RF_Euc_MAD_Avg,NN_Entire_Time,NN_Entire_MAE,NN_Entire_RMSE,NN_Entire_MAD,NN_Cluster_Time_Avg,NN_Cluster_MAE_Avg,NN_Cluster_RMSE_Avg,NN_Cluster_MAD_Avg,NN_Euc_Time_Avg,NN_Euc_MAE_Avg,NN_Euc_RMSE_Avg,NN_Euc_MAD_Avg,GB_Entire_Time,GB_Entire_MAE,GB_Entire_RMSE,GB_Entire_MAD,GB_Cluster_Time_Avg,GB_Cluster_MAE_Avg,GB_Cluster_RMSE_Avg,GB_Cluster_MAD_Avg,GB_Euc_Time_Avg,GB_Euc_MAE_Avg,GB_Euc_RMSE_Avg,GB_Euc_MAD_Avg
50000,2,0.5,2.0,4,0.0031299591064453125,0.06625561675942009,0.3233405659660932,0.03390383380555034,0.0014285445213317871,0.11808091399843576,0.3161499872057069,0.0797465410162005,0.00110703706741333,0.15681437021266262,0.40509421674927343,0.09586607981260689,11.35522723197937,0.04298166347033415,0.21659175735072164,0.015699776976578955,2.5518569350242615,0.09697950386633643,0.28312890879602604,0.04859655162666433,2.483182191848755,0.0993040786868523,0.3413105040800363,0.03989180728415127,7.673532247543335,0.0699872047577653,0.23950599991290378,0.03240143085272462,1.360674500465393,0.08952426650101757,0.2622497317985992,0.047073062447743584,1.0176190733909607,0.10291631374943858,0.31992556872217576,0.04712516719807251,3.2428500652313232,0.048184168309788084,0.220695811045007,0.022824623588756088,0.8029024600982666,0.09528207149013355,0.2731821500494255,0.05622725571168489,0.8029715418815613,0.09907682216105676,0.333496131290164,0.046567226372924694
