N,Norm,Lambda,Gamma,K,LR_Entire_Time,LR_Entire_MAE,LR_Entire_RMSE,LR_Entire_MAD,LR_Cluster_Time_Avg,LR_Cluster_MAE_Avg,LR_Cluster_RMSE_Avg,LR_Cluster_MAD_Avg,LR_Euc_Time_Avg,LR_Euc_MAE_Avg,LR_Euc_RMSE_Avg,LR_Euc_MAD_Avg,RF_Entire_Time,RF_Entire_MAE,RF_Entire_RMSE,RF_Entire_MAD,RF_Cluster_Time_Avg,RF_Cluster_MAE_Avg,RF_Cluster_RMSE_Avg,RF_Cluster_MAD_Avg,RF_Euc_Time_Avg,RF_Euc_MAE_Avg,RF_Euc_RMSE_Avg,RF_Euc_MAD_Avg,NN_Entire_Time,NN_Entire_MAE,NN_Entire_RMSE,NN_Entire_MAD,NN_Cluster_Time_Avg,NN_Cluster_MAE_Avg,NN_Cluster_RMSE_Avg,NN_Cluster_MAD_Avg,NN_Euc_Time_Avg,NN_Euc_MAE_Avg,NN_Euc_RMSE_Avg,NN_Euc_MAD_Avg,GP_Entire_Time,GP_Entire_MAE,GP_Entire_RMSE,GP_Entire_MAD,GP_Cluster_Time_Avg,GP_Cluster_MAE_Avg,GP_Cluster_RMSE_Avg,GP_Cluster_MAD_Avg,GP_Euc_Time_Avg,GP_Euc_MAE_Avg,GP_Euc_RMSE_Avg,GP_Euc_MAD_Avg,GB_Entire_Time,GB_Entire_MAE,GB_Entire_RMSE,GB_Entire_MAD,GB_Cluster_Time_Avg,GB_Cluster_MAE_Avg,GB_Cluster_RMSE_Avg,GB_Cluster_MAD_Avg,GB_Euc_Time_Avg,GB_Euc_MAE_Avg,GB_Euc_RMSE_Avg,GB_Euc_MAD_Avg
100,2,0.9,2.0,7,0.0002849102020263672,0.19598571368711998,0.2658167496676893,0.12690348231686688,0.0002592972346714565,0.8051280140671405,0.8813763482494312,0.782391666866949,0.00031873158046177456,3.464056694251362,4.825607233579463,3.458347885607932,0.044267892837524414,0.0356029664338688,0.04439948285053008,0.030096259009734116,0.039024932043893,0.39144459608796384,0.45038122182291873,0.36759115146243715,0.03863157544817243,3.388816184451108,4.657037024470066,3.4014960916357304,0.02452397346496582,0.2837689674744833,0.4396860033120368,0.11420644911908104,0.010219608034406389,0.36772142861935564,0.4542941046642101,0.31693672386913424,0.00910285540989467,3.4316299180270007,4.748346257670972,3.383496699906377,0.0362238883972168,0.14043128,0.21644284,0.062149398,0.028951951435634067,0.47487572,0.59043974,0.37599114,0.027808564049857005,3.3999727,4.7306705,3.366795,0.013812065124511719,0.0347496248430423,0.047138208288064296,0.023898651900637974,0.010276590074811662,0.38110045962872624,0.4547053623946411,0.4146898181526582,0.010250023433140345,3.4098981215617514,4.659076471557741,3.4791154284019434
