N,Norm,Lambda,Gamma,K,LR_Entire_Time,LR_Entire_MAE,LR_Entire_RMSE,LR_Entire_MAD,LR_Cluster_Time_Avg,LR_Cluster_MAE_Avg,LR_Cluster_RMSE_Avg,LR_Cluster_MAD_Avg,LR_Euc_Time_Avg,LR_Euc_MAE_Avg,LR_Euc_RMSE_Avg,LR_Euc_MAD_Avg,RF_Entire_Time,RF_Entire_MAE,RF_Entire_RMSE,RF_Entire_MAD,RF_Cluster_Time_Avg,RF_Cluster_MAE_Avg,RF_Cluster_RMSE_Avg,RF_Cluster_MAD_Avg,RF_Euc_Time_Avg,RF_Euc_MAE_Avg,RF_Euc_RMSE_Avg,RF_Euc_MAD_Avg,NN_Entire_Time,NN_Entire_MAE,NN_Entire_RMSE,NN_Entire_MAD,NN_Cluster_Time_Avg,NN_Cluster_MAE_Avg,NN_Cluster_RMSE_Avg,NN_Cluster_MAD_Avg,NN_Euc_Time_Avg,NN_Euc_MAE_Avg,NN_Euc_RMSE_Avg,NN_Euc_MAD_Avg,GB_Entire_Time,GB_Entire_MAE,GB_Entire_RMSE,GB_Entire_MAD,GB_Cluster_Time_Avg,GB_Cluster_MAE_Avg,GB_Cluster_RMSE_Avg,GB_Cluster_MAD_Avg,GB_Euc_Time_Avg,GB_Euc_MAE_Avg,GB_Euc_RMSE_Avg,GB_Euc_MAD_Avg
50000,1,0.1,0.5,7,0.003136157989501953,0.06625561675942009,0.3233405659660932,0.03390383380555034,0.0009058543613978795,0.19349760294091123,0.4051776476815766,0.14141177925928186,0.0005721705300467354,0.22819507705703262,0.5462331196419586,0.15223612816696705,11.241565942764282,0.04266806875602922,0.21551473788481432,0.015693314500849306,1.3698290416172572,0.1644242611572229,0.4003795061196635,0.09492182129853914,1.3218879359109061,0.17221151713184732,0.5221985208721935,0.07839800105246199,8.895969152450562,0.051142237386872465,0.24074678025667498,0.01698436722712049,0.6890995161873954,0.1373547567115811,0.3478574864148215,0.07836300738136968,0.516563994543893,0.1525630257335995,0.49171927594454173,0.07228616029229314,3.2303600311279297,0.04812768273201246,0.22053542674112994,0.022824623588756143,0.45079810278756277,0.16022574582074076,0.3883719920460668,0.1008846870286457,0.44889467103140696,0.17204383084935357,0.5238856238822271,0.08607203848186341
