N,Norm,Lambda,Gamma,K,LR_Entire_Time,LR_Entire_MAE,LR_Entire_RMSE,LR_Entire_MAD,LR_Cluster_Time_Avg,LR_Cluster_MAE_Avg,LR_Cluster_RMSE_Avg,LR_Cluster_MAD_Avg,LR_Euc_Time_Avg,LR_Euc_MAE_Avg,LR_Euc_RMSE_Avg,LR_Euc_MAD_Avg,RF_Entire_Time,RF_Entire_MAE,RF_Entire_RMSE,RF_Entire_MAD,RF_Cluster_Time_Avg,RF_Cluster_MAE_Avg,RF_Cluster_RMSE_Avg,RF_Cluster_MAD_Avg,RF_Euc_Time_Avg,RF_Euc_MAE_Avg,RF_Euc_RMSE_Avg,RF_Euc_MAD_Avg,NN_Entire_Time,NN_Entire_MAE,NN_Entire_RMSE,NN_Entire_MAD,NN_Cluster_Time_Avg,NN_Cluster_MAE_Avg,NN_Cluster_RMSE_Avg,NN_Cluster_MAD_Avg,NN_Euc_Time_Avg,NN_Euc_MAE_Avg,NN_Euc_RMSE_Avg,NN_Euc_MAD_Avg,GB_Entire_Time,GB_Entire_MAE,GB_Entire_RMSE,GB_Entire_MAD,GB_Cluster_Time_Avg,GB_Cluster_MAE_Avg,GB_Cluster_RMSE_Avg,GB_Cluster_MAD_Avg,GB_Euc_Time_Avg,GB_Euc_MAE_Avg,GB_Euc_RMSE_Avg,GB_Euc_MAD_Avg
50000,2,0.1,1.0,3,0.0033698081970214844,0.06625561675942009,0.3233405659660932,0.03390383380555034,0.001538991928100586,0.09550932280841225,0.3008234278229428,0.060066734342159527,0.0013991991678873699,0.13539184417959435,0.3931635208263831,0.08229257984802939,11.079174995422363,0.04282306163963692,0.21836926698628797,0.016060598538171322,3.4094123045603433,0.07711181996601467,0.26971964153959777,0.03630552418201205,3.3284719785054526,0.08655718216585843,0.32494488511679087,0.03542034284151377,8.632735967636108,0.054721741480754066,0.2291826242587352,0.022577638772548148,2.0958089033762612,0.07287185649230564,0.2527174266359675,0.03561237436685469,1.92357603708903,0.09460849786975649,0.30887149078608517,0.043379243213020564,3.205859899520874,0.04820650951884929,0.22124498719661276,0.022824623588756254,1.0460182825724285,0.07680754667092093,0.2600951823139536,0.0433541918289164,1.046444018681844,0.08741242057939419,0.31646385479766986,0.04239467767258843
