N,Norm,Lambda,Gamma,K,LR_Entire_Time,LR_Entire_MAE,LR_Entire_RMSE,LR_Entire_MAD,LR_Cluster_Time_Avg,LR_Cluster_MAE_Avg,LR_Cluster_RMSE_Avg,LR_Cluster_MAD_Avg,LR_Euc_Time_Avg,LR_Euc_MAE_Avg,LR_Euc_RMSE_Avg,LR_Euc_MAD_Avg,RF_Entire_Time,RF_Entire_MAE,RF_Entire_RMSE,RF_Entire_MAD,RF_Cluster_Time_Avg,RF_Cluster_MAE_Avg,RF_Cluster_RMSE_Avg,RF_Cluster_MAD_Avg,RF_Euc_Time_Avg,RF_Euc_MAE_Avg,RF_Euc_RMSE_Avg,RF_Euc_MAD_Avg,NN_Entire_Time,NN_Entire_MAE,NN_Entire_RMSE,NN_Entire_MAD,NN_Cluster_Time_Avg,NN_Cluster_MAE_Avg,NN_Cluster_RMSE_Avg,NN_Cluster_MAD_Avg,NN_Euc_Time_Avg,NN_Euc_MAE_Avg,NN_Euc_RMSE_Avg,NN_Euc_MAD_Avg,GP_Entire_Time,GP_Entire_MAE,GP_Entire_RMSE,GP_Entire_MAD,GP_Cluster_Time_Avg,GP_Cluster_MAE_Avg,GP_Cluster_RMSE_Avg,GP_Cluster_MAD_Avg,GP_Euc_Time_Avg,GP_Euc_MAE_Avg,GP_Euc_RMSE_Avg,GP_Euc_MAD_Avg,GB_Entire_Time,GB_Entire_MAE,GB_Entire_RMSE,GB_Entire_MAD,GB_Cluster_Time_Avg,GB_Cluster_MAE_Avg,GB_Cluster_RMSE_Avg,GB_Cluster_MAD_Avg,GB_Euc_Time_Avg,GB_Euc_MAE_Avg,GB_Euc_RMSE_Avg,GB_Euc_MAD_Avg
500,1,0.5,2.0,7,0.0004298686981201172,0.04554139396076337,0.06322217389655631,0.03166617154606036,0.000345264162336077,0.21181512073259362,0.2826420016846275,0.14629212425566587,0.0003096376146589007,0.20348369378037243,0.2748482688447117,0.15414652866212655,0.0841207504272461,0.035017501992191294,0.05629149671339226,0.021043369110154392,0.042895351137433736,0.20609397100179347,0.2778408170251089,0.15358486637762248,0.04199423108782087,0.20816556912847814,0.2842469234985324,0.15225417699870536,0.05837392807006836,0.07339362624838308,0.10548886178299781,0.051603457171596076,0.01659137862069266,0.21671723059765674,0.3028837246254306,0.1438278299569304,0.015545640672956194,0.23816277500141414,0.36909332622385593,0.1572460802237035,0.0858919620513916,0.07147561,0.10188179,0.046482205,0.036886589867728095,0.23640688,0.3277206,0.17642438,0.033584730965750556,0.2248474,0.3449585,0.15436625,0.03572797775268555,0.032983578830584774,0.054255983428928796,0.020239565209988458,0.01297351292201451,0.19787642132399258,0.2786035409013333,0.13529155027588566,0.01291792733328683,0.18284235309106434,0.2732829435337162,0.1314520773266245
