N,Norm,Lambda,Gamma,K,LR_Entire_Time,LR_Entire_MAE,LR_Entire_RMSE,LR_Entire_MAD,LR_Cluster_Time_Avg,LR_Cluster_MAE_Avg,LR_Cluster_RMSE_Avg,LR_Cluster_MAD_Avg,LR_Euc_Time_Avg,LR_Euc_MAE_Avg,LR_Euc_RMSE_Avg,LR_Euc_MAD_Avg,RF_Entire_Time,RF_Entire_MAE,RF_Entire_RMSE,RF_Entire_MAD,RF_Cluster_Time_Avg,RF_Cluster_MAE_Avg,RF_Cluster_RMSE_Avg,RF_Cluster_MAD_Avg,RF_Euc_Time_Avg,RF_Euc_MAE_Avg,RF_Euc_RMSE_Avg,RF_Euc_MAD_Avg,NN_Entire_Time,NN_Entire_MAE,NN_Entire_RMSE,NN_Entire_MAD,NN_Cluster_Time_Avg,NN_Cluster_MAE_Avg,NN_Cluster_RMSE_Avg,NN_Cluster_MAD_Avg,NN_Euc_Time_Avg,NN_Euc_MAE_Avg,NN_Euc_RMSE_Avg,NN_Euc_MAD_Avg,GB_Entire_Time,GB_Entire_MAE,GB_Entire_RMSE,GB_Entire_MAD,GB_Cluster_Time_Avg,GB_Cluster_MAE_Avg,GB_Cluster_RMSE_Avg,GB_Cluster_MAD_Avg,GB_Euc_Time_Avg,GB_Euc_MAE_Avg,GB_Euc_RMSE_Avg,GB_Euc_MAD_Avg
100000,1,0.5,0.5,7,0.005964040756225586,0.0643103041422581,0.30043950634238437,0.03601264487927863,0.0015731539045061385,0.19640391332664414,0.5111142609226007,0.14008323359949373,0.0011805806841169084,0.21916092885132782,0.5380078145111772,0.14733366206872503,25.42291808128357,0.039555199047714255,0.19059984324963622,0.014979296442281742,3.065186159951346,0.16198642886414974,0.4952358687186455,0.08717879810193765,3.0236274174281528,0.16616400816610863,0.5320587685912427,0.07381040556656622,15.56203007698059,0.04640910183148629,0.18994285231047722,0.023800567312444287,1.1929264409201485,0.13158269279332627,0.4538576545606037,0.07241329370546826,0.8959603309631348,0.1396113851750643,0.4794974584973444,0.06609907599859617,6.611307859420776,0.043857822816410624,0.19015729396773973,0.021574883164357895,0.908893312726702,0.15778649524311758,0.47386142708801376,0.09877426430815416,0.9065162454332624,0.1626464419505285,0.5337023159327298,0.08488695472556852
