N,Norm,Lambda,Gamma,K,LR_Entire_Time,LR_Entire_MAE,LR_Entire_RMSE,LR_Entire_MAD,LR_Cluster_Time_Avg,LR_Cluster_MAE_Avg,LR_Cluster_RMSE_Avg,LR_Cluster_MAD_Avg,LR_Euc_Time_Avg,LR_Euc_MAE_Avg,LR_Euc_RMSE_Avg,LR_Euc_MAD_Avg,RF_Entire_Time,RF_Entire_MAE,RF_Entire_RMSE,RF_Entire_MAD,RF_Cluster_Time_Avg,RF_Cluster_MAE_Avg,RF_Cluster_RMSE_Avg,RF_Cluster_MAD_Avg,RF_Euc_Time_Avg,RF_Euc_MAE_Avg,RF_Euc_RMSE_Avg,RF_Euc_MAD_Avg,NN_Entire_Time,NN_Entire_MAE,NN_Entire_RMSE,NN_Entire_MAD,NN_Cluster_Time_Avg,NN_Cluster_MAE_Avg,NN_Cluster_RMSE_Avg,NN_Cluster_MAD_Avg,NN_Euc_Time_Avg,NN_Euc_MAE_Avg,NN_Euc_RMSE_Avg,NN_Euc_MAD_Avg,GP_Entire_Time,GP_Entire_MAE,GP_Entire_RMSE,GP_Entire_MAD,GP_Cluster_Time_Avg,GP_Cluster_MAE_Avg,GP_Cluster_RMSE_Avg,GP_Cluster_MAD_Avg,GP_Euc_Time_Avg,GP_Euc_MAE_Avg,GP_Euc_RMSE_Avg,GP_Euc_MAD_Avg,GB_Entire_Time,GB_Entire_MAE,GB_Entire_RMSE,GB_Entire_MAD,GB_Cluster_Time_Avg,GB_Cluster_MAE_Avg,GB_Cluster_RMSE_Avg,GB_Cluster_MAD_Avg,GB_Euc_Time_Avg,GB_Euc_MAE_Avg,GB_Euc_RMSE_Avg,GB_Euc_MAD_Avg
5000,2,0.9,0.5,3,0.0006978511810302734,0.06606716257040125,0.2627241057286416,0.044473382092633296,0.0003666083017985026,0.09486839283505814,0.22914085463515954,0.06644197441895865,0.0003933111826578776,0.149733560456411,0.3647854157816206,0.09748775854860875,0.8372349739074707,0.04337707534476742,0.20184560414358632,0.019934238799086623,0.26523693402608234,0.09991138848017052,0.295687763599412,0.04496634919942538,0.25948675473531085,0.09583187911722142,0.2762013755998346,0.045509515515491095,0.26228785514831543,0.07417272419302,0.25433534093640103,0.043521461033471986,0.2735898494720459,0.09518722226859892,0.22119242558814736,0.05572313733809899,0.18611645698547363,0.14249203458247664,0.3589876114243604,0.06404147051952391,2.7862720489501953,0.07435512,0.24511266,0.028649628,0.5103375116984049,0.08848679,0.22546661,0.04430722,0.3857240676879883,0.11736131,0.34755298,0.04195785,0.3047597408294678,0.04370841449084165,0.18859949378010615,0.024468698072139673,0.10514871279398601,0.09073224359834497,0.26153454462894893,0.04763675871100986,0.10546104113260905,0.10158754231249068,0.340577743869098,0.04466482854957887
