N,Norm,Lambda,Gamma,K,LR_Entire_Time,LR_Entire_MAE,LR_Entire_RMSE,LR_Entire_MAD,LR_Cluster_Time_Avg,LR_Cluster_MAE_Avg,LR_Cluster_RMSE_Avg,LR_Cluster_MAD_Avg,LR_Euc_Time_Avg,LR_Euc_MAE_Avg,LR_Euc_RMSE_Avg,LR_Euc_MAD_Avg,RF_Entire_Time,RF_Entire_MAE,RF_Entire_RMSE,RF_Entire_MAD,RF_Cluster_Time_Avg,RF_Cluster_MAE_Avg,RF_Cluster_RMSE_Avg,RF_Cluster_MAD_Avg,RF_Euc_Time_Avg,RF_Euc_MAE_Avg,RF_Euc_RMSE_Avg,RF_Euc_MAD_Avg,NN_Entire_Time,NN_Entire_MAE,NN_Entire_RMSE,NN_Entire_MAD,NN_Cluster_Time_Avg,NN_Cluster_MAE_Avg,NN_Cluster_RMSE_Avg,NN_Cluster_MAD_Avg,NN_Euc_Time_Avg,NN_Euc_MAE_Avg,NN_Euc_RMSE_Avg,NN_Euc_MAD_Avg,GP_Entire_Time,GP_Entire_MAE,GP_Entire_RMSE,GP_Entire_MAD,GP_Cluster_Time_Avg,GP_Cluster_MAE_Avg,GP_Cluster_RMSE_Avg,GP_Cluster_MAD_Avg,GP_Euc_Time_Avg,GP_Euc_MAE_Avg,GP_Euc_RMSE_Avg,GP_Euc_MAD_Avg,GB_Entire_Time,GB_Entire_MAE,GB_Entire_RMSE,GB_Entire_MAD,GB_Cluster_Time_Avg,GB_Cluster_MAE_Avg,GB_Cluster_RMSE_Avg,GB_Cluster_MAD_Avg,GB_Euc_Time_Avg,GB_Euc_MAE_Avg,GB_Euc_RMSE_Avg,GB_Euc_MAD_Avg
500,1,0.5,1.0,6,0.00035190582275390625,0.04554139396076337,0.06322217389655631,0.03166617154606036,0.00033716360727945965,0.1760974524289212,0.31830583599309886,0.1233304401198712,0.0002601941426595052,0.19921843298696848,0.25486940794286467,0.17387360374618732,0.08499574661254883,0.03599469418319784,0.05661053173207764,0.021144479781861847,0.043139378229777016,0.17770893830616377,0.2804222272138754,0.1166592653585174,0.04280221462249756,0.16416885834915357,0.22787567612960888,0.13437253987623674,0.03847098350524902,0.07455621211163922,0.10582491692596405,0.044540266110589366,0.014620621999104818,0.19481252249318926,0.35441017690724236,0.1211416547253656,0.01542802651723226,0.16107643458633394,0.22730273245516006,0.13583295558438344,0.08593606948852539,0.07147561,0.10188179,0.046482205,0.03784696261088053,0.21956277,0.3699956,0.14871815,0.03940447171529134,0.13239518,0.21830045,0.07401103,0.037333011627197266,0.03291768631988287,0.05425952388657572,0.020239565209988458,0.014229814211527506,0.16459959976732533,0.24167248505896033,0.11103235870585719,0.013618191083272299,0.13997158464248755,0.21787849695176884,0.0891152317716402
