N,Norm,Lambda,Gamma,K,LR_Entire_Time,LR_Entire_MAE,LR_Entire_RMSE,LR_Entire_MAD,LR_Cluster_Time_Avg,LR_Cluster_MAE_Avg,LR_Cluster_RMSE_Avg,LR_Cluster_MAD_Avg,LR_Euc_Time_Avg,LR_Euc_MAE_Avg,LR_Euc_RMSE_Avg,LR_Euc_MAD_Avg,RF_Entire_Time,RF_Entire_MAE,RF_Entire_RMSE,RF_Entire_MAD,RF_Cluster_Time_Avg,RF_Cluster_MAE_Avg,RF_Cluster_RMSE_Avg,RF_Cluster_MAD_Avg,RF_Euc_Time_Avg,RF_Euc_MAE_Avg,RF_Euc_RMSE_Avg,RF_Euc_MAD_Avg,NN_Entire_Time,NN_Entire_MAE,NN_Entire_RMSE,NN_Entire_MAD,NN_Cluster_Time_Avg,NN_Cluster_MAE_Avg,NN_Cluster_RMSE_Avg,NN_Cluster_MAD_Avg,NN_Euc_Time_Avg,NN_Euc_MAE_Avg,NN_Euc_RMSE_Avg,NN_Euc_MAD_Avg,GP_Entire_Time,GP_Entire_MAE,GP_Entire_RMSE,GP_Entire_MAD,GP_Cluster_Time_Avg,GP_Cluster_MAE_Avg,GP_Cluster_RMSE_Avg,GP_Cluster_MAD_Avg,GP_Euc_Time_Avg,GP_Euc_MAE_Avg,GP_Euc_RMSE_Avg,GP_Euc_MAD_Avg,GB_Entire_Time,GB_Entire_MAE,GB_Entire_RMSE,GB_Entire_MAD,GB_Cluster_Time_Avg,GB_Cluster_MAE_Avg,GB_Cluster_RMSE_Avg,GB_Cluster_MAD_Avg,GB_Euc_Time_Avg,GB_Euc_MAE_Avg,GB_Euc_RMSE_Avg,GB_Euc_MAD_Avg
10000,2,0.9,1.0,5,0.0008571147918701172,0.06792803101151079,0.3219772320780228,0.0359716131146422,0.0005136013031005859,0.19949138890835844,0.4662659875324506,0.12485914093916464,0.0003792285919189453,0.1897523611746837,0.46220891377119566,0.11917088401090466,1.7078461647033691,0.046416825683069235,0.23400890040708308,0.018136501834959295,0.33580899238586426,0.16200734356390434,0.5036310004438274,0.06315070685966065,0.315266752243042,0.17739607818465533,0.5165280602957647,0.06597633282065066,1.8853240013122559,0.07747709095020562,0.2800124137773884,0.03209440021750787,0.21400136947631837,0.1738230872003489,0.492575863254192,0.06625639002326641,0.16919798851013185,0.15322700971193087,0.42607041134421736,0.06917936136101473,9.277512788772583,0.071303755,0.25996134,0.024209857,0.6487418174743652,0.16049819,0.4658238,0.05847143,0.7379544734954834,0.15205911,0.47613192,0.05930822,0.6211891174316406,0.04883347801692432,0.23710940762858512,0.023290466776536983,0.1286694049835205,0.16215136969605842,0.5420489812034568,0.06451233312945243,0.12707266807556153,0.16749288662641776,0.541015978158428,0.0631049563272573
