N,Norm,Lambda,Gamma,K,LR_Entire_Time,LR_Entire_MAE,LR_Entire_RMSE,LR_Entire_MAD,LR_Cluster_Time_Avg,LR_Cluster_MAE_Avg,LR_Cluster_RMSE_Avg,LR_Cluster_MAD_Avg,LR_Euc_Time_Avg,LR_Euc_MAE_Avg,LR_Euc_RMSE_Avg,LR_Euc_MAD_Avg,RF_Entire_Time,RF_Entire_MAE,RF_Entire_RMSE,RF_Entire_MAD,RF_Cluster_Time_Avg,RF_Cluster_MAE_Avg,RF_Cluster_RMSE_Avg,RF_Cluster_MAD_Avg,RF_Euc_Time_Avg,RF_Euc_MAE_Avg,RF_Euc_RMSE_Avg,RF_Euc_MAD_Avg,NN_Entire_Time,NN_Entire_MAE,NN_Entire_RMSE,NN_Entire_MAD,NN_Cluster_Time_Avg,NN_Cluster_MAE_Avg,NN_Cluster_RMSE_Avg,NN_Cluster_MAD_Avg,NN_Euc_Time_Avg,NN_Euc_MAE_Avg,NN_Euc_RMSE_Avg,NN_Euc_MAD_Avg,GB_Entire_Time,GB_Entire_MAE,GB_Entire_RMSE,GB_Entire_MAD,GB_Cluster_Time_Avg,GB_Cluster_MAE_Avg,GB_Cluster_RMSE_Avg,GB_Cluster_MAD_Avg,GB_Euc_Time_Avg,GB_Euc_MAE_Avg,GB_Euc_RMSE_Avg,GB_Euc_MAD_Avg
100000,1,0.9,1.0,4,0.006494045257568359,0.0643103041422581,0.30043950634238437,0.03601264487927863,0.0023611783981323242,0.11758049613097925,0.3441187296380447,0.07970368029118852,0.0020647644996643066,0.1551439489605722,0.4137185066125712,0.09434256602327316,25.3933687210083,0.03983508964289533,0.19090601044158906,0.01512838530189406,5.7537882924079895,0.09336824219503156,0.30791691646986796,0.04750361135946312,5.604373812675476,0.09667728268560147,0.3373771073273376,0.03864139903271268,14.929558992385864,0.04274403882044308,0.19205872993348985,0.01718353635329742,2.119669258594513,0.08101084385165078,0.29236949024518655,0.04312017363308912,1.609185516834259,0.09013655543456948,0.3207803373119257,0.035770426444562076,6.579010963439941,0.043927925638677395,0.19133303046142985,0.02157488316435811,1.6032400131225586,0.09236810752976773,0.3033188846734972,0.05447548942725487,1.600930631160736,0.09736822109445192,0.33274217972286724,0.046588976904552604
