N,Norm,Lambda,Gamma,K,LR_Entire_Time,LR_Entire_MAE,LR_Entire_RMSE,LR_Entire_MAD,LR_Cluster_Time_Avg,LR_Cluster_MAE_Avg,LR_Cluster_RMSE_Avg,LR_Cluster_MAD_Avg,LR_Euc_Time_Avg,LR_Euc_MAE_Avg,LR_Euc_RMSE_Avg,LR_Euc_MAD_Avg,RF_Entire_Time,RF_Entire_MAE,RF_Entire_RMSE,RF_Entire_MAD,RF_Cluster_Time_Avg,RF_Cluster_MAE_Avg,RF_Cluster_RMSE_Avg,RF_Cluster_MAD_Avg,RF_Euc_Time_Avg,RF_Euc_MAE_Avg,RF_Euc_RMSE_Avg,RF_Euc_MAD_Avg,NN_Entire_Time,NN_Entire_MAE,NN_Entire_RMSE,NN_Entire_MAD,NN_Cluster_Time_Avg,NN_Cluster_MAE_Avg,NN_Cluster_RMSE_Avg,NN_Cluster_MAD_Avg,NN_Euc_Time_Avg,NN_Euc_MAE_Avg,NN_Euc_RMSE_Avg,NN_Euc_MAD_Avg,GB_Entire_Time,GB_Entire_MAE,GB_Entire_RMSE,GB_Entire_MAD,GB_Cluster_Time_Avg,GB_Cluster_MAE_Avg,GB_Cluster_RMSE_Avg,GB_Cluster_MAD_Avg,GB_Euc_Time_Avg,GB_Euc_MAE_Avg,GB_Euc_RMSE_Avg,GB_Euc_MAD_Avg
50000,1,0.9,1.0,7,0.0034291744232177734,0.06625561675942009,0.3233405659660932,0.03390383380555034,0.0008066722324916295,0.20714580447054395,0.5269106401391692,0.1436807516155172,0.0006089891706194196,0.22819507705703262,0.5462331196419586,0.15223612816696705,11.072253942489624,0.04276959981375968,0.21738876538402088,0.016020208064858495,1.3383355481284005,0.17508251231152908,0.4956760539199494,0.09581494049576064,1.3073442322867257,0.1736702866044739,0.5225111114086316,0.0797487460382335,8.900171041488647,0.05473903152127333,0.23251892397636478,0.023248877886011793,0.672119276864188,0.14707037576781673,0.4641187581518214,0.08168060428881592,0.4713155542101179,0.15236012549467506,0.4912217338302286,0.06977362007291675,3.2014882564544678,0.048085501728688924,0.22059709037496752,0.02282462358875631,0.4532064369746617,0.16856723498467954,0.4842855160386233,0.1026197847603798,0.45665059770856586,0.17212401404983457,0.5235925471384246,0.08610596069083647
