N,Norm,Lambda,Gamma,K,LR_Entire_Time,LR_Entire_MAE,LR_Entire_RMSE,LR_Entire_MAD,LR_Cluster_Time_Avg,LR_Cluster_MAE_Avg,LR_Cluster_RMSE_Avg,LR_Cluster_MAD_Avg,LR_Euc_Time_Avg,LR_Euc_MAE_Avg,LR_Euc_RMSE_Avg,LR_Euc_MAD_Avg,RF_Entire_Time,RF_Entire_MAE,RF_Entire_RMSE,RF_Entire_MAD,RF_Cluster_Time_Avg,RF_Cluster_MAE_Avg,RF_Cluster_RMSE_Avg,RF_Cluster_MAD_Avg,RF_Euc_Time_Avg,RF_Euc_MAE_Avg,RF_Euc_RMSE_Avg,RF_Euc_MAD_Avg,NN_Entire_Time,NN_Entire_MAE,NN_Entire_RMSE,NN_Entire_MAD,NN_Cluster_Time_Avg,NN_Cluster_MAE_Avg,NN_Cluster_RMSE_Avg,NN_Cluster_MAD_Avg,NN_Euc_Time_Avg,NN_Euc_MAE_Avg,NN_Euc_RMSE_Avg,NN_Euc_MAD_Avg,GP_Entire_Time,GP_Entire_MAE,GP_Entire_RMSE,GP_Entire_MAD,GP_Cluster_Time_Avg,GP_Cluster_MAE_Avg,GP_Cluster_RMSE_Avg,GP_Cluster_MAD_Avg,GP_Euc_Time_Avg,GP_Euc_MAE_Avg,GP_Euc_RMSE_Avg,GP_Euc_MAD_Avg,GB_Entire_Time,GB_Entire_MAE,GB_Entire_RMSE,GB_Entire_MAD,GB_Cluster_Time_Avg,GB_Cluster_MAE_Avg,GB_Cluster_RMSE_Avg,GB_Cluster_MAD_Avg,GB_Euc_Time_Avg,GB_Euc_MAE_Avg,GB_Euc_RMSE_Avg,GB_Euc_MAD_Avg
500,2,0.5,1.0,6,0.0003368854522705078,0.04554139396076337,0.06322217389655631,0.03166617154606036,0.00035583972930908203,0.1760974524289212,0.31830583599309886,0.1233304401198712,0.00027819474538167316,0.19921843298696848,0.25486940794286467,0.17387360374618732,0.08374309539794922,0.03430563655314,0.054346860157054866,0.022260041798459973,0.04464566707611084,0.17814408122570788,0.28212976451103494,0.115148008436933,0.04340966542561849,0.16291956990970782,0.22688611803327152,0.12512921998016027,0.06975007057189941,0.06620826064829625,0.09558870583938141,0.04384623943483312,0.01684757073720296,0.1948100605786365,0.350250265024725,0.13649269178808718,0.017841100692749023,0.16673507775439525,0.24082718391714855,0.12679852091416358,0.10072803497314453,0.07147561,0.10188179,0.046482205,0.03815750281016032,0.21956277,0.3699956,0.14871815,0.03444254398345947,0.13239518,0.21830045,0.07401103,0.037139892578125,0.03293584916072199,0.054278152541032486,0.020239565209988458,0.01380316416422526,0.16046681232219054,0.23644897903166465,0.10654794670775647,0.013628522555033365,0.13885188946824364,0.21664653696477107,0.08962189010420414
