N,Norm,Lambda,Gamma,K,LR_Entire_Time,LR_Entire_MAE,LR_Entire_RMSE,LR_Entire_MAD,LR_Cluster_Time_Avg,LR_Cluster_MAE_Avg,LR_Cluster_RMSE_Avg,LR_Cluster_MAD_Avg,LR_Euc_Time_Avg,LR_Euc_MAE_Avg,LR_Euc_RMSE_Avg,LR_Euc_MAD_Avg,RF_Entire_Time,RF_Entire_MAE,RF_Entire_RMSE,RF_Entire_MAD,RF_Cluster_Time_Avg,RF_Cluster_MAE_Avg,RF_Cluster_RMSE_Avg,RF_Cluster_MAD_Avg,RF_Euc_Time_Avg,RF_Euc_MAE_Avg,RF_Euc_RMSE_Avg,RF_Euc_MAD_Avg,NN_Entire_Time,NN_Entire_MAE,NN_Entire_RMSE,NN_Entire_MAD,NN_Cluster_Time_Avg,NN_Cluster_MAE_Avg,NN_Cluster_RMSE_Avg,NN_Cluster_MAD_Avg,NN_Euc_Time_Avg,NN_Euc_MAE_Avg,NN_Euc_RMSE_Avg,NN_Euc_MAD_Avg,GP_Entire_Time,GP_Entire_MAE,GP_Entire_RMSE,GP_Entire_MAD,GP_Cluster_Time_Avg,GP_Cluster_MAE_Avg,GP_Cluster_RMSE_Avg,GP_Cluster_MAD_Avg,GP_Euc_Time_Avg,GP_Euc_MAE_Avg,GP_Euc_RMSE_Avg,GP_Euc_MAD_Avg,GB_Entire_Time,GB_Entire_MAE,GB_Entire_RMSE,GB_Entire_MAD,GB_Cluster_Time_Avg,GB_Cluster_MAE_Avg,GB_Cluster_RMSE_Avg,GB_Cluster_MAD_Avg,GB_Euc_Time_Avg,GB_Euc_MAE_Avg,GB_Euc_RMSE_Avg,GB_Euc_MAD_Avg
500,2,0.5,2.0,3,0.0004680156707763672,0.04554139396076337,0.06322217389655631,0.03166617154606036,0.00040038426717122394,0.1074894934028268,0.34712811407786576,0.043495797090600245,0.0003383159637451172,0.27618815225710247,1.0147403203107357,0.05580047882265921,0.08573293685913086,0.03471647005189116,0.05610597327205124,0.0224944230247337,0.0519255797068278,0.10483768082285227,0.2287556985728709,0.052931659488357874,0.050199031829833984,0.27979894091574103,1.0140237860888486,0.05135631999775916,0.07248687744140625,0.06754186387947027,0.09598978219937347,0.04485051094041727,0.02622397740681966,0.13893688295008455,0.36362959815484563,0.059046478737698437,0.028860966364542644,0.2903028927442142,1.005767065536365,0.07446960486051378,0.09462499618530273,0.07147561,0.10188179,0.046482205,0.051770687103271484,0.15433902,0.3164414,0.07122023,0.04396740595499674,0.28728575,1.0126005,0.061822545,0.03615212440490723,0.032907235073642516,0.0542392601566765,0.020239565209988486,0.0186615784962972,0.08801000642753916,0.1646014515200827,0.04554504647132079,0.018187840779622395,0.28095293079795364,1.0125365998942992,0.052056659674943905
