N,Norm,Lambda,Gamma,K,LR_Entire_Time,LR_Entire_MAE,LR_Entire_RMSE,LR_Entire_MAD,LR_Cluster_Time_Avg,LR_Cluster_MAE_Avg,LR_Cluster_RMSE_Avg,LR_Cluster_MAD_Avg,LR_Euc_Time_Avg,LR_Euc_MAE_Avg,LR_Euc_RMSE_Avg,LR_Euc_MAD_Avg,RF_Entire_Time,RF_Entire_MAE,RF_Entire_RMSE,RF_Entire_MAD,RF_Cluster_Time_Avg,RF_Cluster_MAE_Avg,RF_Cluster_RMSE_Avg,RF_Cluster_MAD_Avg,RF_Euc_Time_Avg,RF_Euc_MAE_Avg,RF_Euc_RMSE_Avg,RF_Euc_MAD_Avg,NN_Entire_Time,NN_Entire_MAE,NN_Entire_RMSE,NN_Entire_MAD,NN_Cluster_Time_Avg,NN_Cluster_MAE_Avg,NN_Cluster_RMSE_Avg,NN_Cluster_MAD_Avg,NN_Euc_Time_Avg,NN_Euc_MAE_Avg,NN_Euc_RMSE_Avg,NN_Euc_MAD_Avg,GP_Entire_Time,GP_Entire_MAE,GP_Entire_RMSE,GP_Entire_MAD,GP_Cluster_Time_Avg,GP_Cluster_MAE_Avg,GP_Cluster_RMSE_Avg,GP_Cluster_MAD_Avg,GP_Euc_Time_Avg,GP_Euc_MAE_Avg,GP_Euc_RMSE_Avg,GP_Euc_MAD_Avg,GB_Entire_Time,GB_Entire_MAE,GB_Entire_RMSE,GB_Entire_MAD,GB_Cluster_Time_Avg,GB_Cluster_MAE_Avg,GB_Cluster_RMSE_Avg,GB_Cluster_MAD_Avg,GB_Euc_Time_Avg,GB_Euc_MAE_Avg,GB_Euc_RMSE_Avg,GB_Euc_MAD_Avg
100,1,0.5,0.5,5,0.0002701282501220703,0.19598571368711998,0.2658167496676893,0.12690348231686688,0.00033888816833496096,0.38004057672611,0.41121368324713287,0.34886090017975613,0.0002455711364746094,0.4007447265730434,0.4565610032085704,0.3078634957211154,0.044474124908447266,0.03955928572259162,0.04920385960043881,0.03424012220102512,0.03970518112182617,0.3478291318078578,0.47788342373281073,0.20031078335222494,0.03872385025024414,0.2547598877174416,0.31318676251119876,0.2028239343743386,0.026161909103393555,0.2023714489503961,0.27873128123010227,0.11783460953654298,0.010369110107421874,0.5432312023966179,0.5599386479504125,0.5355076033371595,0.009351205825805665,0.3781849172057674,0.41094158621786325,0.33846884405481753,0.0359339714050293,0.14043128,0.21644284,0.062149398,0.030084514617919923,0.40731353,0.51633525,0.2800881,0.028735542297363283,0.26822087,0.30627936,0.24485402,0.01472616195678711,0.03502521261417419,0.04711253509190057,0.02478653104528547,0.010690832138061523,0.46271273644554406,0.6753289461524657,0.19564452960829942,0.01047062873840332,0.22712495549344167,0.2743117410507807,0.17867905980300244
