N,Norm,Lambda,Gamma,K,LR_Entire_Time,LR_Entire_MAE,LR_Entire_RMSE,LR_Entire_MAD,LR_Cluster_Time_Avg,LR_Cluster_MAE_Avg,LR_Cluster_RMSE_Avg,LR_Cluster_MAD_Avg,LR_Euc_Time_Avg,LR_Euc_MAE_Avg,LR_Euc_RMSE_Avg,LR_Euc_MAD_Avg,RF_Entire_Time,RF_Entire_MAE,RF_Entire_RMSE,RF_Entire_MAD,RF_Cluster_Time_Avg,RF_Cluster_MAE_Avg,RF_Cluster_RMSE_Avg,RF_Cluster_MAD_Avg,RF_Euc_Time_Avg,RF_Euc_MAE_Avg,RF_Euc_RMSE_Avg,RF_Euc_MAD_Avg,NN_Entire_Time,NN_Entire_MAE,NN_Entire_RMSE,NN_Entire_MAD,NN_Cluster_Time_Avg,NN_Cluster_MAE_Avg,NN_Cluster_RMSE_Avg,NN_Cluster_MAD_Avg,NN_Euc_Time_Avg,NN_Euc_MAE_Avg,NN_Euc_RMSE_Avg,NN_Euc_MAD_Avg,GP_Entire_Time,GP_Entire_MAE,GP_Entire_RMSE,GP_Entire_MAD,GP_Cluster_Time_Avg,GP_Cluster_MAE_Avg,GP_Cluster_RMSE_Avg,GP_Cluster_MAD_Avg,GP_Euc_Time_Avg,GP_Euc_MAE_Avg,GP_Euc_RMSE_Avg,GP_Euc_MAD_Avg,GB_Entire_Time,GB_Entire_MAE,GB_Entire_RMSE,GB_Entire_MAD,GB_Cluster_Time_Avg,GB_Cluster_MAE_Avg,GB_Cluster_RMSE_Avg,GB_Cluster_MAD_Avg,GB_Euc_Time_Avg,GB_Euc_MAE_Avg,GB_Euc_RMSE_Avg,GB_Euc_MAD_Avg
1000,2,0.9,1.0,3,0.0005128383636474609,0.03174555839505721,0.043465480669550194,0.023354845822268516,0.00048669179280598957,0.07452498042771533,0.10859604046442277,0.05252846897306126,0.00037797292073567707,0.1329384955209603,0.48559749515247447,0.06925113678467147,0.1419069766998291,0.027184867860451732,0.036153729209849904,0.02179924765528307,0.06888389587402344,0.06911424053171024,0.10509060786029649,0.045188787640276,0.06710926691691081,0.0939407664815456,0.2324751486904472,0.05382557305833108,0.036752939224243164,0.051221135483277246,0.07121353766651263,0.03834486605576859,0.04028797149658203,0.09941711272151454,0.14780083133589708,0.06786575512481555,0.0572206974029541,0.15056624661425327,0.4899321942681165,0.0701424185522678,0.22680091857910156,0.047523502,0.08538143,0.030398354,0.06954193115234375,0.09565455,0.1672859,0.052626017,0.0625470479329427,0.1241591,0.38527405,0.052032042,0.06302523612976074,0.02299190670439346,0.029864734884560935,0.019896181155514697,0.02727222442626953,0.0688154197309579,0.09938919786809834,0.051064555804886315,0.027139981587727863,0.07292565801627725,0.10821726834092904,0.05135463848947838
