N,Norm,Lambda,Gamma,K,LR_Entire_Time,LR_Entire_MAE,LR_Entire_RMSE,LR_Entire_MAD,LR_Cluster_Time_Avg,LR_Cluster_MAE_Avg,LR_Cluster_RMSE_Avg,LR_Cluster_MAD_Avg,LR_Euc_Time_Avg,LR_Euc_MAE_Avg,LR_Euc_RMSE_Avg,LR_Euc_MAD_Avg,RF_Entire_Time,RF_Entire_MAE,RF_Entire_RMSE,RF_Entire_MAD,RF_Cluster_Time_Avg,RF_Cluster_MAE_Avg,RF_Cluster_RMSE_Avg,RF_Cluster_MAD_Avg,RF_Euc_Time_Avg,RF_Euc_MAE_Avg,RF_Euc_RMSE_Avg,RF_Euc_MAD_Avg,NN_Entire_Time,NN_Entire_MAE,NN_Entire_RMSE,NN_Entire_MAD,NN_Cluster_Time_Avg,NN_Cluster_MAE_Avg,NN_Cluster_RMSE_Avg,NN_Cluster_MAD_Avg,NN_Euc_Time_Avg,NN_Euc_MAE_Avg,NN_Euc_RMSE_Avg,NN_Euc_MAD_Avg,GP_Entire_Time,GP_Entire_MAE,GP_Entire_RMSE,GP_Entire_MAD,GP_Cluster_Time_Avg,GP_Cluster_MAE_Avg,GP_Cluster_RMSE_Avg,GP_Cluster_MAD_Avg,GP_Euc_Time_Avg,GP_Euc_MAE_Avg,GP_Euc_RMSE_Avg,GP_Euc_MAD_Avg,GB_Entire_Time,GB_Entire_MAE,GB_Entire_RMSE,GB_Entire_MAD,GB_Cluster_Time_Avg,GB_Cluster_MAE_Avg,GB_Cluster_RMSE_Avg,GB_Cluster_MAD_Avg,GB_Euc_Time_Avg,GB_Euc_MAE_Avg,GB_Euc_RMSE_Avg,GB_Euc_MAD_Avg
5000,2,0.9,2.0,7,0.0008971691131591797,0.06606716257040125,0.2627241057286416,0.044473382092633296,0.0004322528839111328,0.17091245824467374,0.2850544885762721,0.13771550241304523,0.00045994349888392856,0.2309213956600825,0.4281767200218489,0.16803380215287375,382.54537892341614,0.043301056360249904,0.19824001291847243,0.020277120779152787,0.16940242903573172,0.14865169842239162,0.26514884943714745,0.10151663116262381,0.16875968660627091,0.18940175208645446,0.4280119225845758,0.1013254891792718,1.1424062252044678,0.06977880455986975,0.24509695195898282,0.032578217994799374,0.24678765024457658,0.14886943519117612,0.27813687310697993,0.09131075560986111,0.16306141444614955,0.1855101147903304,0.40758593034073426,0.10638056480835233,3.692958116531372,0.07436219,0.24599786,0.027588785,0.16796728542872838,0.14616473,0.2672189,0.096987486,0.3574002129690988,0.18625943,0.42731166,0.098997764,0.4337925910949707,0.04376438999212529,0.18704057728273651,0.02446869807213956,0.07046389579772949,0.1452711090083085,0.27466836782392906,0.09513309746940106,0.06957207407270159,0.1763939438613912,0.425768311126229,0.09822872733615616
