N,Norm,Lambda,Gamma,K,LR_Entire_Time,LR_Entire_MAE,LR_Entire_RMSE,LR_Entire_MAD,LR_Cluster_Time_Avg,LR_Cluster_MAE_Avg,LR_Cluster_RMSE_Avg,LR_Cluster_MAD_Avg,LR_Euc_Time_Avg,LR_Euc_MAE_Avg,LR_Euc_RMSE_Avg,LR_Euc_MAD_Avg,RF_Entire_Time,RF_Entire_MAE,RF_Entire_RMSE,RF_Entire_MAD,RF_Cluster_Time_Avg,RF_Cluster_MAE_Avg,RF_Cluster_RMSE_Avg,RF_Cluster_MAD_Avg,RF_Euc_Time_Avg,RF_Euc_MAE_Avg,RF_Euc_RMSE_Avg,RF_Euc_MAD_Avg,NN_Entire_Time,NN_Entire_MAE,NN_Entire_RMSE,NN_Entire_MAD,NN_Cluster_Time_Avg,NN_Cluster_MAE_Avg,NN_Cluster_RMSE_Avg,NN_Cluster_MAD_Avg,NN_Euc_Time_Avg,NN_Euc_MAE_Avg,NN_Euc_RMSE_Avg,NN_Euc_MAD_Avg,GB_Entire_Time,GB_Entire_MAE,GB_Entire_RMSE,GB_Entire_MAD,GB_Cluster_Time_Avg,GB_Cluster_MAE_Avg,GB_Cluster_RMSE_Avg,GB_Cluster_MAD_Avg,GB_Euc_Time_Avg,GB_Euc_MAE_Avg,GB_Euc_RMSE_Avg,GB_Euc_MAD_Avg
100000,2,0.5,2.0,6,0.0069010257720947266,0.0643103041422581,0.30043950634238437,0.03601264487927863,0.0016745328903198242,0.1636530286828793,0.3511009417211695,0.12165758422861288,0.0012148221333821614,0.19833764315984814,0.4302280975120915,0.13404918249230613,25.358261108398438,0.0399477452385515,0.19222049105265368,0.015173992090790622,3.6507811148961387,0.13543348641624017,0.3388673158924023,0.07543831364754218,3.6029831965764365,0.1423828007830391,0.4102058811952251,0.062174627098773916,13.115927934646606,0.04588736439238777,0.19943416569998065,0.01789703118344077,1.463995138804118,0.11390966804947689,0.29321670572663316,0.06623083785983146,0.7962709665298462,0.12581131761295503,0.3641038485857227,0.06271509947952221,6.587571859359741,0.04387228090409815,0.19110135234315445,0.021572383600056037,1.0636343161265056,0.13183497531513777,0.31278844641684395,0.08704511041826506,1.0617484251658122,0.13888884688800282,0.39325232383021547,0.07077011050656028
