N,Norm,Lambda,Gamma,K,LR_Entire_Time,LR_Entire_MAE,LR_Entire_RMSE,LR_Entire_MAD,LR_Cluster_Time_Avg,LR_Cluster_MAE_Avg,LR_Cluster_RMSE_Avg,LR_Cluster_MAD_Avg,LR_Euc_Time_Avg,LR_Euc_MAE_Avg,LR_Euc_RMSE_Avg,LR_Euc_MAD_Avg,RF_Entire_Time,RF_Entire_MAE,RF_Entire_RMSE,RF_Entire_MAD,RF_Cluster_Time_Avg,RF_Cluster_MAE_Avg,RF_Cluster_RMSE_Avg,RF_Cluster_MAD_Avg,RF_Euc_Time_Avg,RF_Euc_MAE_Avg,RF_Euc_RMSE_Avg,RF_Euc_MAD_Avg,NN_Entire_Time,NN_Entire_MAE,NN_Entire_RMSE,NN_Entire_MAD,NN_Cluster_Time_Avg,NN_Cluster_MAE_Avg,NN_Cluster_RMSE_Avg,NN_Cluster_MAD_Avg,NN_Euc_Time_Avg,NN_Euc_MAE_Avg,NN_Euc_RMSE_Avg,NN_Euc_MAD_Avg,GP_Entire_Time,GP_Entire_MAE,GP_Entire_RMSE,GP_Entire_MAD,GP_Cluster_Time_Avg,GP_Cluster_MAE_Avg,GP_Cluster_RMSE_Avg,GP_Cluster_MAD_Avg,GP_Euc_Time_Avg,GP_Euc_MAE_Avg,GP_Euc_RMSE_Avg,GP_Euc_MAD_Avg,GB_Entire_Time,GB_Entire_MAE,GB_Entire_RMSE,GB_Entire_MAD,GB_Cluster_Time_Avg,GB_Cluster_MAE_Avg,GB_Cluster_RMSE_Avg,GB_Cluster_MAD_Avg,GB_Euc_Time_Avg,GB_Euc_MAE_Avg,GB_Euc_RMSE_Avg,GB_Euc_MAD_Avg
1000,1,0.1,0.5,7,0.000308990478515625,0.03174555839505721,0.043465480669550194,0.023354845822268516,0.0003115449632917132,0.19023180673442064,0.3647751379831555,0.1122130458535021,0.0002479893820626395,0.24114744200741556,0.497433010418103,0.13447214769055482,0.1415407657623291,0.02743352986057285,0.03682644677934205,0.022267138740250603,0.048910175051007955,0.21990039721045163,0.33717380337503833,0.14705866044539917,0.04836865833827427,0.17755399722924223,0.3485820926288837,0.10811118256589146,0.06118416786193848,0.05025032732580795,0.06560773800107346,0.043439667518610614,0.025434902736118863,0.22914513447352247,0.40231967396290524,0.12468048557178944,0.02562298093523298,0.2290460655202271,0.4651713883762258,0.1312169675017341,0.21175408363342285,0.047523502,0.08538143,0.030398354,0.04229906627110073,0.22000761,0.39035287,0.13146405,0.03820204734802246,0.22839884,0.5366344,0.09300195,0.06391501426696777,0.023086505598327114,0.03000834001646034,0.019598714559076275,0.01697117941720145,0.19386548573440357,0.2846230046407396,0.1269652011992946,0.016656569072178433,0.16175198928965945,0.251015978781849,0.11152614973386624
