N,Norm,Lambda,Gamma,K,LR_Entire_Time,LR_Entire_MAE,LR_Entire_RMSE,LR_Entire_MAD,LR_Cluster_Time_Avg,LR_Cluster_MAE_Avg,LR_Cluster_RMSE_Avg,LR_Cluster_MAD_Avg,LR_Euc_Time_Avg,LR_Euc_MAE_Avg,LR_Euc_RMSE_Avg,LR_Euc_MAD_Avg,RF_Entire_Time,RF_Entire_MAE,RF_Entire_RMSE,RF_Entire_MAD,RF_Cluster_Time_Avg,RF_Cluster_MAE_Avg,RF_Cluster_RMSE_Avg,RF_Cluster_MAD_Avg,RF_Euc_Time_Avg,RF_Euc_MAE_Avg,RF_Euc_RMSE_Avg,RF_Euc_MAD_Avg,NN_Entire_Time,NN_Entire_MAE,NN_Entire_RMSE,NN_Entire_MAD,NN_Cluster_Time_Avg,NN_Cluster_MAE_Avg,NN_Cluster_RMSE_Avg,NN_Cluster_MAD_Avg,NN_Euc_Time_Avg,NN_Euc_MAE_Avg,NN_Euc_RMSE_Avg,NN_Euc_MAD_Avg,GP_Entire_Time,GP_Entire_MAE,GP_Entire_RMSE,GP_Entire_MAD,GP_Cluster_Time_Avg,GP_Cluster_MAE_Avg,GP_Cluster_RMSE_Avg,GP_Cluster_MAD_Avg,GP_Euc_Time_Avg,GP_Euc_MAE_Avg,GP_Euc_RMSE_Avg,GP_Euc_MAD_Avg,GB_Entire_Time,GB_Entire_MAE,GB_Entire_RMSE,GB_Entire_MAD,GB_Cluster_Time_Avg,GB_Cluster_MAE_Avg,GB_Cluster_RMSE_Avg,GB_Cluster_MAD_Avg,GB_Euc_Time_Avg,GB_Euc_MAE_Avg,GB_Euc_RMSE_Avg,GB_Euc_MAD_Avg
500,2,0.5,2.0,4,0.000286102294921875,0.04554139396076337,0.06322217389655631,0.03166617154606036,0.000324249267578125,0.14766683900483232,0.40729910785468043,0.07245678959517823,0.0003063082695007324,0.1579505206000498,0.20729605280178617,0.11993514337159093,0.08460092544555664,0.034828916439108584,0.05495195515999375,0.022501112280368232,0.048299968242645264,0.12575990298928338,0.2461881594964949,0.07420378843143326,0.04899322986602783,0.07840007899957735,0.10476006334807647,0.05446672921626066,0.04931926727294922,0.0644865132616378,0.09394835050025875,0.04723187667218377,0.029811322689056396,0.18525714190528822,0.42443952140263846,0.09465776056205061,0.0215376615524292,0.21136322409813613,0.29623989366035847,0.14295159843726823,0.09391379356384277,0.07147561,0.10188179,0.046482205,0.046583354473114014,0.14361505,0.29546657,0.070677884,0.0398290753364563,0.14690587,0.24036019,0.07968679,0.035600900650024414,0.033054608170314,0.05440000344065885,0.020239565209988486,0.016011357307434082,0.09842107338815992,0.14626215905799678,0.06735578033247061,0.016109704971313477,0.08156339187397618,0.10981874354210523,0.056086327182044066
