N,Norm,Lambda,Gamma,K,LR_Entire_Time,LR_Entire_MAE,LR_Entire_RMSE,LR_Entire_MAD,LR_Cluster_Time_Avg,LR_Cluster_MAE_Avg,LR_Cluster_RMSE_Avg,LR_Cluster_MAD_Avg,LR_Euc_Time_Avg,LR_Euc_MAE_Avg,LR_Euc_RMSE_Avg,LR_Euc_MAD_Avg,RF_Entire_Time,RF_Entire_MAE,RF_Entire_RMSE,RF_Entire_MAD,RF_Cluster_Time_Avg,RF_Cluster_MAE_Avg,RF_Cluster_RMSE_Avg,RF_Cluster_MAD_Avg,RF_Euc_Time_Avg,RF_Euc_MAE_Avg,RF_Euc_RMSE_Avg,RF_Euc_MAD_Avg,NN_Entire_Time,NN_Entire_MAE,NN_Entire_RMSE,NN_Entire_MAD,NN_Cluster_Time_Avg,NN_Cluster_MAE_Avg,NN_Cluster_RMSE_Avg,NN_Cluster_MAD_Avg,NN_Euc_Time_Avg,NN_Euc_MAE_Avg,NN_Euc_RMSE_Avg,NN_Euc_MAD_Avg,GB_Entire_Time,GB_Entire_MAE,GB_Entire_RMSE,GB_Entire_MAD,GB_Cluster_Time_Avg,GB_Cluster_MAE_Avg,GB_Cluster_RMSE_Avg,GB_Cluster_MAD_Avg,GB_Euc_Time_Avg,GB_Euc_MAE_Avg,GB_Euc_RMSE_Avg,GB_Euc_MAD_Avg
100000,1,0.1,1.0,7,0.00680088996887207,0.0643103041422581,0.30043950634238437,0.03601264487927863,0.002065556389944894,0.1891866957797748,0.4378433135193491,0.13848673414101584,0.001271826880318778,0.21916092885132782,0.5380078145111772,0.14733366206872503,25.51504898071289,0.03954474179107667,0.19071150552817903,0.015070510020076283,3.0920025961739674,0.1547552609135389,0.4192581749517837,0.08520994985246606,3.0539963926587785,0.16613780731875352,0.5374121029432125,0.07376544214958862,9.639801263809204,0.039768036160253824,0.20237978309262863,0.012278756137479918,1.2970067432948522,0.12687550262654093,0.38054470299119936,0.06775244214846408,0.7550998755863735,0.14007139730169432,0.47990388610113716,0.06559334317705871,6.643633842468262,0.04389436965215199,0.19086672546070882,0.02157488316435812,0.9156239032745361,0.15070858879716048,0.3987843410321659,0.09627148981837845,0.9129390375954765,0.16271905385762317,0.5336207519251984,0.08489826184102738
