N,Norm,Lambda,Gamma,K,LR_Entire_Time,LR_Entire_MAE,LR_Entire_RMSE,LR_Entire_MAD,LR_Cluster_Time_Avg,LR_Cluster_MAE_Avg,LR_Cluster_RMSE_Avg,LR_Cluster_MAD_Avg,LR_Euc_Time_Avg,LR_Euc_MAE_Avg,LR_Euc_RMSE_Avg,LR_Euc_MAD_Avg,RF_Entire_Time,RF_Entire_MAE,RF_Entire_RMSE,RF_Entire_MAD,RF_Cluster_Time_Avg,RF_Cluster_MAE_Avg,RF_Cluster_RMSE_Avg,RF_Cluster_MAD_Avg,RF_Euc_Time_Avg,RF_Euc_MAE_Avg,RF_Euc_RMSE_Avg,RF_Euc_MAD_Avg,NN_Entire_Time,NN_Entire_MAE,NN_Entire_RMSE,NN_Entire_MAD,NN_Cluster_Time_Avg,NN_Cluster_MAE_Avg,NN_Cluster_RMSE_Avg,NN_Cluster_MAD_Avg,NN_Euc_Time_Avg,NN_Euc_MAE_Avg,NN_Euc_RMSE_Avg,NN_Euc_MAD_Avg,GP_Entire_Time,GP_Entire_MAE,GP_Entire_RMSE,GP_Entire_MAD,GP_Cluster_Time_Avg,GP_Cluster_MAE_Avg,GP_Cluster_RMSE_Avg,GP_Cluster_MAD_Avg,GP_Euc_Time_Avg,GP_Euc_MAE_Avg,GP_Euc_RMSE_Avg,GP_Euc_MAD_Avg,GB_Entire_Time,GB_Entire_MAE,GB_Entire_RMSE,GB_Entire_MAD,GB_Cluster_Time_Avg,GB_Cluster_MAE_Avg,GB_Cluster_RMSE_Avg,GB_Cluster_MAD_Avg,GB_Euc_Time_Avg,GB_Euc_MAE_Avg,GB_Euc_RMSE_Avg,GB_Euc_MAD_Avg
100,2,0.5,2.0,5,0.0002789497375488281,0.19598571368711998,0.2658167496676893,0.12690348231686688,0.0003142356872558594,0.38004057672611,0.41121368324713287,0.34886090017975613,0.0002732276916503906,0.4007447265730434,0.4565610032085704,0.3078634957211154,0.04430389404296875,0.040437162597705224,0.04710715692372341,0.03899274685025039,0.039900922775268556,0.34968221801388044,0.49908728396478236,0.1806704309242952,0.038672780990600585,0.2605198494517949,0.31562502344368176,0.2002880471130249,0.023821115493774414,0.22206245625010634,0.3303855250578236,0.09359205269756818,0.009682750701904297,0.19494848379812205,0.22541229911770663,0.1662698557851005,0.009058618545532226,0.40413320644524947,0.4255899916816264,0.39000567925329094,0.03534531593322754,0.14043128,0.21644284,0.062149398,0.028524494171142577,0.40731353,0.51633525,0.2800881,0.029167795181274415,0.26822087,0.30627936,0.24485402,0.014285087585449219,0.038174007168060534,0.05456559881381356,0.02389865190063803,0.010792064666748046,0.4608748206944944,0.6700958477620006,0.20899746009370065,0.010449695587158202,0.23453676885170976,0.2774351800784851,0.18144508909076054
