N,Norm,Lambda,Gamma,K,LR_Entire_Time,LR_Entire_MAE,LR_Entire_RMSE,LR_Entire_MAD,LR_Cluster_Time_Avg,LR_Cluster_MAE_Avg,LR_Cluster_RMSE_Avg,LR_Cluster_MAD_Avg,LR_Euc_Time_Avg,LR_Euc_MAE_Avg,LR_Euc_RMSE_Avg,LR_Euc_MAD_Avg,RF_Entire_Time,RF_Entire_MAE,RF_Entire_RMSE,RF_Entire_MAD,RF_Cluster_Time_Avg,RF_Cluster_MAE_Avg,RF_Cluster_RMSE_Avg,RF_Cluster_MAD_Avg,RF_Euc_Time_Avg,RF_Euc_MAE_Avg,RF_Euc_RMSE_Avg,RF_Euc_MAD_Avg,NN_Entire_Time,NN_Entire_MAE,NN_Entire_RMSE,NN_Entire_MAD,NN_Cluster_Time_Avg,NN_Cluster_MAE_Avg,NN_Cluster_RMSE_Avg,NN_Cluster_MAD_Avg,NN_Euc_Time_Avg,NN_Euc_MAE_Avg,NN_Euc_RMSE_Avg,NN_Euc_MAD_Avg,GP_Entire_Time,GP_Entire_MAE,GP_Entire_RMSE,GP_Entire_MAD,GP_Cluster_Time_Avg,GP_Cluster_MAE_Avg,GP_Cluster_RMSE_Avg,GP_Cluster_MAD_Avg,GP_Euc_Time_Avg,GP_Euc_MAE_Avg,GP_Euc_RMSE_Avg,GP_Euc_MAD_Avg,GB_Entire_Time,GB_Entire_MAE,GB_Entire_RMSE,GB_Entire_MAD,GB_Cluster_Time_Avg,GB_Cluster_MAE_Avg,GB_Cluster_RMSE_Avg,GB_Cluster_MAD_Avg,GB_Euc_Time_Avg,GB_Euc_MAE_Avg,GB_Euc_RMSE_Avg,GB_Euc_MAD_Avg
5000,2,0.9,0.5,4,0.0007650852203369141,0.06606716257040125,0.2627241057286416,0.044473382092633296,0.0003387928009033203,0.13728450227754072,0.39597207502523857,0.0790933592123008,0.0003578066825866699,0.18254281304083378,0.5535900442820251,0.10327444653981978,0.7689018249511719,0.04384707292545626,0.20549292834239474,0.0201965241263265,0.1978430151939392,0.14086759988850234,0.41985182041973973,0.0625486959129034,0.19013381004333496,0.14000647521896376,0.5175365175370601,0.05197308507136007,0.9265007972717285,0.07789942316159407,0.24812795821282474,0.040387797542935394,0.20034462213516235,0.1320300574915561,0.38322271026401267,0.061222731015101714,0.12936687469482422,0.1595273990433177,0.5244802021752121,0.06372249205622948,2.7788827419281006,0.07374401,0.24520046,0.02804184,0.2879897356033325,0.12951776,0.3695826,0.05421938,0.2651183009147644,0.15120333,0.56659704,0.047370628,0.3054060935974121,0.04379890916958071,0.18704555020959754,0.02448690356161356,0.07984548807144165,0.12871873299898043,0.4179954009084452,0.05651866820652748,0.08038806915283203,0.13029253311524777,0.5135490244199079,0.04819978476734817
