N,Norm,Lambda,Gamma,K,LR_Entire_Time,LR_Entire_MAE,LR_Entire_RMSE,LR_Entire_MAD,LR_Cluster_Time_Avg,LR_Cluster_MAE_Avg,LR_Cluster_RMSE_Avg,LR_Cluster_MAD_Avg,LR_Euc_Time_Avg,LR_Euc_MAE_Avg,LR_Euc_RMSE_Avg,LR_Euc_MAD_Avg,RF_Entire_Time,RF_Entire_MAE,RF_Entire_RMSE,RF_Entire_MAD,RF_Cluster_Time_Avg,RF_Cluster_MAE_Avg,RF_Cluster_RMSE_Avg,RF_Cluster_MAD_Avg,RF_Euc_Time_Avg,RF_Euc_MAE_Avg,RF_Euc_RMSE_Avg,RF_Euc_MAD_Avg,NN_Entire_Time,NN_Entire_MAE,NN_Entire_RMSE,NN_Entire_MAD,NN_Cluster_Time_Avg,NN_Cluster_MAE_Avg,NN_Cluster_RMSE_Avg,NN_Cluster_MAD_Avg,NN_Euc_Time_Avg,NN_Euc_MAE_Avg,NN_Euc_RMSE_Avg,NN_Euc_MAD_Avg,GP_Entire_Time,GP_Entire_MAE,GP_Entire_RMSE,GP_Entire_MAD,GP_Cluster_Time_Avg,GP_Cluster_MAE_Avg,GP_Cluster_RMSE_Avg,GP_Cluster_MAD_Avg,GP_Euc_Time_Avg,GP_Euc_MAE_Avg,GP_Euc_RMSE_Avg,GP_Euc_MAD_Avg,GB_Entire_Time,GB_Entire_MAE,GB_Entire_RMSE,GB_Entire_MAD,GB_Cluster_Time_Avg,GB_Cluster_MAE_Avg,GB_Cluster_RMSE_Avg,GB_Cluster_MAD_Avg,GB_Euc_Time_Avg,GB_Euc_MAE_Avg,GB_Euc_RMSE_Avg,GB_Euc_MAD_Avg
10000,2,0.1,0.5,4,0.0009980201721191406,0.06792803101151079,0.3219772320780228,0.0359716131146422,0.00047218799591064453,0.11615083792087509,0.2840335615295736,0.07895318915327343,0.0004082918167114258,0.1527846860515306,0.3747429160175923,0.0943320350517892,1.716367244720459,0.04639797410830585,0.23059145282586593,0.01822069237851895,0.4131700396537781,0.10939710052330617,0.28674541799123376,0.05920899590152287,0.39154064655303955,0.10953422402606056,0.3461984718661532,0.05135418465349792,1.473525047302246,0.07657966451189083,0.2856382952756271,0.03219746509477403,0.297687292098999,0.09917169943520168,0.2552886013579171,0.05394572094092001,0.21548068523406982,0.12699375322305387,0.3471139879745373,0.05621618961636711,9.229814767837524,0.06947395,0.2590931,0.02094771,0.8897010684013367,0.091254346,0.24201958,0.051998384,1.0928824543952942,0.101461284,0.33421358,0.041494444,0.630889892578125,0.04883477381884556,0.23736294369918853,0.02329046677653704,0.15836697816848755,0.10199100325130524,0.2875298432512191,0.05958071221191465,0.15838932991027832,0.10464835304861574,0.35732207455987186,0.049286050394019246
