N,Norm,Lambda,Gamma,K,LR_Entire_Time,LR_Entire_MAE,LR_Entire_RMSE,LR_Entire_MAD,LR_Cluster_Time_Avg,LR_Cluster_MAE_Avg,LR_Cluster_RMSE_Avg,LR_Cluster_MAD_Avg,LR_Euc_Time_Avg,LR_Euc_MAE_Avg,LR_Euc_RMSE_Avg,LR_Euc_MAD_Avg,RF_Entire_Time,RF_Entire_MAE,RF_Entire_RMSE,RF_Entire_MAD,RF_Cluster_Time_Avg,RF_Cluster_MAE_Avg,RF_Cluster_RMSE_Avg,RF_Cluster_MAD_Avg,RF_Euc_Time_Avg,RF_Euc_MAE_Avg,RF_Euc_RMSE_Avg,RF_Euc_MAD_Avg,NN_Entire_Time,NN_Entire_MAE,NN_Entire_RMSE,NN_Entire_MAD,NN_Cluster_Time_Avg,NN_Cluster_MAE_Avg,NN_Cluster_RMSE_Avg,NN_Cluster_MAD_Avg,NN_Euc_Time_Avg,NN_Euc_MAE_Avg,NN_Euc_RMSE_Avg,NN_Euc_MAD_Avg,GP_Entire_Time,GP_Entire_MAE,GP_Entire_RMSE,GP_Entire_MAD,GP_Cluster_Time_Avg,GP_Cluster_MAE_Avg,GP_Cluster_RMSE_Avg,GP_Cluster_MAD_Avg,GP_Euc_Time_Avg,GP_Euc_MAE_Avg,GP_Euc_RMSE_Avg,GP_Euc_MAD_Avg,GB_Entire_Time,GB_Entire_MAE,GB_Entire_RMSE,GB_Entire_MAD,GB_Cluster_Time_Avg,GB_Cluster_MAE_Avg,GB_Cluster_RMSE_Avg,GB_Cluster_MAD_Avg,GB_Euc_Time_Avg,GB_Euc_MAE_Avg,GB_Euc_RMSE_Avg,GB_Euc_MAD_Avg
1000,1,0.9,0.5,3,0.0006527900695800781,0.03174555839505721,0.043465480669550194,0.023354845822268516,0.00047206878662109375,0.07452498042771533,0.10859604046442277,0.05252846897306126,0.0003978411356608073,0.1329384955209603,0.48559749515247447,0.06925113678467147,0.1406548023223877,0.027120102889676617,0.03598248357800948,0.022137472307719175,0.06892259915669759,0.06881888852054012,0.10368660894175719,0.04195077257703836,0.06704004605611165,0.10079884577638486,0.28177838938106503,0.054795673808762844,0.06012988090515137,0.05230775792316567,0.07625103115038495,0.03818598972115315,0.0412894090016683,0.10145577557027086,0.1394366462209223,0.07937621302073665,0.05420955022176107,0.14800653473589956,0.499039318678169,0.06642446401929096,0.1883561611175537,0.047523502,0.08538143,0.030398354,0.07189003626505534,0.09565455,0.1672859,0.052626017,0.06420262654622395,0.1241591,0.38527405,0.052032042,0.06357192993164062,0.023001888256248545,0.02989176582028038,0.01989618115551464,0.027055819829305012,0.07032971664134346,0.10153953755515154,0.051238108242155134,0.0267946720123291,0.07302749043551718,0.10832819353454388,0.05131419617904989
