N,Norm,Lambda,Gamma,K,LR_Entire_Time,LR_Entire_MAE,LR_Entire_RMSE,LR_Entire_MAD,LR_Cluster_Time_Avg,LR_Cluster_MAE_Avg,LR_Cluster_RMSE_Avg,LR_Cluster_MAD_Avg,LR_Euc_Time_Avg,LR_Euc_MAE_Avg,LR_Euc_RMSE_Avg,LR_Euc_MAD_Avg,RF_Entire_Time,RF_Entire_MAE,RF_Entire_RMSE,RF_Entire_MAD,RF_Cluster_Time_Avg,RF_Cluster_MAE_Avg,RF_Cluster_RMSE_Avg,RF_Cluster_MAD_Avg,RF_Euc_Time_Avg,RF_Euc_MAE_Avg,RF_Euc_RMSE_Avg,RF_Euc_MAD_Avg,NN_Entire_Time,NN_Entire_MAE,NN_Entire_RMSE,NN_Entire_MAD,NN_Cluster_Time_Avg,NN_Cluster_MAE_Avg,NN_Cluster_RMSE_Avg,NN_Cluster_MAD_Avg,NN_Euc_Time_Avg,NN_Euc_MAE_Avg,NN_Euc_RMSE_Avg,NN_Euc_MAD_Avg,GP_Entire_Time,GP_Entire_MAE,GP_Entire_RMSE,GP_Entire_MAD,GP_Cluster_Time_Avg,GP_Cluster_MAE_Avg,GP_Cluster_RMSE_Avg,GP_Cluster_MAD_Avg,GP_Euc_Time_Avg,GP_Euc_MAE_Avg,GP_Euc_RMSE_Avg,GP_Euc_MAD_Avg,GB_Entire_Time,GB_Entire_MAE,GB_Entire_RMSE,GB_Entire_MAD,GB_Cluster_Time_Avg,GB_Cluster_MAE_Avg,GB_Cluster_RMSE_Avg,GB_Cluster_MAD_Avg,GB_Euc_Time_Avg,GB_Euc_MAE_Avg,GB_Euc_RMSE_Avg,GB_Euc_MAD_Avg
100,2,0.9,2.0,4,0.00047326087951660156,0.19598571368711998,0.2658167496676893,0.12690348231686688,0.0002830028533935547,0.20608208184274573,0.28054223856080396,0.15403454944364975,0.00024324655532836914,0.2636792202538578,0.27544820109858575,0.2646526185300492,0.0442960262298584,0.04705237044058217,0.054810624790583795,0.048156182261760425,0.03893202543258667,0.2908211003670399,0.37557987545768,0.2275836653091087,0.040248215198516846,0.3814687530710338,0.5352201741364243,0.1834863990271203,0.02389979362487793,0.2446652181780848,0.3663958851701815,0.10254049110247193,0.011259138584136963,0.24517118976867502,0.31464339278509135,0.2152145859596175,0.00947427749633789,0.3507420080459431,0.4125914968328814,0.38436536566562907,0.035356998443603516,0.14043128,0.21644284,0.062149398,0.03062206506729126,0.48863697,0.55369157,0.4811833,0.02914649248123169,0.54975957,0.67998046,0.4185274,0.01439809799194336,0.0349348397225687,0.047346470561996444,0.023898651900637974,0.010854005813598633,0.2198863705992776,0.267251311437841,0.20450922555955106,0.010872840881347656,0.42129142753933924,0.6741723743268921,0.09885892135203567
