N,Norm,Lambda,Gamma,K,LR_Entire_Time,LR_Entire_MAE,LR_Entire_RMSE,LR_Entire_MAD,LR_Cluster_Time_Avg,LR_Cluster_MAE_Avg,LR_Cluster_RMSE_Avg,LR_Cluster_MAD_Avg,LR_Euc_Time_Avg,LR_Euc_MAE_Avg,LR_Euc_RMSE_Avg,LR_Euc_MAD_Avg,RF_Entire_Time,RF_Entire_MAE,RF_Entire_RMSE,RF_Entire_MAD,RF_Cluster_Time_Avg,RF_Cluster_MAE_Avg,RF_Cluster_RMSE_Avg,RF_Cluster_MAD_Avg,RF_Euc_Time_Avg,RF_Euc_MAE_Avg,RF_Euc_RMSE_Avg,RF_Euc_MAD_Avg,NN_Entire_Time,NN_Entire_MAE,NN_Entire_RMSE,NN_Entire_MAD,NN_Cluster_Time_Avg,NN_Cluster_MAE_Avg,NN_Cluster_RMSE_Avg,NN_Cluster_MAD_Avg,NN_Euc_Time_Avg,NN_Euc_MAE_Avg,NN_Euc_RMSE_Avg,NN_Euc_MAD_Avg,GB_Entire_Time,GB_Entire_MAE,GB_Entire_RMSE,GB_Entire_MAD,GB_Cluster_Time_Avg,GB_Cluster_MAE_Avg,GB_Cluster_RMSE_Avg,GB_Cluster_MAD_Avg,GB_Euc_Time_Avg,GB_Euc_MAE_Avg,GB_Euc_RMSE_Avg,GB_Euc_MAD_Avg
100000,2,0.1,0.5,7,0.006442070007324219,0.0643103041422581,0.30043950634238437,0.03601264487927863,0.001796449933733259,0.19244348886329637,0.458444939597691,0.1385546098249359,0.0014396054404122488,0.21916092885132782,0.5380078145111772,0.14733366206872503,25.380646228790283,0.03965366517869075,0.19148659981094385,0.015078511211110451,3.063974278313773,0.15688531690179178,0.43536921891461794,0.0850446245328932,3.0340377262660434,0.16583628911558698,0.5348444457283965,0.07391262055848376,13.338016033172607,0.04111608030224951,0.19541153560544877,0.014754269329772765,1.2757772377559118,0.13953150107534257,0.3995452695551235,0.08323798185708366,0.7208704948425293,0.13998347880801912,0.479406769812246,0.06490726245343335,6.6020519733428955,0.04393661662106248,0.19159454474882887,0.02157488316435793,0.9106246743883405,0.15280237414891293,0.4143740799536979,0.09650763787117897,0.9077253682272775,0.16289950924223867,0.5340075678303562,0.08490602892840951
