N,Norm,Lambda,Gamma,K,LR_Entire_Time,LR_Entire_MAE,LR_Entire_RMSE,LR_Entire_MAD,LR_Cluster_Time_Avg,LR_Cluster_MAE_Avg,LR_Cluster_RMSE_Avg,LR_Cluster_MAD_Avg,LR_Euc_Time_Avg,LR_Euc_MAE_Avg,LR_Euc_RMSE_Avg,LR_Euc_MAD_Avg,RF_Entire_Time,RF_Entire_MAE,RF_Entire_RMSE,RF_Entire_MAD,RF_Cluster_Time_Avg,RF_Cluster_MAE_Avg,RF_Cluster_RMSE_Avg,RF_Cluster_MAD_Avg,RF_Euc_Time_Avg,RF_Euc_MAE_Avg,RF_Euc_RMSE_Avg,RF_Euc_MAD_Avg,NN_Entire_Time,NN_Entire_MAE,NN_Entire_RMSE,NN_Entire_MAD,NN_Cluster_Time_Avg,NN_Cluster_MAE_Avg,NN_Cluster_RMSE_Avg,NN_Cluster_MAD_Avg,NN_Euc_Time_Avg,NN_Euc_MAE_Avg,NN_Euc_RMSE_Avg,NN_Euc_MAD_Avg,GP_Entire_Time,GP_Entire_MAE,GP_Entire_RMSE,GP_Entire_MAD,GP_Cluster_Time_Avg,GP_Cluster_MAE_Avg,GP_Cluster_RMSE_Avg,GP_Cluster_MAD_Avg,GP_Euc_Time_Avg,GP_Euc_MAE_Avg,GP_Euc_RMSE_Avg,GP_Euc_MAD_Avg,GB_Entire_Time,GB_Entire_MAE,GB_Entire_RMSE,GB_Entire_MAD,GB_Cluster_Time_Avg,GB_Cluster_MAE_Avg,GB_Cluster_RMSE_Avg,GB_Cluster_MAD_Avg,GB_Euc_Time_Avg,GB_Euc_MAE_Avg,GB_Euc_RMSE_Avg,GB_Euc_MAD_Avg
100,2,0.1,0.5,5,0.00039196014404296875,0.19598571368711998,0.2658167496676893,0.12690348231686688,0.0002758502960205078,0.38004057672611,0.41121368324713287,0.34886090017975613,0.00024657249450683595,0.4007447265730434,0.4565610032085704,0.3078634957211154,0.04391288757324219,0.03609965528550947,0.04630627878765092,0.02751148054611067,0.03947014808654785,0.3679739990461994,0.5239917999095548,0.1961349926658313,0.040952014923095706,0.17596022174550563,0.2303219282450192,0.14776039349059306,0.024356842041015625,0.23019127101154604,0.34464239600728774,0.094690695315187,0.01085057258605957,0.6068555056587699,0.6608481783279749,0.577571255060959,0.010089731216430664,0.548810013275022,0.5696334073843354,0.5702060000480704,0.03650975227355957,0.14043128,0.21644284,0.062149398,0.02795872688293457,0.40731353,0.51633525,0.2800881,0.029023408889770508,0.26822087,0.30627936,0.24485402,0.01416015625,0.03486359525026893,0.047542414991547446,0.023898651900638,0.010614871978759766,0.4698844006465871,0.6865185196147264,0.19919580262410558,0.010461807250976562,0.20138797433587538,0.2448612957296294,0.14686919649261268
