N,Norm,Lambda,Gamma,K,LR_Entire_Time,LR_Entire_MAE,LR_Entire_RMSE,LR_Entire_MAD,LR_Cluster_Time_Avg,LR_Cluster_MAE_Avg,LR_Cluster_RMSE_Avg,LR_Cluster_MAD_Avg,LR_Euc_Time_Avg,LR_Euc_MAE_Avg,LR_Euc_RMSE_Avg,LR_Euc_MAD_Avg,RF_Entire_Time,RF_Entire_MAE,RF_Entire_RMSE,RF_Entire_MAD,RF_Cluster_Time_Avg,RF_Cluster_MAE_Avg,RF_Cluster_RMSE_Avg,RF_Cluster_MAD_Avg,RF_Euc_Time_Avg,RF_Euc_MAE_Avg,RF_Euc_RMSE_Avg,RF_Euc_MAD_Avg,NN_Entire_Time,NN_Entire_MAE,NN_Entire_RMSE,NN_Entire_MAD,NN_Cluster_Time_Avg,NN_Cluster_MAE_Avg,NN_Cluster_RMSE_Avg,NN_Cluster_MAD_Avg,NN_Euc_Time_Avg,NN_Euc_MAE_Avg,NN_Euc_RMSE_Avg,NN_Euc_MAD_Avg,GP_Entire_Time,GP_Entire_MAE,GP_Entire_RMSE,GP_Entire_MAD,GP_Cluster_Time_Avg,GP_Cluster_MAE_Avg,GP_Cluster_RMSE_Avg,GP_Cluster_MAD_Avg,GP_Euc_Time_Avg,GP_Euc_MAE_Avg,GP_Euc_RMSE_Avg,GP_Euc_MAD_Avg,GB_Entire_Time,GB_Entire_MAE,GB_Entire_RMSE,GB_Entire_MAD,GB_Cluster_Time_Avg,GB_Cluster_MAE_Avg,GB_Cluster_RMSE_Avg,GB_Cluster_MAD_Avg,GB_Euc_Time_Avg,GB_Euc_MAE_Avg,GB_Euc_RMSE_Avg,GB_Euc_MAD_Avg
5000,1,0.5,2.0,3,0.0008912086486816406,0.06606716257040125,0.2627241057286416,0.044473382092633296,0.00038433074951171875,0.09486839283505814,0.22914085463515954,0.06644197441895865,0.00031868616739908856,0.149733560456411,0.3647854157816206,0.09748775854860875,0.7811601161956787,0.042200183632683894,0.19207091817002833,0.020134761055603842,0.274053414662679,0.09816641075496006,0.28183854186498397,0.04530717100887338,0.256548007329305,0.09727574521605482,0.28106878225663284,0.04383518922829172,0.9902372360229492,0.07139870705560886,0.24479329113666318,0.02818026687273323,0.23962299029032388,0.09734109093165481,0.2239943556589048,0.054486426886250695,0.19600065549214682,0.14447223897574754,0.36142981557051557,0.061381057840449116,2.8186209201812744,0.07361064,0.2454362,0.027865615,0.43570637702941895,0.08796411,0.22428216,0.0444257,0.37765995661417645,0.11440279,0.3447686,0.042648453,0.30586791038513184,0.04385890448950523,0.1880809728925675,0.02448690356161355,0.1057604153951009,0.09042451633320947,0.2610462368270356,0.04753163493489113,0.10522174835205078,0.10185271839935929,0.3414520835170287,0.04453588650826248
