N,Norm,Lambda,Gamma,K,LR_Entire_Time,LR_Entire_MAE,LR_Entire_RMSE,LR_Entire_MAD,LR_Cluster_Time_Avg,LR_Cluster_MAE_Avg,LR_Cluster_RMSE_Avg,LR_Cluster_MAD_Avg,LR_Euc_Time_Avg,LR_Euc_MAE_Avg,LR_Euc_RMSE_Avg,LR_Euc_MAD_Avg,RF_Entire_Time,RF_Entire_MAE,RF_Entire_RMSE,RF_Entire_MAD,RF_Cluster_Time_Avg,RF_Cluster_MAE_Avg,RF_Cluster_RMSE_Avg,RF_Cluster_MAD_Avg,RF_Euc_Time_Avg,RF_Euc_MAE_Avg,RF_Euc_RMSE_Avg,RF_Euc_MAD_Avg,NN_Entire_Time,NN_Entire_MAE,NN_Entire_RMSE,NN_Entire_MAD,NN_Cluster_Time_Avg,NN_Cluster_MAE_Avg,NN_Cluster_RMSE_Avg,NN_Cluster_MAD_Avg,NN_Euc_Time_Avg,NN_Euc_MAE_Avg,NN_Euc_RMSE_Avg,NN_Euc_MAD_Avg,GP_Entire_Time,GP_Entire_MAE,GP_Entire_RMSE,GP_Entire_MAD,GP_Cluster_Time_Avg,GP_Cluster_MAE_Avg,GP_Cluster_RMSE_Avg,GP_Cluster_MAD_Avg,GP_Euc_Time_Avg,GP_Euc_MAE_Avg,GP_Euc_RMSE_Avg,GP_Euc_MAD_Avg,GB_Entire_Time,GB_Entire_MAE,GB_Entire_RMSE,GB_Entire_MAD,GB_Cluster_Time_Avg,GB_Cluster_MAE_Avg,GB_Cluster_RMSE_Avg,GB_Cluster_MAD_Avg,GB_Euc_Time_Avg,GB_Euc_MAE_Avg,GB_Euc_RMSE_Avg,GB_Euc_MAD_Avg
5000,1,0.9,1.0,3,0.0007429122924804688,0.06606716257040125,0.2627241057286416,0.044473382092633296,0.00040729840596516925,0.09486839283505814,0.22914085463515954,0.06644197441895865,0.000337680180867513,0.149733560456411,0.3647854157816206,0.09748775854860875,0.7716231346130371,0.04343748018186311,0.19417624492467273,0.02004890207836591,0.26154502232869464,0.09869846328078946,0.28416654019514215,0.04568299640849749,0.2559199333190918,0.09626363408530075,0.28287997931111564,0.04511574975521258,0.9492459297180176,0.0725700899714717,0.24437245286281783,0.033358963852527984,0.2290209929148356,0.0962665711113692,0.2230331642961367,0.052115559146930134,0.18174227078755698,0.1345309827308654,0.35533448906736687,0.05215537286024332,2.692535161972046,0.07355382,0.24488336,0.027871609,0.41854532559712726,0.088253416,0.22411518,0.04510522,0.37476062774658203,0.11403299,0.345678,0.042668134,0.30667901039123535,0.04401608006523004,0.1904624458727518,0.02448690356161354,0.10575302441914876,0.09102025361469017,0.26446299721876615,0.0473730388515887,0.10448733965555827,0.1014415625977992,0.33965846006823713,0.044664828549578844
