N,Norm,Lambda,Gamma,K,LR_Entire_Time,LR_Entire_MAE,LR_Entire_RMSE,LR_Entire_MAD,LR_Cluster_Time_Avg,LR_Cluster_MAE_Avg,LR_Cluster_RMSE_Avg,LR_Cluster_MAD_Avg,LR_Euc_Time_Avg,LR_Euc_MAE_Avg,LR_Euc_RMSE_Avg,LR_Euc_MAD_Avg,RF_Entire_Time,RF_Entire_MAE,RF_Entire_RMSE,RF_Entire_MAD,RF_Cluster_Time_Avg,RF_Cluster_MAE_Avg,RF_Cluster_RMSE_Avg,RF_Cluster_MAD_Avg,RF_Euc_Time_Avg,RF_Euc_MAE_Avg,RF_Euc_RMSE_Avg,RF_Euc_MAD_Avg,NN_Entire_Time,NN_Entire_MAE,NN_Entire_RMSE,NN_Entire_MAD,NN_Cluster_Time_Avg,NN_Cluster_MAE_Avg,NN_Cluster_RMSE_Avg,NN_Cluster_MAD_Avg,NN_Euc_Time_Avg,NN_Euc_MAE_Avg,NN_Euc_RMSE_Avg,NN_Euc_MAD_Avg,GP_Entire_Time,GP_Entire_MAE,GP_Entire_RMSE,GP_Entire_MAD,GP_Cluster_Time_Avg,GP_Cluster_MAE_Avg,GP_Cluster_RMSE_Avg,GP_Cluster_MAD_Avg,GP_Euc_Time_Avg,GP_Euc_MAE_Avg,GP_Euc_RMSE_Avg,GP_Euc_MAD_Avg,GB_Entire_Time,GB_Entire_MAE,GB_Entire_RMSE,GB_Entire_MAD,GB_Cluster_Time_Avg,GB_Cluster_MAE_Avg,GB_Cluster_RMSE_Avg,GB_Cluster_MAD_Avg,GB_Euc_Time_Avg,GB_Euc_MAE_Avg,GB_Euc_RMSE_Avg,GB_Euc_MAD_Avg
500,2,0.5,1.0,4,0.0005331039428710938,0.04554139396076337,0.06322217389655631,0.03166617154606036,0.0003827810287475586,0.14766683900483232,0.40729910785468043,0.07245678959517823,0.00032079219818115234,0.1579505206000498,0.20729605280178617,0.11993514337159093,0.08537721633911133,0.03542234603435894,0.05527708911473666,0.022901695781255334,0.049952149391174316,0.127956281719062,0.23992780225461058,0.07718750788662224,0.04923826456069946,0.08040226652919906,0.1043949487978895,0.06243922919993268,0.04861116409301758,0.06567257267600571,0.09454939825471897,0.03576370416052943,0.03126758337020874,0.18985033755383368,0.4449846478240408,0.10024425963749484,0.023327291011810303,0.19729318308841126,0.2863768236884733,0.12041577062834437,0.09467387199401855,0.07147561,0.10188179,0.046482205,0.04585212469100952,0.14361505,0.29546657,0.070677884,0.038513243198394775,0.14690587,0.24036019,0.07968679,0.036416053771972656,0.033053655083277726,0.05436565526657556,0.020239565209988514,0.016462385654449463,0.09602878448547887,0.13691354506069447,0.0726380302564828,0.016117453575134277,0.08162708409443213,0.11035655527168688,0.05288042576344927
