N,Norm,Lambda,Gamma,K,LR_Entire_Time,LR_Entire_MAE,LR_Entire_RMSE,LR_Entire_MAD,LR_Cluster_Time_Avg,LR_Cluster_MAE_Avg,LR_Cluster_RMSE_Avg,LR_Cluster_MAD_Avg,LR_Euc_Time_Avg,LR_Euc_MAE_Avg,LR_Euc_RMSE_Avg,LR_Euc_MAD_Avg,RF_Entire_Time,RF_Entire_MAE,RF_Entire_RMSE,RF_Entire_MAD,RF_Cluster_Time_Avg,RF_Cluster_MAE_Avg,RF_Cluster_RMSE_Avg,RF_Cluster_MAD_Avg,RF_Euc_Time_Avg,RF_Euc_MAE_Avg,RF_Euc_RMSE_Avg,RF_Euc_MAD_Avg,NN_Entire_Time,NN_Entire_MAE,NN_Entire_RMSE,NN_Entire_MAD,NN_Cluster_Time_Avg,NN_Cluster_MAE_Avg,NN_Cluster_RMSE_Avg,NN_Cluster_MAD_Avg,NN_Euc_Time_Avg,NN_Euc_MAE_Avg,NN_Euc_RMSE_Avg,NN_Euc_MAD_Avg,GP_Entire_Time,GP_Entire_MAE,GP_Entire_RMSE,GP_Entire_MAD,GP_Cluster_Time_Avg,GP_Cluster_MAE_Avg,GP_Cluster_RMSE_Avg,GP_Cluster_MAD_Avg,GP_Euc_Time_Avg,GP_Euc_MAE_Avg,GP_Euc_RMSE_Avg,GP_Euc_MAD_Avg,GB_Entire_Time,GB_Entire_MAE,GB_Entire_RMSE,GB_Entire_MAD,GB_Cluster_Time_Avg,GB_Cluster_MAE_Avg,GB_Cluster_RMSE_Avg,GB_Cluster_MAD_Avg,GB_Euc_Time_Avg,GB_Euc_MAE_Avg,GB_Euc_RMSE_Avg,GB_Euc_MAD_Avg
10000,1,0.5,0.5,5,0.0011897087097167969,0.06792803101151079,0.3219772320780228,0.0359716131146422,0.0005552291870117188,0.1976276365809583,0.4720787853583152,0.12318786661152029,0.000579214096069336,0.1897523611746837,0.46220891377119566,0.11917088401090466,2.4899141788482666,0.047171855498125484,0.23276482152536213,0.018375132823684748,0.43979511260986326,0.15828812247225701,0.5048993914035271,0.06220926150546009,0.45217018127441405,0.17988014508106331,0.5260788424520262,0.06490486578984597,2.5117251873016357,0.07459514404147098,0.28320534879799625,0.029757736224635567,0.28338422775268557,0.17854267387508344,0.5089502529235298,0.07150865273272942,0.2284547805786133,0.15313409018220678,0.4284100359661392,0.06694672658554088,12.437187194824219,0.06991832,0.2588671,0.022121236,0.8606569766998291,0.15920606,0.4737832,0.05725081,0.998898983001709,0.1526371,0.47820982,0.059742115,0.9122021198272705,0.048527665790607216,0.23633556484880347,0.023290466776537205,0.18346147537231444,0.1556251202864249,0.5303900477890564,0.060084302110107145,0.1835390090942383,0.1682817478511687,0.5408879450637006,0.06311294367937173
