N,Norm,Lambda,Gamma,K,LR_Entire_Time,LR_Entire_MAE,LR_Entire_RMSE,LR_Entire_MAD,LR_Cluster_Time_Avg,LR_Cluster_MAE_Avg,LR_Cluster_RMSE_Avg,LR_Cluster_MAD_Avg,LR_Euc_Time_Avg,LR_Euc_MAE_Avg,LR_Euc_RMSE_Avg,LR_Euc_MAD_Avg,RF_Entire_Time,RF_Entire_MAE,RF_Entire_RMSE,RF_Entire_MAD,RF_Cluster_Time_Avg,RF_Cluster_MAE_Avg,RF_Cluster_RMSE_Avg,RF_Cluster_MAD_Avg,RF_Euc_Time_Avg,RF_Euc_MAE_Avg,RF_Euc_RMSE_Avg,RF_Euc_MAD_Avg,NN_Entire_Time,NN_Entire_MAE,NN_Entire_RMSE,NN_Entire_MAD,NN_Cluster_Time_Avg,NN_Cluster_MAE_Avg,NN_Cluster_RMSE_Avg,NN_Cluster_MAD_Avg,NN_Euc_Time_Avg,NN_Euc_MAE_Avg,NN_Euc_RMSE_Avg,NN_Euc_MAD_Avg,GP_Entire_Time,GP_Entire_MAE,GP_Entire_RMSE,GP_Entire_MAD,GP_Cluster_Time_Avg,GP_Cluster_MAE_Avg,GP_Cluster_RMSE_Avg,GP_Cluster_MAD_Avg,GP_Euc_Time_Avg,GP_Euc_MAE_Avg,GP_Euc_RMSE_Avg,GP_Euc_MAD_Avg,GB_Entire_Time,GB_Entire_MAE,GB_Entire_RMSE,GB_Entire_MAD,GB_Cluster_Time_Avg,GB_Cluster_MAE_Avg,GB_Cluster_RMSE_Avg,GB_Cluster_MAD_Avg,GB_Euc_Time_Avg,GB_Euc_MAE_Avg,GB_Euc_RMSE_Avg,GB_Euc_MAD_Avg
1000,2,0.9,1.0,6,0.0005450248718261719,0.03174555839505721,0.043465480669550194,0.023354845822268516,0.00038945674896240234,0.20440568628650116,0.30931982457903884,0.13519568948525645,0.00041695435841878253,0.14349864537881704,0.17935176655810428,0.12963595028592503,0.14000892639160156,0.027176937734420016,0.035969625043039084,0.02216504348600437,0.05122828483581543,0.15943117582651076,0.24999905923588794,0.10092612387721116,0.050687154134114586,0.1091884724527521,0.16016646774200452,0.07475902301728442,0.0504910945892334,0.05054458167514911,0.07202146297491464,0.036753556898681566,0.03862293561299642,0.15880900242059878,0.2457584113600447,0.10725763400022968,0.03829852739969889,0.13143261898911127,0.17437451769258347,0.10890852685778563,0.2100539207458496,0.047523502,0.08538143,0.030398354,0.04466132322947184,0.1482334,0.23683254,0.10153431,0.03912639617919922,0.11792902,0.17825367,0.08120518,0.06358194351196289,0.02305032624579658,0.029914363470159463,0.019896181155514614,0.017838676770528156,0.13834335390175112,0.20103847978333567,0.09341190731689843,0.01785147190093994,0.10643002800682262,0.14509703139523014,0.08206848451356992
