N,Norm,Lambda,Gamma,K,LR_Entire_Time,LR_Entire_MAE,LR_Entire_RMSE,LR_Entire_MAD,LR_Cluster_Time_Avg,LR_Cluster_MAE_Avg,LR_Cluster_RMSE_Avg,LR_Cluster_MAD_Avg,LR_Euc_Time_Avg,LR_Euc_MAE_Avg,LR_Euc_RMSE_Avg,LR_Euc_MAD_Avg,RF_Entire_Time,RF_Entire_MAE,RF_Entire_RMSE,RF_Entire_MAD,RF_Cluster_Time_Avg,RF_Cluster_MAE_Avg,RF_Cluster_RMSE_Avg,RF_Cluster_MAD_Avg,RF_Euc_Time_Avg,RF_Euc_MAE_Avg,RF_Euc_RMSE_Avg,RF_Euc_MAD_Avg,NN_Entire_Time,NN_Entire_MAE,NN_Entire_RMSE,NN_Entire_MAD,NN_Cluster_Time_Avg,NN_Cluster_MAE_Avg,NN_Cluster_RMSE_Avg,NN_Cluster_MAD_Avg,NN_Euc_Time_Avg,NN_Euc_MAE_Avg,NN_Euc_RMSE_Avg,NN_Euc_MAD_Avg,GP_Entire_Time,GP_Entire_MAE,GP_Entire_RMSE,GP_Entire_MAD,GP_Cluster_Time_Avg,GP_Cluster_MAE_Avg,GP_Cluster_RMSE_Avg,GP_Cluster_MAD_Avg,GP_Euc_Time_Avg,GP_Euc_MAE_Avg,GP_Euc_RMSE_Avg,GP_Euc_MAD_Avg,GB_Entire_Time,GB_Entire_MAE,GB_Entire_RMSE,GB_Entire_MAD,GB_Cluster_Time_Avg,GB_Cluster_MAE_Avg,GB_Cluster_RMSE_Avg,GB_Cluster_MAD_Avg,GB_Euc_Time_Avg,GB_Euc_MAE_Avg,GB_Euc_RMSE_Avg,GB_Euc_MAD_Avg
1000,1,0.5,2.0,7,0.0004200935363769531,0.03174555839505721,0.043465480669550194,0.023354845822268516,0.00039427621023995537,0.17999935904036884,0.3338014969627681,0.11519308458585284,0.00033923557826450894,0.24114744200741556,0.497433010418103,0.13447214769055482,0.14236807823181152,0.026869177869080357,0.03592760141435042,0.02036800322209581,0.04904508590698242,0.2033978977970921,0.30121471326974597,0.14209355494503811,0.04788878985813686,0.17842956994416873,0.33695463384262053,0.10958981058502289,0.05646824836730957,0.06034971024943401,0.08264107262684313,0.04797667713141113,0.03055988039289202,0.20474403084443965,0.3541998329742316,0.12685649788513884,0.025275094168526784,0.23130973443123426,0.47462066911967576,0.12954867729954095,0.1884748935699463,0.047523502,0.08538143,0.030398354,0.0426912648337228,0.21108648,0.3717451,0.13055821,0.038849830627441406,0.22839884,0.5366344,0.09300195,0.06278300285339355,0.02305141115211763,0.029976925163215158,0.019896181155514614,0.0168435914175851,0.1744249894514695,0.2498385100874749,0.12140140204825152,0.01655987330845424,0.1610474676091395,0.24959598581314985,0.1105196557461346
