N,Norm,Lambda,Gamma,K,LR_Entire_Time,LR_Entire_MAE,LR_Entire_RMSE,LR_Entire_MAD,LR_Cluster_Time_Avg,LR_Cluster_MAE_Avg,LR_Cluster_RMSE_Avg,LR_Cluster_MAD_Avg,LR_Euc_Time_Avg,LR_Euc_MAE_Avg,LR_Euc_RMSE_Avg,LR_Euc_MAD_Avg,RF_Entire_Time,RF_Entire_MAE,RF_Entire_RMSE,RF_Entire_MAD,RF_Cluster_Time_Avg,RF_Cluster_MAE_Avg,RF_Cluster_RMSE_Avg,RF_Cluster_MAD_Avg,RF_Euc_Time_Avg,RF_Euc_MAE_Avg,RF_Euc_RMSE_Avg,RF_Euc_MAD_Avg,NN_Entire_Time,NN_Entire_MAE,NN_Entire_RMSE,NN_Entire_MAD,NN_Cluster_Time_Avg,NN_Cluster_MAE_Avg,NN_Cluster_RMSE_Avg,NN_Cluster_MAD_Avg,NN_Euc_Time_Avg,NN_Euc_MAE_Avg,NN_Euc_RMSE_Avg,NN_Euc_MAD_Avg,GP_Entire_Time,GP_Entire_MAE,GP_Entire_RMSE,GP_Entire_MAD,GP_Cluster_Time_Avg,GP_Cluster_MAE_Avg,GP_Cluster_RMSE_Avg,GP_Cluster_MAD_Avg,GP_Euc_Time_Avg,GP_Euc_MAE_Avg,GP_Euc_RMSE_Avg,GP_Euc_MAD_Avg,GB_Entire_Time,GB_Entire_MAE,GB_Entire_RMSE,GB_Entire_MAD,GB_Cluster_Time_Avg,GB_Cluster_MAE_Avg,GB_Cluster_RMSE_Avg,GB_Cluster_MAD_Avg,GB_Euc_Time_Avg,GB_Euc_MAE_Avg,GB_Euc_RMSE_Avg,GB_Euc_MAD_Avg
100,2,0.1,1.0,5,0.0002770423889160156,0.19598571368711998,0.2658167496676893,0.12690348231686688,0.000307464599609375,0.38004057672611,0.41121368324713287,0.34886090017975613,0.00027785301208496096,0.4007447265730434,0.4565610032085704,0.3078634957211154,0.044783830642700195,0.034364672526642326,0.04283693101502624,0.02929365177078537,0.04061017036437988,0.42149580528549785,0.5753560470941628,0.2151772721004379,0.03899965286254883,0.241838777306476,0.2928096639865937,0.20282852691177125,0.02467513084411621,0.2514148006915523,0.3706844246754648,0.11161415144303738,0.011485862731933593,0.7011112109445448,0.7414686888630243,0.69304868718793,0.009429216384887695,0.33193742451530717,0.3530879812675255,0.30794971996571235,0.03582000732421875,0.14043128,0.21644284,0.062149398,0.02925581932067871,0.40731353,0.51633525,0.2800881,0.029050779342651368,0.26822087,0.30627936,0.24485402,0.014426946640014648,0.03800970066544833,0.05439720562345907,0.023898651900638,0.010830831527709962,0.45242882502576515,0.6591408226874669,0.19169316772604877,0.010377120971679688,0.23059334348190644,0.2765372095452376,0.1824010333989045
