N,Norm,Lambda,Gamma,K,LR_Entire_Time,LR_Entire_MAE,LR_Entire_RMSE,LR_Entire_MAD,LR_Cluster_Time_Avg,LR_Cluster_MAE_Avg,LR_Cluster_RMSE_Avg,LR_Cluster_MAD_Avg,LR_Euc_Time_Avg,LR_Euc_MAE_Avg,LR_Euc_RMSE_Avg,LR_Euc_MAD_Avg,RF_Entire_Time,RF_Entire_MAE,RF_Entire_RMSE,RF_Entire_MAD,RF_Cluster_Time_Avg,RF_Cluster_MAE_Avg,RF_Cluster_RMSE_Avg,RF_Cluster_MAD_Avg,RF_Euc_Time_Avg,RF_Euc_MAE_Avg,RF_Euc_RMSE_Avg,RF_Euc_MAD_Avg,NN_Entire_Time,NN_Entire_MAE,NN_Entire_RMSE,NN_Entire_MAD,NN_Cluster_Time_Avg,NN_Cluster_MAE_Avg,NN_Cluster_RMSE_Avg,NN_Cluster_MAD_Avg,NN_Euc_Time_Avg,NN_Euc_MAE_Avg,NN_Euc_RMSE_Avg,NN_Euc_MAD_Avg,GP_Entire_Time,GP_Entire_MAE,GP_Entire_RMSE,GP_Entire_MAD,GP_Cluster_Time_Avg,GP_Cluster_MAE_Avg,GP_Cluster_RMSE_Avg,GP_Cluster_MAD_Avg,GP_Euc_Time_Avg,GP_Euc_MAE_Avg,GP_Euc_RMSE_Avg,GP_Euc_MAD_Avg,GB_Entire_Time,GB_Entire_MAE,GB_Entire_RMSE,GB_Entire_MAD,GB_Cluster_Time_Avg,GB_Cluster_MAE_Avg,GB_Cluster_RMSE_Avg,GB_Cluster_MAD_Avg,GB_Euc_Time_Avg,GB_Euc_MAE_Avg,GB_Euc_RMSE_Avg,GB_Euc_MAD_Avg
100,2,0.5,0.5,5,0.0003352165222167969,0.19598571368711998,0.2658167496676893,0.12690348231686688,0.0002872467041015625,0.38004057672611,0.41121368324713287,0.34886090017975613,0.00024976730346679685,0.4007447265730434,0.4565610032085704,0.3078634957211154,0.043910980224609375,0.035943444322577144,0.04549751378383199,0.03177079415054203,0.04033560752868652,0.4234041337457783,0.5677516221173091,0.2530110168253664,0.03914499282836914,0.23127343515857487,0.2901458603692385,0.1796750268416601,0.02572178840637207,0.2489283221895236,0.3722314053493921,0.10433619084335324,0.009217023849487305,0.37101947770045096,0.4071527161647679,0.3717658063473425,0.01023397445678711,0.2727177811159645,0.2988949235117088,0.2730568930296419,0.03766298294067383,0.14043128,0.21644284,0.062149398,0.029940319061279298,0.40731353,0.51633525,0.2800881,0.030303192138671876,0.26822087,0.30627936,0.24485402,0.01453089714050293,0.035292024390667455,0.04787148300939132,0.02389865190063803,0.010926437377929688,0.46194974251025167,0.6714852702430397,0.20970335206145715,0.010622930526733399,0.23258637416413572,0.2789498646950675,0.1879692762220574
