N,Norm,Lambda,Gamma,K,LR_Entire_Time,LR_Entire_MAE,LR_Entire_RMSE,LR_Entire_MAD,LR_Cluster_Time_Avg,LR_Cluster_MAE_Avg,LR_Cluster_RMSE_Avg,LR_Cluster_MAD_Avg,LR_Euc_Time_Avg,LR_Euc_MAE_Avg,LR_Euc_RMSE_Avg,LR_Euc_MAD_Avg,RF_Entire_Time,RF_Entire_MAE,RF_Entire_RMSE,RF_Entire_MAD,RF_Cluster_Time_Avg,RF_Cluster_MAE_Avg,RF_Cluster_RMSE_Avg,RF_Cluster_MAD_Avg,RF_Euc_Time_Avg,RF_Euc_MAE_Avg,RF_Euc_RMSE_Avg,RF_Euc_MAD_Avg,NN_Entire_Time,NN_Entire_MAE,NN_Entire_RMSE,NN_Entire_MAD,NN_Cluster_Time_Avg,NN_Cluster_MAE_Avg,NN_Cluster_RMSE_Avg,NN_Cluster_MAD_Avg,NN_Euc_Time_Avg,NN_Euc_MAE_Avg,NN_Euc_RMSE_Avg,NN_Euc_MAD_Avg,GP_Entire_Time,GP_Entire_MAE,GP_Entire_RMSE,GP_Entire_MAD,GP_Cluster_Time_Avg,GP_Cluster_MAE_Avg,GP_Cluster_RMSE_Avg,GP_Cluster_MAD_Avg,GP_Euc_Time_Avg,GP_Euc_MAE_Avg,GP_Euc_RMSE_Avg,GP_Euc_MAD_Avg,GB_Entire_Time,GB_Entire_MAE,GB_Entire_RMSE,GB_Entire_MAD,GB_Cluster_Time_Avg,GB_Cluster_MAE_Avg,GB_Cluster_RMSE_Avg,GB_Cluster_MAD_Avg,GB_Euc_Time_Avg,GB_Euc_MAE_Avg,GB_Euc_RMSE_Avg,GB_Euc_MAD_Avg
500,2,0.1,2.0,3,0.0004220008850097656,0.04554139396076337,0.06322217389655631,0.03166617154606036,0.00044004122416178387,0.1074894934028268,0.34712811407786576,0.043495797090600245,0.0004543463389078776,0.27618815225710247,1.0147403203107357,0.05580047882265921,0.08671998977661133,0.034542312708654134,0.05475920213084506,0.021810317996565513,0.05193026860555013,0.10424822101584903,0.22007088638274575,0.05590209317242214,0.05339399973551432,0.2793562192976919,1.0128801133433105,0.05097890695639884,0.07706809043884277,0.06097629618938318,0.08426984355897474,0.04662118270315024,0.02732737859090169,0.1416841323332909,0.3754080420906622,0.06733694922386314,0.0292969544728597,0.29676074304094596,1.0163268057885129,0.07775478138984289,0.09715628623962402,0.07147561,0.10188179,0.046482205,0.05269392331441244,0.15433902,0.3164414,0.07122023,0.04412961006164551,0.28728575,1.0126005,0.061822545,0.03614997863769531,0.0330527082259375,0.05432669196505604,0.020239565209988458,0.01809080441792806,0.08704492476573662,0.15857225717471543,0.045924544301422475,0.01776734987894694,0.28130751997213566,1.0126535347170673,0.05239476660241127
