N,Norm,Lambda,Gamma,K,LR_Entire_Time,LR_Entire_MAE,LR_Entire_RMSE,LR_Entire_MAD,LR_Cluster_Time_Avg,LR_Cluster_MAE_Avg,LR_Cluster_RMSE_Avg,LR_Cluster_MAD_Avg,LR_Euc_Time_Avg,LR_Euc_MAE_Avg,LR_Euc_RMSE_Avg,LR_Euc_MAD_Avg,RF_Entire_Time,RF_Entire_MAE,RF_Entire_RMSE,RF_Entire_MAD,RF_Cluster_Time_Avg,RF_Cluster_MAE_Avg,RF_Cluster_RMSE_Avg,RF_Cluster_MAD_Avg,RF_Euc_Time_Avg,RF_Euc_MAE_Avg,RF_Euc_RMSE_Avg,RF_Euc_MAD_Avg,NN_Entire_Time,NN_Entire_MAE,NN_Entire_RMSE,NN_Entire_MAD,NN_Cluster_Time_Avg,NN_Cluster_MAE_Avg,NN_Cluster_RMSE_Avg,NN_Cluster_MAD_Avg,NN_Euc_Time_Avg,NN_Euc_MAE_Avg,NN_Euc_RMSE_Avg,NN_Euc_MAD_Avg,GP_Entire_Time,GP_Entire_MAE,GP_Entire_RMSE,GP_Entire_MAD,GP_Cluster_Time_Avg,GP_Cluster_MAE_Avg,GP_Cluster_RMSE_Avg,GP_Cluster_MAD_Avg,GP_Euc_Time_Avg,GP_Euc_MAE_Avg,GP_Euc_RMSE_Avg,GP_Euc_MAD_Avg,GB_Entire_Time,GB_Entire_MAE,GB_Entire_RMSE,GB_Entire_MAD,GB_Cluster_Time_Avg,GB_Cluster_MAE_Avg,GB_Cluster_RMSE_Avg,GB_Cluster_MAD_Avg,GB_Euc_Time_Avg,GB_Euc_MAE_Avg,GB_Euc_RMSE_Avg,GB_Euc_MAD_Avg
5000,1,0.5,1.0,3,0.0006742477416992188,0.06606716257040125,0.2627241057286416,0.044473382092633296,0.00036136309305826825,0.09486839283505814,0.22914085463515954,0.06644197441895865,0.0003159840901692708,0.149733560456411,0.3647854157816206,0.09748775854860875,0.7843210697174072,0.04231403596007461,0.1955987824798236,0.019753381018001864,0.2662047545115153,0.09856577624366249,0.28952653619648505,0.045776031380184164,0.2548612753550212,0.0972056320343394,0.2846220427323814,0.04453965024776662,0.8476278781890869,0.07297904307547268,0.24638163070290353,0.03532222757150644,0.25182437896728516,0.09754982615276549,0.22517983687403365,0.055531264927349354,0.2282406489054362,0.14139898248336102,0.3624773631917703,0.059960790561713974,2.6945178508758545,0.07532683,0.2455052,0.030209452,0.4008599917093913,0.0900409,0.22537585,0.046580046,0.3658117453257243,0.11311031,0.34435797,0.04227786,0.3096919059753418,0.04377760317654352,0.18663152758725024,0.024468698072139687,0.1047821044921875,0.090136007775611,0.259461734968996,0.046955192750876756,0.10620927810668945,0.10143643732261674,0.33911762447278965,0.04462166774322191
