N,Norm,Lambda,Gamma,K,LR_Entire_Time,LR_Entire_MAE,LR_Entire_RMSE,LR_Entire_MAD,LR_Cluster_Time_Avg,LR_Cluster_MAE_Avg,LR_Cluster_RMSE_Avg,LR_Cluster_MAD_Avg,LR_Euc_Time_Avg,LR_Euc_MAE_Avg,LR_Euc_RMSE_Avg,LR_Euc_MAD_Avg,RF_Entire_Time,RF_Entire_MAE,RF_Entire_RMSE,RF_Entire_MAD,RF_Cluster_Time_Avg,RF_Cluster_MAE_Avg,RF_Cluster_RMSE_Avg,RF_Cluster_MAD_Avg,RF_Euc_Time_Avg,RF_Euc_MAE_Avg,RF_Euc_RMSE_Avg,RF_Euc_MAD_Avg,NN_Entire_Time,NN_Entire_MAE,NN_Entire_RMSE,NN_Entire_MAD,NN_Cluster_Time_Avg,NN_Cluster_MAE_Avg,NN_Cluster_RMSE_Avg,NN_Cluster_MAD_Avg,NN_Euc_Time_Avg,NN_Euc_MAE_Avg,NN_Euc_RMSE_Avg,NN_Euc_MAD_Avg,GP_Entire_Time,GP_Entire_MAE,GP_Entire_RMSE,GP_Entire_MAD,GP_Cluster_Time_Avg,GP_Cluster_MAE_Avg,GP_Cluster_RMSE_Avg,GP_Cluster_MAD_Avg,GP_Euc_Time_Avg,GP_Euc_MAE_Avg,GP_Euc_RMSE_Avg,GP_Euc_MAD_Avg,GB_Entire_Time,GB_Entire_MAE,GB_Entire_RMSE,GB_Entire_MAD,GB_Cluster_Time_Avg,GB_Cluster_MAE_Avg,GB_Cluster_RMSE_Avg,GB_Cluster_MAD_Avg,GB_Euc_Time_Avg,GB_Euc_MAE_Avg,GB_Euc_RMSE_Avg,GB_Euc_MAD_Avg
10000,2,0.1,2.0,7,0.0010268688201904297,0.06792803101151079,0.3219772320780228,0.0359716131146422,0.0003677436283656529,0.17453932800792796,0.35375502205889614,0.1302375751218455,0.00030122484479631694,0.2171414784446725,0.402775286262579,0.15111334666271622,1.7194280624389648,0.046855952077746496,0.2343596561000375,0.017759011118544277,0.22762625558035715,0.1636455665377081,0.3595417238791147,0.09598782396763728,0.2252227238246373,0.18425114744192642,0.41992344334558146,0.09169080540608206,1.9083890914916992,0.0778602260836283,0.2906500821411534,0.02968241581198766,0.23204592296055385,0.14586708271665416,0.32891271863578553,0.086922208901854,0.2061610221862793,0.1641367431535589,0.361647247043534,0.08017884699223075,9.530356168746948,0.06920355,0.26000902,0.02108346,0.3357876368931362,0.14364879,0.32245728,0.08741272,0.3328110831124442,0.16222622,0.36575368,0.08007698,0.6365108489990234,0.04852856865218312,0.2363451402262571,0.023290466776537094,0.10157445498875209,0.14817742033357004,0.3342341539684492,0.09026197625416067,0.09430626460484096,0.17603299501254924,0.4150975019638503,0.091209215352873
