N,Norm,Lambda,Gamma,K,LR_Entire_Time,LR_Entire_MAE,LR_Entire_RMSE,LR_Entire_MAD,LR_Cluster_Time_Avg,LR_Cluster_MAE_Avg,LR_Cluster_RMSE_Avg,LR_Cluster_MAD_Avg,LR_Euc_Time_Avg,LR_Euc_MAE_Avg,LR_Euc_RMSE_Avg,LR_Euc_MAD_Avg,RF_Entire_Time,RF_Entire_MAE,RF_Entire_RMSE,RF_Entire_MAD,RF_Cluster_Time_Avg,RF_Cluster_MAE_Avg,RF_Cluster_RMSE_Avg,RF_Cluster_MAD_Avg,RF_Euc_Time_Avg,RF_Euc_MAE_Avg,RF_Euc_RMSE_Avg,RF_Euc_MAD_Avg,NN_Entire_Time,NN_Entire_MAE,NN_Entire_RMSE,NN_Entire_MAD,NN_Cluster_Time_Avg,NN_Cluster_MAE_Avg,NN_Cluster_RMSE_Avg,NN_Cluster_MAD_Avg,NN_Euc_Time_Avg,NN_Euc_MAE_Avg,NN_Euc_RMSE_Avg,NN_Euc_MAD_Avg,GP_Entire_Time,GP_Entire_MAE,GP_Entire_RMSE,GP_Entire_MAD,GP_Cluster_Time_Avg,GP_Cluster_MAE_Avg,GP_Cluster_RMSE_Avg,GP_Cluster_MAD_Avg,GP_Euc_Time_Avg,GP_Euc_MAE_Avg,GP_Euc_RMSE_Avg,GP_Euc_MAD_Avg,GB_Entire_Time,GB_Entire_MAE,GB_Entire_RMSE,GB_Entire_MAD,GB_Cluster_Time_Avg,GB_Cluster_MAE_Avg,GB_Cluster_RMSE_Avg,GB_Cluster_MAD_Avg,GB_Euc_Time_Avg,GB_Euc_MAE_Avg,GB_Euc_RMSE_Avg,GB_Euc_MAD_Avg
5000,2,0.5,2.0,3,0.0009431838989257812,0.06606716257040125,0.2627241057286416,0.044473382092633296,0.0004737377166748047,0.09486839283505814,0.22914085463515954,0.06644197441895865,0.0003286997477213542,0.149733560456411,0.3647854157816206,0.09748775854860875,0.7748680114746094,0.041925597206686205,0.19358268581573362,0.020772887131590534,0.26285386085510254,0.09814606837551194,0.28728049731648986,0.04776165318983001,0.25499916076660156,0.09347197713838822,0.2705097842896711,0.044066192001688896,0.46707868576049805,0.07416523969448531,0.2515414112293814,0.03351573023687737,0.2067103385925293,0.0973094057502556,0.22304924651046007,0.055017291580354656,0.16860572497049967,0.13868467416505978,0.352796085828519,0.05667969250435517,2.931877851486206,0.07397451,0.24563172,0.028435066,0.44846614201863605,0.088426046,0.22399016,0.045173395,0.3809323310852051,0.11698831,0.34685352,0.042007625,0.3045928478240967,0.04381069805662689,0.18865083855821813,0.02446869807213956,0.10395296414693196,0.09049055283654024,0.26078305212071806,0.04717279022229093,0.10466543833414714,0.10115183774194562,0.33819556512024435,0.044664828549578865
