N,Norm,Lambda,Gamma,K,LR_Entire_Time,LR_Entire_MAE,LR_Entire_RMSE,LR_Entire_MAD,LR_Cluster_Time_Avg,LR_Cluster_MAE_Avg,LR_Cluster_RMSE_Avg,LR_Cluster_MAD_Avg,LR_Cluster_MAE_Median,LR_Cluster_RMSE_Median,LR_Cluster_MAD_Median,RF_Entire_Time,RF_Entire_MAE,RF_Entire_RMSE,RF_Entire_MAD,RF_Cluster_Time_Avg,RF_Cluster_MAE_Avg,RF_Cluster_RMSE_Avg,RF_Cluster_MAD_Avg,RF_Cluster_MAE_Median,RF_Cluster_RMSE_Median,RF_Cluster_MAD_Median,NN_Entire_Time,NN_Entire_MAE,NN_Entire_RMSE,NN_Entire_MAD,NN_Cluster_Time_Avg,NN_Cluster_MAE_Avg,NN_Cluster_RMSE_Avg,NN_Cluster_MAD_Avg,NN_Cluster_MAE_Median,NN_Cluster_RMSE_Median,NN_Cluster_MAD_Median,GP_Entire_Time,GP_Entire_MAE,GP_Entire_RMSE,GP_Entire_MAD,GP_Cluster_Time_Avg,GP_Cluster_MAE_Avg,GP_Cluster_RMSE_Avg,GP_Cluster_MAD_Avg,GP_Cluster_MAE_Median,GP_Cluster_RMSE_Median,GP_Cluster_MAD_Median,GB_Entire_Time,GB_Entire_MAE,GB_Entire_RMSE,GB_Entire_MAD,GB_Cluster_Time_Avg,GB_Cluster_MAE_Avg,GB_Cluster_RMSE_Avg,GB_Cluster_MAD_Avg,GB_Cluster_MAE_Median,GB_Cluster_RMSE_Median,GB_Cluster_MAD_Median
10000,2,0.1,2.0,3,0.0015521049499511719,0.0711493164406142,0.34865177023578486,0.037222118158097006,0.0010080337524414062,0.061095529703721285,0.20245951291875663,0.04171597546760536,0.06776208647110535,0.2623179982606368,0.04397761117555721,1.6170299053192139,0.04253813038192097,0.20689321939144925,0.01762091731697113,0.4495050112406413,0.029532510444102,0.07727328397553217,0.01589469753729208,0.030373134600752333,0.07982288759445264,0.014929847137409302,2.480879068374634,0.07203502873323622,0.27899423781688215,0.025730827674310702,0.6811020374298096,0.06424939411994918,0.20812801841475378,0.02725829133186468,0.06095589988568306,0.24309549354035367,0.028857909507794363,9.504629850387573,0.06217245,0.25417912,0.021109939,1.7686606248219807,0.05993546,0.19489606,0.02228654,0.059288140386343,0.1922958642244339,0.02390289306640625,0.5992200374603271,0.04598079816733276,0.19489017844439732,0.022916511687969876,0.18117165565490723,0.03126507600430147,0.09028834294554573,0.01948739592559821,0.03255393019148031,0.06126221647683132,0.018641612062474944
