N,Norm,Lambda,Gamma,K,LR_Entire_Time,LR_Entire_MAE,LR_Entire_RMSE,LR_Entire_MAD,LR_Cluster_Time_Avg,LR_Cluster_MAE_Avg,LR_Cluster_RMSE_Avg,LR_Cluster_MAD_Avg,LR_Euc_Time_Avg,LR_Euc_MAE_Avg,LR_Euc_RMSE_Avg,LR_Euc_MAD_Avg,RF_Entire_Time,RF_Entire_MAE,RF_Entire_RMSE,RF_Entire_MAD,RF_Cluster_Time_Avg,RF_Cluster_MAE_Avg,RF_Cluster_RMSE_Avg,RF_Cluster_MAD_Avg,RF_Euc_Time_Avg,RF_Euc_MAE_Avg,RF_Euc_RMSE_Avg,RF_Euc_MAD_Avg,NN_Entire_Time,NN_Entire_MAE,NN_Entire_RMSE,NN_Entire_MAD,NN_Cluster_Time_Avg,NN_Cluster_MAE_Avg,NN_Cluster_RMSE_Avg,NN_Cluster_MAD_Avg,NN_Euc_Time_Avg,NN_Euc_MAE_Avg,NN_Euc_RMSE_Avg,NN_Euc_MAD_Avg,GP_Entire_Time,GP_Entire_MAE,GP_Entire_RMSE,GP_Entire_MAD,GP_Cluster_Time_Avg,GP_Cluster_MAE_Avg,GP_Cluster_RMSE_Avg,GP_Cluster_MAD_Avg,GP_Euc_Time_Avg,GP_Euc_MAE_Avg,GP_Euc_RMSE_Avg,GP_Euc_MAD_Avg,GB_Entire_Time,GB_Entire_MAE,GB_Entire_RMSE,GB_Entire_MAD,GB_Cluster_Time_Avg,GB_Cluster_MAE_Avg,GB_Cluster_RMSE_Avg,GB_Cluster_MAD_Avg,GB_Euc_Time_Avg,GB_Euc_MAE_Avg,GB_Euc_RMSE_Avg,GB_Euc_MAD_Avg
1000,1,0.1,2.0,3,0.0005698204040527344,0.03174555839505721,0.043465480669550194,0.023354845822268516,0.00048089027404785156,0.07452498042771533,0.10859604046442277,0.05252846897306126,0.00036207834879557293,0.1329384955209603,0.48559749515247447,0.06925113678467147,0.14213204383850098,0.027681957096205644,0.036241454565264855,0.022377423453393053,0.07047494252522786,0.0701620490781759,0.10584707125479442,0.0449592002773925,0.06693720817565918,0.09550095480615635,0.24215338438253287,0.05524148587554628,0.047258853912353516,0.05500674799360521,0.07581532613605302,0.04067698551379473,0.040145556131998696,0.09285969763709932,0.13424701675539427,0.06023665364495532,0.04942464828491211,0.1491637963136941,0.4916654905373656,0.06840695701038714,0.20029401779174805,0.047523502,0.08538143,0.030398354,0.07033046086629231,0.09565455,0.1672859,0.052626017,0.06142687797546387,0.1241591,0.38527405,0.052032042,0.06303191184997559,0.023005167419971616,0.029893055730967816,0.01989618115551453,0.026957035064697266,0.06881659458804475,0.09980187324341887,0.05087364033051183,0.027179718017578125,0.07314736631127434,0.10844526948595057,0.05131419617904984
