N,Norm,Lambda,Gamma,K,LR_Entire_Time,LR_Entire_MAE,LR_Entire_RMSE,LR_Entire_MAD,LR_Cluster_Time_Avg,LR_Cluster_MAE_Avg,LR_Cluster_RMSE_Avg,LR_Cluster_MAD_Avg,LR_Euc_Time_Avg,LR_Euc_MAE_Avg,LR_Euc_RMSE_Avg,LR_Euc_MAD_Avg,RF_Entire_Time,RF_Entire_MAE,RF_Entire_RMSE,RF_Entire_MAD,RF_Cluster_Time_Avg,RF_Cluster_MAE_Avg,RF_Cluster_RMSE_Avg,RF_Cluster_MAD_Avg,RF_Euc_Time_Avg,RF_Euc_MAE_Avg,RF_Euc_RMSE_Avg,RF_Euc_MAD_Avg,NN_Entire_Time,NN_Entire_MAE,NN_Entire_RMSE,NN_Entire_MAD,NN_Cluster_Time_Avg,NN_Cluster_MAE_Avg,NN_Cluster_RMSE_Avg,NN_Cluster_MAD_Avg,NN_Euc_Time_Avg,NN_Euc_MAE_Avg,NN_Euc_RMSE_Avg,NN_Euc_MAD_Avg,GB_Entire_Time,GB_Entire_MAE,GB_Entire_RMSE,GB_Entire_MAD,GB_Cluster_Time_Avg,GB_Cluster_MAE_Avg,GB_Cluster_RMSE_Avg,GB_Cluster_MAD_Avg,GB_Euc_Time_Avg,GB_Euc_MAE_Avg,GB_Euc_RMSE_Avg,GB_Euc_MAD_Avg
50000,2,0.9,0.5,6,0.003604888916015625,0.06625561675942009,0.3233405659660932,0.03390383380555034,0.0010494391123453777,0.17194877097458963,0.4171797617636153,0.12168121694070566,0.0009704430898030599,0.20122471643992257,0.43971392570599005,0.13565499272950057,11.198798179626465,0.04325257944543671,0.21871086907661222,0.016010245081441554,1.62027374903361,0.14313507939610373,0.38224654846285727,0.08062526756395343,1.5942147970199585,0.14081887637109844,0.39571243733318623,0.06574704335404499,9.830443143844604,0.0495352057598556,0.22405863373816867,0.016326565491372652,0.9625024398167928,0.12199254138955606,0.36592489133121786,0.06242699554096607,0.5744348367055258,0.12422208200733874,0.3725104366402178,0.05743392627017762,3.3325040340423584,0.048248257869694625,0.2211312543263802,0.022824623588756393,0.5273475249608358,0.14133352834838817,0.3803497625371821,0.08872596131474847,0.5274680852890015,0.1420738635820963,0.3987557094742631,0.07460659703051906
