N,Norm,Lambda,Gamma,K,LR_Entire_Time,LR_Entire_MAE,LR_Entire_RMSE,LR_Entire_MAD,LR_Cluster_Time_Avg,LR_Cluster_MAE_Avg,LR_Cluster_RMSE_Avg,LR_Cluster_MAD_Avg,LR_Euc_Time_Avg,LR_Euc_MAE_Avg,LR_Euc_RMSE_Avg,LR_Euc_MAD_Avg,RF_Entire_Time,RF_Entire_MAE,RF_Entire_RMSE,RF_Entire_MAD,RF_Cluster_Time_Avg,RF_Cluster_MAE_Avg,RF_Cluster_RMSE_Avg,RF_Cluster_MAD_Avg,RF_Euc_Time_Avg,RF_Euc_MAE_Avg,RF_Euc_RMSE_Avg,RF_Euc_MAD_Avg,NN_Entire_Time,NN_Entire_MAE,NN_Entire_RMSE,NN_Entire_MAD,NN_Cluster_Time_Avg,NN_Cluster_MAE_Avg,NN_Cluster_RMSE_Avg,NN_Cluster_MAD_Avg,NN_Euc_Time_Avg,NN_Euc_MAE_Avg,NN_Euc_RMSE_Avg,NN_Euc_MAD_Avg,GP_Entire_Time,GP_Entire_MAE,GP_Entire_RMSE,GP_Entire_MAD,GP_Cluster_Time_Avg,GP_Cluster_MAE_Avg,GP_Cluster_RMSE_Avg,GP_Cluster_MAD_Avg,GP_Euc_Time_Avg,GP_Euc_MAE_Avg,GP_Euc_RMSE_Avg,GP_Euc_MAD_Avg,GB_Entire_Time,GB_Entire_MAE,GB_Entire_RMSE,GB_Entire_MAD,GB_Cluster_Time_Avg,GB_Cluster_MAE_Avg,GB_Cluster_RMSE_Avg,GB_Cluster_MAD_Avg,GB_Euc_Time_Avg,GB_Euc_MAE_Avg,GB_Euc_RMSE_Avg,GB_Euc_MAD_Avg
5000,2,0.1,0.5,7,0.0006511211395263672,0.06606716257040125,0.2627241057286416,0.044473382092633296,0.0003345693860735212,0.17516275162360556,0.2897534652005449,0.14132727955016613,0.000284160886492048,0.2309213956600825,0.4281767200218489,0.16803380215287375,0.7779488563537598,0.04304338082919475,0.19569283579204882,0.020519464666517717,0.11936204774039132,0.1589989305331701,0.29510253515035556,0.10076852759984181,0.11761937822614398,0.18530428324857637,0.41952517139754686,0.09941017392085187,0.5610239505767822,0.07236167925711968,0.24802751063909548,0.03357157591285176,0.11654513222830636,0.15225313971374074,0.2723234597318032,0.10112785676554459,0.09658268519810267,0.18448867918522524,0.40364844031048974,0.09901179759807159,2.6796438694000244,0.073939115,0.24511218,0.029222012,0.149921144757952,0.1513233,0.27103144,0.09450549,0.14273037229265487,0.18625943,0.42731166,0.098997764,0.3053009510040283,0.043733272369870124,0.18700282687890238,0.024486903561613555,0.04864672252110073,0.15040439897183136,0.29296180382785614,0.09372474914340281,0.048998934882027764,0.17627977034587583,0.42547654983546,0.09807287295104102
