N,Norm,Lambda,Gamma,K,LR_Entire_Time,LR_Entire_MAE,LR_Entire_RMSE,LR_Entire_MAD,LR_Cluster_Time_Avg,LR_Cluster_MAE_Avg,LR_Cluster_RMSE_Avg,LR_Cluster_MAD_Avg,LR_Euc_Time_Avg,LR_Euc_MAE_Avg,LR_Euc_RMSE_Avg,LR_Euc_MAD_Avg,RF_Entire_Time,RF_Entire_MAE,RF_Entire_RMSE,RF_Entire_MAD,RF_Cluster_Time_Avg,RF_Cluster_MAE_Avg,RF_Cluster_RMSE_Avg,RF_Cluster_MAD_Avg,RF_Euc_Time_Avg,RF_Euc_MAE_Avg,RF_Euc_RMSE_Avg,RF_Euc_MAD_Avg,NN_Entire_Time,NN_Entire_MAE,NN_Entire_RMSE,NN_Entire_MAD,NN_Cluster_Time_Avg,NN_Cluster_MAE_Avg,NN_Cluster_RMSE_Avg,NN_Cluster_MAD_Avg,NN_Euc_Time_Avg,NN_Euc_MAE_Avg,NN_Euc_RMSE_Avg,NN_Euc_MAD_Avg,GP_Entire_Time,GP_Entire_MAE,GP_Entire_RMSE,GP_Entire_MAD,GP_Cluster_Time_Avg,GP_Cluster_MAE_Avg,GP_Cluster_RMSE_Avg,GP_Cluster_MAD_Avg,GP_Euc_Time_Avg,GP_Euc_MAE_Avg,GP_Euc_RMSE_Avg,GP_Euc_MAD_Avg,GB_Entire_Time,GB_Entire_MAE,GB_Entire_RMSE,GB_Entire_MAD,GB_Cluster_Time_Avg,GB_Cluster_MAE_Avg,GB_Cluster_RMSE_Avg,GB_Cluster_MAD_Avg,GB_Euc_Time_Avg,GB_Euc_MAE_Avg,GB_Euc_RMSE_Avg,GB_Euc_MAD_Avg
1000,1,0.5,1.0,3,0.0005509853363037109,0.03174555839505721,0.043465480669550194,0.023354845822268516,0.0004696846008300781,0.07452498042771533,0.10859604046442277,0.05252846897306126,0.000370025634765625,0.1329384955209603,0.48559749515247447,0.06925113678467147,0.1416490077972412,0.027771205819262387,0.03673459144781588,0.02088257422277473,0.06901009877522786,0.06935600209627944,0.10383554961651971,0.04560481860466512,0.06690065066019694,0.0961290691154701,0.23271629447508715,0.05383130902293814,0.06602787971496582,0.052746637874636626,0.06918259970035415,0.040973964642374947,0.06110827128092448,0.0922103092380487,0.13151796813445504,0.06019566206276128,0.052486419677734375,0.15159738077341287,0.5012206549190484,0.06782400611925155,0.19959807395935059,0.047523502,0.08538143,0.030398354,0.0717766284942627,0.09565455,0.1672859,0.052626017,0.06170431772867838,0.1241591,0.38527405,0.052032042,0.0643620491027832,0.02293782537214276,0.029850449743369777,0.019598714559076386,0.027412017186482746,0.06988895401271229,0.10103925896139922,0.05029687934298268,0.026783148447672527,0.07308559428040814,0.10839437612295509,0.051354638489478334
