N,Norm,Lambda,Gamma,K,LR_Entire_Time,LR_Entire_MAE,LR_Entire_RMSE,LR_Entire_MAD,LR_Cluster_Time_Avg,LR_Cluster_MAE_Avg,LR_Cluster_RMSE_Avg,LR_Cluster_MAD_Avg,LR_Euc_Time_Avg,LR_Euc_MAE_Avg,LR_Euc_RMSE_Avg,LR_Euc_MAD_Avg,RF_Entire_Time,RF_Entire_MAE,RF_Entire_RMSE,RF_Entire_MAD,RF_Cluster_Time_Avg,RF_Cluster_MAE_Avg,RF_Cluster_RMSE_Avg,RF_Cluster_MAD_Avg,RF_Euc_Time_Avg,RF_Euc_MAE_Avg,RF_Euc_RMSE_Avg,RF_Euc_MAD_Avg,NN_Entire_Time,NN_Entire_MAE,NN_Entire_RMSE,NN_Entire_MAD,NN_Cluster_Time_Avg,NN_Cluster_MAE_Avg,NN_Cluster_RMSE_Avg,NN_Cluster_MAD_Avg,NN_Euc_Time_Avg,NN_Euc_MAE_Avg,NN_Euc_RMSE_Avg,NN_Euc_MAD_Avg,GP_Entire_Time,GP_Entire_MAE,GP_Entire_RMSE,GP_Entire_MAD,GP_Cluster_Time_Avg,GP_Cluster_MAE_Avg,GP_Cluster_RMSE_Avg,GP_Cluster_MAD_Avg,GP_Euc_Time_Avg,GP_Euc_MAE_Avg,GP_Euc_RMSE_Avg,GP_Euc_MAD_Avg,GB_Entire_Time,GB_Entire_MAE,GB_Entire_RMSE,GB_Entire_MAD,GB_Cluster_Time_Avg,GB_Cluster_MAE_Avg,GB_Cluster_RMSE_Avg,GB_Cluster_MAD_Avg,GB_Euc_Time_Avg,GB_Euc_MAE_Avg,GB_Euc_RMSE_Avg,GB_Euc_MAD_Avg
1000,2,0.1,1.0,5,0.00031113624572753906,0.03174555839505721,0.043465480669550194,0.023354845822268516,0.00028481483459472654,0.4005573135250855,0.49430241703849837,0.3876116733620981,0.0002521038055419922,0.20597234765336023,0.4975401491650316,0.11041285893666823,0.14271879196166992,0.026388696855969007,0.03471553785583059,0.021254102674723316,0.05359306335449219,0.20184708753471617,0.2802242815318934,0.13235506598025354,0.05458111763000488,0.14680244885768248,0.2857018675494193,0.09728461626144491,0.045665740966796875,0.05270134053414365,0.0844061242722735,0.037701089500064455,0.035987234115600585,0.21407826298226315,0.29729589924881444,0.13851708211894592,0.030868005752563477,0.2113738095328388,0.48384054270086113,0.09905695795610928,0.18202972412109375,0.047523502,0.08538143,0.030398354,0.04929981231689453,0.18205574,0.2593207,0.111642346,0.044156980514526364,0.22937259,0.5676478,0.12303834,0.06418681144714355,0.023060156643711888,0.02999583690664117,0.01989618115551464,0.019773054122924804,0.14992983467684587,0.22843093927724892,0.1060895824495717,0.019621849060058594,0.10814585181250136,0.15246797145094435,0.07254902748937117
