N,Norm,Lambda,Gamma,K,LR_Entire_Time,LR_Entire_MAE,LR_Entire_RMSE,LR_Entire_MAD,LR_Cluster_Time_Avg,LR_Cluster_MAE_Avg,LR_Cluster_RMSE_Avg,LR_Cluster_MAD_Avg,LR_Cluster_MAE_Median,LR_Cluster_RMSE_Median,LR_Cluster_MAD_Median,RF_Entire_Time,RF_Entire_MAE,RF_Entire_RMSE,RF_Entire_MAD,RF_Cluster_Time_Avg,RF_Cluster_MAE_Avg,RF_Cluster_RMSE_Avg,RF_Cluster_MAD_Avg,RF_Cluster_MAE_Median,RF_Cluster_RMSE_Median,RF_Cluster_MAD_Median,NN_Entire_Time,NN_Entire_MAE,NN_Entire_RMSE,NN_Entire_MAD,NN_Cluster_Time_Avg,NN_Cluster_MAE_Avg,NN_Cluster_RMSE_Avg,NN_Cluster_MAD_Avg,NN_Cluster_MAE_Median,NN_Cluster_RMSE_Median,NN_Cluster_MAD_Median,GP_Entire_Time,GP_Entire_MAE,GP_Entire_RMSE,GP_Entire_MAD,GP_Cluster_Time_Avg,GP_Cluster_MAE_Avg,GP_Cluster_RMSE_Avg,GP_Cluster_MAD_Avg,GP_Cluster_MAE_Median,GP_Cluster_RMSE_Median,GP_Cluster_MAD_Median,GB_Entire_Time,GB_Entire_MAE,GB_Entire_RMSE,GB_Entire_MAD,GB_Cluster_Time_Avg,GB_Cluster_MAE_Avg,GB_Cluster_RMSE_Avg,GB_Cluster_MAD_Avg,GB_Cluster_MAE_Median,GB_Cluster_RMSE_Median,GB_Cluster_MAD_Median
10000,1,0.1,0.5,3,0.0016398429870605469,0.0711493164406142,0.34865177023578486,0.037222118158097006,0.0008905728658040365,0.061095529703721285,0.20245951291875663,0.04171597546760536,0.06776208647110535,0.2623179982606368,0.04397761117555721,1.6009230613708496,0.043645000292396034,0.21090311946050488,0.017184578546744766,0.4521973133087158,0.029885010600484114,0.07859770646817175,0.016326185104390878,0.02971092210663216,0.08741347260586751,0.01553193534783981,2.178968667984009,0.07276081619692588,0.2850692884558449,0.02701593086025844,0.6212742328643799,0.06107954158522431,0.2106655139741506,0.022636695642321666,0.06156842520563076,0.24829711970736076,0.02316186545409979,9.680467128753662,0.060819205,0.25320837,0.01881525,1.7036482493082683,0.059626568,0.19509722,0.021498164,0.05896962806582451,0.1925705373287201,0.02192014455795288,0.6176037788391113,0.04604904176048601,0.19540941649911137,0.022916511687969987,0.18666990598042807,0.031447900384900744,0.09140015163029698,0.01948739592559821,0.03268666281604731,0.06455134833226278,0.018641612062474944
