N,Norm,Lambda,Gamma,K,LR_Entire_Time,LR_Entire_MAE,LR_Entire_RMSE,LR_Entire_MAD,LR_Cluster_Time_Avg,LR_Cluster_MAE_Avg,LR_Cluster_RMSE_Avg,LR_Cluster_MAD_Avg,LR_Cluster_MAE_Median,LR_Cluster_RMSE_Median,LR_Cluster_MAD_Median,RF_Entire_Time,RF_Entire_MAE,RF_Entire_RMSE,RF_Entire_MAD,RF_Cluster_Time_Avg,RF_Cluster_MAE_Avg,RF_Cluster_RMSE_Avg,RF_Cluster_MAD_Avg,RF_Cluster_MAE_Median,RF_Cluster_RMSE_Median,RF_Cluster_MAD_Median,NN_Entire_Time,NN_Entire_MAE,NN_Entire_RMSE,NN_Entire_MAD,NN_Cluster_Time_Avg,NN_Cluster_MAE_Avg,NN_Cluster_RMSE_Avg,NN_Cluster_MAD_Avg,NN_Cluster_MAE_Median,NN_Cluster_RMSE_Median,NN_Cluster_MAD_Median,GP_Entire_Time,GP_Entire_MAE,GP_Entire_RMSE,GP_Entire_MAD,GP_Cluster_Time_Avg,GP_Cluster_MAE_Avg,GP_Cluster_RMSE_Avg,GP_Cluster_MAD_Avg,GP_Cluster_MAE_Median,GP_Cluster_RMSE_Median,GP_Cluster_MAD_Median,GB_Entire_Time,GB_Entire_MAE,GB_Entire_RMSE,GB_Entire_MAD,GB_Cluster_Time_Avg,GB_Cluster_MAE_Avg,GB_Cluster_RMSE_Avg,GB_Cluster_MAD_Avg,GB_Cluster_MAE_Median,GB_Cluster_RMSE_Median,GB_Cluster_MAD_Median
1000,1,0.9,0.5,6,0.0007510185241699219,0.07572404595198262,0.3176633156201745,0.045674406410488144,0.0007114013036092123,0.1371784600715006,0.3673265998898685,0.06388429135975217,0.1012051128573998,0.24573547117614153,0.013323566403696085,0.13915514945983887,0.022384750256371343,0.031358879061338496,0.015826939276308405,0.05009448528289795,0.10895274133340839,0.3200241199315606,0.030026443671898457,0.06521083144439521,0.1015845582246136,0.028268226213858022,0.196793794631958,0.09449308898984606,0.3070242646300947,0.0383599318252527,0.021424492200215656,0.1337608328876143,0.34282857288319635,0.058152460349651554,0.1049750939508567,0.15361297279186792,0.05169075555157336,0.24514389038085938,0.09063805,0.28110394,0.036968112,0.045646985371907554,0.117181085,0.32445943,0.032554198,0.05926242843270302,0.09503373503684998,0.03039500117301941,0.05913805961608887,0.022176104439435428,0.02957783608284268,0.017535934789829705,0.0171511173248291,0.10400612590073516,0.31955296272551165,0.025278314524952137,0.05957328305343711,0.08918445221862434,0.024868488456483717
