N,Norm,Lambda,Gamma,K,LR_Entire_Time,LR_Entire_MAE,LR_Entire_RMSE,LR_Entire_MAD,LR_Cluster_Time_Avg,LR_Cluster_MAE_Avg,LR_Cluster_RMSE_Avg,LR_Cluster_MAD_Avg,LR_Euc_Time_Avg,LR_Euc_MAE_Avg,LR_Euc_RMSE_Avg,LR_Euc_MAD_Avg,RF_Entire_Time,RF_Entire_MAE,RF_Entire_RMSE,RF_Entire_MAD,RF_Cluster_Time_Avg,RF_Cluster_MAE_Avg,RF_Cluster_RMSE_Avg,RF_Cluster_MAD_Avg,RF_Euc_Time_Avg,RF_Euc_MAE_Avg,RF_Euc_RMSE_Avg,RF_Euc_MAD_Avg,NN_Entire_Time,NN_Entire_MAE,NN_Entire_RMSE,NN_Entire_MAD,NN_Cluster_Time_Avg,NN_Cluster_MAE_Avg,NN_Cluster_RMSE_Avg,NN_Cluster_MAD_Avg,NN_Euc_Time_Avg,NN_Euc_MAE_Avg,NN_Euc_RMSE_Avg,NN_Euc_MAD_Avg,GB_Entire_Time,GB_Entire_MAE,GB_Entire_RMSE,GB_Entire_MAD,GB_Cluster_Time_Avg,GB_Cluster_MAE_Avg,GB_Cluster_RMSE_Avg,GB_Cluster_MAD_Avg,GB_Euc_Time_Avg,GB_Euc_MAE_Avg,GB_Euc_RMSE_Avg,GB_Euc_MAD_Avg
100000,1,0.1,2.0,4,0.006624937057495117,0.0643103041422581,0.30043950634238437,0.03601264487927863,0.00296097993850708,0.11968057160127815,0.36660229281302537,0.07898799523118427,0.002054274082183838,0.1551439489605722,0.4137185066125712,0.09434256602327316,25.505470991134644,0.03962471028696033,0.19130774067378142,0.015009700968212608,5.786824464797974,0.09500785220345269,0.32156694934502117,0.047596965301206814,5.642286717891693,0.09640915596178981,0.3348777724938941,0.03885135088355253,11.288066864013672,0.05246241449244919,0.20633653168789526,0.022920436576143066,2.1107422709465027,0.08562498816262226,0.30581263471193,0.04417193484393246,1.7933969497680664,0.09629213226300555,0.32369348207180115,0.0446817639356006,6.645852088928223,0.043857708599515516,0.1906444378279276,0.021574883164358075,1.6140490174293518,0.0939763482983603,0.31457756792649977,0.055766103219203986,1.6119264364242554,0.09733562896648607,0.3327369681329994,0.0465874103669784
