N,Norm,Lambda,Gamma,K,LR_Entire_Time,LR_Entire_MAE,LR_Entire_RMSE,LR_Entire_MAD,LR_Cluster_Time_Avg,LR_Cluster_MAE_Avg,LR_Cluster_RMSE_Avg,LR_Cluster_MAD_Avg,LR_Cluster_MAE_Median,LR_Cluster_RMSE_Median,LR_Cluster_MAD_Median,RF_Entire_Time,RF_Entire_MAE,RF_Entire_RMSE,RF_Entire_MAD,RF_Cluster_Time_Avg,RF_Cluster_MAE_Avg,RF_Cluster_RMSE_Avg,RF_Cluster_MAD_Avg,RF_Cluster_MAE_Median,RF_Cluster_RMSE_Median,RF_Cluster_MAD_Median,NN_Entire_Time,NN_Entire_MAE,NN_Entire_RMSE,NN_Entire_MAD,NN_Cluster_Time_Avg,NN_Cluster_MAE_Avg,NN_Cluster_RMSE_Avg,NN_Cluster_MAD_Avg,NN_Cluster_MAE_Median,NN_Cluster_RMSE_Median,NN_Cluster_MAD_Median,GP_Entire_Time,GP_Entire_MAE,GP_Entire_RMSE,GP_Entire_MAD,GP_Cluster_Time_Avg,GP_Cluster_MAE_Avg,GP_Cluster_RMSE_Avg,GP_Cluster_MAD_Avg,GP_Cluster_MAE_Median,GP_Cluster_RMSE_Median,GP_Cluster_MAD_Median,GB_Entire_Time,GB_Entire_MAE,GB_Entire_RMSE,GB_Entire_MAD,GB_Cluster_Time_Avg,GB_Cluster_MAE_Avg,GB_Cluster_RMSE_Avg,GB_Cluster_MAD_Avg,GB_Cluster_MAE_Median,GB_Cluster_RMSE_Median,GB_Cluster_MAD_Median
10000,2,0.1,1.0,3,0.0012547969818115234,0.0711493164406142,0.34865177023578486,0.037222118158097006,0.0011696020762125652,0.061095529703721285,0.20245951291875663,0.04171597546760536,0.06776208647110535,0.2623179982606368,0.04397761117555721,1.6164968013763428,0.04265113215149209,0.19977174581852689,0.01718053587747176,0.44709189732869464,0.03009484342431624,0.08202564174202388,0.016068352641852135,0.029932962565704165,0.08349551688134295,0.015074844208676164,1.9365448951721191,0.08113665583591737,0.2873159395468716,0.037474021642825706,0.5868740876515707,0.06245882921825579,0.20464249481120148,0.027030393631758146,0.06790027817571964,0.24759612303052952,0.02452093776724605,9.413393020629883,0.061946116,0.25439164,0.0201357,1.7243655522664387,0.059301052,0.19435447,0.020834252,0.059285759925842285,0.19223763048648834,0.019126057624816895,0.5892610549926758,0.046010162585713006,0.19518913783410985,0.022916511687969987,0.1812113126118978,0.031146222325144485,0.09020866293003865,0.0194873959255983,0.032456801130647576,0.061103933534929565,0.018641612062475055
