N,Norm,Lambda,Gamma,K,LR_Entire_Time,LR_Entire_MAE,LR_Entire_RMSE,LR_Entire_MAD,LR_Cluster_Time_Avg,LR_Cluster_MAE_Avg,LR_Cluster_RMSE_Avg,LR_Cluster_MAD_Avg,LR_Euc_Time_Avg,LR_Euc_MAE_Avg,LR_Euc_RMSE_Avg,LR_Euc_MAD_Avg,RF_Entire_Time,RF_Entire_MAE,RF_Entire_RMSE,RF_Entire_MAD,RF_Cluster_Time_Avg,RF_Cluster_MAE_Avg,RF_Cluster_RMSE_Avg,RF_Cluster_MAD_Avg,RF_Euc_Time_Avg,RF_Euc_MAE_Avg,RF_Euc_RMSE_Avg,RF_Euc_MAD_Avg,NN_Entire_Time,NN_Entire_MAE,NN_Entire_RMSE,NN_Entire_MAD,NN_Cluster_Time_Avg,NN_Cluster_MAE_Avg,NN_Cluster_RMSE_Avg,NN_Cluster_MAD_Avg,NN_Euc_Time_Avg,NN_Euc_MAE_Avg,NN_Euc_RMSE_Avg,NN_Euc_MAD_Avg,GB_Entire_Time,GB_Entire_MAE,GB_Entire_RMSE,GB_Entire_MAD,GB_Cluster_Time_Avg,GB_Cluster_MAE_Avg,GB_Cluster_RMSE_Avg,GB_Cluster_MAD_Avg,GB_Euc_Time_Avg,GB_Euc_MAE_Avg,GB_Euc_RMSE_Avg,GB_Euc_MAD_Avg
50000,2,0.9,1.0,3,0.0033659934997558594,0.06625561675942009,0.3233405659660932,0.03390383380555034,0.001905361811319987,0.0952368668739448,0.31813996474979694,0.057111782091600116,0.0013632774353027344,0.13539184417959435,0.3931635208263831,0.08229257984802939,11.212263107299805,0.04227222594637496,0.21319686423457124,0.01600135917731224,3.463147004445394,0.0767425686756562,0.27401929009190784,0.03559428811843112,3.3829339345296225,0.08607197420128239,0.32423131460117,0.03512291983401727,10.468575954437256,0.057958758767368286,0.22693823230480883,0.02769724546866531,1.7111799716949463,0.07583741085575063,0.2555330396273181,0.03982113416921223,1.5955130259195964,0.0912216439884469,0.30342852917597524,0.0433518275834058,3.2838189601898193,0.048094232249256325,0.22042425372108726,0.02282462358875656,1.0696529547373455,0.07580933432551985,0.26609745511300203,0.04205485701409289,1.0699673493703206,0.08731715457289635,0.31623368431101645,0.04239467767258829
