N,Norm,Lambda,Gamma,K,LR_Entire_Time,LR_Entire_MAE,LR_Entire_RMSE,LR_Entire_MAD,LR_Cluster_Time_Avg,LR_Cluster_MAE_Avg,LR_Cluster_RMSE_Avg,LR_Cluster_MAD_Avg,LR_Euc_Time_Avg,LR_Euc_MAE_Avg,LR_Euc_RMSE_Avg,LR_Euc_MAD_Avg,RF_Entire_Time,RF_Entire_MAE,RF_Entire_RMSE,RF_Entire_MAD,RF_Cluster_Time_Avg,RF_Cluster_MAE_Avg,RF_Cluster_RMSE_Avg,RF_Cluster_MAD_Avg,RF_Euc_Time_Avg,RF_Euc_MAE_Avg,RF_Euc_RMSE_Avg,RF_Euc_MAD_Avg,NN_Entire_Time,NN_Entire_MAE,NN_Entire_RMSE,NN_Entire_MAD,NN_Cluster_Time_Avg,NN_Cluster_MAE_Avg,NN_Cluster_RMSE_Avg,NN_Cluster_MAD_Avg,NN_Euc_Time_Avg,NN_Euc_MAE_Avg,NN_Euc_RMSE_Avg,NN_Euc_MAD_Avg,GB_Entire_Time,GB_Entire_MAE,GB_Entire_RMSE,GB_Entire_MAD,GB_Cluster_Time_Avg,GB_Cluster_MAE_Avg,GB_Cluster_RMSE_Avg,GB_Cluster_MAD_Avg,GB_Euc_Time_Avg,GB_Euc_MAE_Avg,GB_Euc_RMSE_Avg,GB_Euc_MAD_Avg
50000,1,0.9,1.0,4,0.0041351318359375,0.06625561675942009,0.3233405659660932,0.03390383380555034,0.0013763904571533203,0.11639494579009786,0.31404643834927976,0.07914746108933665,0.0012196898460388184,0.15681437021266262,0.40509421674927343,0.09586607981260689,11.093183040618896,0.04291158166534598,0.21609581362386415,0.015816370809541305,2.50750869512558,0.09502043377674256,0.2776307583219144,0.04895957202300886,2.4398683309555054,0.0991524253627963,0.33973085018970856,0.04027684222132393,7.5950000286102295,0.04954721991174156,0.22987724308321505,0.0172675330090135,1.1983175873756409,0.08819098366820961,0.2586557212281958,0.0453114221080436,0.9351182579994202,0.09982445685634736,0.3122206639690365,0.046322623689352665,3.2578999996185303,0.04825939491394596,0.22105522322584575,0.022824623588756338,0.7972769737243652,0.09279029722962515,0.2696945585301492,0.05587259704536967,0.7945209741592407,0.09912122024818099,0.3336263400089343,0.04658385333799031
