N,Norm,Lambda,Gamma,K,LR_Entire_Time,LR_Entire_MAE,LR_Entire_RMSE,LR_Entire_MAD,LR_Cluster_Time_Avg,LR_Cluster_MAE_Avg,LR_Cluster_RMSE_Avg,LR_Cluster_MAD_Avg,LR_Euc_Time_Avg,LR_Euc_MAE_Avg,LR_Euc_RMSE_Avg,LR_Euc_MAD_Avg,RF_Entire_Time,RF_Entire_MAE,RF_Entire_RMSE,RF_Entire_MAD,RF_Cluster_Time_Avg,RF_Cluster_MAE_Avg,RF_Cluster_RMSE_Avg,RF_Cluster_MAD_Avg,RF_Euc_Time_Avg,RF_Euc_MAE_Avg,RF_Euc_RMSE_Avg,RF_Euc_MAD_Avg,NN_Entire_Time,NN_Entire_MAE,NN_Entire_RMSE,NN_Entire_MAD,NN_Cluster_Time_Avg,NN_Cluster_MAE_Avg,NN_Cluster_RMSE_Avg,NN_Cluster_MAD_Avg,NN_Euc_Time_Avg,NN_Euc_MAE_Avg,NN_Euc_RMSE_Avg,NN_Euc_MAD_Avg,GB_Entire_Time,GB_Entire_MAE,GB_Entire_RMSE,GB_Entire_MAD,GB_Cluster_Time_Avg,GB_Cluster_MAE_Avg,GB_Cluster_RMSE_Avg,GB_Cluster_MAD_Avg,GB_Euc_Time_Avg,GB_Euc_MAE_Avg,GB_Euc_RMSE_Avg,GB_Euc_MAD_Avg
100000,1,0.9,1.0,3,0.006014823913574219,0.0643103041422581,0.30043950634238437,0.03601264487927863,0.0025740464528401694,0.09465387088189753,0.30150522372655003,0.060083243941045715,0.002528985341389974,0.13700685445944463,0.42404110391471833,0.08132741789522079,25.407686948776245,0.03969275645599322,0.19152700575049708,0.014956626401017248,7.928997278213501,0.07278604105767791,0.2515662020705272,0.034682284514780226,7.674398183822632,0.0839491319753467,0.33699748182981254,0.033023865842723,10.654780149459839,0.045827405139271374,0.1993182152931465,0.01623200279233561,2.498291492462158,0.06880409695490962,0.23650710579197862,0.034336932838812416,3.0149970054626465,0.08472613850822901,0.32309754712417255,0.03765687280208766,6.576529026031494,0.043811393582101475,0.19009801164721243,0.02157238360005619,2.1465869744618735,0.07323679437732313,0.2440259811455471,0.04186543692830779,2.1348139444986978,0.0842090221965328,0.3296034011442042,0.040677192949349975
