N,Norm,Lambda,Gamma,K,LR_Entire_Time,LR_Entire_MAE,LR_Entire_RMSE,LR_Entire_MAD,LR_Cluster_Time_Avg,LR_Cluster_MAE_Avg,LR_Cluster_RMSE_Avg,LR_Cluster_MAD_Avg,LR_Euc_Time_Avg,LR_Euc_MAE_Avg,LR_Euc_RMSE_Avg,LR_Euc_MAD_Avg,RF_Entire_Time,RF_Entire_MAE,RF_Entire_RMSE,RF_Entire_MAD,RF_Cluster_Time_Avg,RF_Cluster_MAE_Avg,RF_Cluster_RMSE_Avg,RF_Cluster_MAD_Avg,RF_Euc_Time_Avg,RF_Euc_MAE_Avg,RF_Euc_RMSE_Avg,RF_Euc_MAD_Avg,NN_Entire_Time,NN_Entire_MAE,NN_Entire_RMSE,NN_Entire_MAD,NN_Cluster_Time_Avg,NN_Cluster_MAE_Avg,NN_Cluster_RMSE_Avg,NN_Cluster_MAD_Avg,NN_Euc_Time_Avg,NN_Euc_MAE_Avg,NN_Euc_RMSE_Avg,NN_Euc_MAD_Avg,GP_Entire_Time,GP_Entire_MAE,GP_Entire_RMSE,GP_Entire_MAD,GP_Cluster_Time_Avg,GP_Cluster_MAE_Avg,GP_Cluster_RMSE_Avg,GP_Cluster_MAD_Avg,GP_Euc_Time_Avg,GP_Euc_MAE_Avg,GP_Euc_RMSE_Avg,GP_Euc_MAD_Avg,GB_Entire_Time,GB_Entire_MAE,GB_Entire_RMSE,GB_Entire_MAD,GB_Cluster_Time_Avg,GB_Cluster_MAE_Avg,GB_Cluster_RMSE_Avg,GB_Cluster_MAD_Avg,GB_Euc_Time_Avg,GB_Euc_MAE_Avg,GB_Euc_RMSE_Avg,GB_Euc_MAD_Avg
1000,1,0.1,1.0,7,0.00030994415283203125,0.03174555839505721,0.043465480669550194,0.023354845822268516,0.00033014161246163506,0.19023180673442064,0.3647751379831555,0.1122130458535021,0.000249964850289481,0.24114744200741556,0.497433010418103,0.13447214769055482,0.13967394828796387,0.027373282741289112,0.03652002624776759,0.020250893959872007,0.04902076721191406,0.21677025436928357,0.33007134377347536,0.15172716108588094,0.04786205291748047,0.1779503484958937,0.34429822014270905,0.10456225642219918,0.049594879150390625,0.056957047218760534,0.07950119828687338,0.04149618301526545,0.02615257671901158,0.20688841255381932,0.3701387980206425,0.12511313308640162,0.02846762112208775,0.21178943855067267,0.45367910214821044,0.1130222964782077,0.2140202522277832,0.047523502,0.08538143,0.030398354,0.04578542709350586,0.22000761,0.39035287,0.13146405,0.039063828332083564,0.22839884,0.5366344,0.09300195,0.06593704223632812,0.02300268385667119,0.029874478007508642,0.019896181155514753,0.01732672963823591,0.19283493051328396,0.2833370447985372,0.12385079349718164,0.017174175807407925,0.1628440810361508,0.25218130184273535,0.11205739243205366
