N,Norm,Lambda,Gamma,K,LR_Entire_Time,LR_Entire_MAE,LR_Entire_RMSE,LR_Entire_MAD,LR_Cluster_Time_Avg,LR_Cluster_MAE_Avg,LR_Cluster_RMSE_Avg,LR_Cluster_MAD_Avg,LR_Cluster_MAE_Median,LR_Cluster_RMSE_Median,LR_Cluster_MAD_Median,RF_Entire_Time,RF_Entire_MAE,RF_Entire_RMSE,RF_Entire_MAD,RF_Cluster_Time_Avg,RF_Cluster_MAE_Avg,RF_Cluster_RMSE_Avg,RF_Cluster_MAD_Avg,RF_Cluster_MAE_Median,RF_Cluster_RMSE_Median,RF_Cluster_MAD_Median,NN_Entire_Time,NN_Entire_MAE,NN_Entire_RMSE,NN_Entire_MAD,NN_Cluster_Time_Avg,NN_Cluster_MAE_Avg,NN_Cluster_RMSE_Avg,NN_Cluster_MAD_Avg,NN_Cluster_MAE_Median,NN_Cluster_RMSE_Median,NN_Cluster_MAD_Median,GP_Entire_Time,GP_Entire_MAE,GP_Entire_RMSE,GP_Entire_MAD,GP_Cluster_Time_Avg,GP_Cluster_MAE_Avg,GP_Cluster_RMSE_Avg,GP_Cluster_MAD_Avg,GP_Cluster_MAE_Median,GP_Cluster_RMSE_Median,GP_Cluster_MAD_Median,GB_Entire_Time,GB_Entire_MAE,GB_Entire_RMSE,GB_Entire_MAD,GB_Cluster_Time_Avg,GB_Cluster_MAE_Avg,GB_Cluster_RMSE_Avg,GB_Cluster_MAD_Avg,GB_Cluster_MAE_Median,GB_Cluster_RMSE_Median,GB_Cluster_MAD_Median
10000,1,0.5,1.0,6,0.0010800361633300781,0.0711493164406142,0.34865177023578486,0.037222118158097006,0.000823974609375,0.0733052182923981,0.2526037786615952,0.0467856900417106,0.06393141939285459,0.2785057843210365,0.0415742763007832,1.6206169128417969,0.042999034566742006,0.20319543409184104,0.01680160301092526,0.22375635306040445,0.051364046405779906,0.2502790138325609,0.017938716040396357,0.04500298115553358,0.21683534770884605,0.016539907553303382,1.8964202404022217,0.07414924798376665,0.2910719102647414,0.02753890341187204,0.25254019101460773,0.07548363409361493,0.26435467115730676,0.028921099958310232,0.0692296138952864,0.2597925921987204,0.029279082734548295,9.160928964614868,0.05965254,0.25282222,0.017017335,0.5436443090438843,0.072145216,0.25759447,0.022450106,0.0632438063621521,0.23134177923202515,0.02168557047843933,0.5953640937805176,0.04598119652115513,0.19490974799236216,0.022916511687970043,0.09157029787699382,0.05138721837725666,0.257176367925094,0.020472797026539428,0.043294447785384646,0.24405201253088066,0.019687831582455295
