N,Norm,Lambda,Gamma,K,LR_Entire_Time,LR_Entire_MAE,LR_Entire_RMSE,LR_Entire_MAD,LR_Cluster_Time_Avg,LR_Cluster_MAE_Avg,LR_Cluster_RMSE_Avg,LR_Cluster_MAD_Avg,LR_Euc_Time_Avg,LR_Euc_MAE_Avg,LR_Euc_RMSE_Avg,LR_Euc_MAD_Avg,RF_Entire_Time,RF_Entire_MAE,RF_Entire_RMSE,RF_Entire_MAD,RF_Cluster_Time_Avg,RF_Cluster_MAE_Avg,RF_Cluster_RMSE_Avg,RF_Cluster_MAD_Avg,RF_Euc_Time_Avg,RF_Euc_MAE_Avg,RF_Euc_RMSE_Avg,RF_Euc_MAD_Avg,NN_Entire_Time,NN_Entire_MAE,NN_Entire_RMSE,NN_Entire_MAD,NN_Cluster_Time_Avg,NN_Cluster_MAE_Avg,NN_Cluster_RMSE_Avg,NN_Cluster_MAD_Avg,NN_Euc_Time_Avg,NN_Euc_MAE_Avg,NN_Euc_RMSE_Avg,NN_Euc_MAD_Avg,GB_Entire_Time,GB_Entire_MAE,GB_Entire_RMSE,GB_Entire_MAD,GB_Cluster_Time_Avg,GB_Cluster_MAE_Avg,GB_Cluster_RMSE_Avg,GB_Cluster_MAD_Avg,GB_Euc_Time_Avg,GB_Euc_MAE_Avg,GB_Euc_RMSE_Avg,GB_Euc_MAD_Avg
100000,2,0.5,2.0,7,0.0058858394622802734,0.0643103041422581,0.30043950634238437,0.03601264487927863,0.001649890627179827,0.1913627073312429,0.46270955029238764,0.13800827111634306,0.0012142658233642578,0.21916092885132782,0.5380078145111772,0.14733366206872503,25.38381600379944,0.039495539467656667,0.19105306138975883,0.015094780299547667,3.0741400037493025,0.15787656515751294,0.45190630321457614,0.08604533625451263,3.0307284082685197,0.1661177799692824,0.5382008608911754,0.07384053098539753,14.46910810470581,0.04397164800057487,0.19481334098718373,0.019530790542077098,1.0750162601470947,0.13271898282414313,0.402407286967942,0.07702901878106085,0.9273618289402553,0.14109302028653894,0.4810690509071754,0.06597026563374732,6.5985190868377686,0.04386734538348246,0.1903024898482797,0.02157238360005613,0.9082749911717006,0.1532939968433551,0.4264482163829763,0.09698930762275697,0.9090440954480853,0.16290291836326842,0.5346782957410415,0.08491075579748572
