N,Norm,Lambda,Gamma,K,LR_Entire_Time,LR_Entire_MAE,LR_Entire_RMSE,LR_Entire_MAD,LR_Cluster_Time_Avg,LR_Cluster_MAE_Avg,LR_Cluster_RMSE_Avg,LR_Cluster_MAD_Avg,LR_Cluster_MAE_Median,LR_Cluster_RMSE_Median,LR_Cluster_MAD_Median,RF_Entire_Time,RF_Entire_MAE,RF_Entire_RMSE,RF_Entire_MAD,RF_Cluster_Time_Avg,RF_Cluster_MAE_Avg,RF_Cluster_RMSE_Avg,RF_Cluster_MAD_Avg,RF_Cluster_MAE_Median,RF_Cluster_RMSE_Median,RF_Cluster_MAD_Median,NN_Entire_Time,NN_Entire_MAE,NN_Entire_RMSE,NN_Entire_MAD,NN_Cluster_Time_Avg,NN_Cluster_MAE_Avg,NN_Cluster_RMSE_Avg,NN_Cluster_MAD_Avg,NN_Cluster_MAE_Median,NN_Cluster_RMSE_Median,NN_Cluster_MAD_Median,GP_Entire_Time,GP_Entire_MAE,GP_Entire_RMSE,GP_Entire_MAD,GP_Cluster_Time_Avg,GP_Cluster_MAE_Avg,GP_Cluster_RMSE_Avg,GP_Cluster_MAD_Avg,GP_Cluster_MAE_Median,GP_Cluster_RMSE_Median,GP_Cluster_MAD_Median,GB_Entire_Time,GB_Entire_MAE,GB_Entire_RMSE,GB_Entire_MAD,GB_Cluster_Time_Avg,GB_Cluster_MAE_Avg,GB_Cluster_RMSE_Avg,GB_Cluster_MAD_Avg,GB_Cluster_MAE_Median,GB_Cluster_RMSE_Median,GB_Cluster_MAD_Median
10000,1,0.1,0.5,6,0.0010731220245361328,0.0711493164406142,0.34865177023578486,0.037222118158097006,0.0007181962331136068,0.07178530826544921,0.24449379395469328,0.04584471783731625,0.07210657745978806,0.20267550696254216,0.038125615105081265,1.6347253322601318,0.04301238103508074,0.20532784491302916,0.017105881251558985,0.2228157122929891,0.052217906321382866,0.2416516523080384,0.017027588223300243,0.04764176510492513,0.20721484298903114,0.016695280809039065,2.031140089035034,0.0754154311128296,0.2824320929555391,0.031490674988571776,0.20462063948313394,0.07800781485826748,0.2734082908908626,0.030689037839941286,0.07639782776237009,0.2571303694248648,0.03365409146467131,9.45993709564209,0.060640268,0.2536559,0.018274046,0.6011155843734741,0.07891028,0.27527386,0.022925163,0.08111865818500519,0.27510833740234375,0.020061545073986053,0.592555046081543,0.04601489682462456,0.19514259607979656,0.022916511687970043,0.0911017656326294,0.05256993609487463,0.2610842978932683,0.019393885095768976,0.04575793102287571,0.21843345318497226,0.01945992826643593
