N,Norm,Lambda,Gamma,K,LR_Entire_Time,LR_Entire_MAE,LR_Entire_RMSE,LR_Entire_MAD,LR_Cluster_Time_Avg,LR_Cluster_MAE_Avg,LR_Cluster_RMSE_Avg,LR_Cluster_MAD_Avg,LR_Euc_Time_Avg,LR_Euc_MAE_Avg,LR_Euc_RMSE_Avg,LR_Euc_MAD_Avg,RF_Entire_Time,RF_Entire_MAE,RF_Entire_RMSE,RF_Entire_MAD,RF_Cluster_Time_Avg,RF_Cluster_MAE_Avg,RF_Cluster_RMSE_Avg,RF_Cluster_MAD_Avg,RF_Euc_Time_Avg,RF_Euc_MAE_Avg,RF_Euc_RMSE_Avg,RF_Euc_MAD_Avg,NN_Entire_Time,NN_Entire_MAE,NN_Entire_RMSE,NN_Entire_MAD,NN_Cluster_Time_Avg,NN_Cluster_MAE_Avg,NN_Cluster_RMSE_Avg,NN_Cluster_MAD_Avg,NN_Euc_Time_Avg,NN_Euc_MAE_Avg,NN_Euc_RMSE_Avg,NN_Euc_MAD_Avg,GP_Entire_Time,GP_Entire_MAE,GP_Entire_RMSE,GP_Entire_MAD,GP_Cluster_Time_Avg,GP_Cluster_MAE_Avg,GP_Cluster_RMSE_Avg,GP_Cluster_MAD_Avg,GP_Euc_Time_Avg,GP_Euc_MAE_Avg,GP_Euc_RMSE_Avg,GP_Euc_MAD_Avg,GB_Entire_Time,GB_Entire_MAE,GB_Entire_RMSE,GB_Entire_MAD,GB_Cluster_Time_Avg,GB_Cluster_MAE_Avg,GB_Cluster_RMSE_Avg,GB_Cluster_MAD_Avg,GB_Euc_Time_Avg,GB_Euc_MAE_Avg,GB_Euc_RMSE_Avg,GB_Euc_MAD_Avg
10000,1,0.5,1.0,6,0.0010249614715576172,0.06792803101151079,0.3219772320780228,0.0359716131146422,0.00048522154490152997,0.15017404099753157,0.3257420059747021,0.10631898890367342,0.0007110039393107096,0.18291379200091848,0.33942034202576615,0.13675693104402126,2.42698073387146,0.046931227717449925,0.23631218852017635,0.0181621963515002,0.37834930419921875,0.14448495378477258,0.3543291390419121,0.07719634087364388,0.3722883462905884,0.1317387065879483,0.30564871554158274,0.07326227431845002,1.7405369281768799,0.07193882836424143,0.2879021352982164,0.027843124956846793,0.3244242270787557,0.12972555556093293,0.3052306359163045,0.07098425242382737,0.24737989902496338,0.1405550670173665,0.3108595891605936,0.07470603826275506,12.478677988052368,0.06945158,0.25857642,0.021392897,0.6034501393636068,0.12441691,0.29595777,0.067818135,0.6638243595759074,0.12925906,0.3028011,0.069455475,0.8898420333862305,0.04856981551870604,0.23628228710647203,0.02329046677653701,0.15224321683247885,0.13901362349689594,0.35902052244238974,0.07761994357230713,0.15233250459035239,0.129900343967856,0.3161243106244787,0.07252847341059111
