N,Norm,Lambda,Gamma,K,LR_Entire_Time,LR_Entire_MAE,LR_Entire_RMSE,LR_Entire_MAD,LR_Cluster_Time_Avg,LR_Cluster_MAE_Avg,LR_Cluster_RMSE_Avg,LR_Cluster_MAD_Avg,LR_Euc_Time_Avg,LR_Euc_MAE_Avg,LR_Euc_RMSE_Avg,LR_Euc_MAD_Avg,RF_Entire_Time,RF_Entire_MAE,RF_Entire_RMSE,RF_Entire_MAD,RF_Cluster_Time_Avg,RF_Cluster_MAE_Avg,RF_Cluster_RMSE_Avg,RF_Cluster_MAD_Avg,RF_Euc_Time_Avg,RF_Euc_MAE_Avg,RF_Euc_RMSE_Avg,RF_Euc_MAD_Avg,NN_Entire_Time,NN_Entire_MAE,NN_Entire_RMSE,NN_Entire_MAD,NN_Cluster_Time_Avg,NN_Cluster_MAE_Avg,NN_Cluster_RMSE_Avg,NN_Cluster_MAD_Avg,NN_Euc_Time_Avg,NN_Euc_MAE_Avg,NN_Euc_RMSE_Avg,NN_Euc_MAD_Avg,GP_Entire_Time,GP_Entire_MAE,GP_Entire_RMSE,GP_Entire_MAD,GP_Cluster_Time_Avg,GP_Cluster_MAE_Avg,GP_Cluster_RMSE_Avg,GP_Cluster_MAD_Avg,GP_Euc_Time_Avg,GP_Euc_MAE_Avg,GP_Euc_RMSE_Avg,GP_Euc_MAD_Avg,GB_Entire_Time,GB_Entire_MAE,GB_Entire_RMSE,GB_Entire_MAD,GB_Cluster_Time_Avg,GB_Cluster_MAE_Avg,GB_Cluster_RMSE_Avg,GB_Cluster_MAD_Avg,GB_Euc_Time_Avg,GB_Euc_MAE_Avg,GB_Euc_RMSE_Avg,GB_Euc_MAD_Avg
10000,1,0.1,1.0,4,0.0012178421020507812,0.06792803101151079,0.3219772320780228,0.0359716131146422,0.0009624361991882324,0.11615083792087509,0.2840335615295736,0.07895318915327343,0.0005577206611633301,0.1527846860515306,0.3747429160175923,0.0943320350517892,2.446315050125122,0.046883676461094086,0.23386272455642218,0.018018143051319074,0.5829261541366577,0.10898008742756198,0.28660827215310364,0.05946528679509482,0.5572100281715393,0.10861580419130681,0.34017907603514164,0.05092291014916785,1.4358868598937988,0.07599855482040035,0.2983015337779571,0.032636471112673204,0.43619704246520996,0.1005321512439639,0.25678927693956943,0.05607014567787575,0.318753182888031,0.13262193918323711,0.3490971344588593,0.0591244704048095,13.28275990486145,0.06956629,0.25824875,0.021695226,1.2907445430755615,0.091653794,0.24216369,0.05334299,1.4993622303009033,0.101978004,0.33416247,0.041955054,0.8868391513824463,0.04858322568687257,0.23655005954447156,0.02329046677653701,0.22526776790618896,0.10206987127327266,0.2876531794861045,0.059737476885820255,0.22463703155517578,0.10425940672834008,0.35651848639666717,0.04909125353519803
