N,Norm,Lambda,Gamma,K,LR_Entire_Time,LR_Entire_MAE,LR_Entire_RMSE,LR_Entire_MAD,LR_Cluster_Time_Avg,LR_Cluster_MAE_Avg,LR_Cluster_RMSE_Avg,LR_Cluster_MAD_Avg,LR_Cluster_MAE_Median,LR_Cluster_RMSE_Median,LR_Cluster_MAD_Median,RF_Entire_Time,RF_Entire_MAE,RF_Entire_RMSE,RF_Entire_MAD,RF_Cluster_Time_Avg,RF_Cluster_MAE_Avg,RF_Cluster_RMSE_Avg,RF_Cluster_MAD_Avg,RF_Cluster_MAE_Median,RF_Cluster_RMSE_Median,RF_Cluster_MAD_Median,NN_Entire_Time,NN_Entire_MAE,NN_Entire_RMSE,NN_Entire_MAD,NN_Cluster_Time_Avg,NN_Cluster_MAE_Avg,NN_Cluster_RMSE_Avg,NN_Cluster_MAD_Avg,NN_Cluster_MAE_Median,NN_Cluster_RMSE_Median,NN_Cluster_MAD_Median,GP_Entire_Time,GP_Entire_MAE,GP_Entire_RMSE,GP_Entire_MAD,GP_Cluster_Time_Avg,GP_Cluster_MAE_Avg,GP_Cluster_RMSE_Avg,GP_Cluster_MAD_Avg,GP_Cluster_MAE_Median,GP_Cluster_RMSE_Median,GP_Cluster_MAD_Median,GB_Entire_Time,GB_Entire_MAE,GB_Entire_RMSE,GB_Entire_MAD,GB_Cluster_Time_Avg,GB_Cluster_MAE_Avg,GB_Cluster_RMSE_Avg,GB_Cluster_MAD_Avg,GB_Cluster_MAE_Median,GB_Cluster_RMSE_Median,GB_Cluster_MAD_Median
10000,2,0.9,1.0,3,0.0010449886322021484,0.0711493164406142,0.34865177023578486,0.037222118158097006,0.0009824434916178386,0.06373631211044561,0.26483834958275004,0.03883468786761595,0.06482867701719655,0.2606803868180323,0.04177122522597321,1.6108219623565674,0.04295834375295028,0.2070824859048257,0.017810922772813986,0.4493475755055745,0.03771222097136407,0.17898624926216292,0.01568555678022243,0.04111553720250144,0.2084307431326468,0.014920683753722932,1.7841432094573975,0.07582140965955676,0.3046060802771352,0.026678236492409607,0.701088031133016,0.06424750321536982,0.2545919153082635,0.024609130886647918,0.06347941254281696,0.2377864895245587,0.02563951125531832,9.56581711769104,0.059942704,0.25252748,0.01833862,1.7232420444488525,0.061415147,0.23748113,0.021340787,0.05947041139006615,0.22262662649154663,0.020741522312164307,0.5868027210235596,0.04602364651026209,0.1952713812986464,0.022916511687969987,0.1798532803853353,0.04339011241284363,0.24105197349992355,0.018314150383740967,0.04868017454369989,0.2850383599030421,0.017948104692449358
