N,Norm,Lambda,Gamma,K,LR_Entire_Time,LR_Entire_MAE,LR_Entire_RMSE,LR_Entire_MAD,LR_Cluster_Time_Avg,LR_Cluster_MAE_Avg,LR_Cluster_RMSE_Avg,LR_Cluster_MAD_Avg,LR_Euc_Time_Avg,LR_Euc_MAE_Avg,LR_Euc_RMSE_Avg,LR_Euc_MAD_Avg,RF_Entire_Time,RF_Entire_MAE,RF_Entire_RMSE,RF_Entire_MAD,RF_Cluster_Time_Avg,RF_Cluster_MAE_Avg,RF_Cluster_RMSE_Avg,RF_Cluster_MAD_Avg,RF_Euc_Time_Avg,RF_Euc_MAE_Avg,RF_Euc_RMSE_Avg,RF_Euc_MAD_Avg,NN_Entire_Time,NN_Entire_MAE,NN_Entire_RMSE,NN_Entire_MAD,NN_Cluster_Time_Avg,NN_Cluster_MAE_Avg,NN_Cluster_RMSE_Avg,NN_Cluster_MAD_Avg,NN_Euc_Time_Avg,NN_Euc_MAE_Avg,NN_Euc_RMSE_Avg,NN_Euc_MAD_Avg,GB_Entire_Time,GB_Entire_MAE,GB_Entire_RMSE,GB_Entire_MAD,GB_Cluster_Time_Avg,GB_Cluster_MAE_Avg,GB_Cluster_RMSE_Avg,GB_Cluster_MAD_Avg,GB_Euc_Time_Avg,GB_Euc_MAE_Avg,GB_Euc_RMSE_Avg,GB_Euc_MAD_Avg
50000,1,0.9,1.0,5,0.0032761096954345703,0.06625561675942009,0.3233405659660932,0.03390383380555034,0.0009589195251464844,0.14171690664156503,0.35104013995179517,0.09893981873930807,0.0009394168853759765,0.1801006369020747,0.4476572912709266,0.11853718463557242,11.10469102859497,0.043122831779229515,0.21804466848618043,0.01585729982249791,1.9529025077819824,0.1206325991408543,0.3267480415928425,0.0666198280794659,1.9110536098480224,0.11991504023366106,0.39270561478968624,0.053088026409674235,10.158310174942017,0.05449726139570555,0.22732376781046168,0.020878743196422966,1.0293434619903565,0.10737566131218332,0.29918779623338976,0.060993672448858186,0.6554196357727051,0.11575540944132408,0.374866174579657,0.05225088267993718,3.2276558876037598,0.048389546453994715,0.22223990645666716,0.0228246235887562,0.6398134231567383,0.11583943551397838,0.3092206509809251,0.07261755123424707,0.6319938182830811,0.12012061660277984,0.3877968736980114,0.06191865090875535
