N,Norm,Lambda,Gamma,K,LR_Entire_Time,LR_Entire_MAE,LR_Entire_RMSE,LR_Entire_MAD,LR_Cluster_Time_Avg,LR_Cluster_MAE_Avg,LR_Cluster_RMSE_Avg,LR_Cluster_MAD_Avg,LR_Cluster_MAE_Median,LR_Cluster_RMSE_Median,LR_Cluster_MAD_Median,RF_Entire_Time,RF_Entire_MAE,RF_Entire_RMSE,RF_Entire_MAD,RF_Cluster_Time_Avg,RF_Cluster_MAE_Avg,RF_Cluster_RMSE_Avg,RF_Cluster_MAD_Avg,RF_Cluster_MAE_Median,RF_Cluster_RMSE_Median,RF_Cluster_MAD_Median,NN_Entire_Time,NN_Entire_MAE,NN_Entire_RMSE,NN_Entire_MAD,NN_Cluster_Time_Avg,NN_Cluster_MAE_Avg,NN_Cluster_RMSE_Avg,NN_Cluster_MAD_Avg,NN_Cluster_MAE_Median,NN_Cluster_RMSE_Median,NN_Cluster_MAD_Median,GP_Entire_Time,GP_Entire_MAE,GP_Entire_RMSE,GP_Entire_MAD,GP_Cluster_Time_Avg,GP_Cluster_MAE_Avg,GP_Cluster_RMSE_Avg,GP_Cluster_MAD_Avg,GP_Cluster_MAE_Median,GP_Cluster_RMSE_Median,GP_Cluster_MAD_Median,GB_Entire_Time,GB_Entire_MAE,GB_Entire_RMSE,GB_Entire_MAD,GB_Cluster_Time_Avg,GB_Cluster_MAE_Avg,GB_Cluster_RMSE_Avg,GB_Cluster_MAD_Avg,GB_Cluster_MAE_Median,GB_Cluster_RMSE_Median,GB_Cluster_MAD_Median
1000,2,0.5,0.5,3,0.0008919239044189453,0.07572404595198262,0.3176633156201745,0.045674406410488144,0.0008752346038818359,0.08578402764896005,0.23180723967748654,0.05642961358196461,0.08853538707805389,0.1127923190990959,0.06972040358351161,0.1414039134979248,0.022001766487790616,0.0307501594183891,0.0157136174264281,0.06782897313435872,0.037294169096719454,0.06540672324830847,0.024010142577736187,0.0347302204024662,0.0502216515943029,0.020651545722586262,0.09129190444946289,0.09640416950928245,0.3004857971198385,0.047961442974828516,0.0471037228902181,0.08801721370765993,0.2550514894676426,0.04104786673509158,0.0892326264896434,0.15848725465370567,0.04564364268949911,0.19803500175476074,0.09063805,0.28110394,0.036968112,0.0716089407602946,0.09294874,0.29408494,0.030055432,0.10498074442148209,0.30025237798690796,0.025921575725078583,0.060105085372924805,0.022190704217653873,0.029592986647135052,0.017535934789829705,0.024758577346801758,0.033598375175482476,0.05113170822113741,0.022921806994741566,0.03206917110702753,0.0459479712252604,0.022317053275790255
