N,Norm,Lambda,Gamma,K,LR_Entire_Time,LR_Entire_MAE,LR_Entire_RMSE,LR_Entire_MAD,LR_Cluster_Time_Avg,LR_Cluster_MAE_Avg,LR_Cluster_RMSE_Avg,LR_Cluster_MAD_Avg,LR_Cluster_MAE_Median,LR_Cluster_RMSE_Median,LR_Cluster_MAD_Median,RF_Entire_Time,RF_Entire_MAE,RF_Entire_RMSE,RF_Entire_MAD,RF_Cluster_Time_Avg,RF_Cluster_MAE_Avg,RF_Cluster_RMSE_Avg,RF_Cluster_MAD_Avg,RF_Cluster_MAE_Median,RF_Cluster_RMSE_Median,RF_Cluster_MAD_Median,NN_Entire_Time,NN_Entire_MAE,NN_Entire_RMSE,NN_Entire_MAD,NN_Cluster_Time_Avg,NN_Cluster_MAE_Avg,NN_Cluster_RMSE_Avg,NN_Cluster_MAD_Avg,NN_Cluster_MAE_Median,NN_Cluster_RMSE_Median,NN_Cluster_MAD_Median,GP_Entire_Time,GP_Entire_MAE,GP_Entire_RMSE,GP_Entire_MAD,GP_Cluster_Time_Avg,GP_Cluster_MAE_Avg,GP_Cluster_RMSE_Avg,GP_Cluster_MAD_Avg,GP_Cluster_MAE_Median,GP_Cluster_RMSE_Median,GP_Cluster_MAD_Median,GB_Entire_Time,GB_Entire_MAE,GB_Entire_RMSE,GB_Entire_MAD,GB_Cluster_Time_Avg,GB_Cluster_MAE_Avg,GB_Cluster_RMSE_Avg,GB_Cluster_MAD_Avg,GB_Cluster_MAE_Median,GB_Cluster_RMSE_Median,GB_Cluster_MAD_Median
10000,1,0.9,0.5,6,0.0010869503021240234,0.0711493164406142,0.34865177023578486,0.037222118158097006,0.0009066263834635416,0.06269860542657803,0.14542439586668385,0.047688694684174214,0.057065815607090106,0.09870767732033764,0.0481879835131466,1.6038720607757568,0.043679811717508,0.2081316551723242,0.01751176524659326,0.21905597050984701,0.0374253403107229,0.14893009669897936,0.017667947036183174,0.03519408427938051,0.1298852306988429,0.016769935434951106,2.1163201332092285,0.07670611666188731,0.2817860325024662,0.03376166485659371,0.2438981533050537,0.06943428809922399,0.18373209892345962,0.030876261248212102,0.06668124916304749,0.19495468646314862,0.02614288005808628,9.252698183059692,0.061688744,0.25529578,0.019341856,0.5680436293284098,0.06287191,0.18937542,0.024347538,0.06078916788101196,0.19339939951896667,0.022402659058570862,0.5900421142578125,0.04593926922924006,0.19465063760656354,0.022916511687970043,0.0907670259475708,0.04074670031625267,0.1692780603591665,0.019593007989480615,0.040290112179753805,0.15338986471553778,0.019387112448968957
