N,Norm,Lambda,Gamma,K,LR_Entire_Time,LR_Entire_MAE,LR_Entire_RMSE,LR_Entire_MAD,LR_Cluster_Time_Avg,LR_Cluster_MAE_Avg,LR_Cluster_RMSE_Avg,LR_Cluster_MAD_Avg,LR_Euc_Time_Avg,LR_Euc_MAE_Avg,LR_Euc_RMSE_Avg,LR_Euc_MAD_Avg,RF_Entire_Time,RF_Entire_MAE,RF_Entire_RMSE,RF_Entire_MAD,RF_Cluster_Time_Avg,RF_Cluster_MAE_Avg,RF_Cluster_RMSE_Avg,RF_Cluster_MAD_Avg,RF_Euc_Time_Avg,RF_Euc_MAE_Avg,RF_Euc_RMSE_Avg,RF_Euc_MAD_Avg,NN_Entire_Time,NN_Entire_MAE,NN_Entire_RMSE,NN_Entire_MAD,NN_Cluster_Time_Avg,NN_Cluster_MAE_Avg,NN_Cluster_RMSE_Avg,NN_Cluster_MAD_Avg,NN_Euc_Time_Avg,NN_Euc_MAE_Avg,NN_Euc_RMSE_Avg,NN_Euc_MAD_Avg,GP_Entire_Time,GP_Entire_MAE,GP_Entire_RMSE,GP_Entire_MAD,GP_Cluster_Time_Avg,GP_Cluster_MAE_Avg,GP_Cluster_RMSE_Avg,GP_Cluster_MAD_Avg,GP_Euc_Time_Avg,GP_Euc_MAE_Avg,GP_Euc_RMSE_Avg,GP_Euc_MAD_Avg,GB_Entire_Time,GB_Entire_MAE,GB_Entire_RMSE,GB_Entire_MAD,GB_Cluster_Time_Avg,GB_Cluster_MAE_Avg,GB_Cluster_RMSE_Avg,GB_Cluster_MAD_Avg,GB_Euc_Time_Avg,GB_Euc_MAE_Avg,GB_Euc_RMSE_Avg,GB_Euc_MAD_Avg
100,1,0.1,1.0,5,0.00026798248291015625,0.19598571368711998,0.2658167496676893,0.12690348231686688,0.00027403831481933596,0.38004057672611,0.41121368324713287,0.34886090017975613,0.0003194332122802734,0.4007447265730434,0.4565610032085704,0.3078634957211154,0.04522895812988281,0.03542517783913577,0.04498017565060864,0.03308032449172815,0.039551591873168944,0.448429679963846,0.606377279533447,0.24617059362426003,0.03867912292480469,0.2503456296052738,0.30859512319428106,0.20514374190507242,0.024061918258666992,0.18490429960653237,0.272258107401795,0.09137400974610566,0.009744548797607422,0.4239236608910912,0.4407417536295933,0.4303450546396833,0.010321474075317383,0.267657361711427,0.3100579326956395,0.2173776092619562,0.036524057388305664,0.14043128,0.21644284,0.062149398,0.028386640548706054,0.40731353,0.51633525,0.2800881,0.029087257385253907,0.26822087,0.30627936,0.24485402,0.014590978622436523,0.03525149535371432,0.047652669865516833,0.023898651900638,0.010760021209716798,0.45940548558762345,0.6676241283288071,0.1908838965372178,0.010706233978271484,0.23229569182951787,0.27540128640800754,0.1828815000383846
