N,Norm,Lambda,Gamma,K,LR_Entire_Time,LR_Entire_MAE,LR_Entire_RMSE,LR_Entire_MAD,LR_Cluster_Time_Avg,LR_Cluster_MAE_Avg,LR_Cluster_RMSE_Avg,LR_Cluster_MAD_Avg,LR_Euc_Time_Avg,LR_Euc_MAE_Avg,LR_Euc_RMSE_Avg,LR_Euc_MAD_Avg,RF_Entire_Time,RF_Entire_MAE,RF_Entire_RMSE,RF_Entire_MAD,RF_Cluster_Time_Avg,RF_Cluster_MAE_Avg,RF_Cluster_RMSE_Avg,RF_Cluster_MAD_Avg,RF_Euc_Time_Avg,RF_Euc_MAE_Avg,RF_Euc_RMSE_Avg,RF_Euc_MAD_Avg,NN_Entire_Time,NN_Entire_MAE,NN_Entire_RMSE,NN_Entire_MAD,NN_Cluster_Time_Avg,NN_Cluster_MAE_Avg,NN_Cluster_RMSE_Avg,NN_Cluster_MAD_Avg,NN_Euc_Time_Avg,NN_Euc_MAE_Avg,NN_Euc_RMSE_Avg,NN_Euc_MAD_Avg,GP_Entire_Time,GP_Entire_MAE,GP_Entire_RMSE,GP_Entire_MAD,GP_Cluster_Time_Avg,GP_Cluster_MAE_Avg,GP_Cluster_RMSE_Avg,GP_Cluster_MAD_Avg,GP_Euc_Time_Avg,GP_Euc_MAE_Avg,GP_Euc_RMSE_Avg,GP_Euc_MAD_Avg,GB_Entire_Time,GB_Entire_MAE,GB_Entire_RMSE,GB_Entire_MAD,GB_Cluster_Time_Avg,GB_Cluster_MAE_Avg,GB_Cluster_RMSE_Avg,GB_Cluster_MAD_Avg,GB_Euc_Time_Avg,GB_Euc_MAE_Avg,GB_Euc_RMSE_Avg,GB_Euc_MAD_Avg
5000,1,0.1,0.5,5,0.0006797313690185547,0.06606716257040125,0.2627241057286416,0.044473382092633296,0.0003993988037109375,0.15036185846475641,0.38415746101712145,0.09758007468593236,0.00031418800354003905,0.18805691562304158,0.4693379241917447,0.1169846877214776,0.7809417247772217,0.04284443671607249,0.18939430046656883,0.020569318266204215,0.16541500091552735,0.12514119599611054,0.3666694442340175,0.06420454520874568,0.15977749824523926,0.18549675369255222,0.5982249218002076,0.06870811496611415,1.023524284362793,0.07261615669828321,0.24739274975053827,0.031294528769691854,0.1397308349609375,0.140751316621127,0.37620743272598883,0.06900142394050865,0.11531047821044922,0.16766353192110145,0.458468166045977,0.07768134889738143,2.804774045944214,0.07392514,0.2453743,0.027393855,0.20004372596740722,0.12427622,0.3575709,0.061487637,0.20624370574951173,0.17028742,0.50197047,0.06757126,0.3096189498901367,0.043962188197321554,0.19043790764984364,0.024486903561613566,0.0672910213470459,0.11704151960889128,0.3669808091140211,0.059306211432683095,0.0666529655456543,0.1788043145607498,0.5952172097452075,0.06571724984169325
