N,Norm,Lambda,Gamma,K,LR_Entire_Time,LR_Entire_MAE,LR_Entire_RMSE,LR_Entire_MAD,LR_Cluster_Time_Avg,LR_Cluster_MAE_Avg,LR_Cluster_RMSE_Avg,LR_Cluster_MAD_Avg,LR_Euc_Time_Avg,LR_Euc_MAE_Avg,LR_Euc_RMSE_Avg,LR_Euc_MAD_Avg,RF_Entire_Time,RF_Entire_MAE,RF_Entire_RMSE,RF_Entire_MAD,RF_Cluster_Time_Avg,RF_Cluster_MAE_Avg,RF_Cluster_RMSE_Avg,RF_Cluster_MAD_Avg,RF_Euc_Time_Avg,RF_Euc_MAE_Avg,RF_Euc_RMSE_Avg,RF_Euc_MAD_Avg,NN_Entire_Time,NN_Entire_MAE,NN_Entire_RMSE,NN_Entire_MAD,NN_Cluster_Time_Avg,NN_Cluster_MAE_Avg,NN_Cluster_RMSE_Avg,NN_Cluster_MAD_Avg,NN_Euc_Time_Avg,NN_Euc_MAE_Avg,NN_Euc_RMSE_Avg,NN_Euc_MAD_Avg,GP_Entire_Time,GP_Entire_MAE,GP_Entire_RMSE,GP_Entire_MAD,GP_Cluster_Time_Avg,GP_Cluster_MAE_Avg,GP_Cluster_RMSE_Avg,GP_Cluster_MAD_Avg,GP_Euc_Time_Avg,GP_Euc_MAE_Avg,GP_Euc_RMSE_Avg,GP_Euc_MAD_Avg,GB_Entire_Time,GB_Entire_MAE,GB_Entire_RMSE,GB_Entire_MAD,GB_Cluster_Time_Avg,GB_Cluster_MAE_Avg,GB_Cluster_RMSE_Avg,GB_Cluster_MAD_Avg,GB_Euc_Time_Avg,GB_Euc_MAE_Avg,GB_Euc_RMSE_Avg,GB_Euc_MAD_Avg
10000,1,0.1,0.5,7,0.0015790462493896484,0.06792803101151079,0.3219772320780228,0.0359716131146422,0.0005120890481131417,0.1748289244595734,0.39413844801588055,0.12754351200737202,0.0005075250353131976,0.2171414784446725,0.402775286262579,0.15111334666271622,2.45510196685791,0.04652052574502302,0.23347287980839188,0.01813595514311811,0.3237470899309431,0.16952953959796493,0.4238234673857801,0.09803403142833929,0.3244530814034598,0.18137014724825326,0.40026419436593724,0.09268602083873254,2.8765549659729004,0.08225631925801555,0.2858720047202415,0.03797352121277797,0.27275289808000835,0.14695121468912906,0.37514380769478534,0.08574969274309005,0.23833894729614258,0.16663984649303143,0.3634459644516625,0.07728943216343628,12.781232118606567,0.07159617,0.25844806,0.02500698,0.43809774943760466,0.14362705,0.36506993,0.08360551,0.464472838810512,0.16199781,0.36550197,0.080102205,0.9044489860534668,0.04857081869823481,0.2362929292155804,0.023290466776537094,0.13328044755118235,0.16483505450603766,0.44501820652147384,0.09078981709760314,0.13225664411272323,0.17554189728028355,0.41544944275872064,0.09120036960797936
