N,Norm,Lambda,Gamma,K,LR_Entire_Time,LR_Entire_MAE,LR_Entire_RMSE,LR_Entire_MAD,LR_Cluster_Time_Avg,LR_Cluster_MAE_Avg,LR_Cluster_RMSE_Avg,LR_Cluster_MAD_Avg,LR_Cluster_MAE_Median,LR_Cluster_RMSE_Median,LR_Cluster_MAD_Median,RF_Entire_Time,RF_Entire_MAE,RF_Entire_RMSE,RF_Entire_MAD,RF_Cluster_Time_Avg,RF_Cluster_MAE_Avg,RF_Cluster_RMSE_Avg,RF_Cluster_MAD_Avg,RF_Cluster_MAE_Median,RF_Cluster_RMSE_Median,RF_Cluster_MAD_Median,NN_Entire_Time,NN_Entire_MAE,NN_Entire_RMSE,NN_Entire_MAD,NN_Cluster_Time_Avg,NN_Cluster_MAE_Avg,NN_Cluster_RMSE_Avg,NN_Cluster_MAD_Avg,NN_Cluster_MAE_Median,NN_Cluster_RMSE_Median,NN_Cluster_MAD_Median,GP_Entire_Time,GP_Entire_MAE,GP_Entire_RMSE,GP_Entire_MAD,GP_Cluster_Time_Avg,GP_Cluster_MAE_Avg,GP_Cluster_RMSE_Avg,GP_Cluster_MAD_Avg,GP_Cluster_MAE_Median,GP_Cluster_RMSE_Median,GP_Cluster_MAD_Median,GB_Entire_Time,GB_Entire_MAE,GB_Entire_RMSE,GB_Entire_MAD,GB_Cluster_Time_Avg,GB_Cluster_MAE_Avg,GB_Cluster_RMSE_Avg,GB_Cluster_MAD_Avg,GB_Cluster_MAE_Median,GB_Cluster_RMSE_Median,GB_Cluster_MAD_Median
10000,1,0.5,1.0,3,0.0012979507446289062,0.0711493164406142,0.34865177023578486,0.037222118158097006,0.0015047391255696614,0.061095529703721285,0.20245951291875663,0.04171597546760536,0.06776208647110535,0.2623179982606368,0.04397761117555721,1.6390659809112549,0.04246603422663563,0.20028282885565546,0.01699834624889031,0.46083974838256836,0.030443383436307935,0.08603256837923612,0.016429857111975716,0.030040177644905058,0.09574839147585619,0.014949521461205373,1.8986539840698242,0.07941909938024053,0.301246307363744,0.03427529125623857,0.6738074620564779,0.06942309983019777,0.21017312277581543,0.029938930110370816,0.06986857278491154,0.25211265403361693,0.024012878056330678,9.088438987731934,0.06280451,0.25266454,0.023216724,1.6901609897613525,0.059494898,0.19657,0.021179663,0.05957493931055069,0.19712349772453308,0.021559834480285645,0.5935559272766113,0.046034399942049616,0.19526397165041515,0.022916511687969987,0.1811657746632894,0.03117689330490619,0.09031581167583382,0.019481266424084025,0.03243722826459478,0.06159389072336977,0.018641612062475055
