N,Norm,Lambda,Gamma,K,LR_Entire_Time,LR_Entire_MAE,LR_Entire_RMSE,LR_Entire_MAD,LR_Cluster_Time_Avg,LR_Cluster_MAE_Avg,LR_Cluster_RMSE_Avg,LR_Cluster_MAD_Avg,LR_Euc_Time_Avg,LR_Euc_MAE_Avg,LR_Euc_RMSE_Avg,LR_Euc_MAD_Avg,RF_Entire_Time,RF_Entire_MAE,RF_Entire_RMSE,RF_Entire_MAD,RF_Cluster_Time_Avg,RF_Cluster_MAE_Avg,RF_Cluster_RMSE_Avg,RF_Cluster_MAD_Avg,RF_Euc_Time_Avg,RF_Euc_MAE_Avg,RF_Euc_RMSE_Avg,RF_Euc_MAD_Avg,NN_Entire_Time,NN_Entire_MAE,NN_Entire_RMSE,NN_Entire_MAD,NN_Cluster_Time_Avg,NN_Cluster_MAE_Avg,NN_Cluster_RMSE_Avg,NN_Cluster_MAD_Avg,NN_Euc_Time_Avg,NN_Euc_MAE_Avg,NN_Euc_RMSE_Avg,NN_Euc_MAD_Avg,GB_Entire_Time,GB_Entire_MAE,GB_Entire_RMSE,GB_Entire_MAD,GB_Cluster_Time_Avg,GB_Cluster_MAE_Avg,GB_Cluster_RMSE_Avg,GB_Cluster_MAD_Avg,GB_Euc_Time_Avg,GB_Euc_MAE_Avg,GB_Euc_RMSE_Avg,GB_Euc_MAD_Avg
100000,1,0.1,1.0,6,0.00615382194519043,0.0643103041422581,0.30043950634238437,0.03601264487927863,0.004332343737284343,0.1680411507787484,0.39189368611931275,0.12379836640522417,0.0022895336151123047,0.19833764315984814,0.4302280975120915,0.13404918249230613,25.584577083587646,0.039598143531864013,0.19265722469118718,0.015051307161593752,3.677654981613159,0.13780721661041537,0.3667475712596702,0.07764196929770624,3.630172689755758,0.1431131628846182,0.41186347759827574,0.06234294948332756,14.85789680480957,0.04535159513459039,0.19458723584734622,0.018901960830867093,1.5246189037958782,0.11855416741043824,0.34203466183875336,0.06848221769572292,1.0529474417368572,0.12127863449995922,0.3624870145926282,0.059626696850076134,6.6592278480529785,0.043849869364736206,0.19050411375718737,0.021574883164358037,1.0687216520309448,0.1355035782517866,0.35638139289888754,0.08744895030011945,1.0686264435450237,0.13847821673511143,0.3921974186382065,0.07076241482869394
