N,Norm,Lambda,Gamma,K,LR_Entire_Time,LR_Entire_MAE,LR_Entire_RMSE,LR_Entire_MAD,LR_Cluster_Time_Avg,LR_Cluster_MAE_Avg,LR_Cluster_RMSE_Avg,LR_Cluster_MAD_Avg,LR_Euc_Time_Avg,LR_Euc_MAE_Avg,LR_Euc_RMSE_Avg,LR_Euc_MAD_Avg,RF_Entire_Time,RF_Entire_MAE,RF_Entire_RMSE,RF_Entire_MAD,RF_Cluster_Time_Avg,RF_Cluster_MAE_Avg,RF_Cluster_RMSE_Avg,RF_Cluster_MAD_Avg,RF_Euc_Time_Avg,RF_Euc_MAE_Avg,RF_Euc_RMSE_Avg,RF_Euc_MAD_Avg,NN_Entire_Time,NN_Entire_MAE,NN_Entire_RMSE,NN_Entire_MAD,NN_Cluster_Time_Avg,NN_Cluster_MAE_Avg,NN_Cluster_RMSE_Avg,NN_Cluster_MAD_Avg,NN_Euc_Time_Avg,NN_Euc_MAE_Avg,NN_Euc_RMSE_Avg,NN_Euc_MAD_Avg,GP_Entire_Time,GP_Entire_MAE,GP_Entire_RMSE,GP_Entire_MAD,GP_Cluster_Time_Avg,GP_Cluster_MAE_Avg,GP_Cluster_RMSE_Avg,GP_Cluster_MAD_Avg,GP_Euc_Time_Avg,GP_Euc_MAE_Avg,GP_Euc_RMSE_Avg,GP_Euc_MAD_Avg,GB_Entire_Time,GB_Entire_MAE,GB_Entire_RMSE,GB_Entire_MAD,GB_Cluster_Time_Avg,GB_Cluster_MAE_Avg,GB_Cluster_RMSE_Avg,GB_Cluster_MAD_Avg,GB_Euc_Time_Avg,GB_Euc_MAE_Avg,GB_Euc_RMSE_Avg,GB_Euc_MAD_Avg
1000,1,0.9,1.0,5,0.0003178119659423828,0.03174555839505721,0.043465480669550194,0.023354845822268516,0.00030303001403808594,0.39587051380361865,0.4828784659690985,0.38667956454285063,0.0002604007720947266,0.20597234765336023,0.4975401491650316,0.11041285893666823,0.14588117599487305,0.026974204949611433,0.035789051339962054,0.021667397367045288,0.05437655448913574,0.19578245748189163,0.27188817704526336,0.13795594095209207,0.054654264450073244,0.14033530135699168,0.2665970475644134,0.08826874098496636,0.07979273796081543,0.04917573231949403,0.06706515314639999,0.03971510273027601,0.036657285690307614,0.21465324692074103,0.3021745632341876,0.11300321257062591,0.03691511154174805,0.20329393274028376,0.4696294442995413,0.10362115317629503,0.18133187294006348,0.047523502,0.08538143,0.030398354,0.052858829498291016,0.18008465,0.25275615,0.11172855,0.0446990966796875,0.22937259,0.5676478,0.12303834,0.06550931930541992,0.022992740701375913,0.029887482611287146,0.019598714559076247,0.02019786834716797,0.14856345717390823,0.2216549348666978,0.10978692284562774,0.020141792297363282,0.10846057348779467,0.15257426243545613,0.07350492955087477
