N,Norm,Lambda,Gamma,K,LR_Entire_Time,LR_Entire_MAE,LR_Entire_RMSE,LR_Entire_MAD,LR_Cluster_Time_Avg,LR_Cluster_MAE_Avg,LR_Cluster_RMSE_Avg,LR_Cluster_MAD_Avg,LR_Euc_Time_Avg,LR_Euc_MAE_Avg,LR_Euc_RMSE_Avg,LR_Euc_MAD_Avg,RF_Entire_Time,RF_Entire_MAE,RF_Entire_RMSE,RF_Entire_MAD,RF_Cluster_Time_Avg,RF_Cluster_MAE_Avg,RF_Cluster_RMSE_Avg,RF_Cluster_MAD_Avg,RF_Euc_Time_Avg,RF_Euc_MAE_Avg,RF_Euc_RMSE_Avg,RF_Euc_MAD_Avg,NN_Entire_Time,NN_Entire_MAE,NN_Entire_RMSE,NN_Entire_MAD,NN_Cluster_Time_Avg,NN_Cluster_MAE_Avg,NN_Cluster_RMSE_Avg,NN_Cluster_MAD_Avg,NN_Euc_Time_Avg,NN_Euc_MAE_Avg,NN_Euc_RMSE_Avg,NN_Euc_MAD_Avg,GB_Entire_Time,GB_Entire_MAE,GB_Entire_RMSE,GB_Entire_MAD,GB_Cluster_Time_Avg,GB_Cluster_MAE_Avg,GB_Cluster_RMSE_Avg,GB_Cluster_MAD_Avg,GB_Euc_Time_Avg,GB_Euc_MAE_Avg,GB_Euc_RMSE_Avg,GB_Euc_MAD_Avg
100000,2,0.9,1.0,4,0.00723719596862793,0.0643103041422581,0.30043950634238437,0.03601264487927863,0.0021239519119262695,0.11758049613097925,0.3441187296380447,0.07970368029118852,0.0023517608642578125,0.1551439489605722,0.4137185066125712,0.09434256602327316,25.39849877357483,0.039365520747152716,0.1898868270497765,0.014958760051959605,5.75290322303772,0.0933292693984233,0.3075206103086904,0.04761566555359438,5.6084887981414795,0.09633946731125642,0.33441732784552064,0.038821836753734115,11.795315980911255,0.04248754178265383,0.20094980113912136,0.01354547366484532,2.242900252342224,0.07944936500912819,0.29228301771517873,0.039706635684290725,1.6687270402908325,0.08929433735934092,0.3214870458216995,0.03538307361595704,6.617165803909302,0.04388015462235743,0.19136057046633698,0.021572383600056234,1.6019840836524963,0.09243789626882945,0.30347212926372846,0.054485899076057984,1.60014408826828,0.09738798526491424,0.33278583076018237,0.046588976904552507
