N,Norm,Lambda,Gamma,K,LR_Entire_Time,LR_Entire_MAE,LR_Entire_RMSE,LR_Entire_MAD,LR_Cluster_Time_Avg,LR_Cluster_MAE_Avg,LR_Cluster_RMSE_Avg,LR_Cluster_MAD_Avg,LR_Euc_Time_Avg,LR_Euc_MAE_Avg,LR_Euc_RMSE_Avg,LR_Euc_MAD_Avg,RF_Entire_Time,RF_Entire_MAE,RF_Entire_RMSE,RF_Entire_MAD,RF_Cluster_Time_Avg,RF_Cluster_MAE_Avg,RF_Cluster_RMSE_Avg,RF_Cluster_MAD_Avg,RF_Euc_Time_Avg,RF_Euc_MAE_Avg,RF_Euc_RMSE_Avg,RF_Euc_MAD_Avg,NN_Entire_Time,NN_Entire_MAE,NN_Entire_RMSE,NN_Entire_MAD,NN_Cluster_Time_Avg,NN_Cluster_MAE_Avg,NN_Cluster_RMSE_Avg,NN_Cluster_MAD_Avg,NN_Euc_Time_Avg,NN_Euc_MAE_Avg,NN_Euc_RMSE_Avg,NN_Euc_MAD_Avg,GP_Entire_Time,GP_Entire_MAE,GP_Entire_RMSE,GP_Entire_MAD,GP_Cluster_Time_Avg,GP_Cluster_MAE_Avg,GP_Cluster_RMSE_Avg,GP_Cluster_MAD_Avg,GP_Euc_Time_Avg,GP_Euc_MAE_Avg,GP_Euc_RMSE_Avg,GP_Euc_MAD_Avg,GB_Entire_Time,GB_Entire_MAE,GB_Entire_RMSE,GB_Entire_MAD,GB_Cluster_Time_Avg,GB_Cluster_MAE_Avg,GB_Cluster_RMSE_Avg,GB_Cluster_MAD_Avg,GB_Euc_Time_Avg,GB_Euc_MAE_Avg,GB_Euc_RMSE_Avg,GB_Euc_MAD_Avg
1000,2,0.5,2.0,7,0.00037097930908203125,0.03174555839505721,0.043465480669550194,0.023354845822268516,0.0002811636243547712,0.17999935904036884,0.3338014969627681,0.11519308458585284,0.0003184591020856585,0.24114744200741556,0.497433010418103,0.13447214769055482,0.14217281341552734,0.02664881044944746,0.03584477994048823,0.02181071289773867,0.04888698032924107,0.20018979364019174,0.29927970474157134,0.14855098736045022,0.04820060729980469,0.1801285676026859,0.35185413584333797,0.10117155388843872,0.043663978576660156,0.061858990244541244,0.08296477299565752,0.04838720665544388,0.02715996333530971,0.2032771033992417,0.35193995849717336,0.12112847772746338,0.02698070662362235,0.2127871829721062,0.4599432121809342,0.10510303030820549,0.24306821823120117,0.047523502,0.08538143,0.030398354,0.04268230710710798,0.21108648,0.3717451,0.13055821,0.03719724927629743,0.22839884,0.5366344,0.09300195,0.0634469985961914,0.023035946131947756,0.029892618889231757,0.01989618115551456,0.016699280057634627,0.1799914747647826,0.2525094273207604,0.12327050720059153,0.016743183135986328,0.1623634482283247,0.2517451303804178,0.10777084316880102
