N,Norm,Lambda,Gamma,K,LR_Entire_Time,LR_Entire_MAE,LR_Entire_RMSE,LR_Entire_MAD,LR_Cluster_Time_Avg,LR_Cluster_MAE_Avg,LR_Cluster_RMSE_Avg,LR_Cluster_MAD_Avg,LR_Euc_Time_Avg,LR_Euc_MAE_Avg,LR_Euc_RMSE_Avg,LR_Euc_MAD_Avg,RF_Entire_Time,RF_Entire_MAE,RF_Entire_RMSE,RF_Entire_MAD,RF_Cluster_Time_Avg,RF_Cluster_MAE_Avg,RF_Cluster_RMSE_Avg,RF_Cluster_MAD_Avg,RF_Euc_Time_Avg,RF_Euc_MAE_Avg,RF_Euc_RMSE_Avg,RF_Euc_MAD_Avg,NN_Entire_Time,NN_Entire_MAE,NN_Entire_RMSE,NN_Entire_MAD,NN_Cluster_Time_Avg,NN_Cluster_MAE_Avg,NN_Cluster_RMSE_Avg,NN_Cluster_MAD_Avg,NN_Euc_Time_Avg,NN_Euc_MAE_Avg,NN_Euc_RMSE_Avg,NN_Euc_MAD_Avg,GP_Entire_Time,GP_Entire_MAE,GP_Entire_RMSE,GP_Entire_MAD,GP_Cluster_Time_Avg,GP_Cluster_MAE_Avg,GP_Cluster_RMSE_Avg,GP_Cluster_MAD_Avg,GP_Euc_Time_Avg,GP_Euc_MAE_Avg,GP_Euc_RMSE_Avg,GP_Euc_MAD_Avg,GB_Entire_Time,GB_Entire_MAE,GB_Entire_RMSE,GB_Entire_MAD,GB_Cluster_Time_Avg,GB_Cluster_MAE_Avg,GB_Cluster_RMSE_Avg,GB_Cluster_MAD_Avg,GB_Euc_Time_Avg,GB_Euc_MAE_Avg,GB_Euc_RMSE_Avg,GB_Euc_MAD_Avg
5000,1,0.1,2.0,7,0.0006749629974365234,0.06606716257040125,0.2627241057286416,0.044473382092633296,0.0003573213304792132,0.1786162215332335,0.3261212953794713,0.13197225466630327,0.0003017698015485491,0.2309213956600825,0.4281767200218489,0.16803380215287375,0.7707569599151611,0.042982308507792166,0.19829811403872932,0.01980378854657358,0.11944855962480817,0.17965584649197086,0.3446132521108533,0.10488012527744038,0.11821838787623815,0.1868930184789162,0.4304390808241445,0.09722632270651785,0.34733009338378906,0.07222519929536689,0.25361259156201893,0.030895844359976443,0.13910787446158274,0.1626873411154765,0.3134371892365587,0.09410888890911524,0.12007103647504534,0.18476986112861388,0.4053208280747521,0.1009661455515285,2.6858720779418945,0.07435907,0.24537352,0.028414443,0.1442093849182129,0.1738763,0.33470228,0.100995526,0.13444345338003977,0.18625943,0.42731166,0.098997764,0.3061659336090088,0.043929752653241276,0.18886281017179132,0.02446869807213959,0.048523357936314175,0.17653068255054002,0.37131277570788035,0.09293408676661656,0.04910308974129813,0.17578887047318537,0.42290215839676204,0.09777112291731829
