N,Norm,Lambda,Gamma,K,LR_Entire_Time,LR_Entire_MAE,LR_Entire_RMSE,LR_Entire_MAD,LR_Cluster_Time_Avg,LR_Cluster_MAE_Avg,LR_Cluster_RMSE_Avg,LR_Cluster_MAD_Avg,LR_Euc_Time_Avg,LR_Euc_MAE_Avg,LR_Euc_RMSE_Avg,LR_Euc_MAD_Avg,RF_Entire_Time,RF_Entire_MAE,RF_Entire_RMSE,RF_Entire_MAD,RF_Cluster_Time_Avg,RF_Cluster_MAE_Avg,RF_Cluster_RMSE_Avg,RF_Cluster_MAD_Avg,RF_Euc_Time_Avg,RF_Euc_MAE_Avg,RF_Euc_RMSE_Avg,RF_Euc_MAD_Avg,NN_Entire_Time,NN_Entire_MAE,NN_Entire_RMSE,NN_Entire_MAD,NN_Cluster_Time_Avg,NN_Cluster_MAE_Avg,NN_Cluster_RMSE_Avg,NN_Cluster_MAD_Avg,NN_Euc_Time_Avg,NN_Euc_MAE_Avg,NN_Euc_RMSE_Avg,NN_Euc_MAD_Avg,GB_Entire_Time,GB_Entire_MAE,GB_Entire_RMSE,GB_Entire_MAD,GB_Cluster_Time_Avg,GB_Cluster_MAE_Avg,GB_Cluster_RMSE_Avg,GB_Cluster_MAD_Avg,GB_Euc_Time_Avg,GB_Euc_MAE_Avg,GB_Euc_RMSE_Avg,GB_Euc_MAD_Avg
100000,2,0.1,1.0,6,0.0059719085693359375,0.0643103041422581,0.30043950634238437,0.03601264487927863,0.002597173055013021,0.1680411507787484,0.39189368611931275,0.12379836640522417,0.0013794898986816406,0.19833764315984814,0.4302280975120915,0.13404918249230613,25.404581785202026,0.03959268531295632,0.19021793972100706,0.015109182443410307,3.653910279273987,0.13687150779946708,0.36424907194106765,0.07701892084608124,3.606690009435018,0.1425929497428268,0.4139538557150706,0.06221993211489435,11.96748971939087,0.050337567990052984,0.20214162324553378,0.024997980023991118,1.5459343989690144,0.11704730657306779,0.3418185923684014,0.06490227235930844,0.8674611647923788,0.1265201846894658,0.3647925390153837,0.06220492826215871,6.606983184814453,0.04385667564934163,0.19061842889021696,0.021572383600056384,1.0674425760904949,0.13535501341572206,0.3559324189508814,0.08744895030011957,1.0627439816792805,0.1386044427545806,0.39239857504494674,0.07076166064060548
