N,Norm,Lambda,Gamma,K,LR_Entire_Time,LR_Entire_MAE,LR_Entire_RMSE,LR_Entire_MAD,LR_Cluster_Time_Avg,LR_Cluster_MAE_Avg,LR_Cluster_RMSE_Avg,LR_Cluster_MAD_Avg,LR_Euc_Time_Avg,LR_Euc_MAE_Avg,LR_Euc_RMSE_Avg,LR_Euc_MAD_Avg,RF_Entire_Time,RF_Entire_MAE,RF_Entire_RMSE,RF_Entire_MAD,RF_Cluster_Time_Avg,RF_Cluster_MAE_Avg,RF_Cluster_RMSE_Avg,RF_Cluster_MAD_Avg,RF_Euc_Time_Avg,RF_Euc_MAE_Avg,RF_Euc_RMSE_Avg,RF_Euc_MAD_Avg,NN_Entire_Time,NN_Entire_MAE,NN_Entire_RMSE,NN_Entire_MAD,NN_Cluster_Time_Avg,NN_Cluster_MAE_Avg,NN_Cluster_RMSE_Avg,NN_Cluster_MAD_Avg,NN_Euc_Time_Avg,NN_Euc_MAE_Avg,NN_Euc_RMSE_Avg,NN_Euc_MAD_Avg,GP_Entire_Time,GP_Entire_MAE,GP_Entire_RMSE,GP_Entire_MAD,GP_Cluster_Time_Avg,GP_Cluster_MAE_Avg,GP_Cluster_RMSE_Avg,GP_Cluster_MAD_Avg,GP_Euc_Time_Avg,GP_Euc_MAE_Avg,GP_Euc_RMSE_Avg,GP_Euc_MAD_Avg,GB_Entire_Time,GB_Entire_MAE,GB_Entire_RMSE,GB_Entire_MAD,GB_Cluster_Time_Avg,GB_Cluster_MAE_Avg,GB_Cluster_RMSE_Avg,GB_Cluster_MAD_Avg,GB_Euc_Time_Avg,GB_Euc_MAE_Avg,GB_Euc_RMSE_Avg,GB_Euc_MAD_Avg
10000,1,0.9,0.5,4,0.001129150390625,0.06792803101151079,0.3219772320780228,0.0359716131146422,0.0006399750709533691,0.11715966440717737,0.28872499929154555,0.08006792390960274,0.0006082653999328613,0.1527846860515306,0.3747429160175923,0.0943320350517892,2.4362082481384277,0.04702579583888672,0.23570813622938794,0.017918645136203393,0.5726667642593384,0.10584865702250068,0.278098717506871,0.0585647088005021,0.5567682981491089,0.11003738469262524,0.347538793861784,0.05096851041535343,2.7915682792663574,0.07930056982795144,0.2800740202915952,0.03125598342363012,0.4766262173652649,0.10650503009934952,0.2710882574849449,0.06074898096110417,0.2915673851966858,0.135755741439977,0.3532776208084271,0.06670385525067662,12.481158971786499,0.06861694,0.25728056,0.019585054,1.1802804470062256,0.09487033,0.2643981,0.050243318,1.4826430678367615,0.10268174,0.3345658,0.04225808,0.8929250240325928,0.048584548183521446,0.23632403314816913,0.02329046677653715,0.22522598505020142,0.09742783582636463,0.26169462742211524,0.060876629455722045,0.22493106126785278,0.10593049399378618,0.3579854339326098,0.04919376580571158
