N,Norm,Lambda,Gamma,K,LR_Entire_Time,LR_Entire_MAE,LR_Entire_RMSE,LR_Entire_MAD,LR_Cluster_Time_Avg,LR_Cluster_MAE_Avg,LR_Cluster_RMSE_Avg,LR_Cluster_MAD_Avg,LR_Euc_Time_Avg,LR_Euc_MAE_Avg,LR_Euc_RMSE_Avg,LR_Euc_MAD_Avg,RF_Entire_Time,RF_Entire_MAE,RF_Entire_RMSE,RF_Entire_MAD,RF_Cluster_Time_Avg,RF_Cluster_MAE_Avg,RF_Cluster_RMSE_Avg,RF_Cluster_MAD_Avg,RF_Euc_Time_Avg,RF_Euc_MAE_Avg,RF_Euc_RMSE_Avg,RF_Euc_MAD_Avg,NN_Entire_Time,NN_Entire_MAE,NN_Entire_RMSE,NN_Entire_MAD,NN_Cluster_Time_Avg,NN_Cluster_MAE_Avg,NN_Cluster_RMSE_Avg,NN_Cluster_MAD_Avg,NN_Euc_Time_Avg,NN_Euc_MAE_Avg,NN_Euc_RMSE_Avg,NN_Euc_MAD_Avg,GB_Entire_Time,GB_Entire_MAE,GB_Entire_RMSE,GB_Entire_MAD,GB_Cluster_Time_Avg,GB_Cluster_MAE_Avg,GB_Cluster_RMSE_Avg,GB_Cluster_MAD_Avg,GB_Euc_Time_Avg,GB_Euc_MAE_Avg,GB_Euc_RMSE_Avg,GB_Euc_MAD_Avg
50000,2,0.5,2.0,5,0.0030252933502197266,0.06625561675942009,0.3233405659660932,0.03390383380555034,0.0015732765197753907,0.1395706881357756,0.3264566412322081,0.0982211080322469,0.0009084224700927734,0.1801006369020747,0.4476572912709266,0.11853718463557242,11.198648929595947,0.042931344158855834,0.21844089432722313,0.01572158783216776,1.969688081741333,0.11885654939276566,0.3047249542378653,0.06484347337482593,1.9301605224609375,0.11946124141467981,0.38957123058248505,0.05353784083372641,9.113286256790161,0.048972459061556096,0.23654635883673983,0.018326123879699938,1.091453218460083,0.09889638453727971,0.27021523083793586,0.05232415211829764,0.6712487697601318,0.11858563558545002,0.3771087013329276,0.05344206424533149,3.2417421340942383,0.048016767002914545,0.22011504082085592,0.02282462358875617,0.6393611431121826,0.11243135890972414,0.27961820409293464,0.07059795842135753,0.6405980587005615,0.11996622065521975,0.38749024273467975,0.0618583544875255
