N,Norm,Lambda,Gamma,K,LR_Entire_Time,LR_Entire_MAE,LR_Entire_RMSE,LR_Entire_MAD,LR_Cluster_Time_Avg,LR_Cluster_MAE_Avg,LR_Cluster_RMSE_Avg,LR_Cluster_MAD_Avg,LR_Euc_Time_Avg,LR_Euc_MAE_Avg,LR_Euc_RMSE_Avg,LR_Euc_MAD_Avg,RF_Entire_Time,RF_Entire_MAE,RF_Entire_RMSE,RF_Entire_MAD,RF_Cluster_Time_Avg,RF_Cluster_MAE_Avg,RF_Cluster_RMSE_Avg,RF_Cluster_MAD_Avg,RF_Euc_Time_Avg,RF_Euc_MAE_Avg,RF_Euc_RMSE_Avg,RF_Euc_MAD_Avg,NN_Entire_Time,NN_Entire_MAE,NN_Entire_RMSE,NN_Entire_MAD,NN_Cluster_Time_Avg,NN_Cluster_MAE_Avg,NN_Cluster_RMSE_Avg,NN_Cluster_MAD_Avg,NN_Euc_Time_Avg,NN_Euc_MAE_Avg,NN_Euc_RMSE_Avg,NN_Euc_MAD_Avg,GP_Entire_Time,GP_Entire_MAE,GP_Entire_RMSE,GP_Entire_MAD,GP_Cluster_Time_Avg,GP_Cluster_MAE_Avg,GP_Cluster_RMSE_Avg,GP_Cluster_MAD_Avg,GP_Euc_Time_Avg,GP_Euc_MAE_Avg,GP_Euc_RMSE_Avg,GP_Euc_MAD_Avg,GB_Entire_Time,GB_Entire_MAE,GB_Entire_RMSE,GB_Entire_MAD,GB_Cluster_Time_Avg,GB_Cluster_MAE_Avg,GB_Cluster_RMSE_Avg,GB_Cluster_MAD_Avg,GB_Euc_Time_Avg,GB_Euc_MAE_Avg,GB_Euc_RMSE_Avg,GB_Euc_MAD_Avg
5000,2,0.9,1.0,6,0.0007851123809814453,0.06606716257040125,0.2627241057286416,0.044473382092633296,0.0003056923548380534,0.15509078377999427,0.32974246752512076,0.11789749379910387,0.0002752939860026042,0.22164609849587402,0.4643029753593615,0.14169759091135933,0.7663631439208984,0.043352715214173956,0.2005472370011979,0.020762085518325535,0.13644762833913168,0.14682685799704934,0.3535297541063069,0.08499970814164877,0.13411263624827066,0.18798874446518984,0.4640707890496976,0.08451682019304936,1.152723789215088,0.07396712619283195,0.24657321759151474,0.03540694084612572,0.12137254079182942,0.1465954113085149,0.31971713281913655,0.09538174516241993,0.11290685335795085,0.1969034413111718,0.4401960980768336,0.08983599134539133,2.663543701171875,0.07375103,0.24542582,0.026155427,0.17343600591023764,0.14645953,0.33248463,0.08575088,0.15892990430196127,0.1867796,0.46251535,0.09004652,0.3055758476257324,0.0438106980566269,0.1886508385582181,0.02446869807213967,0.05621620019276937,0.13439045976692834,0.32786568317256193,0.08091972338861454,0.05583349863688151,0.18441215228372618,0.49553541801160916,0.08048423451123954
