N,Norm,Lambda,Gamma,K,LR_Entire_Time,LR_Entire_MAE,LR_Entire_RMSE,LR_Entire_MAD,LR_Cluster_Time_Avg,LR_Cluster_MAE_Avg,LR_Cluster_RMSE_Avg,LR_Cluster_MAD_Avg,LR_Euc_Time_Avg,LR_Euc_MAE_Avg,LR_Euc_RMSE_Avg,LR_Euc_MAD_Avg,RF_Entire_Time,RF_Entire_MAE,RF_Entire_RMSE,RF_Entire_MAD,RF_Cluster_Time_Avg,RF_Cluster_MAE_Avg,RF_Cluster_RMSE_Avg,RF_Cluster_MAD_Avg,RF_Euc_Time_Avg,RF_Euc_MAE_Avg,RF_Euc_RMSE_Avg,RF_Euc_MAD_Avg,NN_Entire_Time,NN_Entire_MAE,NN_Entire_RMSE,NN_Entire_MAD,NN_Cluster_Time_Avg,NN_Cluster_MAE_Avg,NN_Cluster_RMSE_Avg,NN_Cluster_MAD_Avg,NN_Euc_Time_Avg,NN_Euc_MAE_Avg,NN_Euc_RMSE_Avg,NN_Euc_MAD_Avg,GP_Entire_Time,GP_Entire_MAE,GP_Entire_RMSE,GP_Entire_MAD,GP_Cluster_Time_Avg,GP_Cluster_MAE_Avg,GP_Cluster_RMSE_Avg,GP_Cluster_MAD_Avg,GP_Euc_Time_Avg,GP_Euc_MAE_Avg,GP_Euc_RMSE_Avg,GP_Euc_MAD_Avg,GB_Entire_Time,GB_Entire_MAE,GB_Entire_RMSE,GB_Entire_MAD,GB_Cluster_Time_Avg,GB_Cluster_MAE_Avg,GB_Cluster_RMSE_Avg,GB_Cluster_MAD_Avg,GB_Euc_Time_Avg,GB_Euc_MAE_Avg,GB_Euc_RMSE_Avg,GB_Euc_MAD_Avg
100,2,0.9,1.0,6,0.0002892017364501953,0.19598571368711998,0.2658167496676893,0.12690348231686688,0.0002683401107788086,0.4626228328241404,0.5355071554047552,0.41513809234109195,0.00023516019185384115,0.4626228328241404,0.5355071554047552,0.41513809234109195,0.044912099838256836,0.03815331143366015,0.046929010322641115,0.03909458520594644,0.03978256384531657,0.3153926693517933,0.355138140676321,0.3126454080964825,0.0382918119430542,0.36137176594094217,0.40865990661172985,0.35668192484690914,0.023890972137451172,0.22258183183553534,0.3412327061453135,0.09394281442944213,0.009575605392456055,0.7040236334153587,0.7766105678807667,0.6855320753389572,0.008805076281229654,0.6415265404155178,0.7265859042671959,0.6126322517824793,0.035456180572509766,0.14043128,0.21644284,0.062149398,0.028891603151957195,0.34983072,0.41411725,0.3093361,0.02897171179453532,0.34983072,0.41411725,0.3093361,0.015056133270263672,0.03508243710624296,0.04738692946118509,0.02478653104528547,0.010463078816731771,0.2948447236666592,0.35544349488783045,0.2779825190599823,0.01049367586771647,0.2947133027633841,0.3426262291548631,0.28186003466908977
