N,Norm,Lambda,Gamma,K,LR_Entire_Time,LR_Entire_MAE,LR_Entire_RMSE,LR_Entire_MAD,LR_Cluster_Time_Avg,LR_Cluster_MAE_Avg,LR_Cluster_RMSE_Avg,LR_Cluster_MAD_Avg,LR_Euc_Time_Avg,LR_Euc_MAE_Avg,LR_Euc_RMSE_Avg,LR_Euc_MAD_Avg,RF_Entire_Time,RF_Entire_MAE,RF_Entire_RMSE,RF_Entire_MAD,RF_Cluster_Time_Avg,RF_Cluster_MAE_Avg,RF_Cluster_RMSE_Avg,RF_Cluster_MAD_Avg,RF_Euc_Time_Avg,RF_Euc_MAE_Avg,RF_Euc_RMSE_Avg,RF_Euc_MAD_Avg,NN_Entire_Time,NN_Entire_MAE,NN_Entire_RMSE,NN_Entire_MAD,NN_Cluster_Time_Avg,NN_Cluster_MAE_Avg,NN_Cluster_RMSE_Avg,NN_Cluster_MAD_Avg,NN_Euc_Time_Avg,NN_Euc_MAE_Avg,NN_Euc_RMSE_Avg,NN_Euc_MAD_Avg,GB_Entire_Time,GB_Entire_MAE,GB_Entire_RMSE,GB_Entire_MAD,GB_Cluster_Time_Avg,GB_Cluster_MAE_Avg,GB_Cluster_RMSE_Avg,GB_Cluster_MAD_Avg,GB_Euc_Time_Avg,GB_Euc_MAE_Avg,GB_Euc_RMSE_Avg,GB_Euc_MAD_Avg
100000,2,0.5,1.0,3,0.006169795989990234,0.0643103041422581,0.30043950634238437,0.03601264487927863,0.002384662628173828,0.09522305770769506,0.3013637293500134,0.06023982644164263,0.0024329026540120444,0.13700685445944463,0.42404110391471833,0.08132741789522079,25.5399169921875,0.03970895565002599,0.1924828703037674,0.014945691439936404,7.884099801381429,0.07254726857298105,0.24884108081460288,0.03454180158335745,7.712673981984456,0.08388388711136967,0.33584657069634677,0.032998394160700745,11.814249992370605,0.046795362772567066,0.1957976068805713,0.022219552414902033,3.704000393549601,0.06557582389593056,0.23406141650091486,0.02885954993540482,2.8216320673624673,0.07992287673622182,0.32334712115489406,0.032632534456943994,6.647352933883667,0.0438636867853365,0.19015865761955286,0.021574883164357878,2.149360497792562,0.07407096797981193,0.24306245021649567,0.042622469665298875,2.146419366200765,0.08419338352002227,0.32954718204529027,0.04067719294934998
