N,Norm,Lambda,Gamma,K,LR_Entire_Time,LR_Entire_MAE,LR_Entire_RMSE,LR_Entire_MAD,LR_Cluster_Time_Avg,LR_Cluster_MAE_Avg,LR_Cluster_RMSE_Avg,LR_Cluster_MAD_Avg,LR_Cluster_MAE_Median,LR_Cluster_RMSE_Median,LR_Cluster_MAD_Median,RF_Entire_Time,RF_Entire_MAE,RF_Entire_RMSE,RF_Entire_MAD,RF_Cluster_Time_Avg,RF_Cluster_MAE_Avg,RF_Cluster_RMSE_Avg,RF_Cluster_MAD_Avg,RF_Cluster_MAE_Median,RF_Cluster_RMSE_Median,RF_Cluster_MAD_Median,NN_Entire_Time,NN_Entire_MAE,NN_Entire_RMSE,NN_Entire_MAD,NN_Cluster_Time_Avg,NN_Cluster_MAE_Avg,NN_Cluster_RMSE_Avg,NN_Cluster_MAD_Avg,NN_Cluster_MAE_Median,NN_Cluster_RMSE_Median,NN_Cluster_MAD_Median,GP_Entire_Time,GP_Entire_MAE,GP_Entire_RMSE,GP_Entire_MAD,GP_Cluster_Time_Avg,GP_Cluster_MAE_Avg,GP_Cluster_RMSE_Avg,GP_Cluster_MAD_Avg,GP_Cluster_MAE_Median,GP_Cluster_RMSE_Median,GP_Cluster_MAD_Median,GB_Entire_Time,GB_Entire_MAE,GB_Entire_RMSE,GB_Entire_MAD,GB_Cluster_Time_Avg,GB_Cluster_MAE_Avg,GB_Cluster_RMSE_Avg,GB_Cluster_MAD_Avg,GB_Cluster_MAE_Median,GB_Cluster_RMSE_Median,GB_Cluster_MAD_Median
1000,2,0.5,0.5,6,0.0006930828094482422,0.07572404595198262,0.3176633156201745,0.045674406410488144,0.0005863507588704427,0.14332246647575372,0.46002404156061233,0.05307010236082701,0.1186754396224024,0.44296326421016985,0.014327691384906893,0.15244078636169434,0.022867418355186617,0.032881082657141014,0.017021356760401396,0.05315852165222168,0.11659797778477354,0.35991887346396617,0.030774402456807043,0.09237621523989287,0.23155597552358026,0.03155365224831855,0.2800450325012207,0.09221847239163936,0.3005909994945678,0.04024968432886396,0.06792684396107991,0.14004627842128267,0.42538997973821885,0.051837983879130224,0.11011966716929045,0.33769945973426135,0.05072246093407808,0.19251084327697754,0.09063805,0.28110394,0.036968112,0.054645419120788574,0.12531531,0.36536512,0.032485906,0.08250358700752258,0.23741976916790009,0.028077736496925354,0.061200857162475586,0.022178882036222727,0.029588858551539157,0.017278896091539882,0.017112453778584797,0.10814190869092594,0.34705734513379355,0.022397086049932995,0.07770613019657523,0.1799009190615467,0.021410163844046978
