N,Norm,Lambda,Gamma,K,LR_Entire_Time,LR_Entire_MAE,LR_Entire_RMSE,LR_Entire_MAD,LR_Cluster_Time_Avg,LR_Cluster_MAE_Avg,LR_Cluster_RMSE_Avg,LR_Cluster_MAD_Avg,LR_Euc_Time_Avg,LR_Euc_MAE_Avg,LR_Euc_RMSE_Avg,LR_Euc_MAD_Avg,RF_Entire_Time,RF_Entire_MAE,RF_Entire_RMSE,RF_Entire_MAD,RF_Cluster_Time_Avg,RF_Cluster_MAE_Avg,RF_Cluster_RMSE_Avg,RF_Cluster_MAD_Avg,RF_Euc_Time_Avg,RF_Euc_MAE_Avg,RF_Euc_RMSE_Avg,RF_Euc_MAD_Avg,NN_Entire_Time,NN_Entire_MAE,NN_Entire_RMSE,NN_Entire_MAD,NN_Cluster_Time_Avg,NN_Cluster_MAE_Avg,NN_Cluster_RMSE_Avg,NN_Cluster_MAD_Avg,NN_Euc_Time_Avg,NN_Euc_MAE_Avg,NN_Euc_RMSE_Avg,NN_Euc_MAD_Avg,GB_Entire_Time,GB_Entire_MAE,GB_Entire_RMSE,GB_Entire_MAD,GB_Cluster_Time_Avg,GB_Cluster_MAE_Avg,GB_Cluster_RMSE_Avg,GB_Cluster_MAD_Avg,GB_Euc_Time_Avg,GB_Euc_MAE_Avg,GB_Euc_RMSE_Avg,GB_Euc_MAD_Avg
50000,2,0.5,0.5,4,0.003256082534790039,0.06625561675942009,0.3233405659660932,0.03390383380555034,0.0010059475898742676,0.11808091399843576,0.3161499872057069,0.0797465410162005,0.0011069774627685547,0.15681437021266262,0.40509421674927343,0.09586607981260689,11.652047872543335,0.042750729244607766,0.21625382466675355,0.015821486936161033,2.4998356103897095,0.09731834291737185,0.2846091375969178,0.04909754230019785,2.435915470123291,0.09907684265201447,0.3395236873644589,0.04081427376685122,10.438502073287964,0.06310001651032027,0.23732532385115968,0.030063346188912092,1.585693597793579,0.09389722093801078,0.2610325545846407,0.050450321335640175,1.117106556892395,0.09469946783899297,0.3155523133402834,0.0371533116814495,3.271967887878418,0.04819205652408084,0.22088311882504746,0.02282462358875642,0.7991034984588623,0.09538041410414014,0.2734256980381675,0.056225594715950455,0.8005317449569702,0.09911109146460212,0.3333966393912055,0.04658457562563373
