N,Norm,Lambda,Gamma,K,LR_Entire_Time,LR_Entire_MAE,LR_Entire_RMSE,LR_Entire_MAD,LR_Cluster_Time_Avg,LR_Cluster_MAE_Avg,LR_Cluster_RMSE_Avg,LR_Cluster_MAD_Avg,LR_Euc_Time_Avg,LR_Euc_MAE_Avg,LR_Euc_RMSE_Avg,LR_Euc_MAD_Avg,RF_Entire_Time,RF_Entire_MAE,RF_Entire_RMSE,RF_Entire_MAD,RF_Cluster_Time_Avg,RF_Cluster_MAE_Avg,RF_Cluster_RMSE_Avg,RF_Cluster_MAD_Avg,RF_Euc_Time_Avg,RF_Euc_MAE_Avg,RF_Euc_RMSE_Avg,RF_Euc_MAD_Avg,NN_Entire_Time,NN_Entire_MAE,NN_Entire_RMSE,NN_Entire_MAD,NN_Cluster_Time_Avg,NN_Cluster_MAE_Avg,NN_Cluster_RMSE_Avg,NN_Cluster_MAD_Avg,NN_Euc_Time_Avg,NN_Euc_MAE_Avg,NN_Euc_RMSE_Avg,NN_Euc_MAD_Avg,GP_Entire_Time,GP_Entire_MAE,GP_Entire_RMSE,GP_Entire_MAD,GP_Cluster_Time_Avg,GP_Cluster_MAE_Avg,GP_Cluster_RMSE_Avg,GP_Cluster_MAD_Avg,GP_Euc_Time_Avg,GP_Euc_MAE_Avg,GP_Euc_RMSE_Avg,GP_Euc_MAD_Avg,GB_Entire_Time,GB_Entire_MAE,GB_Entire_RMSE,GB_Entire_MAD,GB_Cluster_Time_Avg,GB_Cluster_MAE_Avg,GB_Cluster_RMSE_Avg,GB_Cluster_MAD_Avg,GB_Euc_Time_Avg,GB_Euc_MAE_Avg,GB_Euc_RMSE_Avg,GB_Euc_MAD_Avg
5000,2,0.1,1.0,6,0.0006449222564697266,0.06606716257040125,0.2627241057286416,0.044473382092633296,0.0003083546956380208,0.16781455291701294,0.4025073280139085,0.11133537265920153,0.0002823273340861003,0.22164609849587402,0.4643029753593615,0.14169759091135933,0.7687151432037354,0.0421107518141352,0.19141095412821973,0.020100417464708725,0.13777732849121094,0.1771320681167503,0.44558424151733994,0.08686058834843051,0.1343559424082438,0.18968399374527414,0.47117520672000185,0.08558865377022455,1.0019891262054443,0.07370069100939927,0.24742960493829538,0.03149392814731747,0.09862148761749268,0.1577450423848661,0.38758260938859307,0.08554319355888805,0.09380269050598145,0.1966161489120558,0.4397000812665952,0.09464800738754871,2.75103497505188,0.07377794,0.24544793,0.028686523,0.16604959964752197,0.16170101,0.3985355,0.08396584,0.15758001804351807,0.18664624,0.46239924,0.08956116,0.30797410011291504,0.04389910910199082,0.18868053903211943,0.024486903561613545,0.055794994036356606,0.15997155715006472,0.43031542720135346,0.07925722170039147,0.056527177492777504,0.1842376371281953,0.4977735198079205,0.07985603657235445
