N,Norm,Lambda,Gamma,K,LR_Entire_Time,LR_Entire_MAE,LR_Entire_RMSE,LR_Entire_MAD,LR_Cluster_Time_Avg,LR_Cluster_MAE_Avg,LR_Cluster_RMSE_Avg,LR_Cluster_MAD_Avg,LR_Euc_Time_Avg,LR_Euc_MAE_Avg,LR_Euc_RMSE_Avg,LR_Euc_MAD_Avg,RF_Entire_Time,RF_Entire_MAE,RF_Entire_RMSE,RF_Entire_MAD,RF_Cluster_Time_Avg,RF_Cluster_MAE_Avg,RF_Cluster_RMSE_Avg,RF_Cluster_MAD_Avg,RF_Euc_Time_Avg,RF_Euc_MAE_Avg,RF_Euc_RMSE_Avg,RF_Euc_MAD_Avg,NN_Entire_Time,NN_Entire_MAE,NN_Entire_RMSE,NN_Entire_MAD,NN_Cluster_Time_Avg,NN_Cluster_MAE_Avg,NN_Cluster_RMSE_Avg,NN_Cluster_MAD_Avg,NN_Euc_Time_Avg,NN_Euc_MAE_Avg,NN_Euc_RMSE_Avg,NN_Euc_MAD_Avg,GP_Entire_Time,GP_Entire_MAE,GP_Entire_RMSE,GP_Entire_MAD,GP_Cluster_Time_Avg,GP_Cluster_MAE_Avg,GP_Cluster_RMSE_Avg,GP_Cluster_MAD_Avg,GP_Euc_Time_Avg,GP_Euc_MAE_Avg,GP_Euc_RMSE_Avg,GP_Euc_MAD_Avg,GB_Entire_Time,GB_Entire_MAE,GB_Entire_RMSE,GB_Entire_MAD,GB_Cluster_Time_Avg,GB_Cluster_MAE_Avg,GB_Cluster_RMSE_Avg,GB_Cluster_MAD_Avg,GB_Euc_Time_Avg,GB_Euc_MAE_Avg,GB_Euc_RMSE_Avg,GB_Euc_MAD_Avg
100,1,0.1,0.5,4,0.00027489662170410156,0.19598571368711998,0.2658167496676893,0.12690348231686688,0.0002866387367248535,0.20608208184274573,0.28054223856080396,0.15403454944364975,0.0002452731132507324,0.2636792202538578,0.27544820109858575,0.2646526185300492,0.044682979583740234,0.0374665327205588,0.04453578410241465,0.03183330878473221,0.039748549461364746,0.2879288796986056,0.36001873182611893,0.24200457366054354,0.04000800848007202,0.3786828569498326,0.5467712442371222,0.1664981105781358,0.024710893630981445,0.201095343402853,0.30272543825014436,0.07977856849436843,0.010827124118804932,0.27949163837622004,0.3385075593216878,0.21944239894263484,0.011909544467926025,0.3231497943869963,0.36147684491428883,0.30203462838936923,0.036826133728027344,0.14043128,0.21644284,0.062149398,0.032148659229278564,0.48863697,0.55369157,0.4811833,0.03057330846786499,0.54975957,0.67998046,0.4185274,0.015004873275756836,0.03792983641431842,0.054291109411959616,0.023898651900638,0.010769188404083252,0.2228890283521351,0.2709912135085455,0.20171291032877262,0.010673820972442627,0.42298747793662744,0.6760748147985114,0.09684169345819763
