N,Norm,Lambda,Gamma,K,LR_Entire_Time,LR_Entire_MAE,LR_Entire_RMSE,LR_Entire_MAD,LR_Cluster_Time_Avg,LR_Cluster_MAE_Avg,LR_Cluster_RMSE_Avg,LR_Cluster_MAD_Avg,LR_Euc_Time_Avg,LR_Euc_MAE_Avg,LR_Euc_RMSE_Avg,LR_Euc_MAD_Avg,RF_Entire_Time,RF_Entire_MAE,RF_Entire_RMSE,RF_Entire_MAD,RF_Cluster_Time_Avg,RF_Cluster_MAE_Avg,RF_Cluster_RMSE_Avg,RF_Cluster_MAD_Avg,RF_Euc_Time_Avg,RF_Euc_MAE_Avg,RF_Euc_RMSE_Avg,RF_Euc_MAD_Avg,NN_Entire_Time,NN_Entire_MAE,NN_Entire_RMSE,NN_Entire_MAD,NN_Cluster_Time_Avg,NN_Cluster_MAE_Avg,NN_Cluster_RMSE_Avg,NN_Cluster_MAD_Avg,NN_Euc_Time_Avg,NN_Euc_MAE_Avg,NN_Euc_RMSE_Avg,NN_Euc_MAD_Avg,GP_Entire_Time,GP_Entire_MAE,GP_Entire_RMSE,GP_Entire_MAD,GP_Cluster_Time_Avg,GP_Cluster_MAE_Avg,GP_Cluster_RMSE_Avg,GP_Cluster_MAD_Avg,GP_Euc_Time_Avg,GP_Euc_MAE_Avg,GP_Euc_RMSE_Avg,GP_Euc_MAD_Avg,GB_Entire_Time,GB_Entire_MAE,GB_Entire_RMSE,GB_Entire_MAD,GB_Cluster_Time_Avg,GB_Cluster_MAE_Avg,GB_Cluster_RMSE_Avg,GB_Cluster_MAD_Avg,GB_Euc_Time_Avg,GB_Euc_MAE_Avg,GB_Euc_RMSE_Avg,GB_Euc_MAD_Avg
5000,2,0.5,0.5,6,0.0005917549133300781,0.06606716257040125,0.2627241057286416,0.044473382092633296,0.00031503041585286457,0.15509078377999427,0.32974246752512076,0.11789749379910387,0.00035301844278971356,0.22164609849587402,0.4643029753593615,0.14169759091135933,0.7732930183410645,0.042523350175860564,0.1907075637344983,0.020280444352465163,0.13655447959899902,0.14607649432884828,0.3465292512500795,0.08649736217241155,0.1337754726409912,0.18940128168809178,0.4724565410633445,0.08522711725435717,0.7114260196685791,0.07735935976003573,0.2490664157431765,0.036217359589198445,0.10551857948303223,0.14221307588241772,0.3138647376651067,0.08676169243490184,0.09459181626637776,0.1942102325401747,0.44107994403036027,0.08576147168145332,2.7379000186920166,0.0735522,0.24527451,0.027732745,0.16124272346496582,0.146361,0.3323424,0.08578578,0.14861321449279785,0.186597,0.46244967,0.0901286,0.30521488189697266,0.04391085403379288,0.18869811812570086,0.024486903561613566,0.05569835503896078,0.13518094823074914,0.33033557653626305,0.08079161924187682,0.05608836809794108,0.18362906725943265,0.4949230840138908,0.08026231472614224
