N,Norm,Lambda,Gamma,K,LR_Entire_Time,LR_Entire_MAE,LR_Entire_RMSE,LR_Entire_MAD,LR_Cluster_Time_Avg,LR_Cluster_MAE_Avg,LR_Cluster_RMSE_Avg,LR_Cluster_MAD_Avg,LR_Euc_Time_Avg,LR_Euc_MAE_Avg,LR_Euc_RMSE_Avg,LR_Euc_MAD_Avg,RF_Entire_Time,RF_Entire_MAE,RF_Entire_RMSE,RF_Entire_MAD,RF_Cluster_Time_Avg,RF_Cluster_MAE_Avg,RF_Cluster_RMSE_Avg,RF_Cluster_MAD_Avg,RF_Euc_Time_Avg,RF_Euc_MAE_Avg,RF_Euc_RMSE_Avg,RF_Euc_MAD_Avg,NN_Entire_Time,NN_Entire_MAE,NN_Entire_RMSE,NN_Entire_MAD,NN_Cluster_Time_Avg,NN_Cluster_MAE_Avg,NN_Cluster_RMSE_Avg,NN_Cluster_MAD_Avg,NN_Euc_Time_Avg,NN_Euc_MAE_Avg,NN_Euc_RMSE_Avg,NN_Euc_MAD_Avg,GB_Entire_Time,GB_Entire_MAE,GB_Entire_RMSE,GB_Entire_MAD,GB_Cluster_Time_Avg,GB_Cluster_MAE_Avg,GB_Cluster_RMSE_Avg,GB_Cluster_MAD_Avg,GB_Euc_Time_Avg,GB_Euc_MAE_Avg,GB_Euc_RMSE_Avg,GB_Euc_MAD_Avg
50000,1,0.1,1.0,3,0.003506898880004883,0.06625561675942009,0.3233405659660932,0.03390383380555034,0.0016592343648274739,0.09550932280841225,0.3008234278229428,0.060066734342159527,0.001420736312866211,0.13539184417959435,0.3931635208263831,0.08229257984802939,11.202351093292236,0.04323742565944139,0.22013653905346814,0.01592030896086538,3.4393459955851235,0.07710490547277678,0.26936147559913476,0.036114039285529746,3.362170934677124,0.08612671742174371,0.3232717473836784,0.03527019154191706,8.141937732696533,0.05475177474912057,0.23107768643505222,0.02121794777865893,1.8469133377075195,0.07469685142363418,0.2576385492562973,0.03543348366713924,1.6606695652008057,0.08352264813330068,0.30456343599813546,0.033229781528044164,3.248338222503662,0.048341306821561604,0.222376367496339,0.022824623588756254,1.056830644607544,0.07689473156237368,0.26037387921525373,0.04337814599284004,1.0734140078226726,0.08713597838679905,0.3149587127007473,0.04240280616659634
