N,Norm,Lambda,Gamma,K,LR_Entire_Time,LR_Entire_MAE,LR_Entire_RMSE,LR_Entire_MAD,LR_Cluster_Time_Avg,LR_Cluster_MAE_Avg,LR_Cluster_RMSE_Avg,LR_Cluster_MAD_Avg,LR_Euc_Time_Avg,LR_Euc_MAE_Avg,LR_Euc_RMSE_Avg,LR_Euc_MAD_Avg,RF_Entire_Time,RF_Entire_MAE,RF_Entire_RMSE,RF_Entire_MAD,RF_Cluster_Time_Avg,RF_Cluster_MAE_Avg,RF_Cluster_RMSE_Avg,RF_Cluster_MAD_Avg,RF_Euc_Time_Avg,RF_Euc_MAE_Avg,RF_Euc_RMSE_Avg,RF_Euc_MAD_Avg,NN_Entire_Time,NN_Entire_MAE,NN_Entire_RMSE,NN_Entire_MAD,NN_Cluster_Time_Avg,NN_Cluster_MAE_Avg,NN_Cluster_RMSE_Avg,NN_Cluster_MAD_Avg,NN_Euc_Time_Avg,NN_Euc_MAE_Avg,NN_Euc_RMSE_Avg,NN_Euc_MAD_Avg,GP_Entire_Time,GP_Entire_MAE,GP_Entire_RMSE,GP_Entire_MAD,GP_Cluster_Time_Avg,GP_Cluster_MAE_Avg,GP_Cluster_RMSE_Avg,GP_Cluster_MAD_Avg,GP_Euc_Time_Avg,GP_Euc_MAE_Avg,GP_Euc_RMSE_Avg,GP_Euc_MAD_Avg,GB_Entire_Time,GB_Entire_MAE,GB_Entire_RMSE,GB_Entire_MAD,GB_Cluster_Time_Avg,GB_Cluster_MAE_Avg,GB_Cluster_RMSE_Avg,GB_Cluster_MAD_Avg,GB_Euc_Time_Avg,GB_Euc_MAE_Avg,GB_Euc_RMSE_Avg,GB_Euc_MAD_Avg
10000,2,0.9,1.0,3,0.0008058547973632812,0.06792803101151079,0.3219772320780228,0.0359716131146422,0.0005901654561360677,0.09673842157375756,0.2759004119682224,0.0602257405304506,0.00047596295674641925,0.1339008915097624,0.3611311607589738,0.0870481855744885,1.7017669677734375,0.04663344603822617,0.2321168094466409,0.01852465304227882,0.5453486442565918,0.08657295672045133,0.2472590822064594,0.04385985312088727,0.5305976867675781,0.09206182429101954,0.34345400604563797,0.038421974916294975,1.9196059703826904,0.073891614750227,0.2788971454645092,0.02764931323751224,0.37574569384257,0.09528616393642918,0.2464455861794863,0.047950536464364694,0.33304039637247723,0.1148838574482422,0.3426716109397248,0.05032565444197228,9.197475910186768,0.07027564,0.260524,0.022219718,1.5434513092041016,0.077005126,0.20861602,0.03778095,1.3886500199635823,0.090731114,0.33309546,0.034580294,0.6274058818817139,0.04856981551870605,0.23628228710647203,0.023290466776537067,0.2131053606669108,0.07973342503854507,0.2376629334004576,0.04371248182519735,0.2085267702738444,0.08546593820089941,0.32294429588648876,0.04211910576713177
