N,Norm,Lambda,Gamma,K,LR_Entire_Time,LR_Entire_MAE,LR_Entire_RMSE,LR_Entire_MAD,LR_Cluster_Time_Avg,LR_Cluster_MAE_Avg,LR_Cluster_RMSE_Avg,LR_Cluster_MAD_Avg,LR_Euc_Time_Avg,LR_Euc_MAE_Avg,LR_Euc_RMSE_Avg,LR_Euc_MAD_Avg,RF_Entire_Time,RF_Entire_MAE,RF_Entire_RMSE,RF_Entire_MAD,RF_Cluster_Time_Avg,RF_Cluster_MAE_Avg,RF_Cluster_RMSE_Avg,RF_Cluster_MAD_Avg,RF_Euc_Time_Avg,RF_Euc_MAE_Avg,RF_Euc_RMSE_Avg,RF_Euc_MAD_Avg,NN_Entire_Time,NN_Entire_MAE,NN_Entire_RMSE,NN_Entire_MAD,NN_Cluster_Time_Avg,NN_Cluster_MAE_Avg,NN_Cluster_RMSE_Avg,NN_Cluster_MAD_Avg,NN_Euc_Time_Avg,NN_Euc_MAE_Avg,NN_Euc_RMSE_Avg,NN_Euc_MAD_Avg,GP_Entire_Time,GP_Entire_MAE,GP_Entire_RMSE,GP_Entire_MAD,GP_Cluster_Time_Avg,GP_Cluster_MAE_Avg,GP_Cluster_RMSE_Avg,GP_Cluster_MAD_Avg,GP_Euc_Time_Avg,GP_Euc_MAE_Avg,GP_Euc_RMSE_Avg,GP_Euc_MAD_Avg,GB_Entire_Time,GB_Entire_MAE,GB_Entire_RMSE,GB_Entire_MAD,GB_Cluster_Time_Avg,GB_Cluster_MAE_Avg,GB_Cluster_RMSE_Avg,GB_Cluster_MAD_Avg,GB_Euc_Time_Avg,GB_Euc_MAE_Avg,GB_Euc_RMSE_Avg,GB_Euc_MAD_Avg
10000,2,0.9,2.0,7,0.0007910728454589844,0.06792803101151079,0.3219772320780228,0.0359716131146422,0.00033354759216308594,0.16991516765651132,0.3078838689328987,0.12354114065726761,0.0003522123609270368,0.2171414784446725,0.402775286262579,0.15111334666271622,1.716723918914795,0.046293810725016586,0.22660196506489202,0.01810315363264023,0.22767301968165807,0.16245736583293072,0.3285698640697197,0.09797509843639006,0.22568910462515696,0.18110959559501977,0.40406096822144144,0.09245947753760657,1.1451389789581299,0.08004545666596512,0.29358941549423656,0.030582802398223585,0.20808053016662598,0.1427195386537839,0.2784939285857712,0.08682230621820122,0.18328370366777694,0.1684499319025722,0.3659869634763285,0.08315417710166131,9.291836261749268,0.06960678,0.25854418,0.022185609,0.31202813557216097,0.13596615,0.2593401,0.082282,0.32492123331342426,0.16208161,0.3654445,0.08057754,0.624643087387085,0.04883305838185135,0.2373448222965578,0.023290466776537094,0.09367448943001884,0.14648932125586897,0.33808257438481953,0.0894578762202474,0.09238355500357491,0.17670843028561406,0.4210997223827383,0.09128049770279735
