N,Norm,Lambda,Gamma,K,LR_Entire_Time,LR_Entire_MAE,LR_Entire_RMSE,LR_Entire_MAD,LR_Cluster_Time_Avg,LR_Cluster_MAE_Avg,LR_Cluster_RMSE_Avg,LR_Cluster_MAD_Avg,LR_Euc_Time_Avg,LR_Euc_MAE_Avg,LR_Euc_RMSE_Avg,LR_Euc_MAD_Avg,RF_Entire_Time,RF_Entire_MAE,RF_Entire_RMSE,RF_Entire_MAD,RF_Cluster_Time_Avg,RF_Cluster_MAE_Avg,RF_Cluster_RMSE_Avg,RF_Cluster_MAD_Avg,RF_Euc_Time_Avg,RF_Euc_MAE_Avg,RF_Euc_RMSE_Avg,RF_Euc_MAD_Avg,NN_Entire_Time,NN_Entire_MAE,NN_Entire_RMSE,NN_Entire_MAD,NN_Cluster_Time_Avg,NN_Cluster_MAE_Avg,NN_Cluster_RMSE_Avg,NN_Cluster_MAD_Avg,NN_Euc_Time_Avg,NN_Euc_MAE_Avg,NN_Euc_RMSE_Avg,NN_Euc_MAD_Avg,GP_Entire_Time,GP_Entire_MAE,GP_Entire_RMSE,GP_Entire_MAD,GP_Cluster_Time_Avg,GP_Cluster_MAE_Avg,GP_Cluster_RMSE_Avg,GP_Cluster_MAD_Avg,GP_Euc_Time_Avg,GP_Euc_MAE_Avg,GP_Euc_RMSE_Avg,GP_Euc_MAD_Avg,GB_Entire_Time,GB_Entire_MAE,GB_Entire_RMSE,GB_Entire_MAD,GB_Cluster_Time_Avg,GB_Cluster_MAE_Avg,GB_Cluster_RMSE_Avg,GB_Cluster_MAD_Avg,GB_Euc_Time_Avg,GB_Euc_MAE_Avg,GB_Euc_RMSE_Avg,GB_Euc_MAD_Avg
1000,1,0.5,1.0,6,0.0005590915679931641,0.03174555839505721,0.043465480669550194,0.023354845822268516,0.0003711382548014323,0.14356254574605654,0.27089227297577106,0.10643137743054822,0.00036644935607910156,0.14349864537881704,0.17935176655810428,0.12963595028592503,0.1406090259552002,0.026885070878979272,0.035764264242725996,0.021325350967124956,0.05104207992553711,0.1467249900171179,0.2316762095057006,0.10434773297359112,0.050962607065836586,0.11229335246003021,0.16205731528258435,0.0733072989170893,0.056906938552856445,0.05391477014230931,0.08871235358040809,0.03925409679606964,0.029386599858601887,0.14790028733943783,0.28585319053603536,0.10158845886877059,0.02883001168568929,0.14453875477029623,0.1977693419158821,0.11415717485947775,0.1932971477508545,0.047523502,0.08538143,0.030398354,0.04520209630330404,0.16579486,0.29034373,0.1116874,0.03978415330251058,0.11792902,0.17825367,0.08120518,0.06380701065063477,0.023015277938993016,0.02995470862337944,0.019598714559076386,0.017970601717631023,0.13323834670368231,0.18218780011278554,0.0989291639725526,0.018647511800130207,0.10739025530974337,0.14701232084488344,0.08157910241447423
