N,Norm,Lambda,Gamma,K,LR_Entire_Time,LR_Entire_MAE,LR_Entire_RMSE,LR_Entire_MAD,LR_Cluster_Time_Avg,LR_Cluster_MAE_Avg,LR_Cluster_RMSE_Avg,LR_Cluster_MAD_Avg,LR_Euc_Time_Avg,LR_Euc_MAE_Avg,LR_Euc_RMSE_Avg,LR_Euc_MAD_Avg,RF_Entire_Time,RF_Entire_MAE,RF_Entire_RMSE,RF_Entire_MAD,RF_Cluster_Time_Avg,RF_Cluster_MAE_Avg,RF_Cluster_RMSE_Avg,RF_Cluster_MAD_Avg,RF_Euc_Time_Avg,RF_Euc_MAE_Avg,RF_Euc_RMSE_Avg,RF_Euc_MAD_Avg,NN_Entire_Time,NN_Entire_MAE,NN_Entire_RMSE,NN_Entire_MAD,NN_Cluster_Time_Avg,NN_Cluster_MAE_Avg,NN_Cluster_RMSE_Avg,NN_Cluster_MAD_Avg,NN_Euc_Time_Avg,NN_Euc_MAE_Avg,NN_Euc_RMSE_Avg,NN_Euc_MAD_Avg,GP_Entire_Time,GP_Entire_MAE,GP_Entire_RMSE,GP_Entire_MAD,GP_Cluster_Time_Avg,GP_Cluster_MAE_Avg,GP_Cluster_RMSE_Avg,GP_Cluster_MAD_Avg,GP_Euc_Time_Avg,GP_Euc_MAE_Avg,GP_Euc_RMSE_Avg,GP_Euc_MAD_Avg,GB_Entire_Time,GB_Entire_MAE,GB_Entire_RMSE,GB_Entire_MAD,GB_Cluster_Time_Avg,GB_Cluster_MAE_Avg,GB_Cluster_RMSE_Avg,GB_Cluster_MAD_Avg,GB_Euc_Time_Avg,GB_Euc_MAE_Avg,GB_Euc_RMSE_Avg,GB_Euc_MAD_Avg
1000,1,0.9,1.0,6,0.0005979537963867188,0.03174555839505721,0.043465480669550194,0.023354845822268516,0.0004409948984781901,0.20440568628650116,0.30931982457903884,0.13519568948525645,0.00038413206736246747,0.14349864537881704,0.17935176655810428,0.12963595028592503,0.1414661407470703,0.027606750565337186,0.03667863875004005,0.022454131385059306,0.05148871739705404,0.15824389578750478,0.2417653960516002,0.10376738901589962,0.050738016764322914,0.10778905961830136,0.1585272115761915,0.07575201741972477,0.06976699829101562,0.061291655058322264,0.09047303489414632,0.046535731568322636,0.02982942263285319,0.16877635792470239,0.24106511287096258,0.1264156875985566,0.027143557866414387,0.13266330043617391,0.17860995296532722,0.10849190208081438,0.18279719352722168,0.047523502,0.08538143,0.030398354,0.044145544370015465,0.1482334,0.23683254,0.10153431,0.03925021489461263,0.11792902,0.17825367,0.08120518,0.06532907485961914,0.023023479740110892,0.029873939725106644,0.019896181155514614,0.017940680185953777,0.1398564765527684,0.20693478643011434,0.09285562045606376,0.01800855000813802,0.10581330407503826,0.14379786151044585,0.0814176222251563
