N,Norm,Lambda,Gamma,K,LR_Entire_Time,LR_Entire_MAE,LR_Entire_RMSE,LR_Entire_MAD,LR_Cluster_Time_Avg,LR_Cluster_MAE_Avg,LR_Cluster_RMSE_Avg,LR_Cluster_MAD_Avg,LR_Euc_Time_Avg,LR_Euc_MAE_Avg,LR_Euc_RMSE_Avg,LR_Euc_MAD_Avg,RF_Entire_Time,RF_Entire_MAE,RF_Entire_RMSE,RF_Entire_MAD,RF_Cluster_Time_Avg,RF_Cluster_MAE_Avg,RF_Cluster_RMSE_Avg,RF_Cluster_MAD_Avg,RF_Euc_Time_Avg,RF_Euc_MAE_Avg,RF_Euc_RMSE_Avg,RF_Euc_MAD_Avg,NN_Entire_Time,NN_Entire_MAE,NN_Entire_RMSE,NN_Entire_MAD,NN_Cluster_Time_Avg,NN_Cluster_MAE_Avg,NN_Cluster_RMSE_Avg,NN_Cluster_MAD_Avg,NN_Euc_Time_Avg,NN_Euc_MAE_Avg,NN_Euc_RMSE_Avg,NN_Euc_MAD_Avg,GP_Entire_Time,GP_Entire_MAE,GP_Entire_RMSE,GP_Entire_MAD,GP_Cluster_Time_Avg,GP_Cluster_MAE_Avg,GP_Cluster_RMSE_Avg,GP_Cluster_MAD_Avg,GP_Euc_Time_Avg,GP_Euc_MAE_Avg,GP_Euc_RMSE_Avg,GP_Euc_MAD_Avg,GB_Entire_Time,GB_Entire_MAE,GB_Entire_RMSE,GB_Entire_MAD,GB_Cluster_Time_Avg,GB_Cluster_MAE_Avg,GB_Cluster_RMSE_Avg,GB_Cluster_MAD_Avg,GB_Euc_Time_Avg,GB_Euc_MAE_Avg,GB_Euc_RMSE_Avg,GB_Euc_MAD_Avg
100,1,0.9,2.0,6,0.00035500526428222656,0.19598571368711998,0.2658167496676893,0.12690348231686688,0.00034228960673014325,0.4626228328241404,0.5355071554047552,0.41513809234109195,0.0002956390380859375,0.4626228328241404,0.5355071554047552,0.41513809234109195,0.045923709869384766,0.03499186067715325,0.04792983946758129,0.028783199616618238,0.0402673085530599,0.31266670625982007,0.36419818866363324,0.29511932863685547,0.038778980573018394,0.305275492919558,0.3551332956313063,0.3052318038248005,0.0248260498046875,0.20077170967264862,0.2956455093351363,0.06825885848721223,0.008897105852762857,0.6118276293517666,0.6763777098940115,0.6111684815503362,0.00956865151723226,0.3901873170412009,0.45412064039746064,0.42203098120106813,0.03743934631347656,0.14043128,0.21644284,0.062149398,0.029172499974568684,0.34983072,0.41411725,0.3093361,0.02904379367828369,0.34983072,0.41411725,0.3093361,0.014439821243286133,0.03805639628752967,0.05425893505627541,0.023898651900638015,0.010341048240661621,0.3028209502501496,0.36072781923605496,0.2674315849725171,0.010332703590393066,0.3100476606851136,0.36044314412729267,0.2977633124542543
