N,Norm,Lambda,Gamma,K,LR_Entire_Time,LR_Entire_MAE,LR_Entire_RMSE,LR_Entire_MAD,LR_Cluster_Time_Avg,LR_Cluster_MAE_Avg,LR_Cluster_RMSE_Avg,LR_Cluster_MAD_Avg,LR_Euc_Time_Avg,LR_Euc_MAE_Avg,LR_Euc_RMSE_Avg,LR_Euc_MAD_Avg,RF_Entire_Time,RF_Entire_MAE,RF_Entire_RMSE,RF_Entire_MAD,RF_Cluster_Time_Avg,RF_Cluster_MAE_Avg,RF_Cluster_RMSE_Avg,RF_Cluster_MAD_Avg,RF_Euc_Time_Avg,RF_Euc_MAE_Avg,RF_Euc_RMSE_Avg,RF_Euc_MAD_Avg,NN_Entire_Time,NN_Entire_MAE,NN_Entire_RMSE,NN_Entire_MAD,NN_Cluster_Time_Avg,NN_Cluster_MAE_Avg,NN_Cluster_RMSE_Avg,NN_Cluster_MAD_Avg,NN_Euc_Time_Avg,NN_Euc_MAE_Avg,NN_Euc_RMSE_Avg,NN_Euc_MAD_Avg,GP_Entire_Time,GP_Entire_MAE,GP_Entire_RMSE,GP_Entire_MAD,GP_Cluster_Time_Avg,GP_Cluster_MAE_Avg,GP_Cluster_RMSE_Avg,GP_Cluster_MAD_Avg,GP_Euc_Time_Avg,GP_Euc_MAE_Avg,GP_Euc_RMSE_Avg,GP_Euc_MAD_Avg,GB_Entire_Time,GB_Entire_MAE,GB_Entire_RMSE,GB_Entire_MAD,GB_Cluster_Time_Avg,GB_Cluster_MAE_Avg,GB_Cluster_RMSE_Avg,GB_Cluster_MAD_Avg,GB_Euc_Time_Avg,GB_Euc_MAE_Avg,GB_Euc_RMSE_Avg,GB_Euc_MAD_Avg
1000,2,0.9,1.0,7,0.0003402233123779297,0.03174555839505721,0.043465480669550194,0.023354845822268516,0.00033467156546456475,0.1619866805230958,0.2233416890422231,0.12561074165295358,0.00029015541076660156,0.24114744200741556,0.497433010418103,0.13447214769055482,0.13942193984985352,0.027663094042546778,0.03674270026168231,0.022564962062129157,0.0480501651763916,0.18060905189326676,0.2526766973185176,0.12572447344182802,0.048395395278930664,0.18072421370408254,0.3620743000482148,0.1018589325204892,0.04950213432312012,0.05078993227287373,0.07210620916427794,0.037465338090219236,0.029459987367902483,0.16500390626174427,0.2331018139558376,0.1296823135914238,0.028080293110438755,0.2172119496756972,0.4755696902569762,0.11447611521147681,0.2062070369720459,0.047523502,0.08538143,0.030398354,0.04190758296421596,0.17421748,0.27143288,0.11049243,0.03777170181274414,0.22839884,0.5366344,0.09300195,0.0688471794128418,0.023007802540971456,0.02986236906433974,0.019896181155514614,0.01734086445399693,0.15540006902600498,0.221931590578521,0.10732631565334387,0.017174346106392995,0.1591916043363206,0.24693717270589302,0.10662163090617957
