N,Norm,Lambda,Gamma,K,LR_Entire_Time,LR_Entire_MAE,LR_Entire_RMSE,LR_Entire_MAD,LR_Cluster_Time_Avg,LR_Cluster_MAE_Avg,LR_Cluster_RMSE_Avg,LR_Cluster_MAD_Avg,LR_Cluster_MAE_Median,LR_Cluster_RMSE_Median,LR_Cluster_MAD_Median,RF_Entire_Time,RF_Entire_MAE,RF_Entire_RMSE,RF_Entire_MAD,RF_Cluster_Time_Avg,RF_Cluster_MAE_Avg,RF_Cluster_RMSE_Avg,RF_Cluster_MAD_Avg,RF_Cluster_MAE_Median,RF_Cluster_RMSE_Median,RF_Cluster_MAD_Median,NN_Entire_Time,NN_Entire_MAE,NN_Entire_RMSE,NN_Entire_MAD,NN_Cluster_Time_Avg,NN_Cluster_MAE_Avg,NN_Cluster_RMSE_Avg,NN_Cluster_MAD_Avg,NN_Cluster_MAE_Median,NN_Cluster_RMSE_Median,NN_Cluster_MAD_Median,GP_Entire_Time,GP_Entire_MAE,GP_Entire_RMSE,GP_Entire_MAD,GP_Cluster_Time_Avg,GP_Cluster_MAE_Avg,GP_Cluster_RMSE_Avg,GP_Cluster_MAD_Avg,GP_Cluster_MAE_Median,GP_Cluster_RMSE_Median,GP_Cluster_MAD_Median,GB_Entire_Time,GB_Entire_MAE,GB_Entire_RMSE,GB_Entire_MAD,GB_Cluster_Time_Avg,GB_Cluster_MAE_Avg,GB_Cluster_RMSE_Avg,GB_Cluster_MAD_Avg,GB_Cluster_MAE_Median,GB_Cluster_RMSE_Median,GB_Cluster_MAD_Median
10000,1,0.1,1.0,3,0.0010080337524414062,0.0711493164406142,0.34865177023578486,0.037222118158097006,0.0008769830067952474,0.061095529703721285,0.20245951291875663,0.04171597546760536,0.06776208647110535,0.2623179982606368,0.04397761117555721,1.6183691024780273,0.0429943795678295,0.20416030408743677,0.017141726252448752,0.45018498102823895,0.029843173697214165,0.07979093036107002,0.016110935424863585,0.030415556452565027,0.08048862135666282,0.015077000298954646,1.9979889392852783,0.06835102635539189,0.2844279979145945,0.024963531059660427,0.5025400320688883,0.06411336821360174,0.20596914087546891,0.027923076890125437,0.06402005807543237,0.2519090689868192,0.02705656521870603,9.380993127822876,0.06135195,0.2554417,0.018823214,1.7084407011667888,0.060385805,0.19547425,0.02194641,0.06137273088097572,0.19368304312229156,0.021014779806137085,0.5881569385528564,0.045951729685606194,0.19476175724390635,0.022916511687969987,0.18101954460144043,0.031381394111613344,0.09240693748910263,0.019473630651057023,0.03245286692645032,0.0676740431279002,0.018641612062475166
