N,Norm,Lambda,Gamma,K,LR_Entire_Time,LR_Entire_MAE,LR_Entire_RMSE,LR_Entire_MAD,LR_Cluster_Time_Avg,LR_Cluster_MAE_Avg,LR_Cluster_RMSE_Avg,LR_Cluster_MAD_Avg,LR_Euc_Time_Avg,LR_Euc_MAE_Avg,LR_Euc_RMSE_Avg,LR_Euc_MAD_Avg,RF_Entire_Time,RF_Entire_MAE,RF_Entire_RMSE,RF_Entire_MAD,RF_Cluster_Time_Avg,RF_Cluster_MAE_Avg,RF_Cluster_RMSE_Avg,RF_Cluster_MAD_Avg,RF_Euc_Time_Avg,RF_Euc_MAE_Avg,RF_Euc_RMSE_Avg,RF_Euc_MAD_Avg,NN_Entire_Time,NN_Entire_MAE,NN_Entire_RMSE,NN_Entire_MAD,NN_Cluster_Time_Avg,NN_Cluster_MAE_Avg,NN_Cluster_RMSE_Avg,NN_Cluster_MAD_Avg,NN_Euc_Time_Avg,NN_Euc_MAE_Avg,NN_Euc_RMSE_Avg,NN_Euc_MAD_Avg,GP_Entire_Time,GP_Entire_MAE,GP_Entire_RMSE,GP_Entire_MAD,GP_Cluster_Time_Avg,GP_Cluster_MAE_Avg,GP_Cluster_RMSE_Avg,GP_Cluster_MAD_Avg,GP_Euc_Time_Avg,GP_Euc_MAE_Avg,GP_Euc_RMSE_Avg,GP_Euc_MAD_Avg,GB_Entire_Time,GB_Entire_MAE,GB_Entire_RMSE,GB_Entire_MAD,GB_Cluster_Time_Avg,GB_Cluster_MAE_Avg,GB_Cluster_RMSE_Avg,GB_Cluster_MAD_Avg,GB_Euc_Time_Avg,GB_Euc_MAE_Avg,GB_Euc_RMSE_Avg,GB_Euc_MAD_Avg
100,2,0.5,2.0,4,0.0003020763397216797,0.19598571368711998,0.2658167496676893,0.12690348231686688,0.0003617405891418457,0.20608208184274573,0.28054223856080396,0.15403454944364975,0.0002624988555908203,0.2636792202538578,0.27544820109858575,0.2646526185300492,0.043798208236694336,0.0342196789073448,0.04362536637312375,0.030896093422165816,0.03988879919052124,0.2877947353969577,0.3654945203056089,0.2421380100265451,0.040497004985809326,0.38705526074769486,0.548796471069528,0.18046295768740808,0.024029970169067383,0.2419292898144211,0.365182470887999,0.103397457629083,0.011137783527374268,0.3150331139593976,0.38050222561113894,0.27866845763795023,0.010424435138702393,0.2621927839478253,0.29286050690523724,0.28889566948562845,0.03637409210205078,0.14043128,0.21644284,0.062149398,0.030697941780090332,0.48863697,0.55369157,0.4811833,0.029260456562042236,0.54975957,0.67998046,0.4185274,0.013997077941894531,0.041055045526158546,0.06310121107387034,0.023898651900638,0.010864794254302979,0.20945461955265593,0.2613154365036198,0.18822586312151685,0.010812222957611084,0.4259989229751342,0.6751938336450771,0.10272053225132653
