N,Norm,Lambda,Gamma,K,LR_Entire_Time,LR_Entire_MAE,LR_Entire_RMSE,LR_Entire_MAD,LR_Cluster_Time_Avg,LR_Cluster_MAE_Avg,LR_Cluster_RMSE_Avg,LR_Cluster_MAD_Avg,LR_Euc_Time_Avg,LR_Euc_MAE_Avg,LR_Euc_RMSE_Avg,LR_Euc_MAD_Avg,RF_Entire_Time,RF_Entire_MAE,RF_Entire_RMSE,RF_Entire_MAD,RF_Cluster_Time_Avg,RF_Cluster_MAE_Avg,RF_Cluster_RMSE_Avg,RF_Cluster_MAD_Avg,RF_Euc_Time_Avg,RF_Euc_MAE_Avg,RF_Euc_RMSE_Avg,RF_Euc_MAD_Avg,NN_Entire_Time,NN_Entire_MAE,NN_Entire_RMSE,NN_Entire_MAD,NN_Cluster_Time_Avg,NN_Cluster_MAE_Avg,NN_Cluster_RMSE_Avg,NN_Cluster_MAD_Avg,NN_Euc_Time_Avg,NN_Euc_MAE_Avg,NN_Euc_RMSE_Avg,NN_Euc_MAD_Avg,GP_Entire_Time,GP_Entire_MAE,GP_Entire_RMSE,GP_Entire_MAD,GP_Cluster_Time_Avg,GP_Cluster_MAE_Avg,GP_Cluster_RMSE_Avg,GP_Cluster_MAD_Avg,GP_Euc_Time_Avg,GP_Euc_MAE_Avg,GP_Euc_RMSE_Avg,GP_Euc_MAD_Avg,GB_Entire_Time,GB_Entire_MAE,GB_Entire_RMSE,GB_Entire_MAD,GB_Cluster_Time_Avg,GB_Cluster_MAE_Avg,GB_Cluster_RMSE_Avg,GB_Cluster_MAD_Avg,GB_Euc_Time_Avg,GB_Euc_MAE_Avg,GB_Euc_RMSE_Avg,GB_Euc_MAD_Avg
500,2,0.1,2.0,6,0.00028896331787109375,0.04554139396076337,0.06322217389655631,0.03166617154606036,0.00032599767049153644,0.19873577297330403,0.39439170780430444,0.10385293418854524,0.00026480356852213543,0.19921843298696848,0.25486940794286467,0.17387360374618732,0.08426713943481445,0.034873410280241074,0.05512101718177149,0.02317518342508404,0.04334036509195963,0.21876190329373704,0.34813323099013216,0.12556046484586447,0.044289747873942055,0.1658491127943703,0.23223725279627802,0.13705725553044765,0.053048133850097656,0.07076958585401057,0.10325199301458304,0.046870135943642394,0.017184654871622723,0.21603347970464357,0.41846411307834414,0.10598872760610696,0.017400741577148438,0.15404996195639384,0.22467080601101042,0.11715396569649295,0.09380912780761719,0.07147561,0.10188179,0.046482205,0.038029750188191734,0.26211455,0.47308704,0.15215208,0.038524230321248375,0.13239518,0.21830045,0.07401103,0.03625082969665527,0.0330039770184914,0.05436999658359033,0.020239565209988514,0.013919750849405924,0.1790804499960684,0.27528497868685675,0.10219605972713308,0.013627409934997559,0.14066467029243332,0.21948679243386018,0.08810716847520421
