N,Norm,Lambda,Gamma,K,LR_Entire_Time,LR_Entire_MAE,LR_Entire_RMSE,LR_Entire_MAD,LR_Cluster_Time_Avg,LR_Cluster_MAE_Avg,LR_Cluster_RMSE_Avg,LR_Cluster_MAD_Avg,LR_Euc_Time_Avg,LR_Euc_MAE_Avg,LR_Euc_RMSE_Avg,LR_Euc_MAD_Avg,RF_Entire_Time,RF_Entire_MAE,RF_Entire_RMSE,RF_Entire_MAD,RF_Cluster_Time_Avg,RF_Cluster_MAE_Avg,RF_Cluster_RMSE_Avg,RF_Cluster_MAD_Avg,RF_Euc_Time_Avg,RF_Euc_MAE_Avg,RF_Euc_RMSE_Avg,RF_Euc_MAD_Avg,NN_Entire_Time,NN_Entire_MAE,NN_Entire_RMSE,NN_Entire_MAD,NN_Cluster_Time_Avg,NN_Cluster_MAE_Avg,NN_Cluster_RMSE_Avg,NN_Cluster_MAD_Avg,NN_Euc_Time_Avg,NN_Euc_MAE_Avg,NN_Euc_RMSE_Avg,NN_Euc_MAD_Avg,GP_Entire_Time,GP_Entire_MAE,GP_Entire_RMSE,GP_Entire_MAD,GP_Cluster_Time_Avg,GP_Cluster_MAE_Avg,GP_Cluster_RMSE_Avg,GP_Cluster_MAD_Avg,GP_Euc_Time_Avg,GP_Euc_MAE_Avg,GP_Euc_RMSE_Avg,GP_Euc_MAD_Avg,GB_Entire_Time,GB_Entire_MAE,GB_Entire_RMSE,GB_Entire_MAD,GB_Cluster_Time_Avg,GB_Cluster_MAE_Avg,GB_Cluster_RMSE_Avg,GB_Cluster_MAD_Avg,GB_Euc_Time_Avg,GB_Euc_MAE_Avg,GB_Euc_RMSE_Avg,GB_Euc_MAD_Avg
5000,1,0.5,2.0,4,0.0006337165832519531,0.06606716257040125,0.2627241057286416,0.044473382092633296,0.00037550926208496094,0.1315942780558317,0.37017842407047036,0.07823408172238662,0.00030869245529174805,0.18254281304083378,0.5535900442820251,0.10327444653981978,0.7761998176574707,0.04321333008873936,0.19676016472005023,0.020148055348853333,0.19811666011810303,0.13385257327564656,0.4073221493876075,0.062932202701762,0.1908929944038391,0.13601324913292054,0.5075004947850377,0.051251398670730544,1.100106954574585,0.07396394381852395,0.2472198347006102,0.032658054677758994,0.19774514436721802,0.12644268178245915,0.3542772399803856,0.06131866412752181,0.11867451667785645,0.15716300673532904,0.5212125375743604,0.060074311005055496,2.681072950363159,0.07489174,0.24572791,0.029852927,0.2611824870109558,0.12384635,0.3385084,0.059871502,0.2345985770225525,0.15079898,0.56602037,0.04684876,0.308837890625,0.043607214416400496,0.18480975780674438,0.024468698072139593,0.07910913228988647,0.1257175399000089,0.40890627413418357,0.06297771137681826,0.08021926879882812,0.13056125896305476,0.5139463142505356,0.04814177261346282
