N,Norm,Lambda,Gamma,K,LR_Entire_Time,LR_Entire_MAE,LR_Entire_RMSE,LR_Entire_MAD,LR_Cluster_Time_Avg,LR_Cluster_MAE_Avg,LR_Cluster_RMSE_Avg,LR_Cluster_MAD_Avg,LR_Euc_Time_Avg,LR_Euc_MAE_Avg,LR_Euc_RMSE_Avg,LR_Euc_MAD_Avg,RF_Entire_Time,RF_Entire_MAE,RF_Entire_RMSE,RF_Entire_MAD,RF_Cluster_Time_Avg,RF_Cluster_MAE_Avg,RF_Cluster_RMSE_Avg,RF_Cluster_MAD_Avg,RF_Euc_Time_Avg,RF_Euc_MAE_Avg,RF_Euc_RMSE_Avg,RF_Euc_MAD_Avg,NN_Entire_Time,NN_Entire_MAE,NN_Entire_RMSE,NN_Entire_MAD,NN_Cluster_Time_Avg,NN_Cluster_MAE_Avg,NN_Cluster_RMSE_Avg,NN_Cluster_MAD_Avg,NN_Euc_Time_Avg,NN_Euc_MAE_Avg,NN_Euc_RMSE_Avg,NN_Euc_MAD_Avg,GB_Entire_Time,GB_Entire_MAE,GB_Entire_RMSE,GB_Entire_MAD,GB_Cluster_Time_Avg,GB_Cluster_MAE_Avg,GB_Cluster_RMSE_Avg,GB_Cluster_MAD_Avg,GB_Euc_Time_Avg,GB_Euc_MAE_Avg,GB_Euc_RMSE_Avg,GB_Euc_MAD_Avg
100000,1,0.5,2.0,7,0.006120920181274414,0.0643103041422581,0.30043950634238437,0.03601264487927863,0.0016200542449951172,0.1913627073312429,0.46270955029238764,0.13800827111634306,0.0018966197967529297,0.21916092885132782,0.5380078145111772,0.14733366206872503,25.36568593978882,0.03961963874891444,0.19081948184222064,0.014987297633316188,3.1177692072732106,0.15751530532478983,0.4510123700946594,0.08605266688264933,3.0360236167907715,0.1660644755001601,0.538598873961939,0.0733607324263504,14.062528133392334,0.0444877326067342,0.19290953439708605,0.018477439398342718,1.2348695141928536,0.12507374379178754,0.40170980204091755,0.06836976694321055,0.7806259904588971,0.1417255204508443,0.47948712200888616,0.06742556666812367,6.5975282192230225,0.04382857314115935,0.19012215191842496,0.021572383600056175,0.908357926777431,0.1532610281676161,0.42689246667335695,0.09697753884159772,0.9093600000653949,0.1627766435198074,0.5341377391835771,0.08490298871010367
