N,Norm,Lambda,Gamma,K,LR_Entire_Time,LR_Entire_MAE,LR_Entire_RMSE,LR_Entire_MAD,LR_Cluster_Time_Avg,LR_Cluster_MAE_Avg,LR_Cluster_RMSE_Avg,LR_Cluster_MAD_Avg,LR_Euc_Time_Avg,LR_Euc_MAE_Avg,LR_Euc_RMSE_Avg,LR_Euc_MAD_Avg,RF_Entire_Time,RF_Entire_MAE,RF_Entire_RMSE,RF_Entire_MAD,RF_Cluster_Time_Avg,RF_Cluster_MAE_Avg,RF_Cluster_RMSE_Avg,RF_Cluster_MAD_Avg,RF_Euc_Time_Avg,RF_Euc_MAE_Avg,RF_Euc_RMSE_Avg,RF_Euc_MAD_Avg,NN_Entire_Time,NN_Entire_MAE,NN_Entire_RMSE,NN_Entire_MAD,NN_Cluster_Time_Avg,NN_Cluster_MAE_Avg,NN_Cluster_RMSE_Avg,NN_Cluster_MAD_Avg,NN_Euc_Time_Avg,NN_Euc_MAE_Avg,NN_Euc_RMSE_Avg,NN_Euc_MAD_Avg,GB_Entire_Time,GB_Entire_MAE,GB_Entire_RMSE,GB_Entire_MAD,GB_Cluster_Time_Avg,GB_Cluster_MAE_Avg,GB_Cluster_RMSE_Avg,GB_Cluster_MAD_Avg,GB_Euc_Time_Avg,GB_Euc_MAE_Avg,GB_Euc_RMSE_Avg,GB_Euc_MAD_Avg
50000,2,0.5,2.0,6,0.0033559799194335938,0.06625561675942009,0.3233405659660932,0.03390383380555034,0.0009078184763590494,0.17236435795491467,0.4065927267347338,0.12146521132573085,0.0007205009460449219,0.20122471643992257,0.43971392570599005,0.13565499272950057,11.485761165618896,0.04314928991151636,0.21643100376931024,0.015910615247270554,1.6199551423390706,0.14502349257427657,0.3745625802350568,0.0800386024485985,1.6230406761169434,0.14211190121511422,0.4013322455922943,0.06546305416929933,11.080533981323242,0.05720837977150152,0.22348966802902018,0.0240333402865493,0.9075601498285929,0.12506454490114607,0.3542895861987863,0.06848382804021161,0.5501312812169393,0.12757782814943872,0.37394641029539305,0.06168305499724633,3.2292957305908203,0.048189409694923156,0.22072773625924694,0.022824623588756504,0.526506265004476,0.14222157183367595,0.3684196278555503,0.08865452730199382,0.5250387986501058,0.14203096051883976,0.39863275207520715,0.07454567727754556
