N,Norm,Lambda,Gamma,K,LR_Entire_Time,LR_Entire_MAE,LR_Entire_RMSE,LR_Entire_MAD,LR_Cluster_Time_Avg,LR_Cluster_MAE_Avg,LR_Cluster_RMSE_Avg,LR_Cluster_MAD_Avg,LR_Euc_Time_Avg,LR_Euc_MAE_Avg,LR_Euc_RMSE_Avg,LR_Euc_MAD_Avg,RF_Entire_Time,RF_Entire_MAE,RF_Entire_RMSE,RF_Entire_MAD,RF_Cluster_Time_Avg,RF_Cluster_MAE_Avg,RF_Cluster_RMSE_Avg,RF_Cluster_MAD_Avg,RF_Euc_Time_Avg,RF_Euc_MAE_Avg,RF_Euc_RMSE_Avg,RF_Euc_MAD_Avg,NN_Entire_Time,NN_Entire_MAE,NN_Entire_RMSE,NN_Entire_MAD,NN_Cluster_Time_Avg,NN_Cluster_MAE_Avg,NN_Cluster_RMSE_Avg,NN_Cluster_MAD_Avg,NN_Euc_Time_Avg,NN_Euc_MAE_Avg,NN_Euc_RMSE_Avg,NN_Euc_MAD_Avg,GB_Entire_Time,GB_Entire_MAE,GB_Entire_RMSE,GB_Entire_MAD,GB_Cluster_Time_Avg,GB_Cluster_MAE_Avg,GB_Cluster_RMSE_Avg,GB_Cluster_MAD_Avg,GB_Euc_Time_Avg,GB_Euc_MAE_Avg,GB_Euc_RMSE_Avg,GB_Euc_MAD_Avg
100000,1,0.9,0.5,4,0.005644083023071289,0.0643103041422581,0.30043950634238437,0.03601264487927863,0.0034376978874206543,0.11758049613097925,0.3441187296380447,0.07970368029118852,0.001746833324432373,0.1551439489605722,0.4137185066125712,0.09434256602327316,25.38935923576355,0.039761716583107044,0.19225524431964505,0.015054774344375188,5.744493067264557,0.09328324845800684,0.30576053389005525,0.047523009618855194,5.605925023555756,0.09659583110278178,0.3376621587449823,0.0385176345400656,10.50667119026184,0.04375884644987086,0.20253089164006374,0.019499571043003983,2.362046241760254,0.0868279132942149,0.2938463898143776,0.046998908739625714,1.688477098941803,0.09601721866739593,0.32069279520245453,0.04356881956643363,6.615384101867676,0.04388087531534621,0.1913676557881174,0.02157238360005617,1.6047558784484863,0.09237931339105074,0.3033266035460615,0.054473662300703926,1.6047250032424927,0.09739383073595737,0.3327943047345566,0.0465889769045527
