N,Norm,Lambda,Gamma,K,LR_Entire_Time,LR_Entire_MAE,LR_Entire_RMSE,LR_Entire_MAD,LR_Cluster_Time_Avg,LR_Cluster_MAE_Avg,LR_Cluster_RMSE_Avg,LR_Cluster_MAD_Avg,LR_Euc_Time_Avg,LR_Euc_MAE_Avg,LR_Euc_RMSE_Avg,LR_Euc_MAD_Avg,RF_Entire_Time,RF_Entire_MAE,RF_Entire_RMSE,RF_Entire_MAD,RF_Cluster_Time_Avg,RF_Cluster_MAE_Avg,RF_Cluster_RMSE_Avg,RF_Cluster_MAD_Avg,RF_Euc_Time_Avg,RF_Euc_MAE_Avg,RF_Euc_RMSE_Avg,RF_Euc_MAD_Avg,NN_Entire_Time,NN_Entire_MAE,NN_Entire_RMSE,NN_Entire_MAD,NN_Cluster_Time_Avg,NN_Cluster_MAE_Avg,NN_Cluster_RMSE_Avg,NN_Cluster_MAD_Avg,NN_Euc_Time_Avg,NN_Euc_MAE_Avg,NN_Euc_RMSE_Avg,NN_Euc_MAD_Avg,GP_Entire_Time,GP_Entire_MAE,GP_Entire_RMSE,GP_Entire_MAD,GP_Cluster_Time_Avg,GP_Cluster_MAE_Avg,GP_Cluster_RMSE_Avg,GP_Cluster_MAD_Avg,GP_Euc_Time_Avg,GP_Euc_MAE_Avg,GP_Euc_RMSE_Avg,GP_Euc_MAD_Avg,GB_Entire_Time,GB_Entire_MAE,GB_Entire_RMSE,GB_Entire_MAD,GB_Cluster_Time_Avg,GB_Cluster_MAE_Avg,GB_Cluster_RMSE_Avg,GB_Cluster_MAD_Avg,GB_Euc_Time_Avg,GB_Euc_MAE_Avg,GB_Euc_RMSE_Avg,GB_Euc_MAD_Avg
100,2,0.9,2.0,6,0.0002701282501220703,0.19598571368711998,0.2658167496676893,0.12690348231686688,0.00034872690836588543,0.4626228328241404,0.5355071554047552,0.41513809234109195,0.00026619434356689453,0.4626228328241404,0.5355071554047552,0.41513809234109195,0.04393911361694336,0.032722201343369894,0.04302346354141631,0.025237258652332895,0.04025594393412272,0.32350893913032325,0.37330122185339115,0.3038175876176222,0.03838483492533366,0.33845918725506796,0.3813269225326197,0.32509504823904267,0.024092912673950195,0.24152839512052374,0.3661343145595194,0.08927773599623381,0.008616805076599121,0.5839972219512738,0.6399989471607727,0.5524153126576341,0.008417487144470215,0.5271236226648524,0.6180471720645385,0.48968313683205117,0.03603029251098633,0.14043128,0.21644284,0.062149398,0.030034939448038738,0.34983072,0.41411725,0.3093361,0.028454184532165527,0.34983072,0.41411725,0.3093361,0.014249086380004883,0.0382410443697815,0.05475430719123034,0.02389865190063796,0.01049653689066569,0.2864618692275295,0.3398161883951836,0.2922892839135403,0.010353565216064453,0.2940716360161194,0.3523607753512729,0.2823861427925232
