N,Norm,Lambda,Gamma,K,LR_Entire_Time,LR_Entire_MAE,LR_Entire_RMSE,LR_Entire_MAD,LR_Cluster_Time_Avg,LR_Cluster_MAE_Avg,LR_Cluster_RMSE_Avg,LR_Cluster_MAD_Avg,LR_Euc_Time_Avg,LR_Euc_MAE_Avg,LR_Euc_RMSE_Avg,LR_Euc_MAD_Avg,RF_Entire_Time,RF_Entire_MAE,RF_Entire_RMSE,RF_Entire_MAD,RF_Cluster_Time_Avg,RF_Cluster_MAE_Avg,RF_Cluster_RMSE_Avg,RF_Cluster_MAD_Avg,RF_Euc_Time_Avg,RF_Euc_MAE_Avg,RF_Euc_RMSE_Avg,RF_Euc_MAD_Avg,NN_Entire_Time,NN_Entire_MAE,NN_Entire_RMSE,NN_Entire_MAD,NN_Cluster_Time_Avg,NN_Cluster_MAE_Avg,NN_Cluster_RMSE_Avg,NN_Cluster_MAD_Avg,NN_Euc_Time_Avg,NN_Euc_MAE_Avg,NN_Euc_RMSE_Avg,NN_Euc_MAD_Avg,GP_Entire_Time,GP_Entire_MAE,GP_Entire_RMSE,GP_Entire_MAD,GP_Cluster_Time_Avg,GP_Cluster_MAE_Avg,GP_Cluster_RMSE_Avg,GP_Cluster_MAD_Avg,GP_Euc_Time_Avg,GP_Euc_MAE_Avg,GP_Euc_RMSE_Avg,GP_Euc_MAD_Avg,GB_Entire_Time,GB_Entire_MAE,GB_Entire_RMSE,GB_Entire_MAD,GB_Cluster_Time_Avg,GB_Cluster_MAE_Avg,GB_Cluster_RMSE_Avg,GB_Cluster_MAD_Avg,GB_Euc_Time_Avg,GB_Euc_MAE_Avg,GB_Euc_RMSE_Avg,GB_Euc_MAD_Avg
100,1,0.5,1.0,3,0.0002682209014892578,0.19598571368711998,0.2658167496676893,0.12690348231686688,0.00030167897542317707,0.13833994956657233,0.15878494071142032,0.1329869330474561,0.00025002161661783856,0.21199546172254302,0.2537019055645321,0.16563578698744988,0.04536032676696777,0.037409967059622816,0.045152786679398704,0.034593783619443985,0.03991365432739258,0.09363085595010832,0.11952583496922876,0.08495707052086308,0.041462977727254234,0.3552683726841934,0.6259059464169712,0.11101669097162159,0.024564027786254883,0.2337344277229727,0.3411908182418455,0.09072965483178946,0.012276570002237955,0.09930310854564874,0.12374486496588318,0.08328171351323892,0.012370427449544271,0.18555331083997528,0.3006127017721352,0.08340880758752733,0.03548789024353027,0.14043128,0.21644284,0.062149398,0.031110684076944988,0.1008965,0.11475891,0.100225784,0.03248302141825358,0.1699987,0.20305915,0.1855737,0.014941215515136719,0.03503421122685589,0.04745496331200369,0.02478653104528547,0.011746406555175781,0.10943071450555819,0.1270051042175853,0.11136654503072564,0.010695616404215494,0.41124122884397557,0.9415222362581663,0.0636667134086251
