N,Norm,Lambda,Gamma,K,LR_Entire_Time,LR_Entire_MAE,LR_Entire_RMSE,LR_Entire_MAD,LR_Cluster_Time_Avg,LR_Cluster_MAE_Avg,LR_Cluster_RMSE_Avg,LR_Cluster_MAD_Avg,LR_Euc_Time_Avg,LR_Euc_MAE_Avg,LR_Euc_RMSE_Avg,LR_Euc_MAD_Avg,RF_Entire_Time,RF_Entire_MAE,RF_Entire_RMSE,RF_Entire_MAD,RF_Cluster_Time_Avg,RF_Cluster_MAE_Avg,RF_Cluster_RMSE_Avg,RF_Cluster_MAD_Avg,RF_Euc_Time_Avg,RF_Euc_MAE_Avg,RF_Euc_RMSE_Avg,RF_Euc_MAD_Avg,NN_Entire_Time,NN_Entire_MAE,NN_Entire_RMSE,NN_Entire_MAD,NN_Cluster_Time_Avg,NN_Cluster_MAE_Avg,NN_Cluster_RMSE_Avg,NN_Cluster_MAD_Avg,NN_Euc_Time_Avg,NN_Euc_MAE_Avg,NN_Euc_RMSE_Avg,NN_Euc_MAD_Avg,GP_Entire_Time,GP_Entire_MAE,GP_Entire_RMSE,GP_Entire_MAD,GP_Cluster_Time_Avg,GP_Cluster_MAE_Avg,GP_Cluster_RMSE_Avg,GP_Cluster_MAD_Avg,GP_Euc_Time_Avg,GP_Euc_MAE_Avg,GP_Euc_RMSE_Avg,GP_Euc_MAD_Avg,GB_Entire_Time,GB_Entire_MAE,GB_Entire_RMSE,GB_Entire_MAD,GB_Cluster_Time_Avg,GB_Cluster_MAE_Avg,GB_Cluster_RMSE_Avg,GB_Cluster_MAD_Avg,GB_Euc_Time_Avg,GB_Euc_MAE_Avg,GB_Euc_RMSE_Avg,GB_Euc_MAD_Avg
1000,1,0.9,1.0,7,0.00048470497131347656,0.03174555839505721,0.043465480669550194,0.023354845822268516,0.0004035745348249163,0.1619866805230958,0.2233416890422231,0.12561074165295358,0.00034962381635393413,0.24114744200741556,0.497433010418103,0.13447214769055482,0.1540679931640625,0.026680787556619602,0.03555963773979916,0.02108758367715552,0.04797111238752093,0.17890341945980867,0.25091738047740775,0.12906858559786388,0.04829764366149902,0.18015364045883245,0.3596341687485673,0.10636985752149997,0.04893898963928223,0.05937587577076506,0.0873994467177968,0.045181089705357946,0.03011253901890346,0.15539681863088392,0.21954624616296153,0.12279059772933885,0.030264173235212053,0.20904943174060917,0.4456266078297714,0.10375136981431776,0.21445894241333008,0.047523502,0.08538143,0.030398354,0.04200962611607143,0.17421748,0.27143288,0.11049243,0.03793198721749442,0.22839884,0.5366344,0.09300195,0.06393599510192871,0.023075126752078103,0.029977714129446394,0.019896181155514586,0.016979830605643138,0.1645453855414049,0.2393199926718069,0.10778662247571391,0.016781977244785855,0.1595805127099185,0.2482470350242937,0.1104085016003949
