N,Norm,Lambda,Gamma,K,LR_Entire_Time,LR_Entire_MAE,LR_Entire_RMSE,LR_Entire_MAD,LR_Cluster_Time_Avg,LR_Cluster_MAE_Avg,LR_Cluster_RMSE_Avg,LR_Cluster_MAD_Avg,LR_Euc_Time_Avg,LR_Euc_MAE_Avg,LR_Euc_RMSE_Avg,LR_Euc_MAD_Avg,RF_Entire_Time,RF_Entire_MAE,RF_Entire_RMSE,RF_Entire_MAD,RF_Cluster_Time_Avg,RF_Cluster_MAE_Avg,RF_Cluster_RMSE_Avg,RF_Cluster_MAD_Avg,RF_Euc_Time_Avg,RF_Euc_MAE_Avg,RF_Euc_RMSE_Avg,RF_Euc_MAD_Avg,NN_Entire_Time,NN_Entire_MAE,NN_Entire_RMSE,NN_Entire_MAD,NN_Cluster_Time_Avg,NN_Cluster_MAE_Avg,NN_Cluster_RMSE_Avg,NN_Cluster_MAD_Avg,NN_Euc_Time_Avg,NN_Euc_MAE_Avg,NN_Euc_RMSE_Avg,NN_Euc_MAD_Avg,GP_Entire_Time,GP_Entire_MAE,GP_Entire_RMSE,GP_Entire_MAD,GP_Cluster_Time_Avg,GP_Cluster_MAE_Avg,GP_Cluster_RMSE_Avg,GP_Cluster_MAD_Avg,GP_Euc_Time_Avg,GP_Euc_MAE_Avg,GP_Euc_RMSE_Avg,GP_Euc_MAD_Avg,GB_Entire_Time,GB_Entire_MAE,GB_Entire_RMSE,GB_Entire_MAD,GB_Cluster_Time_Avg,GB_Cluster_MAE_Avg,GB_Cluster_RMSE_Avg,GB_Cluster_MAD_Avg,GB_Euc_Time_Avg,GB_Euc_MAE_Avg,GB_Euc_RMSE_Avg,GB_Euc_MAD_Avg
5000,1,0.9,2.0,5,0.0008270740509033203,0.06606716257040125,0.2627241057286416,0.044473382092633296,0.00032138824462890625,0.14892705451847657,0.399186523376894,0.09814376816453359,0.00028705596923828125,0.18805691562304158,0.4693379241917447,0.1169846877214776,0.7833740711212158,0.043781176437390636,0.1968052378500658,0.020117035331270627,0.16326141357421875,0.130119719422257,0.4006869481242676,0.0689183187291896,0.1586376667022705,0.18285929729572842,0.5840493259583815,0.0679544683902464,0.8704960346221924,0.07077244150859632,0.24825825630696066,0.031500463964488926,0.13214478492736817,0.13946731623309278,0.39164919521437314,0.07031960233968794,0.11927332878112792,0.1637459107047482,0.4547157688410984,0.07438552138068048,2.7475719451904297,0.07406333,0.24514605,0.027832199,0.19158244132995605,0.12444798,0.3751556,0.061607916,0.19457697868347168,0.17020343,0.50176394,0.06805742,0.3070521354675293,0.043824385312049824,0.1880760273433671,0.024468698072139538,0.06528244018554688,0.12207319782565225,0.40138710078330025,0.0630323159030251,0.06595430374145508,0.1788315581716195,0.5947331330210017,0.06576840496032373
