N,Norm,Lambda,Gamma,K,LR_Entire_Time,LR_Entire_MAE,LR_Entire_RMSE,LR_Entire_MAD,LR_Cluster_Time_Avg,LR_Cluster_MAE_Avg,LR_Cluster_RMSE_Avg,LR_Cluster_MAD_Avg,LR_Euc_Time_Avg,LR_Euc_MAE_Avg,LR_Euc_RMSE_Avg,LR_Euc_MAD_Avg,RF_Entire_Time,RF_Entire_MAE,RF_Entire_RMSE,RF_Entire_MAD,RF_Cluster_Time_Avg,RF_Cluster_MAE_Avg,RF_Cluster_RMSE_Avg,RF_Cluster_MAD_Avg,RF_Euc_Time_Avg,RF_Euc_MAE_Avg,RF_Euc_RMSE_Avg,RF_Euc_MAD_Avg,NN_Entire_Time,NN_Entire_MAE,NN_Entire_RMSE,NN_Entire_MAD,NN_Cluster_Time_Avg,NN_Cluster_MAE_Avg,NN_Cluster_RMSE_Avg,NN_Cluster_MAD_Avg,NN_Euc_Time_Avg,NN_Euc_MAE_Avg,NN_Euc_RMSE_Avg,NN_Euc_MAD_Avg,GP_Entire_Time,GP_Entire_MAE,GP_Entire_RMSE,GP_Entire_MAD,GP_Cluster_Time_Avg,GP_Cluster_MAE_Avg,GP_Cluster_RMSE_Avg,GP_Cluster_MAD_Avg,GP_Euc_Time_Avg,GP_Euc_MAE_Avg,GP_Euc_RMSE_Avg,GP_Euc_MAD_Avg,GB_Entire_Time,GB_Entire_MAE,GB_Entire_RMSE,GB_Entire_MAD,GB_Cluster_Time_Avg,GB_Cluster_MAE_Avg,GB_Cluster_RMSE_Avg,GB_Cluster_MAD_Avg,GB_Euc_Time_Avg,GB_Euc_MAE_Avg,GB_Euc_RMSE_Avg,GB_Euc_MAD_Avg
100,2,0.1,0.5,6,0.0003991127014160156,0.19598571368711998,0.2658167496676893,0.12690348231686688,0.0002753337224324544,0.4626228328241404,0.5355071554047552,0.41513809234109195,0.0002561807632446289,0.4626228328241404,0.5355071554047552,0.41513809234109195,0.04468488693237305,0.03776688024731982,0.04543528946553901,0.03225855954230258,0.040955185890197754,0.32068722499077595,0.36761173971471095,0.28898140571715164,0.03967388470967611,0.28003311110478507,0.32796983714983835,0.28221136349172277,0.024133920669555664,0.2637028170971763,0.3798835252076531,0.09365156593665384,0.008483608563741049,0.4249145683500141,0.4871586425895374,0.4244037512636842,0.00857532024383545,0.565846252467188,0.633945336329122,0.5527294986372339,0.03788280487060547,0.14043128,0.21644284,0.062149398,0.028859694798787434,0.34983072,0.41411725,0.3093361,0.028521180152893066,0.34983072,0.41411725,0.3093361,0.014236927032470703,0.03503433743951675,0.04792936929268304,0.02389865190063803,0.010363936424255371,0.29789422724700687,0.3534118244002167,0.2669990905691375,0.010207494099934896,0.3025250821707208,0.35524575637985606,0.28012643830074235
