N,Norm,Lambda,Gamma,K,LR_Entire_Time,LR_Entire_MAE,LR_Entire_RMSE,LR_Entire_MAD,LR_Cluster_Time_Avg,LR_Cluster_MAE_Avg,LR_Cluster_RMSE_Avg,LR_Cluster_MAD_Avg,LR_Euc_Time_Avg,LR_Euc_MAE_Avg,LR_Euc_RMSE_Avg,LR_Euc_MAD_Avg,RF_Entire_Time,RF_Entire_MAE,RF_Entire_RMSE,RF_Entire_MAD,RF_Cluster_Time_Avg,RF_Cluster_MAE_Avg,RF_Cluster_RMSE_Avg,RF_Cluster_MAD_Avg,RF_Euc_Time_Avg,RF_Euc_MAE_Avg,RF_Euc_RMSE_Avg,RF_Euc_MAD_Avg,NN_Entire_Time,NN_Entire_MAE,NN_Entire_RMSE,NN_Entire_MAD,NN_Cluster_Time_Avg,NN_Cluster_MAE_Avg,NN_Cluster_RMSE_Avg,NN_Cluster_MAD_Avg,NN_Euc_Time_Avg,NN_Euc_MAE_Avg,NN_Euc_RMSE_Avg,NN_Euc_MAD_Avg,GP_Entire_Time,GP_Entire_MAE,GP_Entire_RMSE,GP_Entire_MAD,GP_Cluster_Time_Avg,GP_Cluster_MAE_Avg,GP_Cluster_RMSE_Avg,GP_Cluster_MAD_Avg,GP_Euc_Time_Avg,GP_Euc_MAE_Avg,GP_Euc_RMSE_Avg,GP_Euc_MAD_Avg,GB_Entire_Time,GB_Entire_MAE,GB_Entire_RMSE,GB_Entire_MAD,GB_Cluster_Time_Avg,GB_Cluster_MAE_Avg,GB_Cluster_RMSE_Avg,GB_Cluster_MAD_Avg,GB_Euc_Time_Avg,GB_Euc_MAE_Avg,GB_Euc_RMSE_Avg,GB_Euc_MAD_Avg
100,2,0.9,2.0,5,0.0003199577331542969,0.19598571368711998,0.2658167496676893,0.12690348231686688,0.0002703666687011719,0.38004057672611,0.41121368324713287,0.34886090017975613,0.0003014087677001953,0.4007447265730434,0.4565610032085704,0.3078634957211154,0.044499874114990234,0.038907343793542784,0.04748464175388929,0.035395130482702285,0.03940849304199219,0.418634308533895,0.5632230431354939,0.2271866967589594,0.03995361328125,0.22595840504611528,0.27169513649923904,0.19823266304293213,0.024791955947875977,0.19896770377287115,0.286398935478742,0.1043324297659696,0.008974885940551758,0.27852281699256143,0.31297837868074996,0.2534312962337334,0.00955963134765625,0.21654889711215955,0.2315095437165103,0.2196245405324206,0.036177873611450195,0.14043128,0.21644284,0.062149398,0.028854179382324218,0.40731353,0.51633525,0.2800881,0.0291898250579834,0.26822087,0.30627936,0.24485402,0.014197826385498047,0.037862500649465655,0.05385517175344161,0.023898651900637988,0.010803556442260743,0.45687750189344545,0.6693575705720992,0.1944042699802225,0.010488080978393554,0.22178087529907056,0.26907389727039543,0.17165832932295885
