N,Norm,Lambda,Gamma,K,LR_Entire_Time,LR_Entire_MAE,LR_Entire_RMSE,LR_Entire_MAD,LR_Cluster_Time_Avg,LR_Cluster_MAE_Avg,LR_Cluster_RMSE_Avg,LR_Cluster_MAD_Avg,LR_Euc_Time_Avg,LR_Euc_MAE_Avg,LR_Euc_RMSE_Avg,LR_Euc_MAD_Avg,RF_Entire_Time,RF_Entire_MAE,RF_Entire_RMSE,RF_Entire_MAD,RF_Cluster_Time_Avg,RF_Cluster_MAE_Avg,RF_Cluster_RMSE_Avg,RF_Cluster_MAD_Avg,RF_Euc_Time_Avg,RF_Euc_MAE_Avg,RF_Euc_RMSE_Avg,RF_Euc_MAD_Avg,NN_Entire_Time,NN_Entire_MAE,NN_Entire_RMSE,NN_Entire_MAD,NN_Cluster_Time_Avg,NN_Cluster_MAE_Avg,NN_Cluster_RMSE_Avg,NN_Cluster_MAD_Avg,NN_Euc_Time_Avg,NN_Euc_MAE_Avg,NN_Euc_RMSE_Avg,NN_Euc_MAD_Avg,GP_Entire_Time,GP_Entire_MAE,GP_Entire_RMSE,GP_Entire_MAD,GP_Cluster_Time_Avg,GP_Cluster_MAE_Avg,GP_Cluster_RMSE_Avg,GP_Cluster_MAD_Avg,GP_Euc_Time_Avg,GP_Euc_MAE_Avg,GP_Euc_RMSE_Avg,GP_Euc_MAD_Avg,GB_Entire_Time,GB_Entire_MAE,GB_Entire_RMSE,GB_Entire_MAD,GB_Cluster_Time_Avg,GB_Cluster_MAE_Avg,GB_Cluster_RMSE_Avg,GB_Cluster_MAD_Avg,GB_Euc_Time_Avg,GB_Euc_MAE_Avg,GB_Euc_RMSE_Avg,GB_Euc_MAD_Avg
100,2,0.1,1.0,6,0.00043487548828125,0.19598571368711998,0.2658167496676893,0.12690348231686688,0.0003834962844848633,0.4626228328241404,0.5355071554047552,0.41513809234109195,0.000337521235148112,0.4626228328241404,0.5355071554047552,0.41513809234109195,0.045564889907836914,0.03911001220438269,0.047170485464955246,0.034493709789713334,0.040710767110188804,0.3138345311890133,0.3660712799952555,0.28435287128606124,0.0388489564259847,0.3062057583937347,0.3618511540932426,0.27744381269293433,0.02441573143005371,0.23475827091625917,0.35974890587285935,0.05764935019774331,0.0085984468460083,0.5373932469807132,0.6014378604451068,0.5515894584155592,0.008802374203999838,0.4311743035262603,0.4909055408186242,0.4337312012535303,0.03695392608642578,0.14043128,0.21644284,0.062149398,0.029607534408569336,0.34983072,0.41411725,0.3093361,0.029076258341471355,0.34983072,0.41411725,0.3093361,0.014771223068237305,0.03497350125029771,0.047403157518066785,0.024786531045285512,0.010550538698832193,0.30928800601118295,0.3588276279018216,0.32198254877773275,0.010511994361877441,0.3027870258905765,0.3572534650194963,0.2945691131975729
