N,Norm,Lambda,Gamma,K,LR_Entire_Time,LR_Entire_MAE,LR_Entire_RMSE,LR_Entire_MAD,LR_Cluster_Time_Avg,LR_Cluster_MAE_Avg,LR_Cluster_RMSE_Avg,LR_Cluster_MAD_Avg,LR_Euc_Time_Avg,LR_Euc_MAE_Avg,LR_Euc_RMSE_Avg,LR_Euc_MAD_Avg,RF_Entire_Time,RF_Entire_MAE,RF_Entire_RMSE,RF_Entire_MAD,RF_Cluster_Time_Avg,RF_Cluster_MAE_Avg,RF_Cluster_RMSE_Avg,RF_Cluster_MAD_Avg,RF_Euc_Time_Avg,RF_Euc_MAE_Avg,RF_Euc_RMSE_Avg,RF_Euc_MAD_Avg,NN_Entire_Time,NN_Entire_MAE,NN_Entire_RMSE,NN_Entire_MAD,NN_Cluster_Time_Avg,NN_Cluster_MAE_Avg,NN_Cluster_RMSE_Avg,NN_Cluster_MAD_Avg,NN_Euc_Time_Avg,NN_Euc_MAE_Avg,NN_Euc_RMSE_Avg,NN_Euc_MAD_Avg,GP_Entire_Time,GP_Entire_MAE,GP_Entire_RMSE,GP_Entire_MAD,GP_Cluster_Time_Avg,GP_Cluster_MAE_Avg,GP_Cluster_RMSE_Avg,GP_Cluster_MAD_Avg,GP_Euc_Time_Avg,GP_Euc_MAE_Avg,GP_Euc_RMSE_Avg,GP_Euc_MAD_Avg,GB_Entire_Time,GB_Entire_MAE,GB_Entire_RMSE,GB_Entire_MAD,GB_Cluster_Time_Avg,GB_Cluster_MAE_Avg,GB_Cluster_RMSE_Avg,GB_Cluster_MAD_Avg,GB_Euc_Time_Avg,GB_Euc_MAE_Avg,GB_Euc_RMSE_Avg,GB_Euc_MAD_Avg
5000,2,0.5,0.5,3,0.0008709430694580078,0.06606716257040125,0.2627241057286416,0.044473382092633296,0.00038941701253255207,0.09486839283505814,0.22914085463515954,0.06644197441895865,0.00037169456481933594,0.149733560456411,0.3647854157816206,0.09748775854860875,0.7756595611572266,0.04262684957238304,0.19406785134804386,0.019625423445473293,0.2609320481618245,0.09861904367531306,0.28196763592871,0.04603990626368826,0.2549893061319987,0.0961599004175272,0.277420657746743,0.04391771296387504,0.9708297252655029,0.07403491280560902,0.24601308647673717,0.03561563965573589,0.2515093485514323,0.09818202396277172,0.22369195949141765,0.05998656603343363,0.21310782432556152,0.1378924334551045,0.355174992705503,0.055542677040018695,2.6989188194274902,0.074233316,0.24602874,0.029007405,0.4053800106048584,0.089391194,0.22402586,0.04887071,0.37726664543151855,0.11548561,0.34674764,0.04149852,0.31028294563293457,0.043698753192414716,0.18699785281587858,0.024468698072139597,0.10579435030619304,0.09060538502762801,0.2598767834027098,0.047917735792299965,0.10506041844685872,0.10122801767954365,0.3391004691876138,0.04453588650826251
