N,Norm,Lambda,Gamma,K,LR_Entire_Time,LR_Entire_MAE,LR_Entire_RMSE,LR_Entire_MAD,LR_Cluster_Time_Avg,LR_Cluster_MAE_Avg,LR_Cluster_RMSE_Avg,LR_Cluster_MAD_Avg,LR_Cluster_MAE_Median,LR_Cluster_RMSE_Median,LR_Cluster_MAD_Median,RF_Entire_Time,RF_Entire_MAE,RF_Entire_RMSE,RF_Entire_MAD,RF_Cluster_Time_Avg,RF_Cluster_MAE_Avg,RF_Cluster_RMSE_Avg,RF_Cluster_MAD_Avg,RF_Cluster_MAE_Median,RF_Cluster_RMSE_Median,RF_Cluster_MAD_Median,NN_Entire_Time,NN_Entire_MAE,NN_Entire_RMSE,NN_Entire_MAD,NN_Cluster_Time_Avg,NN_Cluster_MAE_Avg,NN_Cluster_RMSE_Avg,NN_Cluster_MAD_Avg,NN_Cluster_MAE_Median,NN_Cluster_RMSE_Median,NN_Cluster_MAD_Median,GP_Entire_Time,GP_Entire_MAE,GP_Entire_RMSE,GP_Entire_MAD,GP_Cluster_Time_Avg,GP_Cluster_MAE_Avg,GP_Cluster_RMSE_Avg,GP_Cluster_MAD_Avg,GP_Cluster_MAE_Median,GP_Cluster_RMSE_Median,GP_Cluster_MAD_Median,GB_Entire_Time,GB_Entire_MAE,GB_Entire_RMSE,GB_Entire_MAD,GB_Cluster_Time_Avg,GB_Cluster_MAE_Avg,GB_Cluster_RMSE_Avg,GB_Cluster_MAD_Avg,GB_Cluster_MAE_Median,GB_Cluster_RMSE_Median,GB_Cluster_MAD_Median
1000,1,0.9,2.0,6,0.001010894775390625,0.07572404595198262,0.3176633156201745,0.045674406410488144,0.0007306337356567383,0.1371784600715006,0.3673265998898685,0.06388429135975217,0.1012051128573998,0.24573547117614153,0.013323566403696085,0.13907504081726074,0.022569698257637133,0.0315071912205174,0.016475752247476966,0.05048914750417074,0.10981370548988555,0.32163045639560894,0.02935701494085487,0.0656463301222859,0.10650881305788784,0.026735139768795046,0.24076628684997559,0.09867516724853598,0.31181970247150853,0.04234483362251518,0.027431845664978027,0.1302297714249119,0.35059415983917924,0.05125546049721852,0.09586961483594181,0.15303722430436933,0.051767238556145956,0.2174079418182373,0.09063805,0.28110394,0.036968112,0.050042192141215004,0.117181085,0.32445943,0.032554198,0.05926242843270302,0.09503373503684998,0.03039500117301941,0.0590970516204834,0.022105797593978425,0.029489203025693404,0.017535934789829732,0.017008225123087566,0.10432431744800395,0.3197156728431358,0.02533628917118,0.05944098005585701,0.08902658416382035,0.024868488456483713
