N,Norm,Lambda,Gamma,K,LR_Entire_Time,LR_Entire_MAE,LR_Entire_RMSE,LR_Entire_MAD,LR_Cluster_Time_Avg,LR_Cluster_MAE_Avg,LR_Cluster_RMSE_Avg,LR_Cluster_MAD_Avg,LR_Euc_Time_Avg,LR_Euc_MAE_Avg,LR_Euc_RMSE_Avg,LR_Euc_MAD_Avg,RF_Entire_Time,RF_Entire_MAE,RF_Entire_RMSE,RF_Entire_MAD,RF_Cluster_Time_Avg,RF_Cluster_MAE_Avg,RF_Cluster_RMSE_Avg,RF_Cluster_MAD_Avg,RF_Euc_Time_Avg,RF_Euc_MAE_Avg,RF_Euc_RMSE_Avg,RF_Euc_MAD_Avg,NN_Entire_Time,NN_Entire_MAE,NN_Entire_RMSE,NN_Entire_MAD,NN_Cluster_Time_Avg,NN_Cluster_MAE_Avg,NN_Cluster_RMSE_Avg,NN_Cluster_MAD_Avg,NN_Euc_Time_Avg,NN_Euc_MAE_Avg,NN_Euc_RMSE_Avg,NN_Euc_MAD_Avg,GP_Entire_Time,GP_Entire_MAE,GP_Entire_RMSE,GP_Entire_MAD,GP_Cluster_Time_Avg,GP_Cluster_MAE_Avg,GP_Cluster_RMSE_Avg,GP_Cluster_MAD_Avg,GP_Euc_Time_Avg,GP_Euc_MAE_Avg,GP_Euc_RMSE_Avg,GP_Euc_MAD_Avg,GB_Entire_Time,GB_Entire_MAE,GB_Entire_RMSE,GB_Entire_MAD,GB_Cluster_Time_Avg,GB_Cluster_MAE_Avg,GB_Cluster_RMSE_Avg,GB_Cluster_MAD_Avg,GB_Euc_Time_Avg,GB_Euc_MAE_Avg,GB_Euc_RMSE_Avg,GB_Euc_MAD_Avg
10000,2,0.5,2.0,3,0.0007638931274414062,0.06792803101151079,0.3219772320780228,0.0359716131146422,0.0005429585774739584,0.10459181098954956,0.31005149304748375,0.06034384991628314,0.0004891554514567057,0.1339008915097624,0.3611311607589738,0.0870481855744885,1.7109382152557373,0.046505089354192224,0.2315757571595425,0.017900057613599446,0.5489300092061361,0.09004285944871748,0.26655193222293644,0.043838513129821365,0.5367399851481119,0.09094024649507322,0.33718527207973065,0.03844187432870456,1.1562438011169434,0.07556453142511536,0.2919592908200097,0.02993827394489454,0.43043820063273114,0.10655235097065158,0.28224980401891814,0.052510113978579374,0.40578190485636395,0.11541398835062429,0.3400363523226357,0.048891052842079834,9.174386978149414,0.069512285,0.25983873,0.021232575,1.606408913930257,0.083211824,0.22895618,0.03904473,1.388794978459676,0.091117084,0.33316126,0.03382157,0.6355240345001221,0.0486959113024058,0.23672362826878182,0.02329046677653704,0.21175591150919595,0.08686072296341359,0.28802706760060154,0.04455527360904533,0.20998064676920572,0.0855234766442663,0.32338790821789254,0.042119105767131855
