N,Norm,Lambda,Gamma,K,LR_Entire_Time,LR_Entire_MAE,LR_Entire_RMSE,LR_Entire_MAD,LR_Cluster_Time_Avg,LR_Cluster_MAE_Avg,LR_Cluster_RMSE_Avg,LR_Cluster_MAD_Avg,LR_Cluster_MAE_Median,LR_Cluster_RMSE_Median,LR_Cluster_MAD_Median,RF_Entire_Time,RF_Entire_MAE,RF_Entire_RMSE,RF_Entire_MAD,RF_Cluster_Time_Avg,RF_Cluster_MAE_Avg,RF_Cluster_RMSE_Avg,RF_Cluster_MAD_Avg,RF_Cluster_MAE_Median,RF_Cluster_RMSE_Median,RF_Cluster_MAD_Median,NN_Entire_Time,NN_Entire_MAE,NN_Entire_RMSE,NN_Entire_MAD,NN_Cluster_Time_Avg,NN_Cluster_MAE_Avg,NN_Cluster_RMSE_Avg,NN_Cluster_MAD_Avg,NN_Cluster_MAE_Median,NN_Cluster_RMSE_Median,NN_Cluster_MAD_Median,GP_Entire_Time,GP_Entire_MAE,GP_Entire_RMSE,GP_Entire_MAD,GP_Cluster_Time_Avg,GP_Cluster_MAE_Avg,GP_Cluster_RMSE_Avg,GP_Cluster_MAD_Avg,GP_Cluster_MAE_Median,GP_Cluster_RMSE_Median,GP_Cluster_MAD_Median,GB_Entire_Time,GB_Entire_MAE,GB_Entire_RMSE,GB_Entire_MAD,GB_Cluster_Time_Avg,GB_Cluster_MAE_Avg,GB_Cluster_RMSE_Avg,GB_Cluster_MAD_Avg,GB_Cluster_MAE_Median,GB_Cluster_RMSE_Median,GB_Cluster_MAD_Median
10000,1,0.9,1.0,3,0.0011599063873291016,0.0711493164406142,0.34865177023578486,0.037222118158097006,0.001139243443806966,0.06373631211044561,0.26483834958275004,0.03883468786761595,0.06482867701719655,0.2606803868180323,0.04177122522597321,1.5996809005737305,0.04325695201517241,0.21105218723161723,0.017147116478145964,0.4459790388743083,0.037970660571016245,0.18357310888018338,0.015196932820728343,0.042114712790401444,0.2135760008917809,0.014824198713734249,2.089672088623047,0.07067788423546167,0.2831433988191626,0.029679853660489197,0.5197892983754476,0.07378321259091673,0.2549072693349465,0.034957920152667236,0.06358726970836621,0.2474876358419613,0.02296050902907268,9.471803903579712,0.06174915,0.25455534,0.020546243,1.738497257232666,0.060886934,0.23687516,0.020658026,0.059998199343681335,0.22071167826652527,0.01828506588935852,0.5899941921234131,0.045991693751658,0.19501624604352985,0.022916511687970043,0.1817009449005127,0.043225996096992236,0.24077719117296462,0.018314150383740985,0.048671614065141186,0.28370096850728926,0.017948104692449413
