N,Norm,Lambda,Gamma,K,LR_Entire_Time,LR_Entire_MAE,LR_Entire_RMSE,LR_Entire_MAD,LR_Cluster_Time_Avg,LR_Cluster_MAE_Avg,LR_Cluster_RMSE_Avg,LR_Cluster_MAD_Avg,LR_Euc_Time_Avg,LR_Euc_MAE_Avg,LR_Euc_RMSE_Avg,LR_Euc_MAD_Avg,RF_Entire_Time,RF_Entire_MAE,RF_Entire_RMSE,RF_Entire_MAD,RF_Cluster_Time_Avg,RF_Cluster_MAE_Avg,RF_Cluster_RMSE_Avg,RF_Cluster_MAD_Avg,RF_Euc_Time_Avg,RF_Euc_MAE_Avg,RF_Euc_RMSE_Avg,RF_Euc_MAD_Avg,NN_Entire_Time,NN_Entire_MAE,NN_Entire_RMSE,NN_Entire_MAD,NN_Cluster_Time_Avg,NN_Cluster_MAE_Avg,NN_Cluster_RMSE_Avg,NN_Cluster_MAD_Avg,NN_Euc_Time_Avg,NN_Euc_MAE_Avg,NN_Euc_RMSE_Avg,NN_Euc_MAD_Avg,GP_Entire_Time,GP_Entire_MAE,GP_Entire_RMSE,GP_Entire_MAD,GP_Cluster_Time_Avg,GP_Cluster_MAE_Avg,GP_Cluster_RMSE_Avg,GP_Cluster_MAD_Avg,GP_Euc_Time_Avg,GP_Euc_MAE_Avg,GP_Euc_RMSE_Avg,GP_Euc_MAD_Avg,GB_Entire_Time,GB_Entire_MAE,GB_Entire_RMSE,GB_Entire_MAD,GB_Cluster_Time_Avg,GB_Cluster_MAE_Avg,GB_Cluster_RMSE_Avg,GB_Cluster_MAD_Avg,GB_Euc_Time_Avg,GB_Euc_MAE_Avg,GB_Euc_RMSE_Avg,GB_Euc_MAD_Avg
100,1,0.5,2.0,4,0.0002810955047607422,0.19598571368711998,0.2658167496676893,0.12690348231686688,0.0002957582473754883,0.20608208184274573,0.28054223856080396,0.15403454944364975,0.0002530217170715332,0.2636792202538578,0.27544820109858575,0.2646526185300492,0.04549098014831543,0.040577417204410916,0.05225053795510235,0.025626966815465224,0.040151894092559814,0.29683273392657894,0.37044817753510495,0.25336457756484443,0.03950369358062744,0.3657847237160961,0.5171128009908251,0.15280516407899625,0.025702714920043945,0.2254062431918454,0.33394742425961726,0.10761471596157735,0.011853814125061035,0.2948345098547225,0.40099040871606995,0.18053397149608505,0.010203540325164795,0.20188860801603642,0.2260448251232889,0.17459237440718775,0.03936910629272461,0.14043128,0.21644284,0.062149398,0.03210848569869995,0.48863697,0.55369157,0.4811833,0.03123331069946289,0.54975957,0.67998046,0.4185274,0.016136884689331055,0.03493598261020772,0.047307653517677815,0.023898651900638015,0.011290788650512695,0.2042578847878075,0.2554662685037004,0.19384918893038983,0.011496245861053467,0.41345916841251174,0.6698407553964882,0.0935489863467718
