N,Norm,Lambda,Gamma,K,LR_Entire_Time,LR_Entire_MAE,LR_Entire_RMSE,LR_Entire_MAD,LR_Cluster_Time_Avg,LR_Cluster_MAE_Avg,LR_Cluster_RMSE_Avg,LR_Cluster_MAD_Avg,LR_Euc_Time_Avg,LR_Euc_MAE_Avg,LR_Euc_RMSE_Avg,LR_Euc_MAD_Avg,RF_Entire_Time,RF_Entire_MAE,RF_Entire_RMSE,RF_Entire_MAD,RF_Cluster_Time_Avg,RF_Cluster_MAE_Avg,RF_Cluster_RMSE_Avg,RF_Cluster_MAD_Avg,RF_Euc_Time_Avg,RF_Euc_MAE_Avg,RF_Euc_RMSE_Avg,RF_Euc_MAD_Avg,NN_Entire_Time,NN_Entire_MAE,NN_Entire_RMSE,NN_Entire_MAD,NN_Cluster_Time_Avg,NN_Cluster_MAE_Avg,NN_Cluster_RMSE_Avg,NN_Cluster_MAD_Avg,NN_Euc_Time_Avg,NN_Euc_MAE_Avg,NN_Euc_RMSE_Avg,NN_Euc_MAD_Avg,GB_Entire_Time,GB_Entire_MAE,GB_Entire_RMSE,GB_Entire_MAD,GB_Cluster_Time_Avg,GB_Cluster_MAE_Avg,GB_Cluster_RMSE_Avg,GB_Cluster_MAD_Avg,GB_Euc_Time_Avg,GB_Euc_MAE_Avg,GB_Euc_RMSE_Avg,GB_Euc_MAD_Avg
100000,1,0.1,0.5,3,0.007061958312988281,0.0643103041422581,0.30043950634238437,0.03601264487927863,0.0033510526021321616,0.09446382064381303,0.28421164071824717,0.060919766183783884,0.0022384325663248696,0.13700685445944463,0.42404110391471833,0.08132741789522079,25.639610767364502,0.039995236371756525,0.19173596021145037,0.015095047005915851,7.953433036804199,0.07177056193967757,0.23816096039381596,0.03546851585168442,7.7494683265686035,0.08410266057246651,0.33882114748297254,0.03275123104491785,10.067019939422607,0.04720394470155689,0.2021302743535242,0.018418237904961797,3.2884782950083413,0.07340165124520594,0.22397492574165234,0.0404989545088676,3.1548253695170083,0.0834072070579634,0.32256335042052003,0.03670687003362285,6.641855001449585,0.04386822800946995,0.19031358442660945,0.02157238360005619,2.1636999448140464,0.07317489625709402,0.23294763206095673,0.0430122455440379,2.1610639890034995,0.08415172782364609,0.32949790294478687,0.040674361491817086
