N,Norm,Lambda,Gamma,K,LR_Entire_Time,LR_Entire_MAE,LR_Entire_RMSE,LR_Entire_MAD,LR_Cluster_Time_Avg,LR_Cluster_MAE_Avg,LR_Cluster_RMSE_Avg,LR_Cluster_MAD_Avg,LR_Euc_Time_Avg,LR_Euc_MAE_Avg,LR_Euc_RMSE_Avg,LR_Euc_MAD_Avg,RF_Entire_Time,RF_Entire_MAE,RF_Entire_RMSE,RF_Entire_MAD,RF_Cluster_Time_Avg,RF_Cluster_MAE_Avg,RF_Cluster_RMSE_Avg,RF_Cluster_MAD_Avg,RF_Euc_Time_Avg,RF_Euc_MAE_Avg,RF_Euc_RMSE_Avg,RF_Euc_MAD_Avg,NN_Entire_Time,NN_Entire_MAE,NN_Entire_RMSE,NN_Entire_MAD,NN_Cluster_Time_Avg,NN_Cluster_MAE_Avg,NN_Cluster_RMSE_Avg,NN_Cluster_MAD_Avg,NN_Euc_Time_Avg,NN_Euc_MAE_Avg,NN_Euc_RMSE_Avg,NN_Euc_MAD_Avg,GB_Entire_Time,GB_Entire_MAE,GB_Entire_RMSE,GB_Entire_MAD,GB_Cluster_Time_Avg,GB_Cluster_MAE_Avg,GB_Cluster_RMSE_Avg,GB_Cluster_MAD_Avg,GB_Euc_Time_Avg,GB_Euc_MAE_Avg,GB_Euc_RMSE_Avg,GB_Euc_MAD_Avg
50000,1,0.9,0.5,4,0.003906726837158203,0.06625561675942009,0.3233405659660932,0.03390383380555034,0.0013037323951721191,0.11639494579009786,0.31404643834927976,0.07914746108933665,0.001351475715637207,0.15681437021266262,0.40509421674927343,0.09586607981260689,11.240633249282837,0.04299006632149858,0.2171001130151358,0.01600728311339855,2.5817299485206604,0.09480451185230841,0.27664056313100543,0.0493530595497718,2.4763935208320618,0.09928074203622668,0.34125501807376,0.04066348157874236,9.810601949691772,0.0645890307224527,0.230214471893275,0.02983480726086618,1.270211637020111,0.0876669734673641,0.2613510025112584,0.04569850343165541,1.000194251537323,0.10024881073617753,0.31621136689814594,0.04496870813420235,3.237765073776245,0.048056205407794185,0.22037492863816815,0.0228246235887562,0.792938232421875,0.09276156309893742,0.26945808545582417,0.055958632563850946,0.7846973538398743,0.09902740049864672,0.3331283696279265,0.04658385333799021
