N,Norm,Lambda,Gamma,K,LR_Entire_Time,LR_Entire_MAE,LR_Entire_RMSE,LR_Entire_MAD,LR_Cluster_Time_Avg,LR_Cluster_MAE_Avg,LR_Cluster_RMSE_Avg,LR_Cluster_MAD_Avg,LR_Euc_Time_Avg,LR_Euc_MAE_Avg,LR_Euc_RMSE_Avg,LR_Euc_MAD_Avg,RF_Entire_Time,RF_Entire_MAE,RF_Entire_RMSE,RF_Entire_MAD,RF_Cluster_Time_Avg,RF_Cluster_MAE_Avg,RF_Cluster_RMSE_Avg,RF_Cluster_MAD_Avg,RF_Euc_Time_Avg,RF_Euc_MAE_Avg,RF_Euc_RMSE_Avg,RF_Euc_MAD_Avg,NN_Entire_Time,NN_Entire_MAE,NN_Entire_RMSE,NN_Entire_MAD,NN_Cluster_Time_Avg,NN_Cluster_MAE_Avg,NN_Cluster_RMSE_Avg,NN_Cluster_MAD_Avg,NN_Euc_Time_Avg,NN_Euc_MAE_Avg,NN_Euc_RMSE_Avg,NN_Euc_MAD_Avg,GP_Entire_Time,GP_Entire_MAE,GP_Entire_RMSE,GP_Entire_MAD,GP_Cluster_Time_Avg,GP_Cluster_MAE_Avg,GP_Cluster_RMSE_Avg,GP_Cluster_MAD_Avg,GP_Euc_Time_Avg,GP_Euc_MAE_Avg,GP_Euc_RMSE_Avg,GP_Euc_MAD_Avg,GB_Entire_Time,GB_Entire_MAE,GB_Entire_RMSE,GB_Entire_MAD,GB_Cluster_Time_Avg,GB_Cluster_MAE_Avg,GB_Cluster_RMSE_Avg,GB_Cluster_MAD_Avg,GB_Euc_Time_Avg,GB_Euc_MAE_Avg,GB_Euc_RMSE_Avg,GB_Euc_MAD_Avg
100,1,0.5,2.0,5,0.00029587745666503906,0.19598571368711998,0.2658167496676893,0.12690348231686688,0.0002890586853027344,0.38004057672611,0.41121368324713287,0.34886090017975613,0.0003139972686767578,0.4007447265730434,0.4565610032085704,0.3078634957211154,0.04811286926269531,0.035063601261388314,0.044802472396103576,0.02331518572614444,0.062340164184570314,0.33712679042298843,0.47300503473425437,0.18366210274362088,0.03879570960998535,0.1970048653997935,0.25897672805162936,0.1764244754935247,0.024156808853149414,0.2547641088148146,0.38286366181514964,0.11430129279745421,0.00958876609802246,0.4730070592265346,0.5201011484401002,0.4491461399852453,0.009131288528442383,0.425670017620517,0.45227333866815317,0.4220894290958833,0.03619790077209473,0.14043128,0.21644284,0.062149398,0.027239131927490234,0.40731353,0.51633525,0.2800881,0.028896617889404296,0.26822087,0.30627936,0.24485402,0.014666080474853516,0.038019352036027604,0.05423851501420765,0.024786531045285484,0.010567951202392577,0.4833134470729603,0.7009086537064908,0.2247590531793337,0.010759782791137696,0.21820184274038237,0.2624151054187104,0.16341042247284504
