N,Norm,Lambda,Gamma,K,LR_Entire_Time,LR_Entire_MAE,LR_Entire_RMSE,LR_Entire_MAD,LR_Cluster_Time_Avg,LR_Cluster_MAE_Avg,LR_Cluster_RMSE_Avg,LR_Cluster_MAD_Avg,LR_Euc_Time_Avg,LR_Euc_MAE_Avg,LR_Euc_RMSE_Avg,LR_Euc_MAD_Avg,RF_Entire_Time,RF_Entire_MAE,RF_Entire_RMSE,RF_Entire_MAD,RF_Cluster_Time_Avg,RF_Cluster_MAE_Avg,RF_Cluster_RMSE_Avg,RF_Cluster_MAD_Avg,RF_Euc_Time_Avg,RF_Euc_MAE_Avg,RF_Euc_RMSE_Avg,RF_Euc_MAD_Avg,NN_Entire_Time,NN_Entire_MAE,NN_Entire_RMSE,NN_Entire_MAD,NN_Cluster_Time_Avg,NN_Cluster_MAE_Avg,NN_Cluster_RMSE_Avg,NN_Cluster_MAD_Avg,NN_Euc_Time_Avg,NN_Euc_MAE_Avg,NN_Euc_RMSE_Avg,NN_Euc_MAD_Avg,GB_Entire_Time,GB_Entire_MAE,GB_Entire_RMSE,GB_Entire_MAD,GB_Cluster_Time_Avg,GB_Cluster_MAE_Avg,GB_Cluster_RMSE_Avg,GB_Cluster_MAD_Avg,GB_Euc_Time_Avg,GB_Euc_MAE_Avg,GB_Euc_RMSE_Avg,GB_Euc_MAD_Avg
50000,2,0.9,2.0,5,0.0031299591064453125,0.06625561675942009,0.3233405659660932,0.03390383380555034,0.0008900642395019531,0.14171690664156503,0.35104013995179517,0.09893981873930807,0.0008470535278320313,0.1801006369020747,0.4476572912709266,0.11853718463557242,11.192491054534912,0.042946651551359856,0.21579047741125695,0.015924617278019526,1.9640292167663573,0.12015429055027696,0.325604700423491,0.06540784876073474,1.9330782413482666,0.11928336938383599,0.3908430105419351,0.05338201694821132,8.225525140762329,0.05504980259585326,0.2317537452894923,0.02051068565601713,1.0134450435638427,0.10574249205688824,0.29920650472064597,0.05711799404188374,0.5976292133331299,0.11558282914535081,0.37345256042019037,0.052247350653864634,3.2445778846740723,0.048205396981190404,0.2208891237966958,0.022824623588756116,0.6304404735565186,0.11597018059095161,0.30916358784730585,0.07261755123424715,0.6305082321166993,0.12016946583774417,0.3879371301622811,0.06186552585447207
