N,Norm,Lambda,Gamma,K,LR_Entire_Time,LR_Entire_MAE,LR_Entire_RMSE,LR_Entire_MAD,LR_Cluster_Time_Avg,LR_Cluster_MAE_Avg,LR_Cluster_RMSE_Avg,LR_Cluster_MAD_Avg,LR_Euc_Time_Avg,LR_Euc_MAE_Avg,LR_Euc_RMSE_Avg,LR_Euc_MAD_Avg,RF_Entire_Time,RF_Entire_MAE,RF_Entire_RMSE,RF_Entire_MAD,RF_Cluster_Time_Avg,RF_Cluster_MAE_Avg,RF_Cluster_RMSE_Avg,RF_Cluster_MAD_Avg,RF_Euc_Time_Avg,RF_Euc_MAE_Avg,RF_Euc_RMSE_Avg,RF_Euc_MAD_Avg,NN_Entire_Time,NN_Entire_MAE,NN_Entire_RMSE,NN_Entire_MAD,NN_Cluster_Time_Avg,NN_Cluster_MAE_Avg,NN_Cluster_RMSE_Avg,NN_Cluster_MAD_Avg,NN_Euc_Time_Avg,NN_Euc_MAE_Avg,NN_Euc_RMSE_Avg,NN_Euc_MAD_Avg,GB_Entire_Time,GB_Entire_MAE,GB_Entire_RMSE,GB_Entire_MAD,GB_Cluster_Time_Avg,GB_Cluster_MAE_Avg,GB_Cluster_RMSE_Avg,GB_Cluster_MAD_Avg,GB_Euc_Time_Avg,GB_Euc_MAE_Avg,GB_Euc_RMSE_Avg,GB_Euc_MAD_Avg
100000,2,0.9,2.0,3,0.005881786346435547,0.0643103041422581,0.30043950634238437,0.03601264487927863,0.002483924229939779,0.09465387088189753,0.30150522372655003,0.060083243941045715,0.002326329549153646,0.13700685445944463,0.42404110391471833,0.08132741789522079,25.35704779624939,0.039549454108919906,0.18978372015267136,0.015037438430465866,7.8183151086171465,0.0728366157815568,0.2512242021549926,0.03430593545201053,7.597822268803914,0.08404545306927542,0.33826798298273114,0.032864584734825925,13.17089319229126,0.044811421601195923,0.19257490882716405,0.01825612449997019,2.77420973777771,0.06404854920348114,0.23112388785890303,0.029716837336937363,3.031275828679403,0.08112097559442549,0.3213144185710218,0.03523022506873236,6.600345134735107,0.04383708793466464,0.19097001377364073,0.021572383600056273,2.143085797627767,0.07331938633651015,0.24411412552755937,0.0418742432808778,2.1419347127278647,0.08425764690110658,0.3298234952003159,0.04067719294935004
