N,Norm,Lambda,Gamma,K,LR_Entire_Time,LR_Entire_MAE,LR_Entire_RMSE,LR_Entire_MAD,LR_Cluster_Time_Avg,LR_Cluster_MAE_Avg,LR_Cluster_RMSE_Avg,LR_Cluster_MAD_Avg,LR_Euc_Time_Avg,LR_Euc_MAE_Avg,LR_Euc_RMSE_Avg,LR_Euc_MAD_Avg,RF_Entire_Time,RF_Entire_MAE,RF_Entire_RMSE,RF_Entire_MAD,RF_Cluster_Time_Avg,RF_Cluster_MAE_Avg,RF_Cluster_RMSE_Avg,RF_Cluster_MAD_Avg,RF_Euc_Time_Avg,RF_Euc_MAE_Avg,RF_Euc_RMSE_Avg,RF_Euc_MAD_Avg,NN_Entire_Time,NN_Entire_MAE,NN_Entire_RMSE,NN_Entire_MAD,NN_Cluster_Time_Avg,NN_Cluster_MAE_Avg,NN_Cluster_RMSE_Avg,NN_Cluster_MAD_Avg,NN_Euc_Time_Avg,NN_Euc_MAE_Avg,NN_Euc_RMSE_Avg,NN_Euc_MAD_Avg,GP_Entire_Time,GP_Entire_MAE,GP_Entire_RMSE,GP_Entire_MAD,GP_Cluster_Time_Avg,GP_Cluster_MAE_Avg,GP_Cluster_RMSE_Avg,GP_Cluster_MAD_Avg,GP_Euc_Time_Avg,GP_Euc_MAE_Avg,GP_Euc_RMSE_Avg,GP_Euc_MAD_Avg,GB_Entire_Time,GB_Entire_MAE,GB_Entire_RMSE,GB_Entire_MAD,GB_Cluster_Time_Avg,GB_Cluster_MAE_Avg,GB_Cluster_RMSE_Avg,GB_Cluster_MAD_Avg,GB_Euc_Time_Avg,GB_Euc_MAE_Avg,GB_Euc_RMSE_Avg,GB_Euc_MAD_Avg
10000,2,0.1,1.0,4,0.0009920597076416016,0.06792803101151079,0.3219772320780228,0.0359716131146422,0.0005373358726501465,0.11615083792087509,0.2840335615295736,0.07895318915327343,0.00038355588912963867,0.1527846860515306,0.3747429160175923,0.0943320350517892,1.7374098300933838,0.04721110523887125,0.23697347758945603,0.01788912377677382,0.41116052865982056,0.10954107342077404,0.29189691103379334,0.05831838970780287,0.3979365825653076,0.10846231358609647,0.3424468336937119,0.050760744467350474,1.7423622608184814,0.07633689022764066,0.28698153587297387,0.025682580540844935,0.33856356143951416,0.10139928676312235,0.2561927188617677,0.05814693819227679,0.23131048679351807,0.12831566213430473,0.3470405652125539,0.05929386285191387,9.55797004699707,0.07054929,0.25932512,0.023763329,0.9665259718894958,0.091931246,0.24251309,0.05203821,1.1180601716041565,0.10237457,0.3345812,0.04284304,0.6301019191741943,0.04844534728955056,0.2360654919715535,0.023290466776537067,0.15619319677352905,0.10194047862411064,0.28758678276493915,0.05958071221191477,0.1580592393875122,0.10514462096268215,0.35682002776669125,0.049421658250627026
