N,Norm,Lambda,Gamma,K,LR_Entire_Time,LR_Entire_MAE,LR_Entire_RMSE,LR_Entire_MAD,LR_Cluster_Time_Avg,LR_Cluster_MAE_Avg,LR_Cluster_RMSE_Avg,LR_Cluster_MAD_Avg,LR_Euc_Time_Avg,LR_Euc_MAE_Avg,LR_Euc_RMSE_Avg,LR_Euc_MAD_Avg,RF_Entire_Time,RF_Entire_MAE,RF_Entire_RMSE,RF_Entire_MAD,RF_Cluster_Time_Avg,RF_Cluster_MAE_Avg,RF_Cluster_RMSE_Avg,RF_Cluster_MAD_Avg,RF_Euc_Time_Avg,RF_Euc_MAE_Avg,RF_Euc_RMSE_Avg,RF_Euc_MAD_Avg,NN_Entire_Time,NN_Entire_MAE,NN_Entire_RMSE,NN_Entire_MAD,NN_Cluster_Time_Avg,NN_Cluster_MAE_Avg,NN_Cluster_RMSE_Avg,NN_Cluster_MAD_Avg,NN_Euc_Time_Avg,NN_Euc_MAE_Avg,NN_Euc_RMSE_Avg,NN_Euc_MAD_Avg,GB_Entire_Time,GB_Entire_MAE,GB_Entire_RMSE,GB_Entire_MAD,GB_Cluster_Time_Avg,GB_Cluster_MAE_Avg,GB_Cluster_RMSE_Avg,GB_Cluster_MAD_Avg,GB_Euc_Time_Avg,GB_Euc_MAE_Avg,GB_Euc_RMSE_Avg,GB_Euc_MAD_Avg
50000,1,0.1,2.0,5,0.0032291412353515625,0.06625561675942009,0.3233405659660932,0.03390383380555034,0.001269960403442383,0.14443324093417798,0.357791351498303,0.10077676344519948,0.0010789394378662109,0.1801006369020747,0.4476572912709266,0.11853718463557242,11.248102903366089,0.04284327532486627,0.21595908989895438,0.01582283328527123,1.9702963352203369,0.12348772478420326,0.35308106188817706,0.06478538830602719,1.9347233772277832,0.11953954726943172,0.39118499229800247,0.05298699234103741,8.180041074752808,0.054586643080816795,0.2324023205868048,0.021912106845924637,0.941537618637085,0.10253317272834377,0.3150339204883593,0.05018146713677467,0.6017730712890625,0.11379630059596677,0.3725095635195112,0.052191715634725896,3.235966920852661,0.04818232734152554,0.22069492142562208,0.022824623588756088,0.6321608066558838,0.11811015369718951,0.32927615243520825,0.0709046997494844,0.6290418624877929,0.11978883585351544,0.3870791268352871,0.061858354487525545
