N,Norm,Lambda,Gamma,K,LR_Entire_Time,LR_Entire_MAE,LR_Entire_RMSE,LR_Entire_MAD,LR_Cluster_Time_Avg,LR_Cluster_MAE_Avg,LR_Cluster_RMSE_Avg,LR_Cluster_MAD_Avg,LR_Euc_Time_Avg,LR_Euc_MAE_Avg,LR_Euc_RMSE_Avg,LR_Euc_MAD_Avg,RF_Entire_Time,RF_Entire_MAE,RF_Entire_RMSE,RF_Entire_MAD,RF_Cluster_Time_Avg,RF_Cluster_MAE_Avg,RF_Cluster_RMSE_Avg,RF_Cluster_MAD_Avg,RF_Euc_Time_Avg,RF_Euc_MAE_Avg,RF_Euc_RMSE_Avg,RF_Euc_MAD_Avg,NN_Entire_Time,NN_Entire_MAE,NN_Entire_RMSE,NN_Entire_MAD,NN_Cluster_Time_Avg,NN_Cluster_MAE_Avg,NN_Cluster_RMSE_Avg,NN_Cluster_MAD_Avg,NN_Euc_Time_Avg,NN_Euc_MAE_Avg,NN_Euc_RMSE_Avg,NN_Euc_MAD_Avg,GB_Entire_Time,GB_Entire_MAE,GB_Entire_RMSE,GB_Entire_MAD,GB_Cluster_Time_Avg,GB_Cluster_MAE_Avg,GB_Cluster_RMSE_Avg,GB_Cluster_MAD_Avg,GB_Euc_Time_Avg,GB_Euc_MAE_Avg,GB_Euc_RMSE_Avg,GB_Euc_MAD_Avg
100000,2,0.5,0.5,5,0.005497932434082031,0.0643103041422581,0.30043950634238437,0.03601264487927863,0.0017160415649414063,0.14402314814026926,0.38876448789592855,0.1002329513142524,0.0016525745391845702,0.1810003097263652,0.43049108119569157,0.11850972218814104,25.39833903312683,0.03950964692511312,0.19040470783025631,0.014962493941108934,4.489198970794678,0.1165438103545571,0.35827069696366304,0.060334777462761516,4.441641187667846,0.11665095241223633,0.3753041845360935,0.05041556231275268,13.10889482498169,0.05464665274841718,0.19958296516616997,0.029582815733199486,1.7143284320831298,0.0995694568909572,0.3313181722677911,0.05385217198125978,0.9728014945983887,0.10810957573724252,0.35146715092278524,0.05097953644977844,6.5860819816589355,0.043834326300602834,0.19050228484296508,0.021572383600056283,1.2799158573150635,0.11501478343292273,0.36136033329490014,0.07085515911517819,1.2726901054382325,0.11639372792745313,0.3651573009183506,0.05879076653138765
