N,Norm,Lambda,Gamma,K,LR_Entire_Time,LR_Entire_MAE,LR_Entire_RMSE,LR_Entire_MAD,LR_Cluster_Time_Avg,LR_Cluster_MAE_Avg,LR_Cluster_RMSE_Avg,LR_Cluster_MAD_Avg,LR_Euc_Time_Avg,LR_Euc_MAE_Avg,LR_Euc_RMSE_Avg,LR_Euc_MAD_Avg,RF_Entire_Time,RF_Entire_MAE,RF_Entire_RMSE,RF_Entire_MAD,RF_Cluster_Time_Avg,RF_Cluster_MAE_Avg,RF_Cluster_RMSE_Avg,RF_Cluster_MAD_Avg,RF_Euc_Time_Avg,RF_Euc_MAE_Avg,RF_Euc_RMSE_Avg,RF_Euc_MAD_Avg,NN_Entire_Time,NN_Entire_MAE,NN_Entire_RMSE,NN_Entire_MAD,NN_Cluster_Time_Avg,NN_Cluster_MAE_Avg,NN_Cluster_RMSE_Avg,NN_Cluster_MAD_Avg,NN_Euc_Time_Avg,NN_Euc_MAE_Avg,NN_Euc_RMSE_Avg,NN_Euc_MAD_Avg,GP_Entire_Time,GP_Entire_MAE,GP_Entire_RMSE,GP_Entire_MAD,GP_Cluster_Time_Avg,GP_Cluster_MAE_Avg,GP_Cluster_RMSE_Avg,GP_Cluster_MAD_Avg,GP_Euc_Time_Avg,GP_Euc_MAE_Avg,GP_Euc_RMSE_Avg,GP_Euc_MAD_Avg,GB_Entire_Time,GB_Entire_MAE,GB_Entire_RMSE,GB_Entire_MAD,GB_Cluster_Time_Avg,GB_Cluster_MAE_Avg,GB_Cluster_RMSE_Avg,GB_Cluster_MAD_Avg,GB_Euc_Time_Avg,GB_Euc_MAE_Avg,GB_Euc_RMSE_Avg,GB_Euc_MAD_Avg
10000,1,0.9,1.0,5,0.001232147216796875,0.06792803101151079,0.3219772320780228,0.0359716131146422,0.0007944107055664062,0.19949138890835844,0.4662659875324506,0.12485914093916464,0.0005140304565429688,0.1897523611746837,0.46220891377119566,0.11917088401090466,2.4805760383605957,0.04728340988176316,0.2409501321020133,0.01790552453201258,0.44299936294555664,0.16021972285035974,0.4988027927944862,0.06309385915192273,0.454453706741333,0.18289104273852302,0.5342810041967032,0.06602959606547198,2.9776110649108887,0.07997685811506065,0.2850530283139816,0.03294514781019464,0.41515555381774905,0.1779115755826215,0.48896071130678065,0.07253561249913766,0.2591820240020752,0.15584281850255866,0.42932423370521366,0.06847336544309063,13.15537714958191,0.0697656,0.25863776,0.022331923,0.9515540599822998,0.16093697,0.4653236,0.059428953,1.1494206428527831,0.15241829,0.4776178,0.059623152,0.8871588706970215,0.04844615986496886,0.23607411937692893,0.02329046677653715,0.18320116996765137,0.16247270560292065,0.5420004060980756,0.06451233312945254,0.1877291202545166,0.16820289335502073,0.5409696331061061,0.06313560653938878
