N,Norm,Lambda,Gamma,K,LR_Entire_Time,LR_Entire_MAE,LR_Entire_RMSE,LR_Entire_MAD,LR_Cluster_Time_Avg,LR_Cluster_MAE_Avg,LR_Cluster_RMSE_Avg,LR_Cluster_MAD_Avg,LR_Euc_Time_Avg,LR_Euc_MAE_Avg,LR_Euc_RMSE_Avg,LR_Euc_MAD_Avg,RF_Entire_Time,RF_Entire_MAE,RF_Entire_RMSE,RF_Entire_MAD,RF_Cluster_Time_Avg,RF_Cluster_MAE_Avg,RF_Cluster_RMSE_Avg,RF_Cluster_MAD_Avg,RF_Euc_Time_Avg,RF_Euc_MAE_Avg,RF_Euc_RMSE_Avg,RF_Euc_MAD_Avg,NN_Entire_Time,NN_Entire_MAE,NN_Entire_RMSE,NN_Entire_MAD,NN_Cluster_Time_Avg,NN_Cluster_MAE_Avg,NN_Cluster_RMSE_Avg,NN_Cluster_MAD_Avg,NN_Euc_Time_Avg,NN_Euc_MAE_Avg,NN_Euc_RMSE_Avg,NN_Euc_MAD_Avg,GP_Entire_Time,GP_Entire_MAE,GP_Entire_RMSE,GP_Entire_MAD,GP_Cluster_Time_Avg,GP_Cluster_MAE_Avg,GP_Cluster_RMSE_Avg,GP_Cluster_MAD_Avg,GP_Euc_Time_Avg,GP_Euc_MAE_Avg,GP_Euc_RMSE_Avg,GP_Euc_MAD_Avg,GB_Entire_Time,GB_Entire_MAE,GB_Entire_RMSE,GB_Entire_MAD,GB_Cluster_Time_Avg,GB_Cluster_MAE_Avg,GB_Cluster_RMSE_Avg,GB_Cluster_MAD_Avg,GB_Euc_Time_Avg,GB_Euc_MAE_Avg,GB_Euc_RMSE_Avg,GB_Euc_MAD_Avg
5000,1,0.1,1.0,3,0.0007169246673583984,0.06606716257040125,0.2627241057286416,0.044473382092633296,0.00039196014404296875,0.09486839283505814,0.22914085463515954,0.06644197441895865,0.0003199577331542969,0.149733560456411,0.3647854157816206,0.09748775854860875,0.7668330669403076,0.041910644450353585,0.18955769657363414,0.020210095384018856,0.2611842155456543,0.09752626480640919,0.28549027479319505,0.04506259490719438,0.2512786388397217,0.09885159527058916,0.28453816485177824,0.0447050261876921,1.0377779006958008,0.0727743151606649,0.24700296576194528,0.03344959982322421,0.2312312126159668,0.09494910695784277,0.22366844968666252,0.05485155393164764,0.19492602348327637,0.13806228192175288,0.35515355612346866,0.05924372957305349,2.7039270401000977,0.07307408,0.24508119,0.02626814,0.40450334548950195,0.08827773,0.22436102,0.04585584,0.37212785085042316,0.11460019,0.34572682,0.04127723,0.30553388595581055,0.04366526741270414,0.18636268912207965,0.02446869807213977,0.10494399070739746,0.09081680074133576,0.2620636726156074,0.047341293608285574,0.10400160153706868,0.10120586558515654,0.3391077140615393,0.04453588650826246
