N,Norm,Lambda,Gamma,K,LR_Entire_Time,LR_Entire_MAE,LR_Entire_RMSE,LR_Entire_MAD,LR_Cluster_Time_Avg,LR_Cluster_MAE_Avg,LR_Cluster_RMSE_Avg,LR_Cluster_MAD_Avg,LR_Euc_Time_Avg,LR_Euc_MAE_Avg,LR_Euc_RMSE_Avg,LR_Euc_MAD_Avg,RF_Entire_Time,RF_Entire_MAE,RF_Entire_RMSE,RF_Entire_MAD,RF_Cluster_Time_Avg,RF_Cluster_MAE_Avg,RF_Cluster_RMSE_Avg,RF_Cluster_MAD_Avg,RF_Euc_Time_Avg,RF_Euc_MAE_Avg,RF_Euc_RMSE_Avg,RF_Euc_MAD_Avg,NN_Entire_Time,NN_Entire_MAE,NN_Entire_RMSE,NN_Entire_MAD,NN_Cluster_Time_Avg,NN_Cluster_MAE_Avg,NN_Cluster_RMSE_Avg,NN_Cluster_MAD_Avg,NN_Euc_Time_Avg,NN_Euc_MAE_Avg,NN_Euc_RMSE_Avg,NN_Euc_MAD_Avg,GP_Entire_Time,GP_Entire_MAE,GP_Entire_RMSE,GP_Entire_MAD,GP_Cluster_Time_Avg,GP_Cluster_MAE_Avg,GP_Cluster_RMSE_Avg,GP_Cluster_MAD_Avg,GP_Euc_Time_Avg,GP_Euc_MAE_Avg,GP_Euc_RMSE_Avg,GP_Euc_MAD_Avg,GB_Entire_Time,GB_Entire_MAE,GB_Entire_RMSE,GB_Entire_MAD,GB_Cluster_Time_Avg,GB_Cluster_MAE_Avg,GB_Cluster_RMSE_Avg,GB_Cluster_MAD_Avg,GB_Euc_Time_Avg,GB_Euc_MAE_Avg,GB_Euc_RMSE_Avg,GB_Euc_MAD_Avg
10000,2,0.5,2.0,5,0.0008549690246582031,0.06792803101151079,0.3219772320780228,0.0359716131146422,0.00042614936828613283,0.1976276365809583,0.4720787853583152,0.12318786661152029,0.0004337310791015625,0.1897523611746837,0.46220891377119566,0.11917088401090466,1.737718105316162,0.04608018924795506,0.22941059668956748,0.01815727612492834,0.3144106388092041,0.15795900758704834,0.5048895160781092,0.06317088768425107,0.3196857452392578,0.17966777208934906,0.5226629062716994,0.06628898967876211,1.8850369453430176,0.0730011206118223,0.28166898577917704,0.028469921705669393,0.20713882446289061,0.17695226266752054,0.49821636048135487,0.0728753032842556,0.1963959217071533,0.15498806200697585,0.4316938824167981,0.07002202421770261,9.21774411201477,0.069716275,0.26065466,0.020865202,0.6460689544677735,0.15938838,0.47363862,0.056562483,0.740438175201416,0.15270017,0.4783401,0.060045965,0.6236920356750488,0.048707693916028076,0.23676641098556767,0.023290466776537178,0.12813324928283693,0.15518113790682292,0.5313625126183312,0.05998030762078652,0.1280921459197998,0.16808590726883266,0.5404006919610558,0.06313560653938863
