N,Norm,Lambda,Gamma,K,LR_Entire_Time,LR_Entire_MAE,LR_Entire_RMSE,LR_Entire_MAD,LR_Cluster_Time_Avg,LR_Cluster_MAE_Avg,LR_Cluster_RMSE_Avg,LR_Cluster_MAD_Avg,LR_Euc_Time_Avg,LR_Euc_MAE_Avg,LR_Euc_RMSE_Avg,LR_Euc_MAD_Avg,RF_Entire_Time,RF_Entire_MAE,RF_Entire_RMSE,RF_Entire_MAD,RF_Cluster_Time_Avg,RF_Cluster_MAE_Avg,RF_Cluster_RMSE_Avg,RF_Cluster_MAD_Avg,RF_Euc_Time_Avg,RF_Euc_MAE_Avg,RF_Euc_RMSE_Avg,RF_Euc_MAD_Avg,NN_Entire_Time,NN_Entire_MAE,NN_Entire_RMSE,NN_Entire_MAD,NN_Cluster_Time_Avg,NN_Cluster_MAE_Avg,NN_Cluster_RMSE_Avg,NN_Cluster_MAD_Avg,NN_Euc_Time_Avg,NN_Euc_MAE_Avg,NN_Euc_RMSE_Avg,NN_Euc_MAD_Avg,GB_Entire_Time,GB_Entire_MAE,GB_Entire_RMSE,GB_Entire_MAD,GB_Cluster_Time_Avg,GB_Cluster_MAE_Avg,GB_Cluster_RMSE_Avg,GB_Cluster_MAD_Avg,GB_Euc_Time_Avg,GB_Euc_MAE_Avg,GB_Euc_RMSE_Avg,GB_Euc_MAD_Avg
50000,2,0.5,1.0,5,0.003770112991333008,0.06625561675942009,0.3233405659660932,0.03390383380555034,0.0012462139129638672,0.14171690664156503,0.35104013995179517,0.09893981873930807,0.001025247573852539,0.1801006369020747,0.4476572912709266,0.11853718463557242,11.194336891174316,0.04225754130739553,0.2107921051136768,0.015744206497223023,1.967402744293213,0.12049637568900293,0.32484219820036986,0.06653267343055921,1.954077386856079,0.11973183830353262,0.39283361234321285,0.05317993862192063,9.645308256149292,0.05349412084630724,0.2358138286602651,0.02053935328057699,1.0466694355010986,0.10599667184894816,0.29852126003027946,0.058109017803019046,0.6301559925079345,0.11811048872423838,0.37348017110449405,0.05652727640944657,3.245508909225464,0.04831413339540411,0.22142087381838757,0.02282462358875631,0.6455714225769043,0.11578099797944634,0.30885138990248395,0.07259303543037851,0.6361579895019531,0.11996288108306334,0.3876069689589093,0.06186552585447206
