N,Norm,Lambda,Gamma,K,LR_Entire_Time,LR_Entire_MAE,LR_Entire_RMSE,LR_Entire_MAD,LR_Cluster_Time_Avg,LR_Cluster_MAE_Avg,LR_Cluster_RMSE_Avg,LR_Cluster_MAD_Avg,LR_Euc_Time_Avg,LR_Euc_MAE_Avg,LR_Euc_RMSE_Avg,LR_Euc_MAD_Avg,RF_Entire_Time,RF_Entire_MAE,RF_Entire_RMSE,RF_Entire_MAD,RF_Cluster_Time_Avg,RF_Cluster_MAE_Avg,RF_Cluster_RMSE_Avg,RF_Cluster_MAD_Avg,RF_Euc_Time_Avg,RF_Euc_MAE_Avg,RF_Euc_RMSE_Avg,RF_Euc_MAD_Avg,NN_Entire_Time,NN_Entire_MAE,NN_Entire_RMSE,NN_Entire_MAD,NN_Cluster_Time_Avg,NN_Cluster_MAE_Avg,NN_Cluster_RMSE_Avg,NN_Cluster_MAD_Avg,NN_Euc_Time_Avg,NN_Euc_MAE_Avg,NN_Euc_RMSE_Avg,NN_Euc_MAD_Avg,GP_Entire_Time,GP_Entire_MAE,GP_Entire_RMSE,GP_Entire_MAD,GP_Cluster_Time_Avg,GP_Cluster_MAE_Avg,GP_Cluster_RMSE_Avg,GP_Cluster_MAD_Avg,GP_Euc_Time_Avg,GP_Euc_MAE_Avg,GP_Euc_RMSE_Avg,GP_Euc_MAD_Avg,GB_Entire_Time,GB_Entire_MAE,GB_Entire_RMSE,GB_Entire_MAD,GB_Cluster_Time_Avg,GB_Cluster_MAE_Avg,GB_Cluster_RMSE_Avg,GB_Cluster_MAD_Avg,GB_Euc_Time_Avg,GB_Euc_MAE_Avg,GB_Euc_RMSE_Avg,GB_Euc_MAD_Avg
5000,1,0.9,0.5,4,0.0011410713195800781,0.06606716257040125,0.2627241057286416,0.044473382092633296,0.0006647706031799316,0.13728450227754072,0.39597207502523857,0.0790933592123008,0.0003288388252258301,0.18254281304083378,0.5535900442820251,0.10327444653981978,0.7787079811096191,0.042661424705552266,0.19222396786409385,0.019897679492649922,0.19866549968719482,0.13987652618629848,0.4252982807833545,0.06321121941019232,0.19655650854110718,0.14169998663120026,0.5180305448096789,0.05263079822760174,0.7433130741119385,0.06940115432678644,0.24781428556796126,0.028797343231662567,0.2106856107711792,0.13672259216979046,0.38969118135170455,0.06242609176169822,0.13144344091415405,0.16218994545333126,0.5271542465206531,0.06955029316957324,2.906545877456665,0.07430492,0.24548237,0.029081553,0.2949485182762146,0.1299195,0.36998704,0.054187074,0.2895171046257019,0.15206909,0.5700981,0.046546258,0.3115079402923584,0.04382746908745601,0.18874384708823064,0.024468698072139805,0.08430767059326172,0.1291433608133113,0.4189279368160365,0.05632436234394837,0.08173984289169312,0.1302875099936879,0.5139667210257712,0.04819978476734821
