N,Norm,Lambda,Gamma,K,LR_Entire_Time,LR_Entire_MAE,LR_Entire_RMSE,LR_Entire_MAD,LR_Cluster_Time_Avg,LR_Cluster_MAE_Avg,LR_Cluster_RMSE_Avg,LR_Cluster_MAD_Avg,LR_Euc_Time_Avg,LR_Euc_MAE_Avg,LR_Euc_RMSE_Avg,LR_Euc_MAD_Avg,RF_Entire_Time,RF_Entire_MAE,RF_Entire_RMSE,RF_Entire_MAD,RF_Cluster_Time_Avg,RF_Cluster_MAE_Avg,RF_Cluster_RMSE_Avg,RF_Cluster_MAD_Avg,RF_Euc_Time_Avg,RF_Euc_MAE_Avg,RF_Euc_RMSE_Avg,RF_Euc_MAD_Avg,NN_Entire_Time,NN_Entire_MAE,NN_Entire_RMSE,NN_Entire_MAD,NN_Cluster_Time_Avg,NN_Cluster_MAE_Avg,NN_Cluster_RMSE_Avg,NN_Cluster_MAD_Avg,NN_Euc_Time_Avg,NN_Euc_MAE_Avg,NN_Euc_RMSE_Avg,NN_Euc_MAD_Avg,GP_Entire_Time,GP_Entire_MAE,GP_Entire_RMSE,GP_Entire_MAD,GP_Cluster_Time_Avg,GP_Cluster_MAE_Avg,GP_Cluster_RMSE_Avg,GP_Cluster_MAD_Avg,GP_Euc_Time_Avg,GP_Euc_MAE_Avg,GP_Euc_RMSE_Avg,GP_Euc_MAD_Avg,GB_Entire_Time,GB_Entire_MAE,GB_Entire_RMSE,GB_Entire_MAD,GB_Cluster_Time_Avg,GB_Cluster_MAE_Avg,GB_Cluster_RMSE_Avg,GB_Cluster_MAD_Avg,GB_Euc_Time_Avg,GB_Euc_MAE_Avg,GB_Euc_RMSE_Avg,GB_Euc_MAD_Avg
500,1,0.9,1.0,3,0.0004379749298095703,0.04554139396076337,0.06322217389655631,0.03166617154606036,0.00044536590576171875,0.1074894934028268,0.34712811407786576,0.043495797090600245,0.00042899449666341144,0.27618815225710247,1.0147403203107357,0.05580047882265921,0.08649802207946777,0.036010151509295034,0.05641030446574637,0.02228396875130674,0.05324220657348633,0.09757428744111168,0.1887744156789839,0.05429002861179235,0.051398277282714844,0.2779015942199206,1.0089390517899681,0.051350633045911837,0.05596804618835449,0.062287240305968314,0.08584984400073352,0.0472386056777269,0.0287625789642334,0.1345619707198278,0.36896962911036285,0.0580468508917046,0.022463401158650715,0.2924016289558948,1.0159853370442347,0.06527605438431215,0.08934497833251953,0.07147561,0.10188179,0.046482205,0.046900272369384766,0.15433902,0.3164414,0.07122023,0.04222329457600912,0.28728575,1.0126005,0.061822545,0.03697013854980469,0.03291851039765187,0.054283146929679914,0.020239565209988486,0.019220670064290363,0.08580255215660731,0.15294079181379336,0.04554709062130883,0.018582264582316082,0.2809060705065227,1.0126062532158777,0.052444949111163604
