N,Norm,Lambda,Gamma,K,LR_Entire_Time,LR_Entire_MAE,LR_Entire_RMSE,LR_Entire_MAD,LR_Cluster_Time_Avg,LR_Cluster_MAE_Avg,LR_Cluster_RMSE_Avg,LR_Cluster_MAD_Avg,LR_Euc_Time_Avg,LR_Euc_MAE_Avg,LR_Euc_RMSE_Avg,LR_Euc_MAD_Avg,RF_Entire_Time,RF_Entire_MAE,RF_Entire_RMSE,RF_Entire_MAD,RF_Cluster_Time_Avg,RF_Cluster_MAE_Avg,RF_Cluster_RMSE_Avg,RF_Cluster_MAD_Avg,RF_Euc_Time_Avg,RF_Euc_MAE_Avg,RF_Euc_RMSE_Avg,RF_Euc_MAD_Avg,NN_Entire_Time,NN_Entire_MAE,NN_Entire_RMSE,NN_Entire_MAD,NN_Cluster_Time_Avg,NN_Cluster_MAE_Avg,NN_Cluster_RMSE_Avg,NN_Cluster_MAD_Avg,NN_Euc_Time_Avg,NN_Euc_MAE_Avg,NN_Euc_RMSE_Avg,NN_Euc_MAD_Avg,GB_Entire_Time,GB_Entire_MAE,GB_Entire_RMSE,GB_Entire_MAD,GB_Cluster_Time_Avg,GB_Cluster_MAE_Avg,GB_Cluster_RMSE_Avg,GB_Cluster_MAD_Avg,GB_Euc_Time_Avg,GB_Euc_MAE_Avg,GB_Euc_RMSE_Avg,GB_Euc_MAD_Avg
100000,1,0.9,1.0,6,0.005883932113647461,0.0643103041422581,0.30043950634238437,0.03601264487927863,0.0024739503860473633,0.16764776785176197,0.3929271346255098,0.12132528962183631,0.0015371640523274739,0.19833764315984814,0.4302280975120915,0.13404918249230613,25.400798082351685,0.039270705551580624,0.18884951397937239,0.014938490368004764,3.6621987024943032,0.1373298598763664,0.36842998287481016,0.07526868942024828,3.6023791631062827,0.14205272496530377,0.4117624013799379,0.061942207985055425,14.877165794372559,0.0485619976084759,0.195719697037825,0.025193861737298033,1.3431931734085083,0.11825895305826446,0.340435482810868,0.0687051981596324,0.8901428778966268,0.12223270229756095,0.3635535191395653,0.05902238113446815,6.5803351402282715,0.043845995487051655,0.19001684627354656,0.021574883164357943,1.0644229650497437,0.13564062533137766,0.3600697237041281,0.08659719499010261,1.0603219668070476,0.13856520767823124,0.39238537400850687,0.07077462343795134
