N,Norm,Lambda,Gamma,K,LR_Entire_Time,LR_Entire_MAE,LR_Entire_RMSE,LR_Entire_MAD,LR_Cluster_Time_Avg,LR_Cluster_MAE_Avg,LR_Cluster_RMSE_Avg,LR_Cluster_MAD_Avg,LR_Euc_Time_Avg,LR_Euc_MAE_Avg,LR_Euc_RMSE_Avg,LR_Euc_MAD_Avg,RF_Entire_Time,RF_Entire_MAE,RF_Entire_RMSE,RF_Entire_MAD,RF_Cluster_Time_Avg,RF_Cluster_MAE_Avg,RF_Cluster_RMSE_Avg,RF_Cluster_MAD_Avg,RF_Euc_Time_Avg,RF_Euc_MAE_Avg,RF_Euc_RMSE_Avg,RF_Euc_MAD_Avg,NN_Entire_Time,NN_Entire_MAE,NN_Entire_RMSE,NN_Entire_MAD,NN_Cluster_Time_Avg,NN_Cluster_MAE_Avg,NN_Cluster_RMSE_Avg,NN_Cluster_MAD_Avg,NN_Euc_Time_Avg,NN_Euc_MAE_Avg,NN_Euc_RMSE_Avg,NN_Euc_MAD_Avg,GP_Entire_Time,GP_Entire_MAE,GP_Entire_RMSE,GP_Entire_MAD,GP_Cluster_Time_Avg,GP_Cluster_MAE_Avg,GP_Cluster_RMSE_Avg,GP_Cluster_MAD_Avg,GP_Euc_Time_Avg,GP_Euc_MAE_Avg,GP_Euc_RMSE_Avg,GP_Euc_MAD_Avg,GB_Entire_Time,GB_Entire_MAE,GB_Entire_RMSE,GB_Entire_MAD,GB_Cluster_Time_Avg,GB_Cluster_MAE_Avg,GB_Cluster_RMSE_Avg,GB_Cluster_MAD_Avg,GB_Euc_Time_Avg,GB_Euc_MAE_Avg,GB_Euc_RMSE_Avg,GB_Euc_MAD_Avg
100,1,0.9,1.0,5,0.00032711029052734375,0.19598571368711998,0.2658167496676893,0.12690348231686688,0.0002880573272705078,0.38004057672611,0.41121368324713287,0.34886090017975613,0.00028295516967773436,0.4007447265730434,0.4565610032085704,0.3078634957211154,0.04400205612182617,0.03913257292922121,0.04686885657280288,0.03713621345990614,0.03990969657897949,0.39370720718423924,0.5559858609324029,0.19735062471131742,0.03880047798156738,0.27403608451417105,0.3156369420642507,0.23929816078582683,0.024958133697509766,0.2557677771427066,0.3752545650323109,0.11259768395218904,0.010429811477661134,0.1955100238788913,0.23427134668108557,0.15717981002358988,0.008509588241577149,0.3620971794913769,0.40077895372497074,0.3474685033111185,0.03515005111694336,0.14043128,0.21644284,0.062149398,0.02877840995788574,0.40731353,0.51633525,0.2800881,0.02952876091003418,0.26822087,0.30627936,0.24485402,0.014496803283691406,0.03804231116556691,0.0543760798281988,0.023898651900637988,0.01075572967529297,0.454674476630867,0.6684976943789304,0.20836299290102547,0.010743236541748047,0.22171693572541978,0.2714162823858038,0.17534172788818628
