N,Norm,Lambda,Gamma,K,LR_Entire_Time,LR_Entire_MAE,LR_Entire_RMSE,LR_Entire_MAD,LR_Cluster_Time_Avg,LR_Cluster_MAE_Avg,LR_Cluster_RMSE_Avg,LR_Cluster_MAD_Avg,LR_Euc_Time_Avg,LR_Euc_MAE_Avg,LR_Euc_RMSE_Avg,LR_Euc_MAD_Avg,RF_Entire_Time,RF_Entire_MAE,RF_Entire_RMSE,RF_Entire_MAD,RF_Cluster_Time_Avg,RF_Cluster_MAE_Avg,RF_Cluster_RMSE_Avg,RF_Cluster_MAD_Avg,RF_Euc_Time_Avg,RF_Euc_MAE_Avg,RF_Euc_RMSE_Avg,RF_Euc_MAD_Avg,NN_Entire_Time,NN_Entire_MAE,NN_Entire_RMSE,NN_Entire_MAD,NN_Cluster_Time_Avg,NN_Cluster_MAE_Avg,NN_Cluster_RMSE_Avg,NN_Cluster_MAD_Avg,NN_Euc_Time_Avg,NN_Euc_MAE_Avg,NN_Euc_RMSE_Avg,NN_Euc_MAD_Avg,GB_Entire_Time,GB_Entire_MAE,GB_Entire_RMSE,GB_Entire_MAD,GB_Cluster_Time_Avg,GB_Cluster_MAE_Avg,GB_Cluster_RMSE_Avg,GB_Cluster_MAD_Avg,GB_Euc_Time_Avg,GB_Euc_MAE_Avg,GB_Euc_RMSE_Avg,GB_Euc_MAD_Avg
50000,1,0.9,0.5,6,0.0031332969665527344,0.06625561675942009,0.3233405659660932,0.03390383380555034,0.0007870197296142578,0.17194877097458963,0.4171797617636153,0.12168121694070566,0.0007741848627726237,0.20122471643992257,0.43971392570599005,0.13565499272950057,11.243284940719604,0.04305846163360001,0.218582778929712,0.01584599048997027,1.607191840807597,0.14455910061915425,0.386450671969147,0.08094006806846411,1.5872665643692017,0.14076541493432013,0.3983490326976457,0.06521502610380069,9.462454080581665,0.05337145281862174,0.2343834938151129,0.018719401578105865,0.8631337881088257,0.12834262104160263,0.36830478402576006,0.07237678005903304,0.5338795979817709,0.12976232452399747,0.37205544477991687,0.06510578561575266,3.2330949306488037,0.04808701450125422,0.22041759744900788,0.022824623588756088,0.528414805730184,0.1411999590361832,0.38138732088909655,0.08863754465662288,0.5276282628377279,0.1418841067123842,0.398684851666121,0.0745812818401508
