N,Norm,Lambda,Gamma,K,LR_Entire_Time,LR_Entire_MAE,LR_Entire_RMSE,LR_Entire_MAD,LR_Cluster_Time_Avg,LR_Cluster_MAE_Avg,LR_Cluster_RMSE_Avg,LR_Cluster_MAD_Avg,LR_Euc_Time_Avg,LR_Euc_MAE_Avg,LR_Euc_RMSE_Avg,LR_Euc_MAD_Avg,RF_Entire_Time,RF_Entire_MAE,RF_Entire_RMSE,RF_Entire_MAD,RF_Cluster_Time_Avg,RF_Cluster_MAE_Avg,RF_Cluster_RMSE_Avg,RF_Cluster_MAD_Avg,RF_Euc_Time_Avg,RF_Euc_MAE_Avg,RF_Euc_RMSE_Avg,RF_Euc_MAD_Avg,NN_Entire_Time,NN_Entire_MAE,NN_Entire_RMSE,NN_Entire_MAD,NN_Cluster_Time_Avg,NN_Cluster_MAE_Avg,NN_Cluster_RMSE_Avg,NN_Cluster_MAD_Avg,NN_Euc_Time_Avg,NN_Euc_MAE_Avg,NN_Euc_RMSE_Avg,NN_Euc_MAD_Avg,GP_Entire_Time,GP_Entire_MAE,GP_Entire_RMSE,GP_Entire_MAD,GP_Cluster_Time_Avg,GP_Cluster_MAE_Avg,GP_Cluster_RMSE_Avg,GP_Cluster_MAD_Avg,GP_Euc_Time_Avg,GP_Euc_MAE_Avg,GP_Euc_RMSE_Avg,GP_Euc_MAD_Avg,GB_Entire_Time,GB_Entire_MAE,GB_Entire_RMSE,GB_Entire_MAD,GB_Cluster_Time_Avg,GB_Cluster_MAE_Avg,GB_Cluster_RMSE_Avg,GB_Cluster_MAD_Avg,GB_Euc_Time_Avg,GB_Euc_MAE_Avg,GB_Euc_RMSE_Avg,GB_Euc_MAD_Avg
500,2,0.9,2.0,3,0.0004029273986816406,0.04554139396076337,0.06322217389655631,0.03166617154606036,0.00039068857828776043,0.1074894934028268,0.34712811407786576,0.043495797090600245,0.0003600915273030599,0.27618815225710247,1.0147403203107357,0.05580047882265921,0.08414912223815918,0.034663455128196484,0.05511139632468959,0.022029005200004448,0.0517430305480957,0.10352127636360214,0.2304984301284904,0.0558715995103382,0.04968762397766113,0.27984607088994246,1.0147399131924628,0.05025210041755093,0.05327606201171875,0.07029575379307135,0.09977025871016434,0.044554425640654816,0.02161065737406413,0.13983283169100882,0.36270492369619683,0.07501029632778101,0.01997510592142741,0.29445694200309686,1.0338405463173022,0.06914204383426291,0.08595395088195801,0.07147561,0.10188179,0.046482205,0.0495149294535319,0.15433902,0.3164414,0.07122023,0.04188315073649088,0.28728575,1.0126005,0.061822545,0.03559398651123047,0.0329440796988177,0.05428373299308729,0.020239565209988486,0.018076260884602863,0.08704885894832985,0.16045479778034688,0.04527753119496386,0.017882506052652996,0.2813453873269328,1.0125433142188993,0.05369854330176808
