N,Norm,Lambda,Gamma,K,LR_Entire_Time,LR_Entire_MAE,LR_Entire_RMSE,LR_Entire_MAD,LR_Cluster_Time_Avg,LR_Cluster_MAE_Avg,LR_Cluster_RMSE_Avg,LR_Cluster_MAD_Avg,LR_Cluster_MAE_Median,LR_Cluster_RMSE_Median,LR_Cluster_MAD_Median,RF_Entire_Time,RF_Entire_MAE,RF_Entire_RMSE,RF_Entire_MAD,RF_Cluster_Time_Avg,RF_Cluster_MAE_Avg,RF_Cluster_RMSE_Avg,RF_Cluster_MAD_Avg,RF_Cluster_MAE_Median,RF_Cluster_RMSE_Median,RF_Cluster_MAD_Median,NN_Entire_Time,NN_Entire_MAE,NN_Entire_RMSE,NN_Entire_MAD,NN_Cluster_Time_Avg,NN_Cluster_MAE_Avg,NN_Cluster_RMSE_Avg,NN_Cluster_MAD_Avg,NN_Cluster_MAE_Median,NN_Cluster_RMSE_Median,NN_Cluster_MAD_Median,GP_Entire_Time,GP_Entire_MAE,GP_Entire_RMSE,GP_Entire_MAD,GP_Cluster_Time_Avg,GP_Cluster_MAE_Avg,GP_Cluster_RMSE_Avg,GP_Cluster_MAD_Avg,GP_Cluster_MAE_Median,GP_Cluster_RMSE_Median,GP_Cluster_MAD_Median,GB_Entire_Time,GB_Entire_MAE,GB_Entire_RMSE,GB_Entire_MAD,GB_Cluster_Time_Avg,GB_Cluster_MAE_Avg,GB_Cluster_RMSE_Avg,GB_Cluster_MAD_Avg,GB_Cluster_MAE_Median,GB_Cluster_RMSE_Median,GB_Cluster_MAD_Median
1000,1,0.5,2.0,6,0.0009579658508300781,0.07572404595198262,0.3176633156201745,0.045674406410488144,0.0007733901341756185,0.14332246647575372,0.46002404156061233,0.05307010236082701,0.1186754396224024,0.44296326421016985,0.014327691384906893,0.14154505729675293,0.022134192275155368,0.03091009392135177,0.016326903868000266,0.05016688505808512,0.11338345899437295,0.3553371801972767,0.030029382606220605,0.08648554199943131,0.22169822983345114,0.033282653241629906,0.2015390396118164,0.0989350623436544,0.3141197894736495,0.0393779836191715,0.018549442291259766,0.1419413999996529,0.4245839448148399,0.05546868459381398,0.10772865161488814,0.3287245647870094,0.05531735218824785,0.24997496604919434,0.09063805,0.28110394,0.036968112,0.0507285992304484,0.12531531,0.36536512,0.032485906,0.08250358700752258,0.23741976916790009,0.028077736496925354,0.06009078025817871,0.022172250634151767,0.02957766283475544,0.017535934789829594,0.016996304194132488,0.10693290467158584,0.3403164261996395,0.02269760250972654,0.07444863797270526,0.16009551650283932,0.021410163844046978
