N,Norm,Lambda,Gamma,K,LR_Entire_Time,LR_Entire_MAE,LR_Entire_RMSE,LR_Entire_MAD,LR_Cluster_Time_Avg,LR_Cluster_MAE_Avg,LR_Cluster_RMSE_Avg,LR_Cluster_MAD_Avg,LR_Euc_Time_Avg,LR_Euc_MAE_Avg,LR_Euc_RMSE_Avg,LR_Euc_MAD_Avg,RF_Entire_Time,RF_Entire_MAE,RF_Entire_RMSE,RF_Entire_MAD,RF_Cluster_Time_Avg,RF_Cluster_MAE_Avg,RF_Cluster_RMSE_Avg,RF_Cluster_MAD_Avg,RF_Euc_Time_Avg,RF_Euc_MAE_Avg,RF_Euc_RMSE_Avg,RF_Euc_MAD_Avg,NN_Entire_Time,NN_Entire_MAE,NN_Entire_RMSE,NN_Entire_MAD,NN_Cluster_Time_Avg,NN_Cluster_MAE_Avg,NN_Cluster_RMSE_Avg,NN_Cluster_MAD_Avg,NN_Euc_Time_Avg,NN_Euc_MAE_Avg,NN_Euc_RMSE_Avg,NN_Euc_MAD_Avg,GP_Entire_Time,GP_Entire_MAE,GP_Entire_RMSE,GP_Entire_MAD,GP_Cluster_Time_Avg,GP_Cluster_MAE_Avg,GP_Cluster_RMSE_Avg,GP_Cluster_MAD_Avg,GP_Euc_Time_Avg,GP_Euc_MAE_Avg,GP_Euc_RMSE_Avg,GP_Euc_MAD_Avg,GB_Entire_Time,GB_Entire_MAE,GB_Entire_RMSE,GB_Entire_MAD,GB_Cluster_Time_Avg,GB_Cluster_MAE_Avg,GB_Cluster_RMSE_Avg,GB_Cluster_MAD_Avg,GB_Euc_Time_Avg,GB_Euc_MAE_Avg,GB_Euc_RMSE_Avg,GB_Euc_MAD_Avg
10000,2,0.9,0.5,5,0.000843048095703125,0.06792803101151079,0.3219772320780228,0.0359716131146422,0.00039401054382324217,0.19949138890835844,0.4662659875324506,0.12485914093916464,0.00044083595275878906,0.1897523611746837,0.46220891377119566,0.11917088401090466,1.7015559673309326,0.04676275642617726,0.2361005081140738,0.01789869088399608,0.31685972213745117,0.16040855462197548,0.49921864947298833,0.06262854184415169,0.3147761344909668,0.1780817248199685,0.520448757322108,0.0627272218718554,1.9503180980682373,0.07702268568000956,0.28403863831351356,0.03321950342103913,0.2210299015045166,0.17658944662647508,0.4863574981203259,0.07136066876200828,0.16897616386413575,0.15453006885150053,0.43040958943770874,0.06930174993755663,9.201404333114624,0.07020537,0.25957322,0.021306649,0.6584589004516601,0.16046073,0.46551275,0.058492444,0.7593721389770508,0.15194583,0.47606683,0.0592252,0.6262190341949463,0.048527665790607216,0.23633556484880347,0.02329046677653701,0.12562708854675292,0.16154439150684421,0.5432735312076813,0.06448064896837838,0.1272871971130371,0.16817611766427742,0.5415658082836117,0.06308051484209899
