N,Norm,Lambda,Gamma,K,LR_Entire_Time,LR_Entire_MAE,LR_Entire_RMSE,LR_Entire_MAD,LR_Cluster_Time_Avg,LR_Cluster_MAE_Avg,LR_Cluster_RMSE_Avg,LR_Cluster_MAD_Avg,LR_Euc_Time_Avg,LR_Euc_MAE_Avg,LR_Euc_RMSE_Avg,LR_Euc_MAD_Avg,RF_Entire_Time,RF_Entire_MAE,RF_Entire_RMSE,RF_Entire_MAD,RF_Cluster_Time_Avg,RF_Cluster_MAE_Avg,RF_Cluster_RMSE_Avg,RF_Cluster_MAD_Avg,RF_Euc_Time_Avg,RF_Euc_MAE_Avg,RF_Euc_RMSE_Avg,RF_Euc_MAD_Avg,NN_Entire_Time,NN_Entire_MAE,NN_Entire_RMSE,NN_Entire_MAD,NN_Cluster_Time_Avg,NN_Cluster_MAE_Avg,NN_Cluster_RMSE_Avg,NN_Cluster_MAD_Avg,NN_Euc_Time_Avg,NN_Euc_MAE_Avg,NN_Euc_RMSE_Avg,NN_Euc_MAD_Avg,GP_Entire_Time,GP_Entire_MAE,GP_Entire_RMSE,GP_Entire_MAD,GP_Cluster_Time_Avg,GP_Cluster_MAE_Avg,GP_Cluster_RMSE_Avg,GP_Cluster_MAD_Avg,GP_Euc_Time_Avg,GP_Euc_MAE_Avg,GP_Euc_RMSE_Avg,GP_Euc_MAD_Avg,GB_Entire_Time,GB_Entire_MAE,GB_Entire_RMSE,GB_Entire_MAD,GB_Cluster_Time_Avg,GB_Cluster_MAE_Avg,GB_Cluster_RMSE_Avg,GB_Cluster_MAD_Avg,GB_Euc_Time_Avg,GB_Euc_MAE_Avg,GB_Euc_RMSE_Avg,GB_Euc_MAD_Avg
1000,1,0.1,1.0,5,0.0003151893615722656,0.03174555839505721,0.043465480669550194,0.023354845822268516,0.0002865791320800781,0.4005573135250855,0.49430241703849837,0.3876116733620981,0.0002513885498046875,0.20597234765336023,0.4975401491650316,0.11041285893666823,0.14384722709655762,0.027308435875925064,0.03639460558765247,0.021580862084703167,0.05342950820922852,0.20910168498975876,0.2889257145668517,0.14127396672776676,0.0532801628112793,0.15347310810361786,0.3046892106189906,0.08593618939374899,0.04312396049499512,0.062406012297738275,0.08572552590585611,0.0513168454005998,0.025914955139160156,0.20746424586217221,0.29242828910294405,0.15487215586500772,0.025901603698730468,0.2214214175692911,0.49541476101825177,0.09500509843005142,0.21590971946716309,0.047523502,0.08538143,0.030398354,0.04905734062194824,0.18205574,0.2593207,0.111642346,0.044725656509399414,0.22937259,0.5676478,0.12303834,0.06405186653137207,0.02305836577744259,0.029963274496024553,0.01989618115551467,0.019797086715698242,0.14952262116246573,0.22819529123851906,0.10687454490016153,0.019776630401611327,0.10775506061399576,0.15208511376715333,0.07397281806371228
