N,Norm,Lambda,Gamma,K,LR_Entire_Time,LR_Entire_MAE,LR_Entire_RMSE,LR_Entire_MAD,LR_Cluster_Time_Avg,LR_Cluster_MAE_Avg,LR_Cluster_RMSE_Avg,LR_Cluster_MAD_Avg,LR_Euc_Time_Avg,LR_Euc_MAE_Avg,LR_Euc_RMSE_Avg,LR_Euc_MAD_Avg,RF_Entire_Time,RF_Entire_MAE,RF_Entire_RMSE,RF_Entire_MAD,RF_Cluster_Time_Avg,RF_Cluster_MAE_Avg,RF_Cluster_RMSE_Avg,RF_Cluster_MAD_Avg,RF_Euc_Time_Avg,RF_Euc_MAE_Avg,RF_Euc_RMSE_Avg,RF_Euc_MAD_Avg,NN_Entire_Time,NN_Entire_MAE,NN_Entire_RMSE,NN_Entire_MAD,NN_Cluster_Time_Avg,NN_Cluster_MAE_Avg,NN_Cluster_RMSE_Avg,NN_Cluster_MAD_Avg,NN_Euc_Time_Avg,NN_Euc_MAE_Avg,NN_Euc_RMSE_Avg,NN_Euc_MAD_Avg,GB_Entire_Time,GB_Entire_MAE,GB_Entire_RMSE,GB_Entire_MAD,GB_Cluster_Time_Avg,GB_Cluster_MAE_Avg,GB_Cluster_RMSE_Avg,GB_Cluster_MAD_Avg,GB_Euc_Time_Avg,GB_Euc_MAE_Avg,GB_Euc_RMSE_Avg,GB_Euc_MAD_Avg
50000,2,0.1,1.0,7,0.0035262107849121094,0.06625561675942009,0.3233405659660932,0.03390383380555034,0.0010483264923095703,0.19229697492669057,0.37536584931255373,0.1420345768115003,0.0013643332890101842,0.22819507705703262,0.5462331196419586,0.15223612816696705,11.085704803466797,0.042700412949806296,0.21533632857581883,0.015624919966039097,1.3326761381966727,0.1638766166826626,0.3684994321941062,0.09390931185602303,1.3061710425785609,0.17283349834834713,0.5190299193147747,0.07907686078897498,10.284134149551392,0.055302972555597706,0.23019665769262634,0.02423565040412856,0.7079329831259591,0.13463725070080243,0.3106013352727518,0.07725917346554181,0.5322012901306152,0.15277255209178847,0.4928090498746207,0.07153206052411742,3.2071030139923096,0.04811221141510647,0.22028889881192248,0.022824623588756254,0.4465430804661342,0.15843329988463206,0.34425298599338205,0.10159666942546072,0.443194968359811,0.1722472133013633,0.5237933909594435,0.08610596069083656
