N,Norm,Lambda,Gamma,K,LR_Entire_Time,LR_Entire_MAE,LR_Entire_RMSE,LR_Entire_MAD,LR_Cluster_Time_Avg,LR_Cluster_MAE_Avg,LR_Cluster_RMSE_Avg,LR_Cluster_MAD_Avg,LR_Euc_Time_Avg,LR_Euc_MAE_Avg,LR_Euc_RMSE_Avg,LR_Euc_MAD_Avg,RF_Entire_Time,RF_Entire_MAE,RF_Entire_RMSE,RF_Entire_MAD,RF_Cluster_Time_Avg,RF_Cluster_MAE_Avg,RF_Cluster_RMSE_Avg,RF_Cluster_MAD_Avg,RF_Euc_Time_Avg,RF_Euc_MAE_Avg,RF_Euc_RMSE_Avg,RF_Euc_MAD_Avg,NN_Entire_Time,NN_Entire_MAE,NN_Entire_RMSE,NN_Entire_MAD,NN_Cluster_Time_Avg,NN_Cluster_MAE_Avg,NN_Cluster_RMSE_Avg,NN_Cluster_MAD_Avg,NN_Euc_Time_Avg,NN_Euc_MAE_Avg,NN_Euc_RMSE_Avg,NN_Euc_MAD_Avg,GB_Entire_Time,GB_Entire_MAE,GB_Entire_RMSE,GB_Entire_MAD,GB_Cluster_Time_Avg,GB_Cluster_MAE_Avg,GB_Cluster_RMSE_Avg,GB_Cluster_MAD_Avg,GB_Euc_Time_Avg,GB_Euc_MAE_Avg,GB_Euc_RMSE_Avg,GB_Euc_MAD_Avg
50000,1,0.5,2.0,5,0.0030732154846191406,0.06625561675942009,0.3233405659660932,0.03390383380555034,0.0009121894836425781,0.1395706881357756,0.3264566412322081,0.0982211080322469,0.0008834362030029297,0.1801006369020747,0.4476572912709266,0.11853718463557242,11.271016120910645,0.04311721613817697,0.2173327165032308,0.015940234927698915,1.9722779750823975,0.11784502415122874,0.2981494369897022,0.06446758424050875,1.9343364238739014,0.11969124741741795,0.39266420799103535,0.053228809246068695,9.070127010345459,0.0666451763029246,0.227657390274423,0.034374568277248274,1.1329347610473632,0.10150160420407557,0.2704165784870507,0.05380769914505712,0.6152620792388916,0.11903755793152407,0.37525747918159535,0.057504435507205534,3.2497336864471436,0.04815539339274717,0.22075444382116313,0.022824623588756393,0.6365504741668702,0.11245920956402924,0.2795808561574601,0.07061669346964757,0.6379117012023926,0.12006970370009004,0.3875466391411098,0.0618746314244364
