N,Norm,Lambda,Gamma,K,LR_Entire_Time,LR_Entire_MAE,LR_Entire_RMSE,LR_Entire_MAD,LR_Cluster_Time_Avg,LR_Cluster_MAE_Avg,LR_Cluster_RMSE_Avg,LR_Cluster_MAD_Avg,LR_Euc_Time_Avg,LR_Euc_MAE_Avg,LR_Euc_RMSE_Avg,LR_Euc_MAD_Avg,RF_Entire_Time,RF_Entire_MAE,RF_Entire_RMSE,RF_Entire_MAD,RF_Cluster_Time_Avg,RF_Cluster_MAE_Avg,RF_Cluster_RMSE_Avg,RF_Cluster_MAD_Avg,RF_Euc_Time_Avg,RF_Euc_MAE_Avg,RF_Euc_RMSE_Avg,RF_Euc_MAD_Avg,NN_Entire_Time,NN_Entire_MAE,NN_Entire_RMSE,NN_Entire_MAD,NN_Cluster_Time_Avg,NN_Cluster_MAE_Avg,NN_Cluster_RMSE_Avg,NN_Cluster_MAD_Avg,NN_Euc_Time_Avg,NN_Euc_MAE_Avg,NN_Euc_RMSE_Avg,NN_Euc_MAD_Avg,GB_Entire_Time,GB_Entire_MAE,GB_Entire_RMSE,GB_Entire_MAD,GB_Cluster_Time_Avg,GB_Cluster_MAE_Avg,GB_Cluster_RMSE_Avg,GB_Cluster_MAD_Avg,GB_Euc_Time_Avg,GB_Euc_MAE_Avg,GB_Euc_RMSE_Avg,GB_Euc_MAD_Avg
50000,2,0.9,0.5,5,0.0032281875610351562,0.06625561675942009,0.3233405659660932,0.03390383380555034,0.0009790897369384766,0.14171690664156503,0.35104013995179517,0.09893981873930807,0.0014255523681640625,0.1801006369020747,0.4476572912709266,0.11853718463557242,11.18937087059021,0.04273257670587558,0.2173919357380706,0.015893920518301685,1.9737455368041992,0.12072925186376107,0.32575475148925515,0.06556329987962728,1.9337099552154542,0.11954166258878114,0.3922321163153401,0.05302865761115161,6.198344945907593,0.05794681890659745,0.23247446994623053,0.02168689899738585,0.9472089290618897,0.10138749712451726,0.296514460025498,0.05273303032611789,0.6267312049865723,0.11780166125519047,0.37668783609938317,0.05396050186303884,3.3588509559631348,0.048098464517701396,0.22032809912526896,0.022824623588756088,0.629415225982666,0.11579287288376724,0.30896164456221187,0.07261755123424699,0.6580556869506836,0.12006376765459473,0.38767048876263444,0.061858354487525434
