N,Norm,Lambda,Gamma,K,LR_Entire_Time,LR_Entire_MAE,LR_Entire_RMSE,LR_Entire_MAD,LR_Cluster_Time_Avg,LR_Cluster_MAE_Avg,LR_Cluster_RMSE_Avg,LR_Cluster_MAD_Avg,LR_Euc_Time_Avg,LR_Euc_MAE_Avg,LR_Euc_RMSE_Avg,LR_Euc_MAD_Avg,RF_Entire_Time,RF_Entire_MAE,RF_Entire_RMSE,RF_Entire_MAD,RF_Cluster_Time_Avg,RF_Cluster_MAE_Avg,RF_Cluster_RMSE_Avg,RF_Cluster_MAD_Avg,RF_Euc_Time_Avg,RF_Euc_MAE_Avg,RF_Euc_RMSE_Avg,RF_Euc_MAD_Avg,NN_Entire_Time,NN_Entire_MAE,NN_Entire_RMSE,NN_Entire_MAD,NN_Cluster_Time_Avg,NN_Cluster_MAE_Avg,NN_Cluster_RMSE_Avg,NN_Cluster_MAD_Avg,NN_Euc_Time_Avg,NN_Euc_MAE_Avg,NN_Euc_RMSE_Avg,NN_Euc_MAD_Avg,GB_Entire_Time,GB_Entire_MAE,GB_Entire_RMSE,GB_Entire_MAD,GB_Cluster_Time_Avg,GB_Cluster_MAE_Avg,GB_Cluster_RMSE_Avg,GB_Cluster_MAD_Avg,GB_Euc_Time_Avg,GB_Euc_MAE_Avg,GB_Euc_RMSE_Avg,GB_Euc_MAD_Avg
50000,1,0.1,0.5,3,0.0034608840942382812,0.06625561675942009,0.3233405659660932,0.03390383380555034,0.0019219716389973958,0.0925594125013851,0.28358077259840353,0.05931304818595412,0.001657565434773763,0.13539184417959435,0.3931635208263831,0.08229257984802939,11.307874202728271,0.04239380886240307,0.21367874926196803,0.015817178619007832,3.4686923821767173,0.07470586909056838,0.2443521231815342,0.03583020757291785,3.3753887017567954,0.08669205629711445,0.32470089603058877,0.0352124457181295,8.910636186599731,0.05458494890007063,0.23214158552455755,0.021356861575308896,2.0069099267323813,0.07037413695487332,0.22776300772304392,0.03594078763248341,1.8621083895365398,0.09478074822963654,0.30586277455619765,0.047260688321671206,3.2450461387634277,0.048015850299910366,0.22010469191734494,0.022824623588756282,1.090415636698405,0.0733876801110537,0.23852401127198153,0.04292399684560925,1.0678544839223225,0.08792341410632537,0.31812303905520983,0.0423946776725882
