N,Norm,Lambda,Gamma,K,LR_Entire_Time,LR_Entire_MAE,LR_Entire_RMSE,LR_Entire_MAD,LR_Cluster_Time_Avg,LR_Cluster_MAE_Avg,LR_Cluster_RMSE_Avg,LR_Cluster_MAD_Avg,LR_Euc_Time_Avg,LR_Euc_MAE_Avg,LR_Euc_RMSE_Avg,LR_Euc_MAD_Avg,RF_Entire_Time,RF_Entire_MAE,RF_Entire_RMSE,RF_Entire_MAD,RF_Cluster_Time_Avg,RF_Cluster_MAE_Avg,RF_Cluster_RMSE_Avg,RF_Cluster_MAD_Avg,RF_Euc_Time_Avg,RF_Euc_MAE_Avg,RF_Euc_RMSE_Avg,RF_Euc_MAD_Avg,NN_Entire_Time,NN_Entire_MAE,NN_Entire_RMSE,NN_Entire_MAD,NN_Cluster_Time_Avg,NN_Cluster_MAE_Avg,NN_Cluster_RMSE_Avg,NN_Cluster_MAD_Avg,NN_Euc_Time_Avg,NN_Euc_MAE_Avg,NN_Euc_RMSE_Avg,NN_Euc_MAD_Avg,GP_Entire_Time,GP_Entire_MAE,GP_Entire_RMSE,GP_Entire_MAD,GP_Cluster_Time_Avg,GP_Cluster_MAE_Avg,GP_Cluster_RMSE_Avg,GP_Cluster_MAD_Avg,GP_Euc_Time_Avg,GP_Euc_MAE_Avg,GP_Euc_RMSE_Avg,GP_Euc_MAD_Avg,GB_Entire_Time,GB_Entire_MAE,GB_Entire_RMSE,GB_Entire_MAD,GB_Cluster_Time_Avg,GB_Cluster_MAE_Avg,GB_Cluster_RMSE_Avg,GB_Cluster_MAD_Avg,GB_Euc_Time_Avg,GB_Euc_MAE_Avg,GB_Euc_RMSE_Avg,GB_Euc_MAD_Avg
100,2,0.5,1.0,6,0.0003058910369873047,0.19598571368711998,0.2658167496676893,0.12690348231686688,0.00029468536376953125,0.4626228328241404,0.5355071554047552,0.41513809234109195,0.00032333532969156903,0.4626228328241404,0.5355071554047552,0.41513809234109195,0.04338407516479492,0.038340199940870026,0.04718597559345389,0.03625596707849729,0.03986473878224691,0.3565158310908632,0.39694239389212443,0.3328892691987,0.03808927536010742,0.3352021954755726,0.3899215562969953,0.2964991772305322,0.023952960968017578,0.22243192142344287,0.3150481277967469,0.10466352918218402,0.008872111638387045,0.4106738025300756,0.47814173571979257,0.41026238376303154,0.00826589266459147,0.48038424438998084,0.5458948251172443,0.5105759603111245,0.03471803665161133,0.14043128,0.21644284,0.062149398,0.029180367787679035,0.34983072,0.41411725,0.3093361,0.02828983465830485,0.34983072,0.41411725,0.3093361,0.014109134674072266,0.0349822845559577,0.047841012184681356,0.023898651900638015,0.01072088877360026,0.30655573766400573,0.3577916480811314,0.29927437748933755,0.010410666465759277,0.3096300441148024,0.3657384326705542,0.30439772045409275
