N,Norm,Lambda,Gamma,K,LR_Entire_Time,LR_Entire_MAE,LR_Entire_RMSE,LR_Entire_MAD,LR_Cluster_Time_Avg,LR_Cluster_MAE_Avg,LR_Cluster_RMSE_Avg,LR_Cluster_MAD_Avg,LR_Euc_Time_Avg,LR_Euc_MAE_Avg,LR_Euc_RMSE_Avg,LR_Euc_MAD_Avg,RF_Entire_Time,RF_Entire_MAE,RF_Entire_RMSE,RF_Entire_MAD,RF_Cluster_Time_Avg,RF_Cluster_MAE_Avg,RF_Cluster_RMSE_Avg,RF_Cluster_MAD_Avg,RF_Euc_Time_Avg,RF_Euc_MAE_Avg,RF_Euc_RMSE_Avg,RF_Euc_MAD_Avg,NN_Entire_Time,NN_Entire_MAE,NN_Entire_RMSE,NN_Entire_MAD,NN_Cluster_Time_Avg,NN_Cluster_MAE_Avg,NN_Cluster_RMSE_Avg,NN_Cluster_MAD_Avg,NN_Euc_Time_Avg,NN_Euc_MAE_Avg,NN_Euc_RMSE_Avg,NN_Euc_MAD_Avg,GP_Entire_Time,GP_Entire_MAE,GP_Entire_RMSE,GP_Entire_MAD,GP_Cluster_Time_Avg,GP_Cluster_MAE_Avg,GP_Cluster_RMSE_Avg,GP_Cluster_MAD_Avg,GP_Euc_Time_Avg,GP_Euc_MAE_Avg,GP_Euc_RMSE_Avg,GP_Euc_MAD_Avg,GB_Entire_Time,GB_Entire_MAE,GB_Entire_RMSE,GB_Entire_MAD,GB_Cluster_Time_Avg,GB_Cluster_MAE_Avg,GB_Cluster_RMSE_Avg,GB_Cluster_MAD_Avg,GB_Euc_Time_Avg,GB_Euc_MAE_Avg,GB_Euc_RMSE_Avg,GB_Euc_MAD_Avg
5000,1,0.9,0.5,7,0.0006189346313476562,0.06606716257040125,0.2627241057286416,0.044473382092633296,0.0003382819039481027,0.17091245824467374,0.2850544885762721,0.13771550241304523,0.00028783934456961494,0.2309213956600825,0.4281767200218489,0.16803380215287375,0.7726960182189941,0.04352661731024479,0.1999710264344525,0.020382644231822067,0.12007546424865723,0.15184352824101066,0.27767269921616794,0.10068753161521131,0.11732234273638044,0.18948208338896572,0.4322796145563204,0.09888189297100858,1.0427210330963135,0.07377520104937402,0.24347739025373416,0.029277635363853333,0.12028537477765765,0.15726372902034338,0.283263914730256,0.10080516538228848,0.09948154858180455,0.18542114298862258,0.4032160570323633,0.10696016762521439,2.6956253051757812,0.07456854,0.2457827,0.029459804,0.14569674219403947,0.14616473,0.2672189,0.096987486,0.14244873183114187,0.18625943,0.42731166,0.098997764,0.30800485610961914,0.043939413951668185,0.19045044064487865,0.024468698072139642,0.04855176380702427,0.14607652563916984,0.2752369875616078,0.09549343841789584,0.049090521676199775,0.17553465126265635,0.42265021840439143,0.09731547514106309
