N,Norm,Lambda,Gamma,K,LR_Entire_Time,LR_Entire_MAE,LR_Entire_RMSE,LR_Entire_MAD,LR_Cluster_Time_Avg,LR_Cluster_MAE_Avg,LR_Cluster_RMSE_Avg,LR_Cluster_MAD_Avg,LR_Euc_Time_Avg,LR_Euc_MAE_Avg,LR_Euc_RMSE_Avg,LR_Euc_MAD_Avg,RF_Entire_Time,RF_Entire_MAE,RF_Entire_RMSE,RF_Entire_MAD,RF_Cluster_Time_Avg,RF_Cluster_MAE_Avg,RF_Cluster_RMSE_Avg,RF_Cluster_MAD_Avg,RF_Euc_Time_Avg,RF_Euc_MAE_Avg,RF_Euc_RMSE_Avg,RF_Euc_MAD_Avg,NN_Entire_Time,NN_Entire_MAE,NN_Entire_RMSE,NN_Entire_MAD,NN_Cluster_Time_Avg,NN_Cluster_MAE_Avg,NN_Cluster_RMSE_Avg,NN_Cluster_MAD_Avg,NN_Euc_Time_Avg,NN_Euc_MAE_Avg,NN_Euc_RMSE_Avg,NN_Euc_MAD_Avg,GP_Entire_Time,GP_Entire_MAE,GP_Entire_RMSE,GP_Entire_MAD,GP_Cluster_Time_Avg,GP_Cluster_MAE_Avg,GP_Cluster_RMSE_Avg,GP_Cluster_MAD_Avg,GP_Euc_Time_Avg,GP_Euc_MAE_Avg,GP_Euc_RMSE_Avg,GP_Euc_MAD_Avg,GB_Entire_Time,GB_Entire_MAE,GB_Entire_RMSE,GB_Entire_MAD,GB_Cluster_Time_Avg,GB_Cluster_MAE_Avg,GB_Cluster_RMSE_Avg,GB_Cluster_MAD_Avg,GB_Euc_Time_Avg,GB_Euc_MAE_Avg,GB_Euc_RMSE_Avg,GB_Euc_MAD_Avg
5000,2,0.1,0.5,5,0.0007669925689697266,0.06606716257040125,0.2627241057286416,0.044473382092633296,0.00038037300109863283,0.15036185846475641,0.38415746101712145,0.09758007468593236,0.00031714439392089845,0.18805691562304158,0.4693379241917447,0.1169846877214776,0.7680530548095703,0.04204745989968879,0.19428305590260148,0.01998381543433049,0.1645349979400635,0.1258423768244476,0.3718509223642214,0.06335487236482798,0.15749402046203614,0.18501302425499752,0.601783293149116,0.06670058260147313,0.8589949607849121,0.0722352465663349,0.24781071179218697,0.029068840037964894,0.11758298873901367,0.14077978000931496,0.373541478541615,0.07071437187588439,0.11110529899597169,0.16169328905583222,0.45101148444930345,0.0700672596588923,2.7822558879852295,0.07406954,0.24541178,0.028574247,0.18623456954956055,0.12416552,0.35710484,0.062438697,0.210304594039917,0.17047794,0.50247544,0.067523584,0.30516791343688965,0.04383149504445204,0.18665656620470408,0.02446869807213969,0.06963229179382324,0.11772051896342135,0.3702011639524173,0.058974686928597274,0.06556696891784668,0.17853962863221456,0.5932824449505658,0.06691060004403974
