N,Norm,Lambda,Gamma,K,LR_Entire_Time,LR_Entire_MAE,LR_Entire_RMSE,LR_Entire_MAD,LR_Cluster_Time_Avg,LR_Cluster_MAE_Avg,LR_Cluster_RMSE_Avg,LR_Cluster_MAD_Avg,LR_Euc_Time_Avg,LR_Euc_MAE_Avg,LR_Euc_RMSE_Avg,LR_Euc_MAD_Avg,RF_Entire_Time,RF_Entire_MAE,RF_Entire_RMSE,RF_Entire_MAD,RF_Cluster_Time_Avg,RF_Cluster_MAE_Avg,RF_Cluster_RMSE_Avg,RF_Cluster_MAD_Avg,RF_Euc_Time_Avg,RF_Euc_MAE_Avg,RF_Euc_RMSE_Avg,RF_Euc_MAD_Avg,NN_Entire_Time,NN_Entire_MAE,NN_Entire_RMSE,NN_Entire_MAD,NN_Cluster_Time_Avg,NN_Cluster_MAE_Avg,NN_Cluster_RMSE_Avg,NN_Cluster_MAD_Avg,NN_Euc_Time_Avg,NN_Euc_MAE_Avg,NN_Euc_RMSE_Avg,NN_Euc_MAD_Avg,GP_Entire_Time,GP_Entire_MAE,GP_Entire_RMSE,GP_Entire_MAD,GP_Cluster_Time_Avg,GP_Cluster_MAE_Avg,GP_Cluster_RMSE_Avg,GP_Cluster_MAD_Avg,GP_Euc_Time_Avg,GP_Euc_MAE_Avg,GP_Euc_RMSE_Avg,GP_Euc_MAD_Avg,GB_Entire_Time,GB_Entire_MAE,GB_Entire_RMSE,GB_Entire_MAD,GB_Cluster_Time_Avg,GB_Cluster_MAE_Avg,GB_Cluster_RMSE_Avg,GB_Cluster_MAD_Avg,GB_Euc_Time_Avg,GB_Euc_MAE_Avg,GB_Euc_RMSE_Avg,GB_Euc_MAD_Avg
10000,2,0.1,1.0,7,0.0008280277252197266,0.06792803101151079,0.3219772320780228,0.0359716131146422,0.0003249985831124442,0.17360754359197259,0.372304995149698,0.12301442633408796,0.0002998624529157366,0.2171414784446725,0.402775286262579,0.15111334666271622,1.853027105331421,0.04695753780900408,0.23638397231746008,0.018432262121099843,0.22561907768249512,0.16641261363943127,0.3783389987229079,0.09795729715394594,0.22672459057399205,0.18427836960318938,0.4092374120624425,0.09620317167221996,1.5459470748901367,0.07504023119004058,0.2860233987806187,0.026703647137033076,0.20099605832781112,0.15108969103058653,0.3510799174912402,0.08768678275640228,0.19064153943743026,0.16751985595874436,0.36266267855789414,0.08485670554391447,9.173352003097534,0.069784105,0.2597159,0.021340042,0.31686149324689594,0.14275356,0.3370174,0.08305023,0.31373984473092215,0.16229002,0.36552,0.08075279,0.6448311805725098,0.04883305838185135,0.2373448222965578,0.02329046677653704,0.09482850347246442,0.15673398944822586,0.39390219518149827,0.09067052557475642,0.09753758566720146,0.17625607096884788,0.41984820582827187,0.09100009748617215
