N,Norm,Lambda,Gamma,K,LR_Entire_Time,LR_Entire_MAE,LR_Entire_RMSE,LR_Entire_MAD,LR_Cluster_Time_Avg,LR_Cluster_MAE_Avg,LR_Cluster_RMSE_Avg,LR_Cluster_MAD_Avg,LR_Euc_Time_Avg,LR_Euc_MAE_Avg,LR_Euc_RMSE_Avg,LR_Euc_MAD_Avg,RF_Entire_Time,RF_Entire_MAE,RF_Entire_RMSE,RF_Entire_MAD,RF_Cluster_Time_Avg,RF_Cluster_MAE_Avg,RF_Cluster_RMSE_Avg,RF_Cluster_MAD_Avg,RF_Euc_Time_Avg,RF_Euc_MAE_Avg,RF_Euc_RMSE_Avg,RF_Euc_MAD_Avg,NN_Entire_Time,NN_Entire_MAE,NN_Entire_RMSE,NN_Entire_MAD,NN_Cluster_Time_Avg,NN_Cluster_MAE_Avg,NN_Cluster_RMSE_Avg,NN_Cluster_MAD_Avg,NN_Euc_Time_Avg,NN_Euc_MAE_Avg,NN_Euc_RMSE_Avg,NN_Euc_MAD_Avg,GP_Entire_Time,GP_Entire_MAE,GP_Entire_RMSE,GP_Entire_MAD,GP_Cluster_Time_Avg,GP_Cluster_MAE_Avg,GP_Cluster_RMSE_Avg,GP_Cluster_MAD_Avg,GP_Euc_Time_Avg,GP_Euc_MAE_Avg,GP_Euc_RMSE_Avg,GP_Euc_MAD_Avg,GB_Entire_Time,GB_Entire_MAE,GB_Entire_RMSE,GB_Entire_MAD,GB_Cluster_Time_Avg,GB_Cluster_MAE_Avg,GB_Cluster_RMSE_Avg,GB_Cluster_MAD_Avg,GB_Euc_Time_Avg,GB_Euc_MAE_Avg,GB_Euc_RMSE_Avg,GB_Euc_MAD_Avg
10000,1,0.1,1.0,7,0.0011398792266845703,0.06792803101151079,0.3219772320780228,0.0359716131146422,0.0004641328539167132,0.17360754359197259,0.372304995149698,0.12301442633408796,0.0005685601915631976,0.2171414784446725,0.402775286262579,0.15111334666271622,2.4298582077026367,0.04746770544172803,0.2343579501633142,0.01810534040000583,0.33002873829432894,0.1650183817456393,0.37129662482932024,0.099047635218913,0.3255324363708496,0.18169593920198338,0.4067200450360356,0.09290155037518179,2.5037667751312256,0.08219994927744892,0.29112926367051895,0.033740248672104164,0.3151261806488037,0.1467237637268361,0.34932083443965734,0.08263564841240276,0.2783483437129429,0.16766265591831075,0.3649231025849355,0.08279970907666459,14.004583835601807,0.07035918,0.25954983,0.022440203,0.47602449144635883,0.1422366,0.33570918,0.08294557,0.4630159991128104,0.16190504,0.36574993,0.07978838,0.8906710147857666,0.04857152433079213,0.23650809908558093,0.023290466776537067,0.13602920940944127,0.15656222142536277,0.393709624330945,0.09059672120248176,0.13482192584446498,0.17512886109417164,0.4111825850542578,0.09136033334012195
