N,Norm,Lambda,Gamma,K,LR_Entire_Time,LR_Entire_MAE,LR_Entire_RMSE,LR_Entire_MAD,LR_Cluster_Time_Avg,LR_Cluster_MAE_Avg,LR_Cluster_RMSE_Avg,LR_Cluster_MAD_Avg,LR_Euc_Time_Avg,LR_Euc_MAE_Avg,LR_Euc_RMSE_Avg,LR_Euc_MAD_Avg,RF_Entire_Time,RF_Entire_MAE,RF_Entire_RMSE,RF_Entire_MAD,RF_Cluster_Time_Avg,RF_Cluster_MAE_Avg,RF_Cluster_RMSE_Avg,RF_Cluster_MAD_Avg,RF_Euc_Time_Avg,RF_Euc_MAE_Avg,RF_Euc_RMSE_Avg,RF_Euc_MAD_Avg,NN_Entire_Time,NN_Entire_MAE,NN_Entire_RMSE,NN_Entire_MAD,NN_Cluster_Time_Avg,NN_Cluster_MAE_Avg,NN_Cluster_RMSE_Avg,NN_Cluster_MAD_Avg,NN_Euc_Time_Avg,NN_Euc_MAE_Avg,NN_Euc_RMSE_Avg,NN_Euc_MAD_Avg,GP_Entire_Time,GP_Entire_MAE,GP_Entire_RMSE,GP_Entire_MAD,GP_Cluster_Time_Avg,GP_Cluster_MAE_Avg,GP_Cluster_RMSE_Avg,GP_Cluster_MAD_Avg,GP_Euc_Time_Avg,GP_Euc_MAE_Avg,GP_Euc_RMSE_Avg,GP_Euc_MAD_Avg,GB_Entire_Time,GB_Entire_MAE,GB_Entire_RMSE,GB_Entire_MAD,GB_Cluster_Time_Avg,GB_Cluster_MAE_Avg,GB_Cluster_RMSE_Avg,GB_Cluster_MAD_Avg,GB_Euc_Time_Avg,GB_Euc_MAE_Avg,GB_Euc_RMSE_Avg,GB_Euc_MAD_Avg
10000,2,0.5,0.5,5,0.0007727146148681641,0.06792803101151079,0.3219772320780228,0.0359716131146422,0.00041332244873046873,0.1976276365809583,0.4720787853583152,0.12318786661152029,0.0003514289855957031,0.1897523611746837,0.46220891377119566,0.11917088401090466,1.7999138832092285,0.04707246992818319,0.23436741863706548,0.01811217404802165,0.322736930847168,0.15784109493682805,0.4952159117442288,0.06187473640668967,0.31983213424682616,0.1785224788872812,0.5203503187302136,0.06421172338398028,1.8364109992980957,0.08196750828453518,0.2831336823971358,0.03861156563382162,0.20023822784423828,0.17352641268057917,0.499050908308657,0.06807390619639504,0.16275978088378906,0.15077068918296704,0.4260396977928993,0.06558698845264355,9.330924987792969,0.069588915,0.25859606,0.021424294,0.6376277446746826,0.15918832,0.47348684,0.056421675,0.7380758285522461,0.15251285,0.47796416,0.059359748,0.64402174949646,0.048791811515328416,0.23758987733260098,0.023290466776537094,0.12683186531066895,0.15660784485949444,0.5329302723482605,0.059966358653997444,0.13015236854553222,0.1677635961612597,0.5415502184290085,0.06323714022274979
